42417763;48.4349;7.40398
251143278;45.52366;5.95033
255419115;48.10168;-1.64218
257109597;45.72366;4.91337
257109617;45.75911;4.83607
262839307;45.42095;5.93726
265174418;47.31362;4.71352
266643364;45.74363;4.86115
267024039;45.74407;4.87063
267160538;45.74729;4.89391
270293755;45.71771;4.90469
275387673;41.91917;8.73871
275387829;41.91655;8.73145
277426931;48.82251;2.30868
279200465;44.07131;7.25709
281433806;45.43965;5.92112
281938609;48.83744;2.27208
282557365;43.55393;5.57912
282911639;48.75585;2.28392
286641071;45.53574;5.94752
289310942;45.05164;5.44955
290143820;45.56475;5.9285
290764297;48.78316;-3.0472
293907108;47.79719;1.02664
294282582;48.84789;2.39927
295146225;48.84807;2.26467
295954697;43.96858;6.50824
295978532;43.98983;6.45462
296140900;47.3249;0.40873
296548010;47.16448;-2.16861
297310932;43.55573;6.93862
298902503;45.56874;5.91909
298917635;45.30847;5.84201
299319137;48.36774;-4.75917
300800721;44.13486;7.24185
301447902;46.24245;6.02411
301708215;47.79176;1.06713
302657542;45.40748;6.18545
306671862;43.55491;6.93884
307072046;42.91582;2.20743
307072049;42.91604;2.20709
307468400;45.56563;5.93943
309184163;45.46083;5.86402
309923799;47.80208;0.99071
314707947;45.44273;5.92418
315845729;45.56031;5.92536
330952677;44.89919;-0.64024
330953009;44.90129;-0.64369
330953116;44.9005;-0.64673
333095736;45.06972;5.54996
338919105;43.58488;1.45345
343155443;45.04404;6.29384
347237649;45.04602;5.05444
352794362;46.18372;5.33072
353355674;45.75522;4.84014
354509500;45.31996;6.08663
358495678;43.10896;6.35622
361383135;45.14451;5.28227
362110623;45.75144;4.84741
363769889;45.76209;4.83141
364366000;43.52768;5.44501
365953389;43.59003;1.49191
370422660;43.66615;1.22537
370560215;48.8672;2.31756
374307750;45.91182;6.31713
378104067;48.38436;2.23032
386231236;46.51454;4.67728
386569617;47.51107;2.15327
388568684;45.74883;4.89502
390369735;43.57638;1.48577
390872926;45.73143;6.01329
391503260;44.79424;-0.67396
392725804;47.51031;6.85068
393540044;45.33009;5.66359
393974824;44.56444;6.49721
401893199;44.97666;6.50762
402516131;49.00295;2.78764
402727063;49.00676;2.73327
402777158;48.90308;2.45821
403635115;45.49384;5.98826
404721669;43.64497;1.52709
406255287;43.29317;5.35919
409495800;45.89002;6.12856
410338387;45.56133;5.89784
410473629;48.96881;2.75734
410740821;48.86322;2.16294
410748731;43.6013;1.44215
410748736;43.59395;1.43614
410748738;43.59308;1.43524
410793691;42.32659;9.22119
412749424;43.26943;5.38185
412815946;48.9812;2.88045
412850561;43.27089;5.39329
413465818;45.83524;5.72675
415294966;44.36906;4.645
415336215;43.86262;7.26503
415743117;43.52442;1.51869
415750930;43.61074;1.41593
415769667;43.58507;1.42199
417083001;44.12099;3.58191
418684440;44.19066;3.20804
420562573;43.90254;5.28976
426849582;49.01762;2.76882
426859098;49.00128;2.70912
427969666;43.5839;1.45329
429275608;48.83365;2.4448
429581565;48.85999;2.19254
430948911;45.56559;5.92191
433725640;44.83971;-0.56795
433725641;44.84082;-0.56849
433725642;44.84271;-0.56931
433725643;44.8452;-0.57014
433725644;44.84686;-0.57022
433945351;46.518;4.67804
433995855;48.85407;2.54804
440794639;46.79903;5.61879
440847365;45.57854;5.92997
440921422;45.58602;5.99354
441053763;45.6157;6.86098
441729278;45.28902;6.91195
442157566;48.89459;2.2419
447987530;48.86499;2.17572
448424709;43.46287;-1.57625
448424712;43.46325;-1.57573
448424714;43.46442;-1.57447
448756986;43.59619;1.45095
450329594;43.62916;7.09001
452514906;45.02766;5.77207
454087523;49.01284;2.82649
454116520;45.72347;4.89883
454200496;45.71898;4.9
454200497;45.71499;4.8973
454371975;45.72031;4.89509
454371978;45.71681;4.89744
454393904;45.72174;4.90327
456325950;48.87129;2.15168
456766989;43.1053;5.9268
458872665;46.37587;6.61676
458903411;45.82929;6.72913
458903416;45.82919;6.7283
460390035;-21.26902;55.35515
460390037;-21.26541;55.35647
461155566;47.23138;-0.00838
461161251;47.20072;0.14419
461184858;47.252;0.29781
461205675;47.34811;0.54526
461604434;47.36717;0.69792
461981036;45.14701;5.73962
461991118;45.56619;5.92654
462016881;45.56498;5.92408
462221389;43.84225;4.37004
463456628;48.61607;2.41903
463507432;42.5595;1.99942
463770029;45.07378;5.98199
466207465;43.84137;4.37986
467130100;43.84544;4.36522
467850269;43.84138;4.34922
467850277;43.83986;4.35047
469114598;43.40145;-0.08973
469372903;48.019;7.04451
470685266;48.87948;2.29115
471044638;48.46344;7.47359
471076681;49.18195;2.67191
472953910;46.27816;6.7535
473213387;45.83885;6.75902
473213508;45.76419;6.71246
473213509;45.75815;6.71098
474963658;49.22963;2.54837
475708284;44.06512;3.92718
476340173;44.83811;-0.58008
476507828;48.83747;2.29644
476886894;48.84268;2.29645
476886905;48.84471;2.31105
476886908;48.84188;2.30307
476886923;48.83583;2.30235
476886942;48.84189;2.29731
476886953;48.83754;2.29636
477391604;44.41898;3.78177
477391605;44.41701;3.78309
477391607;44.40006;3.78873
478182123;45.28065;6.07259
478530910;48.84114;2.29968
478535379;48.85137;2.34281
479157117;45.07404;5.20964
479481167;44.5637;-0.22594
480690088;48.82683;2.36461
480691816;48.8267;2.34184
480702006;48.8277;2.3323
481317238;44.97485;5.62007
482156679;48.85261;2.34723
482164144;48.85066;2.333
482170726;48.85366;2.34385
482376699;48.82237;2.33778
482767199;48.84225;2.3861
482767200;48.8463;2.37932
482767201;48.83993;2.4046
482773498;48.84484;2.40512
482773499;48.84745;2.40486
482773500;48.84734;2.40607
482775495;48.83515;2.43397
482775496;48.83568;2.43063
482775497;48.83755;2.42556
482775498;48.83468;2.41935
482776589;48.8684;2.35021
482783178;48.86629;2.31975
482784558;48.86799;2.33728
482784560;48.85544;2.35951
486503747;43.23474;3.05866
488244817;44.9744;5.61888
488244821;44.97403;5.6199
489310149;-20.88932;55.47617
490042002;48.88447;2.32148
490042005;48.88491;2.29826
490042008;48.88151;2.29552
490042013;48.86392;2.24118
490904182;48.8411;2.38777
492070175;44.09625;6.98588
492080023;45.48671;6.42653
492621563;48.86525;2.27549
493250105;48.83641;2.35956
493315289;48.83256;2.31139
493340482;48.83963;2.36174
494251394;48.85483;2.34556
494251395;48.85525;2.34762
494251397;48.85538;2.34769
494251398;48.85543;2.34756
494251399;48.85528;2.34747
494268644;47.04849;6.28637
494455863;43.8504;4.33658
494458285;43.54936;6.97959
494458287;43.54946;7.00666
494458291;43.5219;7.03931
494458841;43.52341;7.04261
495103359;44.24363;3.73032
495202190;44.1319;3.92379
495508282;43.86868;4.40522
495512410;43.86785;4.40365
495760179;45.60953;6.48821
495760569;45.54061;6.4948
495760570;45.55928;6.52177
495760571;45.55951;6.52231
495760575;45.55897;6.52366
495801434;45.62367;6.61427
495842689;45.69027;6.55952
495874784;45.68529;6.54459
495874787;45.68204;6.5449
495987596;48.87249;2.29645
495989260;48.8578;2.27768
495989894;48.85616;2.28033
495992298;48.85873;2.28505
495992820;48.85039;2.24991
495994525;48.8474;2.27332
496380929;44.24981;4.05002
496381007;44.2696;4.02276
496806548;48.86457;2.27487
496890343;45.58531;6.50901
497721696;48.87984;2.29466
497728465;48.88683;2.31747
497730042;48.8836;2.31359
497734997;48.88328;2.32615
500956862;43.60417;3.87198
503045630;48.86208;2.26168
503046238;48.8576;2.26249
503665264;48.85608;2.34066
504189358;48.83589;2.29333
504200546;48.84156;2.29144
504229707;48.83204;2.30263
504244226;48.8489;2.28756
504253179;48.84501;2.29345
504305767;48.84281;2.31286
504589654;42.9825;2.44634
504589694;42.98685;2.45263
504589765;42.98614;2.45338
504589771;43.01952;2.3933
505690969;47.31531;-3.18847
506128322;48.85849;2.26871
506128415;48.85903;2.27014
506129040;48.85822;2.26849
506346025;43.57687;1.49937
506346028;43.57887;1.50599
506888938;48.86222;2.28578
506888941;48.8628;2.2855
506888944;48.86208;2.28482
508041595;43.58155;1.38776
508550102;43.84827;4.36182
510055902;43.61727;1.47957
510722561;44.85216;-0.61501
512562903;45.17775;5.61515
512562916;45.17693;5.61861
512686757;43.71702;6.97851
520092790;48.85873;2.25741
520300001;44.79247;-0.59792
520776483;45.43776;6.20708
520792763;45.44634;6.22516
520822314;45.43749;6.21966
520846717;45.43456;6.19565
521515411;45.88181;6.38023
521564732;43.99714;3.92469
522458957;45.87631;6.45247
525696856;48.81931;2.3014
526807358;43.55709;1.56456
527852857;43.59378;7.09659
528129841;43.57796;7.12041
528275430;48.88448;2.33827
528275434;48.88601;2.34145
528726027;43.59493;7.06879
528913154;48.84532;2.18741
528913155;48.84502;2.18712
528913939;48.75512;2.21418
529647004;43.59445;7.0086
530568831;48.84456;2.34782
530585150;48.83976;2.35642
530585154;48.844;2.35503
530585155;48.84007;2.35819
530680393;48.84038;2.3507
534610015;48.87778;2.40522
538156405;45.34066;5.87223
538972175;48.83741;2.35352
540406880;43.83898;7.46074
540492530;43.12161;6.12718
540575726;45.32238;3.69512
542637830;43.54181;1.56636
548676318;45.18357;5.75254
548751442;45.18016;5.75874
554682049;43.97963;4.01679
554700033;43.92175;3.72476
558949003;45.18552;5.75161
559748923;45.69096;6.07954
559763619;45.68426;6.11705
560456849;43.61165;1.33994
561311177;48.55842;2.54801
561458779;43.72107;6.97775
563136315;43.72562;5.54968
564702281;43.62606;7.10041
564766047;45.73381;4.88076
566708922;48.90804;-1.10571
566728565;46.18328;6.70304
567796930;43.60621;1.4206
567798383;43.61191;1.40935
568275935;48.88054;2.32478
569109990;48.87952;2.33725
569109992;48.886;2.33795
569109994;48.88708;2.33946
569109997;48.88729;2.34933
569110004;48.88497;2.35248
569110005;48.89946;2.34563
569110009;48.89252;2.36146
569115754;45.35719;6.09966
569210006;45.34366;6.13192
569213488;45.33605;6.12322
569927612;48.85512;2.35596
569927613;48.86715;2.35318
569927615;48.87748;2.32719
570045220;48.88993;2.24469
570055618;48.94018;2.49937
573659920;43.66685;7.0702
574813325;48.48301;2.34791
581063713;44.10237;1.0867
582815690;48.88114;2.23701
583009413;43.63481;1.40224
592662413;48.85545;2.23767
593440109;48.85097;2.23785
597473896;45.29327;5.63944
598312281;46.39584;2.85681
599350416;45.16282;5.6918
599532909;45.18418;5.70995
600914511;43.61244;1.46219
601043767;45.96476;4.01001
601559989;45.78922;4.99265
603131545;44.8505;-0.6026
603131558;44.85554;-0.6029
604018280;43.76374;7.0391
604018283;43.74241;7.009
605047483;45.24489;6.35108
606148298;45.26079;6.37354
610300015;44.82292;-0.57723
610544082;45.37146;7.04508
610561897;45.37407;7.05265
611382764;45.51853;3.69391
611786797;45.29042;6.91279
612969128;47.50593;-1.87392
616356411;43.98934;3.95501
620791218;47.36297;1.40281
621962547;47.24205;-1.57858
622298471;45.17951;4.99496
622396564;50.63759;3.06586
630964484;46.13706;3.41356
630964672;46.14181;3.41266
631313561;48.89542;2.19203
631315540;48.90099;2.19319
631455449;45.77717;4.84573
638383193;43.90339;5.29452
650084461;46.45182;4.11924
654106885;45.56392;5.91642
655093495;44.72439;3.85611
656756490;45.65789;6.17816
656760595;45.6571;6.18013
656760601;45.65249;6.18537
658840351;44.65313;-1.1956
658936795;45.1433;4.66369
658936797;45.14313;4.66462
660960702;43.61102;1.34063
662259720;45.21561;5.74632
664971522;45.43263;4.38811
670805920;45.77393;6.65195
672130779;45.66597;4.84994
681282581;45.12177;4.98167
683649481;43.57594;1.48255
684699681;45.18603;5.73925
686774271;43.57576;1.49019
686986595;44.98576;6.12293
687324614;44.65956;-1.17292
687330794;44.6633;-1.1809
687330795;44.66357;-1.17226
687432871;44.66319;-1.16984
687434221;45.56551;5.91874
690586487;43.58981;1.15369
693344352;43.83957;4.3124
694542831;42.93578;-0.58891
694693201;47.86996;1.83792
695114902;44.10554;1.08422
695117808;44.09949;1.09018
695119995;43.60017;1.45037
697178367;47.18678;-1.63449
698460645;48.82769;2.3527
698854080;48.8797;2.17582
698935762;49.16177;2.69472
700359745;43.66539;6.99279
700359746;43.66508;7.00036
704787558;44.34896;3.94963
705572479;42.95714;9.41727
705575182;42.79033;9.35108
705577397;42.61463;8.90432
705577398;42.61355;8.90827
705578005;42.3488;8.6655
705581460;42.25356;8.80228
705581881;42.25346;8.82024
705583895;42.37426;9.0803
706527686;45.75256;4.83852
719047566;43.48107;2.48402
719792361;47.97261;-2.17281
720976910;44.65321;-1.14053
732529454;44.48662;1.84245
734219546;44.10378;1.08181
736922732;44.07572;1.61656
736942248;42.56157;8.98117
737616502;42.93559;1.75533
740123477;45.45084;5.77539
740132187;45.44157;5.78178
740154384;45.41222;5.80348
740167309;45.41785;5.85502
740406584;45.20445;5.06572
741170382;43.61018;1.41587
743024034;43.82753;7.12603
743256812;43.88649;7.02004
744518235;43.63347;1.38621
745694550;43.83397;6.84187
745747758;43.86467;6.75815
746293958;49.20811;2.7002
746535513;45.80322;4.85521
747440853;43.79549;6.94448
748413832;44.09275;5.4083
760654423;45.08273;5.80099
760654581;45.08029;5.80115
762438684;43.60339;1.45533
762878357;45.30867;5.88736
764536525;48.84809;2.33357
765666859;48.84515;2.33255
765709631;48.84751;2.33651
765912694;43.74187;6.90095
766003989;45.05787;6.27672
766025653;45.05448;6.28423
766756070;45.05407;6.28509
768150434;45.16248;5.7789
768205028;43.93648;7.49242
768942568;43.90218;7.5147
769986013;43.86296;5.61195
771214384;43.90812;5.43734
771678702;43.94012;5.44038
771967000;44.11056;6.95814
773154718;45.47936;5.97166
773160839;45.45985;5.96741
773538927;45.17317;5.73486
773609454;48.67193;-3.92371
775948242;43.61095;1.33301
786774560;43.3048;5.39562
787356934;48.85036;2.38313
787967554;43.92429;5.48641
788297331;43.895;5.46533
789836689;43.93147;5.63785
790518071;48.8699;2.34994
792893310;45.12861;-0.2045
795256161;44.77538;5.7822
795957012;49.02524;7.88572
795964532;49.03223;7.70932
795964533;49.01029;7.78796
795964535;49.02959;7.71359
797012546;48.85703;2.32048
797830098;43.965;3.86046
799088781;47.16037;6.13513
801080157;43.90112;5.29559
803165419;48.83214;2.34864
803165424;48.83268;2.35033
803165426;48.83195;2.34895
803165429;48.83309;2.34974
803165433;48.83438;2.34999
806609501;45.27675;6.70266
806609669;45.26969;6.71894
806609707;45.27689;6.70248
806619422;45.26988;6.71911
806619492;45.26968;6.71924
806622360;45.26554;6.72489
807136931;43.97847;3.8035
809058884;46.40145;6.58661
810140293;48.82941;2.38032
810140297;48.82997;2.37958
810353357;48.71535;2.14019
812017847;44.9885;6.07827
812024392;44.97472;6.06442
814011914;48.88069;2.38763
815662046;48.97912;2.05861
817735926;42.68964;2.91544
819896818;45.41637;5.91627
822900610;43.9633;3.85352
823474720;44.08114;3.98329
823477842;44.87034;-0.53292
823626803;43.6235;1.53063
824489924;45.60735;6.37995
824794123;45.50349;6.31735
824794247;45.50037;6.3174
825153298;43.66157;6.98831
826787763;48.81882;2.33713
827697770;44.54184;4.84791
827699622;44.51485;4.88734
827740397;48.81853;2.33842
827740404;48.81816;2.34013
829114781;45.7435;4.8149
829831620;43.68029;6.97132
830263332;45.73996;4.81519
831557311;45.74646;4.81745
831763541;45.17114;5.63161
831928337;46.84689;4.68483
831933798;45.17174;5.66775
833146164;43.56987;7.13668
833397397;46.6291;1.24582
833884579;45.56087;5.93771
834840854;43.21114;0.09441
834863015;43.39393;-0.68464
835452301;44.54303;4.84874
836786164;41.64782;9.21422
836786187;41.65172;9.19832
837625483;43.28405;-1.04324
837818903;45.89872;6.11338
838065316;43.66583;6.92731
838111831;45.89948;6.11372
838498964;42.25818;8.7429
838895702;45.90288;6.12494
839055412;48.837;2.38123
840875064;43.66065;6.94715
840905072;43.64259;6.95895
841796969;48.64305;-3.94866
842033866;43.24544;0.88837
842050280;49.2034;3.01963
842159243;45.89798;6.12748
842159244;45.89262;6.12619
842159245;45.89759;6.1232
842159246;45.89464;6.12734
842458934;46.30531;5.58098
842479845;45.89897;6.12665
842479847;45.89842;6.1242
842546382;48.88487;2.15991
843306275;47.06886;6.04096
844107243;45.89801;6.1301
844107250;45.89966;6.1248
845289960;45.89995;6.13131
845289963;45.89852;6.12915
845289966;45.89956;6.12625
845289968;45.90109;6.12806
845289975;45.90427;6.14398
845891754;44.64744;3.89127
845891757;44.64758;3.80301
845891758;44.72634;3.85485
846238280;45.80869;6.24474
847215776;45.85939;6.14293
847610685;45.83706;6.72878
847610932;45.98416;6.92915
847714172;48.82049;2.36021
847714199;48.82034;2.36281
847820214;45.81156;1.18446
847869377;44.93419;1.60708
847878590;43.55947;4.15637
848733093;49.25688;2.44238
849028979;48.83398;2.38479
849028982;48.83531;2.38383
849028998;48.8353;2.3815
850623198;45.90518;6.11819
851611363;44.86075;6.04667
853133132;45.75701;4.83273
853400795;45.91586;6.14757
857445600;45.79163;6.73493
858274398;48.42185;7.45087
859362060;48.45672;7.424
859383495;48.45432;7.42525
862169942;43.31657;2.63634
868354710;44.05164;4.78146
871835720;43.21238;5.35416
871919790;44.9031;6.65753
874389088;48.87877;2.40877
874389101;48.87904;2.40845
874389108;48.8782;2.40882
874389119;48.8794;2.40824
874389278;48.87859;2.40808
875596208;-22.23523;166.58103
878388962;45.75325;4.86321
878388968;45.73249;4.82493
878516752;48.17687;6.46353
880817127;48.04075;7.13708
882153365;43.7721;1.29325
882264232;44.64866;3.89044
884715033;43.58162;1.47585
886248632;48.84189;2.27357
888027467;43.13175;3.14151
889326949;46.51454;4.67625
890496890;45.71054;4.74527
897565294;45.89859;6.13046
897993143;48.86396;2.32407
902674379;43.72651;5.54862
908558185;48.21669;2.606
912437278;45.33523;6.11986
912526874;45.33675;6.15845
913173016;48.84286;2.29781
913337508;45.90221;6.12505
914223452;45.83024;4.94556
914498273;49.17856;5.4959
914498281;49.17983;5.49741
914498291;49.17883;5.49683
914498295;49.17904;5.49811
914498310;49.18149;5.49755
914864826;48.34589;7.29113
915319105;49.20144;5.49399
915878440;45.89638;6.64379
917036651;45.30258;5.90721
917085496;48.87092;2.21451
918203755;48.82438;2.33612
918203759;48.86492;2.39949
918203765;48.82981;2.31794
918203814;48.86779;2.37743
918203940;48.8294;2.42351
918203970;48.83849;2.31399
918203975;48.88808;2.34334
918204029;48.88172;2.3974
918204041;48.8346;2.33216
918204097;48.8635;2.26201
918204103;48.86007;2.3723
918204266;48.856;2.37677
918204281;48.82394;2.35334
918204296;48.83155;2.41102
918204312;48.83122;2.41299
918204325;48.85315;2.27095
918204339;48.8561;2.38913
918204380;48.9;2.3743
918204389;48.85499;2.39447
918204393;48.84594;2.26896
918204411;48.82691;2.35381
918204429;48.88565;2.32768
918204468;48.8526;2.40881
918204483;48.88984;2.37391
918204501;48.85267;2.38153
918204522;48.82102;2.35687
918204531;48.85216;2.29472
918204575;48.82887;2.30673
918204611;48.85282;2.2479
918204634;48.87459;2.36241
918204646;48.85905;2.38534
918204653;48.85102;2.27216
918204683;48.85818;2.24754
918204692;48.87085;2.38428
918204699;48.85556;2.28307
918204730;48.83046;2.44998
918204792;48.82296;2.34829
918204829;48.86491;2.4052
918204836;48.87117;2.36086
918204839;48.86834;2.38607
918204854;48.8519;2.25276
918204881;48.82135;2.35275
918204911;48.89571;2.36111
918204930;48.82811;2.41898
918204941;48.83405;2.46121
918204981;48.83198;2.41609
918204986;48.83225;2.41565
918204999;48.83855;2.46061
918205034;48.83027;2.45013
918205059;48.82723;2.43065
918205066;48.84043;2.43024
918205075;48.86704;2.23998
918205104;48.86839;2.26239
918205134;48.83557;2.45562
918205173;48.82703;2.42561
918205187;48.85231;2.38546
918205193;48.88273;2.37491
918205199;48.86499;2.39115
918205220;48.82833;2.36947
918205241;48.87143;2.38588
918205284;48.85168;2.34538
918205292;48.86063;2.40485
918205307;48.85018;2.35982
918205316;48.88322;2.33005
918205326;48.84798;2.30248
918205344;48.87834;2.35188
918205371;48.89336;2.34677
918205375;48.83196;2.3254
918205400;48.82854;2.29363
918205460;48.82529;2.36934
918205525;48.87608;2.40664
918205577;48.86619;2.39996
918205618;48.83238;2.32663
918205622;48.83018;2.31691
918205637;48.83387;2.36236
918205642;48.81867;2.36023
918205656;48.85124;2.27494
918205676;48.83871;2.28039
918205693;48.82398;2.31863
918205702;48.88475;2.35837
918205712;48.82684;2.30453
918205722;48.86894;2.38813
918205732;48.85824;2.36361
918205735;48.88474;2.35997
918205740;48.87087;2.32672
918205747;48.87592;2.31994
918205784;48.84329;2.3274
918205791;48.88623;2.35311
918205811;48.8893;2.30804
918205813;48.89372;2.36325
918205822;48.85025;2.31361
918205832;48.85124;2.29539
918205839;48.88678;2.37497
918205842;48.85196;2.38154
918205850;48.87363;2.37635
918205857;48.84868;2.40475
918205869;48.81867;2.35908
918205877;48.84224;2.35397
918205885;48.88651;2.3367
918205887;48.89989;2.36616
918205895;48.89385;2.38407
918205898;48.85092;2.4001
918205922;48.87332;2.41151
918205930;48.86092;2.41146
918205938;48.87331;2.39625
918205954;48.83998;2.29787
918205982;48.84911;2.40348
918205996;48.87688;2.33185
918205998;48.85706;2.37094
918206004;48.88614;2.35618
918206020;48.8446;2.38756
918206047;48.84381;2.28943
918206079;48.84818;2.37403
918206085;48.85419;2.4014
918744291;48.84775;2.40059
918835144;48.84013;2.3005
922965093;44.40167;2.56248
924484759;48.86615;1.9427
926921990;45.70044;-0.32708
926921997;45.70128;-0.32615
928297362;48.83154;2.37002
929207947;44.0878;7.64999
929249284;44.14311;7.55068
930383658;44.08645;7.59281
930475901;43.92402;7.47586
930552080;44.31501;5.70047
932001951;43.94597;7.51815
932002039;43.94274;7.51672
932028155;43.69554;7.27879
932028175;43.69321;7.28182
932106150;43.88306;7.23618
932240771;43.52366;1.48923
932353102;44.32215;6.86103
933489295;45.51974;3.69584
935475339;43.94002;3.9524
938871721;42.22877;9.17465
940159227;45.16363;5.91299
940686120;44.47557;6.79905
941425809;49.04551;1.85283
942304552;45.91808;6.42235
942400670;43.46363;1.32853
945115041;45.85672;5.75125
951533218;48.24354;-1.71456
952751774;43.55117;7.01101
952751856;43.55088;7.01008
954703551;47.06743;6.04247
955201419;44.80547;4.61779
958008850;42.28855;9.30495
958067032;42.25237;9.38085
959403579;48.87055;2.2275
959595058;45.25424;5.66422
961786102;45.18453;5.7267
963279100;43.75023;7.48763
965316298;43.58153;3.10386
965878261;43.41398;2.41192
967030623;-21.3698;55.54894
967030646;-21.36948;55.54851
968076476;47.89038;-2.84569
968487287;48.81344;2.31231
968489773;48.81361;2.31173
970861210;44.91641;0.92834
971075673;45.76829;3.08489
972320413;48.84513;2.38036
977195075;48.84372;2.35511
980951535;45.40746;5.88091
980961387;45.73126;4.82266
983576075;42.71094;2.94687
983576078;42.71032;2.94674
984501932;45.148;5.74982
985021008;45.69401;-0.31674
985021223;45.69391;-0.31682
985952947;45.76492;4.88853
986753790;47.22387;0.02877
993131439;43.32211;1.9561
995527421;48.09573;5.2297
995569615;44.99767;3.82088
997523500;43.76986;6.99883
997831950;42.35682;9.29106
997832121;42.30751;9.29695
1000664581;48.47271;4.76395
1000664614;48.47258;4.76374
1000679417;48.47184;4.76325
1000679438;48.47197;4.7638
1000702517;48.47204;4.76491
1000717437;48.45501;4.76896
1000757856;48.44802;4.77808
1000757872;48.44666;4.77905
1000757880;48.44282;4.78131
1000763254;48.43316;4.77153
1000763293;48.43391;4.77117
1000796376;48.47211;4.76275
1000796386;48.47173;4.76272
1000796398;48.47132;4.76265
1000849146;45.58502;6.06472
1000981806;48.47196;4.74072
1001127077;48.4879;4.73416
1001127830;48.48548;4.72997
1002104718;48.46294;4.7525
1002104796;48.45676;4.75317
1002178490;48.45969;4.76475
1002178678;48.45916;4.75932
1002199244;48.4573;4.74217
1002199364;48.44849;4.73575
1002710407;42.6853;2.9257
1003870499;48.3978;4.73825
1003870612;48.39722;4.73748
1003886533;48.39519;4.7373
1004108321;48.40922;4.73343
1004155836;48.40078;4.74602
1004155895;48.403;4.74787
1004187797;48.40518;4.75677
1005060422;48.4519;4.76855
1005086019;48.4698;4.76426
1005193922;48.47272;4.76297
1005193951;48.47335;4.76306
1005324058;48.47069;4.7387
1005324088;48.45919;4.7421
1005324129;48.45943;4.73891
1005324153;48.46776;4.74066
1005721495;48.50191;4.74666
1005721498;48.50282;4.74456
1005721512;48.50164;4.74725
1005721522;48.50335;4.74492
1005917537;48.49879;4.79851
1005917605;48.49216;4.78529
1007474836;43.32976;6.04571
1019410971;42.381;8.90712
1019422106;42.22022;8.9801
1020280078;44.31628;4.94991
1022863230;42.35784;9.36606
1024071388;45.45425;6.11941
1024678726;45.07904;5.61455
1026936551;43.90214;5.2935
1035620646;42.18174;9.20564
1035634992;42.08625;9.19618
1035646344;42.10297;9.26632
1035646348;42.0969;9.2902
1045873891;45.60768;5.97005
1049911882;48.68102;6.17163
1052524720;41.79056;9.09104
1052524878;41.82843;9.0886
1052532228;42.03236;9.19402
1052532230;42.03979;9.19683
1064312949;42.17965;9.22031
1064453536;43.59939;1.40282
1067285612;45.74205;4.8281
1067291914;45.72111;4.8228
1075195369;45.14534;5.74263
1077616788;48.95904;2.51038
1079932277;44.54599;2.67385
1080408017;45.7375;3.21762
1081747675;44.86097;6.04621
1081748001;44.86229;6.04228
1081748086;44.86128;6.0447
1081748163;44.86047;6.0467
1100622799;48.82635;2.23563
1106143669;43.64755;1.52844
1106484722;45.14935;5.81703
1108152715;50.62873;3.05782
1111191636;48.44674;-2.04526
1116140331;46.03868;5.41031
1116688392;45.81422;4.8171
1118492966;48.86919;2.31237
1119030737;44.97376;6.50457
1126284224;45.0965;5.41943
1130864095;45.71524;4.80521
1132554321;44.55048;6.47532
1132669536;45.52677;6.34659
1133782584;48.83139;2.32025
1140662906;48.9883;-1.43051
1146779384;48.82261;2.26842
1147629201;44.75675;-1.13327
1150604048;44.04476;6.78794
1154371733;42.85119;0.27692
1163094694;48.81558;1.99006
1163107468;48.81863;1.98842
1177036764;45.7127;4.80558
1177037315;45.71266;4.8062
1181251682;50.63254;3.0895
1182514340;43.25938;2.94814
1184620783;46.36017;3.98429
1184620812;46.41398;3.97459
1185757776;44.03812;7.56866
1185757831;44.03834;7.56759
1186197248;43.36321;1.77377
1187258449;48.44854;1.48829
1193126440;50.36911;3.07562
1200870511;44.09629;1.08855
1201815716;45.14384;5.73307
1211866162;47.7388;-2.58139
1215912398;46.36939;6.47463
1217532184;48.81335;2.32637
1222227222;43.88421;2.98459
1222234972;44.89539;4.81919
1222234979;44.89742;4.81757
1222241394;43.88398;2.98373
1222327219;43.62318;1.45737
1224237013;45.30668;5.88738
1224299455;45.89914;6.12403
1226536791;44.56306;2.26495
1231572968;45.16014;5.69896
1232663692;47.21871;-0.72718
1234038919;42.59611;2.41612
1234863192;45.74415;4.81747
1235029839;42.5601;2.40968
1240660966;48.3544;2.71667
1244722906;48.83258;2.22999
1244722908;48.83304;2.23206
1245177160;42.67615;2.61192
1247085938;44.11617;1.10563
1247204354;45.19522;5.03177
1248010199;49.21785;2.95796
1249127315;45.97017;6.9162
1249720016;45.2286;6.74178
1250053730;44.13151;4.80879
1250054712;44.13373;4.80862
1251052175;44.83875;0.22044
1251291652;43.31082;6.01204
1253006861;44.84376;-0.56972
1253006884;44.84481;-0.55987
1257563071;45.72239;3.19259
1258834228;42.97062;-0.92976
1259596799;48.74319;-4.02778
1260099600;45.29717;7.08437
1260175437;45.35652;5.88605
1260213722;47.62618;-0.10862
1262003775;49.78517;1.10866
1267731697;43.99225;3.92228
1268095135;46.25285;4.01056
1268849428;-22.27081;166.44241
1269141035;44.86675;4.92143
1269607183;46.35999;6.04551
1269968791;43.95432;6.36911
1269968886;43.95381;6.36864
1269969017;43.95416;6.36853
1270619276;50.63714;3.04766
1271354378;45.23393;5.75105
1271505266;47.81192;7.17157
1271537337;47.85164;7.13248
1272384674;43.69541;7.28055
1274828369;48.83836;2.57846
1274966337;43.97834;6.31315
1275293785;44.65483;5.28232
1275394318;44.6633;5.30762
1276033289;50.63192;3.02088
1276033303;50.63238;3.02041
1277668202;45.68309;6.43572
1279674145;45.75163;4.8677
1279676531;45.75163;4.86553
1282766450;48.891;2.23633
1284795714;45.4073;5.88073
1285190973;48.53563;2.5535
1286205778;45.51192;3.06028
1286698669;43.63585;1.40246
1286698682;43.6961;1.35711
1286698684;43.69584;1.35719
1286918358;48.71962;2.47566
1287884720;44.13805;4.80519
1294382759;44.13615;4.80789
1295337369;48.66886;2.3799
1296194649;45.71926;6.41493
1296291104;44.65837;6.10548
1296654688;48.86867;2.31276
1296661285;48.86716;2.31118
1296798974;47.04097;5.81536
1296799340;46.92777;5.7832
1296854894;45.5673;6.00828
1297096851;49.07901;-0.66109
1297696675;44.84626;5.51837
1298448690;45.2502;3.19902
1298491660;45.07467;5.72899
1298807732;48.06356;7.02325
1298865255;48.84501;2.31093
1299300580;48.00379;7.03644
1302746895;48.17146;7.11566
1303833298;45.05023;5.68266
1303896971;45.11941;5.69741
1303901121;48.11122;-1.67985
1304038902;42.61504;2.10031
1304039675;42.61575;2.10123
1305020541;47.92661;1.91316
1305210516;45.78312;4.85162
1305336004;43.58752;0.09367
1305926272;43.0181;-0.95599
1305990070;45.75731;4.72595
1306537363;45.82481;3.14878
1306563646;48.8243;2.36392
1306720760;46.94477;-2.18194
1307182088;46.16537;4.34041
1308830181;50.6451;3.08019
1308830519;50.64466;3.08209
1308830630;50.64592;3.08014
1308831108;50.64543;3.07882
1308831245;50.64188;3.08159
1308844791;44.84831;-0.57688
1309380284;46.41478;-1.48053
1309495610;48.89334;2.38866
1309495611;48.89417;2.39166
1309496831;48.93642;2.55234
1311039797;43.94176;4.08181
1311902764;47.84983;1.93718
1312804210;49.19896;3.04737
1313235977;45.20899;5.76325
1313479791;45.20952;5.77708
1313479815;45.2122;5.78587
1313490915;45.20974;5.77001
1313884281;45.76103;4.8315
1313884282;45.76117;4.83414
1314932461;45.05713;6.31577
1314951264;48.81437;2.10686
1315519312;48.19748;7.31752
1315519482;48.20365;7.22001
1315819041;-22.28945;166.4417
1315819048;-22.28584;166.44498
1315994907;47.49687;6.78988
1316137749;48.84124;2.28551
1317254542;43.16038;5.68497
1317347828;45.7179;6.02486
1317347853;45.71895;6.02201
1317563048;43.82838;5.16108
1318936653;43.57406;1.4181
1319029964;45.74945;3.1113
1320312792;47.8984;1.91796
1321451363;42.51767;2.0462
1322026408;45.15062;5.63381
1322985810;43.60093;6.99547
1323300337;43.01779;-0.95256
1323320472;44.84928;-0.57711
1323868461;44.96677;5.70146
1324207217;43.77571;7.50674
1325237780;43.91736;5.91898
1325242783;43.71603;7.06234
1325242879;43.71692;7.05852
1325304491;43.6411;7.00964
1326687555;43.47298;6.12227
1327160470;45.74489;4.81581
1328828477;44.07251;3.97819
1329582224;46.30863;4.82487
1329651469;43.98452;1.18872
1329721734;43.61013;1.44448
1330093998;44.24599;3.6522
1330814960;43.98354;5.47301
1331615467;46.40194;0.71608
1332087886;48.82199;2.32344
1333977705;44.03299;5.986
1334816935;44.01694;6.30857
1334873173;43.94783;7.00776
1335335294;43.98734;7.32445
1335341065;43.97683;7.39191
1337100942;44.79961;1.61657
1337623601;42.23014;9.172
1337920334;48.82113;2.34076
1338095729;44.80831;-0.59019
1338127082;43.41396;5.04576
1338414067;42.90501;1.24681
1339370103;42.58733;2.36627
1339397726;42.48372;2.74727
1339425960;42.49378;2.13621
1340158877;44.79408;5.65879
1340333963;44.91533;5.65778
1341194805;44.86957;3.24905
1341590127;42.48125;3.12952
1342093666;45.5968;5.96978
1342379224;45.59564;6.13734
1342394103;45.65019;6.16644
1342557188;42.48434;3.13148
1344350358;45.06558;6.10483
1344963790;45.72591;4.81644
1345296893;48.29344;2.59729
1345718364;45.67941;6.23905
1345718418;45.67924;6.23933
1346962274;45.45088;6.67784
1348002249;43.53498;5.46292
1348917305;45.06119;4.91342
1351126053;48.57142;1.94206
1351849541;43.12464;0.10871
1351861959;44.5357;5.82521
1354119156;43.40501;5.05421
1355481165;48.82324;7.48087
1356208202;45.27737;6.81743
1356247045;45.17365;6.65298
1356247060;45.13686;6.67013
1356310435;43.40254;5.05797
1359289008;48.03723;-2.00605
1359928593;44.53538;5.82467
1359928873;44.53548;5.82605
1359930197;44.53562;5.82799
1359943605;46.32171;-0.58508
1361878191;46.54854;0.33731
1362442405;46.12067;4.66808
1362495947;45.45941;3.53693
1363074109;45.75586;4.89388
1363074128;45.76179;4.86328
1363272870;45.45825;6.2253
1364923881;43.94853;3.268
1365144995;48.99691;5.17239
1366117391;48.56492;2.42094
1366434186;45.16885;6.42012
1366888205;43.29347;5.35933
1367544541;45.75761;4.82512
1367847974;43.68448;3.59121
1370244832;43.65208;3.13089
1370244839;43.65569;3.1501
1370653102;43.67534;7.3267
1371293699;45.02824;5.32623
1371315071;45.15924;5.66473
1371661639;43.4969;2.15068
1371930301;44.8874;5.90813
1373591425;45.9789;5.10955
1373591428;45.95354;5.03894
1375165310;44.31879;6.69252
1375239380;48.7985;3.202
1376306028;43.60975;2.22876
1376306248;43.69892;2.14124
1377106034;45.70388;4.8196
1377233456;43.69565;5.03666
1378635978;45.7668;4.91812
1379312327;46.37575;6.47901
1379371324;43.51702;7.06787
1379857973;45.18111;5.75583
1380104711;44.74267;-1.10524
1380931759;46.60778;0.23565
1383283893;45.73388;4.91
1383506794;43.94655;2.37889
1383523049;43.95013;2.1704
1383537498;43.94388;2.46725
1383543949;43.94228;2.48299
1384593961;43.6074;3.73184
1385018334;43.93022;2.28686
1385021726;43.93931;2.24038
1385711289;49.09766;6.17217
1386112689;44.1824;4.90251
1386448519;45.22087;-1.16855
1386714342;44.16693;4.87004
1386756319;42.89308;2.22373
1386869514;44.18879;4.84461
1386871173;44.1884;4.83537
1387615188;45.0117;-1.1954
1387615218;45.01213;-1.19192
1387615260;45.01287;-1.19119
1387615274;45.01305;-1.19043
1387615282;45.01324;-1.19531
1387615286;45.01333;-1.19262
1387615291;45.01342;-1.19516
1387884021;42.95954;2.31923
1388390998;43.91978;5.12684
1389581883;43.99569;7.01623
1389918698;44.48652;1.95767
1390574797;43.92591;2.15288
1390820230;42.36353;9.29486
1390820361;42.37855;9.29438
1392102485;44.555;3.2913
1392109907;43.45395;2.01633
1392978496;45.79049;5.17086
1393546633;46.07907;6.7143
1393556846;46.07733;6.84055
1393723946;45.7961;5.03742
1393866708;44.55544;3.28696
1394071590;48.77064;2.28719
1394695150;45.21264;5.79881
1394777133;46.41186;0.59438
1395167449;46.54705;0.33509
1395184569;46.5496;0.34196
1395384688;45.9513;4.72682
1396167945;44.55354;3.29131
1396325692;48.84083;2.42012
1396538134;43.79648;2.14335
1396538393;43.86913;2.17323
1397529665;45.10722;5.73012
1398322644;45.20834;3.39808
1398409449;43.69182;7.30004
1398506043;43.5236;7.04803
1398641509;43.68664;7.33962
1399626993;43.91546;6.89081
1399827594;44.08681;6.89875
1400420562;45.91632;4.70745
1400497193;45.96392;6.14827
1401975531;44.35327;2.58617
1402175155;44.11739;6.90778
1403121569;44.50304;1.92577
1403309982;43.68478;3.58656
1404667697;44.08797;6.31163
1406143966;43.80227;3.23526
1406900133;45.97156;6.44757
1406921725;42.84675;0.36106
1406921728;42.84665;0.36209
1407343345;45.21174;6.86581
1407534754;45.04946;6.1515
1408929379;45.18064;-1.08271
1409070791;44.18157;2.78978
1409070962;44.18285;2.78516
1409071022;44.18316;2.78772
1409473895;44.48004;6.71155
1409835908;44.40726;6.75454
1409990982;47.90566;1.89848
1410281682;48.52659;7.32201
1411285420;48.65473;7.37533
1411285654;48.65407;7.37528
1411285683;48.65282;7.36918
1411286184;48.65565;7.37679
1411286388;48.65517;7.37579
1411286670;48.65598;7.37756
1411286728;48.6552;7.37864
1411286782;48.65308;7.37554
1411531342;44.08799;6.83481
1411601806;43.63083;1.45101
1411601809;43.63435;1.45302
1411626716;43.08211;1.36067
1411698266;44.53018;6.83618
1412034335;45.14758;5.7409
1412115523;44.30916;6.15116
1414631106;46.30913;6.6438
1414843351;43.61073;1.43264
1415865179;44.52534;6.79935
1415865183;44.52551;6.80115
1415947208;43.63838;1.52273
1416328355;45.27526;5.75135
1417495385;46.04727;6.44574
1419874742;44.34663;2.57598
1419908468;43.5964;1.4519
1421171328;44.53193;0.76981
1421941028;45.76628;4.87904
1421941062;45.76631;4.8802
1422144551;46.05779;6.31996
1422492773;44.61658;4.60836
1425699353;44.11526;3.47602
1426110096;47.3306;4.98953
1426468678;42.25959;8.6797
1426468679;42.27582;8.90329
1426493583;48.90216;6.0612
1426498376;42.53031;8.90205
1427119738;45.25189;5.93691
1427397711;45.31925;6.79336
1428414253;46.51459;4.6773
1428745388;45.50532;6.57151
1428747186;45.51066;6.59375
1428924036;43.59819;1.43667
1429403541;43.2345;5.37234
1430806839;48.79326;2.12165
1431012422;41.83591;9.30412
1431841180;45.76516;4.87636
1432223179;41.66018;9.18127
1434118187;43.99017;7.14352
1434118227;43.9877;7.14267
1434257148;43.99612;7.1486
1434365380;43.99562;7.14768
1434374376;43.99554;7.14859
1434374378;43.99574;7.14967
1434701524;43.99547;7.14728
1434936674;43.69766;7.12155
1434993378;44.4368;2.51579
1435572785;48.57074;2.49343
1436385002;42.72368;9.45711
1436403528;42.95753;9.4546
1436403546;42.96061;9.45526
1436781571;42.21161;8.58432
1437223307;45.43765;6.03006
1437363496;48.79101;2.36334
1437699310;42.34885;9.00886
1437871801;43.68864;7.33465
1438733212;41.85472;9.36157
1439727001;44.39934;2.56455
1440253679;48.8258;2.23734
1440253721;48.82612;2.2357
1440253735;48.82637;2.23564
1441112808;48.64454;1.82151
1445129877;44.34942;2.5756
1445129893;44.34888;2.57559
1445584817;48.72025;2.49246
1445662320;44.97517;5.5721
1445697939;44.49665;2.1409
1446077358;45.66047;2.97709
1446269703;48.92262;2.51137
1446269704;48.93776;2.56103
1446294094;45.80239;4.93523
1446294098;45.79869;4.94081
1447448754;46.33609;-0.45821
1447934148;43.99604;7.14916
1450407294;44.66053;-1.17264
1451980637;43.94232;6.17205
1451980639;43.94261;6.17034
1452126527;44.87243;6.03201
1452126530;44.87203;6.03156
1452286423;43.63371;1.55592
1452509828;44.0966;7.08899
1452818669;51.05776;2.43223
1453013812;43.53668;2.79963
1459107501;43.64253;1.37656
1459867103;43.91711;7.24755
1460132278;44.69591;5.48486
1460489229;45.7632;4.87683
1462983907;44.25723;6.92537
1464035851;44.08947;6.91807
1466788114;43.94657;7.01227
1467492955;47.34437;6.34805
1467599488;45.07183;6.17124
1467599520;45.07211;6.17242
1467612718;45.07172;6.17056
1468012175;45.02465;5.51758
1468099789;49.10272;6.18495
1468099790;49.10496;6.18517
1468099793;49.10664;6.18491
1468099797;49.1058;6.18504
1468099798;49.10409;6.1853
1468389424;44.91722;-0.24077
1469097867;48.77164;2.458
1469570447;48.70225;2.31335
1470670502;48.38579;2.9064
1470773542;48.83368;2.32017
1470773543;48.83382;2.3198
1472140401;43.78266;6.95392
1472140408;43.78307;6.95546
1472181330;44.01468;7.32514
1472181402;44.02781;7.33122
1472202437;43.98581;7.35621
1472868019;43.72158;6.97873
1472873829;44.01504;7.31993
1472873830;44.01545;7.31996
1472881693;44.0889;7.31219
1474391535;48.78191;2.44711
1476546324;48.69791;2.15352
1478019371;45.72207;4.8252
1478896302;46.32925;6.3868
1481491246;48.8048;2.49587
1481532313;48.78903;2.50438
1483477063;43.62259;1.28727
1485773789;44.79189;6.73143
1487636676;45.3183;6.04571
1487636699;45.31853;6.04602
1488746011;48.88706;2.27253
1488746013;48.88049;2.27633
1488927262;48.8854;2.27754
1489177575;48.89122;2.39305
1489177686;48.8946;2.39125
1489435587;43.29853;5.41353
1490390677;46.53011;-0.68146
1490950473;43.8088;7.48489
1491688696;46.57523;0.33515
1491788643;46.58323;0.3438
1492841493;44.1037;1.08508
1493119092;47.32193;5.03418
1493590063;43.09769;-0.0614
1496336132;47.60192;7.00124
1496336140;47.76255;7.44477
1500887511;44.40518;6.00697
1500889207;44.40598;5.99743
1501645502;48.68178;2.01047
1501651017;48.7109;2.0415
1501653636;48.72567;2.04885
1503347384;-21.06059;55.53608
1503485174;-21.05916;55.47794
1504407791;43.67446;7.00637
1504407933;48.85185;2.34761
1504513910;43.61932;7.04902
1507689414;47.28009;3.65306
1508690196;43.63507;1.40095
1508908652;48.73145;5.97848
1509729965;43.47739;-1.56156
1514617508;48.90134;2.25874
1519753317;49.70774;0.20377
1519755896;49.597;0.67734
1522674082;45.56933;5.9176
1523912485;48.09752;-1.64512
1524834186;45.46913;5.86248
1525102425;50.62753;3.06913
1531462031;48.69919;2.13122
1531968957;43.10239;1.71503
1538262066;48.88828;2.43784
1539271406;48.82426;2.42325
1540729746;44.52734;4.52776
1541038952;49.03964;7.90412
1541038999;49.03677;7.94135
1541039110;49.03244;7.94386
1547181861;45.52324;6.62601
1548229012;43.64005;3.8733
1548229015;43.64112;3.88733
1548229016;43.64185;3.8767
1548229032;43.64309;3.87429
1548229034;43.64452;3.88197
1548800274;45.17049;5.6303
1560728638;44.74004;4.58268
1562527318;49.163;5.38908
1562737879;44.50466;5.80456
1562737880;44.47806;5.78369
1562737881;44.50543;5.80511
1562737883;44.50595;5.80414
1565412043;42.64153;2.87092
1565412108;42.6427;2.87233
1565431839;42.64005;2.8712
1567276879;46.5389;4.05876
1573450269;42.64105;2.86664
1574054487;45.7482;4.8503
1574100007;43.86359;3.89665
1576035911;42.45802;2.0387
1580166713;44.34863;2.57195
1582918017;48.83878;2.40649
1583753758;47.48028;6.3545
1584827706;48.74406;-4.01489
1587682945;48.79497;2.29252
1588087375;45.4982;5.53963
1588473266;45.92297;5.29632
1589455331;45.94478;5.35257
1589455332;45.94264;5.36464
1589731437;48.96768;2.69311
1591764992;45.59073;6.32723
1591765050;45.5919;6.32913
1596015554;48.91828;2.3166
1599011496;44.34858;2.57611
1600934728;45.25886;5.90899
1604142311;48.94678;2.46625
1605306678;46.1686;6.67293
1608401984;48.48971;1.39627
1608401985;48.48973;1.39883
1609991506;43.88794;2.77476
1610147669;43.75894;7.21901
1616418638;43.78593;-1.40091
1622168121;43.34917;-1.34103
1623858222;43.60454;2.79652
1624041324;44.77993;-0.6748
1632845217;43.72465;7.25615
1635100820;45.45346;6.29514
1637908123;44.79513;-0.62036
1637908128;44.79655;-0.61961
1637931877;44.79625;-0.62478
1639383423;43.32675;5.40033
1642952312;44.44167;5.28698
1643358123;48.79243;2.51462
1644302904;46.03497;4.04468
1650664639;47.01289;5.88904
1652702113;42.48652;9.34941
1656135492;45.84607;5.24915
1659070555;44.49691;0.16185
1659197331;43.64424;0.58324
1660677757;44.39258;5.471
1660677762;44.47042;5.45122
1660677768;44.37692;5.5146
1660844574;45.55911;-0.40127
1661651578;44.5221;5.06009
1664356535;44.15805;5.98443
1665583791;45.46088;5.86582
1665583835;45.48108;5.88468
1665583869;45.48048;5.88373
1665852709;48.37184;2.81775
1667255064;49.95064;4.79631
1669509814;43.81537;6.64243
1669949465;48.83215;2.32624
1670331704;46.59375;0.32593
1671832288;46.88397;5.75992
1676651703;42.53017;2.21088
1678185719;48.86082;2.34646
1679405664;48.96875;2.67221
1680129390;44.29377;6.31722
1680779985;43.55738;7.00172
1680780206;43.55975;6.98974
1680851407;43.47637;6.18009
1680851520;43.47677;6.18311
1680851541;43.47685;6.18239
1681587486;48.91852;2.10845
1682110557;48.89982;2.085
1682410525;44.85218;0.48352
1682410528;44.84981;0.48375
1684374661;44.79648;-0.61728
1689316293;44.52517;6.40098
1690637070;49.07718;1.92715
1691329581;47.0472;6.47809
1698057882;48.86855;2.27288
1698796864;46.29694;5.81977
1700106063;42.33034;9.34686
1700110147;42.33081;9.48824
1700111782;42.33643;9.39549
1700111974;42.33253;9.41433
1700125491;42.44503;9.32511
1700793205;47.71158;2.20395
1701043074;49.25999;2.63252
1701191970;45.3993;5.96311
1702576728;48.84019;-1.04619
1702595566;48.61588;3.1949
1704952506;42.85561;1.55501
1705810381;43.15026;1.3936
1706767579;47.68392;6.80977
1707314705;49.26997;-0.25511
1707539052;43.72931;3.35241
1707542606;43.75279;3.35558
1707916087;48.77478;5.19695
1708700753;45.84266;4.37784
1708830725;46.01099;4.37683
1710237411;43.22919;5.35468
1711829192;44.602;-1.21033
1713161091;44.21495;4.46846
1716600227;47.87039;-3.53969
1716600235;47.87131;-3.53975
1716600240;47.87133;-3.53918
1716600256;47.87136;-3.54048
1716600261;47.87148;-3.53982
1718313456;43.5465;6.9386
1720315124;42.85685;1.55463
1720686445;47.87136;-3.54822
1720872502;45.02842;4.54304
1721683765;45.77612;4.55384
1722428900;43.57708;7.02064
1722429554;43.57651;7.02116
1722432815;43.57539;7.01607
1723692148;48.84494;2.44186
1724243257;43.55362;3.55523
1725095695;42.84727;0.35062
1727205762;43.77753;3.28982
1728061251;43.0384;6.13166
1729619229;43.64224;3.88324
1731024915;44.96552;6.53955
1731253456;43.77776;3.289
1732258061;43.6076;3.88948
1732258065;43.59012;3.84623
1732258090;43.5905;3.88972
1732258094;43.5908;3.89582
1732258101;43.5918;3.86968
1732258106;43.592;3.88491
1732258114;43.5939;3.88351
1732258120;43.5942;3.87792
1732258127;43.5956;3.88507
1732258136;43.5962;3.86919
1732258169;43.5984;3.89113
1732258178;43.5985;3.84423
1732258183;43.6016;3.89373
1732258193;43.60403;3.8892
1732258199;43.6053;3.84022
1732258278;43.61304;3.83126
1732258300;43.61652;3.82673
1732258303;43.6173;3.86322
1732258316;43.6424;3.86923
1732286148;43.61081;3.87066
1732286162;43.6138;3.90862
1732286186;43.61401;3.87378
1732286190;43.615;3.87565
1732286195;43.61597;3.9296
1732286203;43.61572;3.93131
1732286208;43.6157;3.9247
1732286222;43.6171;3.87863
1732286238;43.6175;3.93586
1732286244;43.6209;3.89944
1732286246;43.6223;3.88853
1732286250;43.62421;3.87227
1733283593;43.75218;3.71826
1734562556;44.56101;-0.02271
1735840151;45.50525;6.49807
1735911673;45.46357;6.49376
1735915216;45.46565;6.49097
1736440593;49.19668;2.95799
1737169681;44.84581;-0.65288
1737169684;44.85762;-0.62286
1738176199;45.94565;6.68877
1738176261;45.94432;6.6949
1738364072;43.30797;-1.24382
1740619085;44.59812;2.39384
1741375063;46.26356;6.09153
1741983925;49.30397;-1.42224
1741984084;49.3035;-1.4227
1742635384;48.90335;2.10079
1742647662;48.70984;2.04218
1744243272;47.90043;1.90195
1745776058;48.87251;2.24901
1745776061;48.86879;2.24489
1745776079;48.87355;2.25029
1745776081;48.87064;2.24905
1745776087;48.87035;2.24644
1745776097;48.87293;2.24777
1745781759;48.87342;2.25093
1745781788;48.86704;2.24311
1745928809;48.86879;2.24704
1746268870;43.25488;-0.32827
1746584696;50.23942;2.66169
1746658894;48.37285;-4.01979
1747064920;43.2737;6.52009
1749579545;48.85166;2.40981
1749788827;43.22949;5.36677
1750856221;41.82767;8.90665
1751223813;49.0069;2.01426
1751314485;45.72841;4.82345
1751314488;45.7671;4.84104
1751763834;47.90572;1.94109
1753078836;44.4511;5.54034
1753804666;45.27712;5.96527
1754826713;44.69765;3.00442
1756406862;47.40265;0.69422
1756972880;49.15373;2.97803
1757386897;46.40168;6.60021
1757662466;48.04264;0.38533
1757685828;42.47018;2.66827
1758607795;44.64324;6.02106
1758754172;43.57371;7.05841
1758872555;43.22027;-0.8894
1758963880;46.40156;6.59208
1758963913;46.40164;6.59748
1758963973;46.40174;6.60153
1758964010;46.40188;6.58852
1758964032;46.40202;6.58747
1759704645;48.92704;2.02135
1760117266;45.65872;4.71855
1762969626;43.53091;5.44442
1763248441;42.45335;2.67061
1764299597;48.68874;-4.07701
1764299598;48.68872;-4.07747
1764299609;48.68898;-4.0771
1764443709;46.57755;4.23534
1765343099;48.86002;2.40096
1765466629;42.78502;1.68686
1767726843;47.45548;-1.63211
1768014288;45.44081;5.92263
1768067108;44.91944;-0.98698
1768067112;44.93459;-0.82925
1768078545;43.56832;7.07279
1768463884;45.27193;5.96576
1768608454;43.22997;5.36942
1769035238;47.33767;-2.87654
1769570908;48.85891;2.39898
1770057596;47.26325;6.7441
1770483662;45.75247;4.42333
1770693254;42.46837;2.66468
1770739838;45.60708;6.77901
1773707692;45.32331;5.70693
1774569581;45.15459;5.32195
1774995740;43.55956;6.99752
1775031274;45.17453;5.72679
1775576794;43.97821;3.49639
1777181674;44.74379;5.74864
1777380661;45.76518;4.87697
1779495804;44.11121;5.10657
1779526181;44.58265;-0.03929
1779724333;43.81278;7.34722
1779878508;43.84632;6.51469
1780075736;45.20796;5.61709
1780351070;44.54856;6.47766
1781689497;44.01736;4.02344
1782335567;44.13443;6.34289
1782584051;44.18222;6.62741
1782628529;43.56397;7.13206
1782899031;47.68287;7.40811
1785291672;44.46594;1.06893
1785297757;44.44601;3.11095
1785303304;45.37974;6.7237
1786039569;44.06623;7.20383
1786057873;44.06573;7.20271
1786081786;48.88096;2.24121
1786337762;48.86507;6.93605
1787119116;43.84874;5.49419
1787324796;46.65318;5.96561
1787412120;43.59158;4.93493
1789103881;47.2825;3.22621
1789783098;43.8396;5.48008
1790253655;43.5255;5.67257
1790723279;49.27035;4.0259
1790723280;49.27232;4.02674
1790723469;49.2725;4.02671
1791338935;45.86718;6.14308
1791427476;45.15847;5.32423
1791771885;43.51972;2.15393
1791775466;43.51104;2.16121
1792069479;50.63797;3.05001
1792387493;48.92676;2.37082
1792495704;43.60162;1.43976
1792793765;43.92829;4.9939
1793278866;45.88187;6.32497
1793860957;45.57133;5.86445
1794438094;44.74673;6.03504
1794779701;43.60243;3.89698
1795433689;45.45602;6.50612
1795434975;45.45715;6.5072
1795441769;45.45748;6.50678
1796084751;43.92079;2.1441
1796784732;45.18648;5.70891
1796784733;45.19196;5.72632
1798226812;43.72871;4.21427
1799096171;48.801;2.47798
1799235879;43.5692;5.35436
1799246350;44.68034;6.58348
1799639743;44.51052;2.0033
1799639753;44.51183;2.00859
1800246593;45.01383;4.12523
1800277086;43.88409;7.3609
1800395788;44.04148;1.11059
1800719101;45.18158;5.71282
1801238272;43.59597;1.37114
1801727559;43.72473;7.10696
1801727562;43.72296;7.10978
1801857360;47.23381;6.01745
1802147676;44.04577;7.27678
1802147798;44.45827;6.74562
1802757764;45.75655;4.83999
1803054600;48.88194;1.57501
1805000829;44.51609;4.82335
1805270684;48.76359;2.30418
1805270696;48.76945;2.30207
1806216357;43.47449;-1.47817
1806574536;44.50858;1.65875
1807127551;45.15505;5.32555
1808682336;44.09013;7.0857
1809625058;46.3541;6.1366
1810937763;48.83271;2.1222
1811581262;43.60693;0.92928
1813022100;48.85594;2.40149
1813802340;43.02802;6.15579
1815014484;43.79872;2.61804
1815023973;44.09134;2.99856
1816109599;48.79107;2.48164
1816359791;48.52623;7.3271
1818561426;45.73538;4.80428
1819370873;44.51509;4.82674
1819929462;47.99557;-3.42925
1821318058;44.51667;4.8271
1821318070;44.51605;4.82743
1821321281;44.58597;5.13453
1822938988;43.28587;5.35574
1823149049;45.58878;4.31457
1823174337;43.15196;6.34289
1823174346;43.15211;6.34141
1823968547;44.23719;5.19121
1825675171;43.72125;6.97767
1825702105;44.20723;2.70896
1825931653;44.22002;6.97334
1826092918;44.86834;6.72117
1826395668;44.58757;4.12899
1826465785;43.49217;0.59239
1826931196;44.35213;2.03744
1826931236;44.3504;2.0395
1827083114;45.60433;6.38561
1827641160;48.77172;2.30412
1827641162;48.77538;2.29947
1828249206;44.82171;4.5801
1828332759;44.68258;6.07422
1829465279;43.88771;5.86137
1829466044;43.89461;5.86103
1830693114;48.76692;2.29143
1831048431;48.86158;2.17115
1831069299;44.24502;5.21661
1832347286;47.99917;0.18835
1833117146;45.18085;-0.22788
1833132402;44.00834;5.27613
1834061466;46.62305;1.16593
1835270689;48.89026;2.31558
1835271176;44.73742;4.6008
1835521047;47.61049;1.90448
1835909798;44.31658;6.94191
1836008551;48.89099;2.31434
1836008619;48.89166;2.31427
1836017584;44.37694;4.69605
1836098450;48.77171;2.26028
1836144679;44.11164;3.94158
1836210327;44.67813;6.0972
1836544821;45.44985;4.36872
1837375068;42.81578;0.32072
1837381312;42.81699;0.32259
1837409997;47.2369;-2.3012
1837568526;47.20909;-1.53028
1837613991;42.98234;2.00525
1837659047;44.7138;6.12164
1838772468;46.19276;6.23531
1839172664;45.0467;4.0341
1839565028;45.03061;3.50891
1839872929;45.44681;4.37125
1839920073;49.40852;0.9916
1842586977;48.85416;2.55008
1842889027;45.45135;6.30207
1843069283;43.7478;4.21953
1843273679;46.6701;5.05991
1843562149;43.36699;1.78917
1843979284;49.51642;-1.68377
1843979297;49.51752;-1.68361
1844271135;44.80192;4.53994
1844415563;43.70333;5.16214
1844415582;43.70461;5.16128
1844818760;48.80893;2.36485
1845269406;42.81282;0.2969
1845376845;46.53565;0.28678
1845433626;42.79758;0.28913
1845722295;45.05175;6.30765
1845722380;45.05189;6.30699
1846173296;44.8616;6.04521
1848288465;45.04505;6.30669
1848288562;45.04526;6.31005
1848288564;45.04527;6.31211
1848288588;45.04541;6.30537
1848288601;45.04546;6.30682
1848288671;45.04567;6.31028
1848288842;45.04606;6.30521
1850129656;42.93548;0.87494
1851326909;45.04944;6.29538
1851327087;45.05369;6.28686
1851582978;43.67045;2.93787
1851583370;43.66731;3.00882
1852592355;42.92817;0.89354
1852659173;45.75537;4.78679
1853169360;43.47366;1.49524
1853210203;43.65568;3.08967
1853302544;44.69423;5.48464
1853302545;44.69444;5.48482
1853302546;44.69495;5.48411
1853302547;44.69472;5.48492
1853388814;43.60207;2.7029
1853934614;44.43814;4.88866
1854120057;43.08753;6.08001
1854526184;43.99578;7.15416
1854577589;44.69442;5.48984
1854598107;44.6952;5.48619
1854611374;44.69558;5.48467
1854631120;44.69469;5.48454
1854656774;42.92871;0.89474
1854656781;42.9288;0.89539
1854656784;42.9293;0.89476
1854672111;47.27503;-2.42734
1855052300;43.69509;7.25916
1855069339;48.85383;2.53181
1855613964;44.69555;5.48278
1855632231;44.69518;5.48318
1856843791;47.54171;4.03575
1857105873;46.3728;0.4058
1858725456;43.70793;7.25197
1858885858;44.69341;5.48517
1859081036;47.60583;1.90596
1859087411;47.60825;1.90203
1861173997;45.22175;6.21915
1861192898;45.22133;6.23432
1861334330;43.77401;6.78479
1861769245;45.41643;4.00858
1862630213;42.92021;2.04715
1862631275;42.92035;2.04849
1862936053;48.8721;2.17164
1863199182;45.1495;5.72308
1863537487;47.32516;5.02038
1863537489;47.32518;5.02042
1863897438;48.99;2.08456
1864272627;45.20072;5.7255
1864272646;45.18507;5.73384
1864841460;48.8819;2.39853
1864870762;48.28425;-4.5095
1864934717;48.85908;2.40033
1865432513;43.57564;2.37921
1865479365;43.57433;2.35076
1866168540;43.10757;5.94425
1866169458;43.10724;5.95199
1867199006;46.68651;-0.36341
1867199008;46.75062;-0.46807
1867342229;44.66873;3.10407
1867342231;44.66943;3.10421
1867507041;44.71233;3.23425
1867518928;44.40863;3.41436
1867521692;44.29335;3.42116
1867523451;44.11467;3.49126
1867525658;44.10322;3.54137
1867527448;43.92853;3.58927
1867530654;43.84683;3.51802
1867790945;48.88792;2.31531
1867790949;48.88795;2.31559
1867791035;48.89147;2.31476
1868029743;44.24352;3.92045
1868029748;44.2437;3.91732
1868250288;45.5353;4.86439
1868589519;45.64804;6.44063
1868589528;45.65511;6.44002
1868589605;45.64981;6.43198
1868589629;45.66179;6.43316
1868810463;44.24528;3.92634
1870004379;48.89886;2.25471
1870461092;48.75511;6.1677
1870597018;47.66872;3.67772
1870602174;47.63409;3.66624
1871340714;45.99305;4.82191
1871486193;45.07439;5.28319
1871658670;44.76732;0.76738
1871658673;44.7674;0.76724
1871658692;44.76899;0.76716
1872454137;48.8264;2.43276
1873088225;48.85269;2.54212
1874094880;43.71649;3.44473
1874206351;43.60834;1.38536
1874246235;43.21536;5.34748
1874246237;43.2932;5.38351
1874330062;50.04974;1.41891
1874675845;45.70584;6.31104
1874910069;44.81103;6.96751
1874910536;44.81244;6.97229
1874969271;44.47513;1.46841
1875004506;44.46073;1.51599
1875013396;44.48418;1.55425
1875013412;44.48601;1.55406
1875022044;44.47653;1.57852
1875045982;44.46462;1.66878
1875055816;44.1371;0.34471
1875111743;45.90373;6.83489
1875144765;44.80234;-0.53685
1875665268;43.78483;7.52119
1875665416;43.77943;7.49776
1876415950;44.11367;4.52188
1877893690;43.59867;5.96098
1878567343;45.21572;6.47511
1879168734;45.87297;6.49071
1879516910;43.20034;0.13094
1879749561;44.42585;4.29946
1879840355;48.73517;7.25187
1879864807;49.12109;5.03738
1879903327;43.66203;2.34974
1879905706;43.66616;2.36526
1880494708;44.69132;6.04851
1880494722;44.69177;6.04895
1881114825;45.93126;1.93585
1882218590;46.30636;4.8122
1882514527;45.99513;6.92765
1882790257;43.63112;6.81754
1883463317;44.04339;4.89454
1883609716;44.54762;6.60748
1883610564;43.71775;6.99217
1883610567;43.71682;7.05854
1883610570;43.72504;7.10582
1883837721;48.16081;1.77429
1883854914;43.59375;1.44993
1884209663;43.28312;5.37062
1884286119;43.49284;1.14616
1885538482;48.58979;7.77976
1885538485;48.5911;7.77694
1885836615;43.80296;3.11102
1885948552;44.47832;1.28782
1886562732;45.86241;6.56
1886562779;45.90363;6.59827
1886792948;44.73114;0.29339
1893264838;44.55127;6.48501
1894321717;43.59317;4.93522
1894568263;44.32158;6.06827
1894628579;43.52836;1.75804
1894628595;43.52901;1.75848
1894648273;45.39539;3.21533
1895019346;47.89918;1.94681
1895597856;45.47618;6.10851
1897945708;43.22605;2.92192
1898805501;42.46057;2.17572
1899164137;49.9013;2.29544
1901101817;50.05294;1.90669
1903697619;45.17544;5.7097
1903740364;42.88012;2.55251
1904209119;43.2232;2.62757
1904282133;43.69973;3.6738
1904878739;43.49102;5.35487
1905935700;49.00588;7.78985
1906770271;44.25442;5.39254
1907129520;45.83796;4.30694
1907283586;48.69607;2.504
1907465641;45.78879;3.07319
1907541403;48.81898;2.35754
1907717097;43.98253;3.13185
1909881922;48.83238;2.36201
1909931926;45.15844;5.75671
1909989988;45.34206;3.20407
1909996273;45.30385;3.34305
1909996936;45.29392;3.3805
1910614580;48.82937;2.58459
1910678467;49.12293;2.43162
1911264171;48.86975;2.27039
1911349994;46.95837;5.88617
1911643081;45.07237;5.21195
1912531838;44.55735;3.28416
1912531840;44.55746;3.28386
1912640857;45.29263;3.40718
1912642825;45.36426;3.3838
1912644553;45.39202;3.37366
1912701345;43.89482;3.73617
1912815023;43.92222;3.70288
1912998743;45.1591;5.75954
1913212244;43.99879;4.70241
1913218256;44.51582;4.78069
1913873514;45.47502;3.27809
1914228004;48.85205;2.40915
1914512931;44.70025;7.05128
1914880905;44.96931;6.00811
1915115458;45.56595;3.16967
1915145864;45.58892;3.09357
1915413408;43.26598;3.33377
1915413449;43.26645;3.33443
1915413587;43.26701;3.33323
1915413602;43.26713;3.33446
1915413624;43.2674;3.33421
1915413647;43.26792;3.33365
1915645219;45.32279;5.93023
1915806874;42.98728;2.61315
1915818169;43.26717;3.33632
1915818216;43.26797;3.33575
1917374789;49.39969;6.10401
1917507809;43.93248;3.65366
1917564855;-21.06827;55.55186
1918025002;44.3661;3.41073
1918314208;45.61964;3.05226
1918316796;45.58698;3.12829
1918320998;45.59196;3.10267
1918324486;45.69507;3.0989
1918326423;45.70254;3.10911
1918491936;48.89542;2.25781
1918599762;45.44175;4.40512
1918685237;44.1151;1.47811
1918685240;44.22394;1.57616
1918685241;44.26872;1.54397
1918745406;44.80786;4.55799
1919077998;44.69191;6.04739
1919408549;44.31145;3.37615
1920851155;46.2046;4.11921
1922026584;48.81988;2.36197
1922533138;46.20773;4.07336
1923688206;45.34507;5.63247
1924157289;43.32898;5.1255
1924364095;48.81952;2.33412
1925067512;49.28047;3.06622
1927896951;48.00359;6.64341
1928553639;45.77958;3.08612
1928553642;45.77985;3.08612
1928679027;48.54222;6.14369
1928776581;43.42961;2.16641
1928776582;43.43044;2.16563
1928870988;48.85697;2.35197
1930155186;45.75682;4.84567
1930165733;45.16128;5.94434
1931259022;45.78182;3.08519
1932537217;44.46295;6.05688
1932690261;48.00433;6.87629
1934092218;45.19163;5.71684
1934104789;45.19074;5.71155
1934118577;45.18408;5.73625
1934118578;45.18421;5.73788
1934225958;45.17685;5.75807
1935434970;45.19947;5.76592
1935437824;45.18563;5.73521
1935864130;42.90777;2.42985
1935904325;44.11066;3.13865
1937286152;48.78888;1.901
1937630871;-22.31033;166.45317
1938084631;43.6883;3.84838
1938327160;46.89256;4.68326
1938576822;45.25261;5.93256
1938576858;45.25306;5.93348
1938577094;45.26253;5.92591
1939809017;43.47171;5.95508
1940094645;44.76861;5.28386
1940150993;45.13547;5.74765
1940432883;43.06334;0.14821
1941937889;43.92428;5.48439
1941953828;43.87688;5.44707
1942058068;48.65717;2.49255
1943133699;45.18539;5.73783
1943320045;45.93608;6.68445
1945588747;44.91126;5.19335
1947316413;43.52777;5.42096
1947529426;48.87161;7.44025
1949208619;44.35756;1.72395
1949208621;44.39776;1.77273
1951239997;44.21773;5.13816
1952299848;44.0236;4.7937
1952508172;44.92886;5.8327
1954397137;44.06071;4.64112
1954457332;44.58786;4.16555
1954457339;44.58791;4.16556
1954956340;42.33129;9.48629
1954956382;42.33181;9.49093
1955138825;45.54484;6.75643
1956351562;48.81284;2.21251
1957118834;44.18103;6.62712
1957118893;44.18189;6.62701
1958441822;48.88474;2.37944
1958735682;47.34984;0.68011
1960359567;43.11216;5.98916
1962232208;46.15492;-1.14911
1962552828;43.71517;3.86194
1962953964;41.48616;9.05721
1964122503;44.76835;0.7672
1965413741;45.93112;6.75739
1965456454;42.21405;9.37255
1965456511;42.21784;9.37171
1965609895;44.02;7.20446
1966453740;-20.88926;55.46751
1966453780;-20.89005;55.46606
1969332116;45.53904;6.75934
1969332382;45.5397;6.75995
1973773625;43.92726;7.13096
1974242718;47.66968;2.80976
1974242732;47.66992;2.81017
1975376195;45.05623;5.66829
1975693379;44.80238;2.75574
1977784074;43.97529;3.57556
1977932499;48.8264;2.12118
1978077767;45.77851;3.06177
1978968145;45.90191;6.13462
1978968381;45.9044;6.14254
1979965620;46.26488;4.0902
1986780747;46.56903;0.39714
1987214214;45.68724;-0.28577
1987482346;46.57305;0.38458
1987617171;48.84445;2.21857
1987728899;43.00002;2.56164
1987728900;43.00084;2.56532
1987771157;43.00012;2.5629
1989494042;43.00065;2.56388
1989570144;43.22255;5.40507
1990196258;45.91906;5.50956
1991425173;43.13808;6.37045
1991752294;48.84201;2.42409
1995037602;45.74283;4.79186
1995062727;49.52821;0.1813
1995264406;42.53606;2.54631
1995268581;42.5816;2.51494
1996678947;44.74682;6.0347
1997379210;46.67171;5.56276
1997379241;46.67249;5.56201
1997879207;45.16722;5.69382
1998879082;42.84871;2.77691
1998879129;42.84964;2.77666
1998943647;46.57388;0.37403
1999489274;48.00653;0.19477
1999489276;48.00712;0.19529
1999489278;48.00796;0.19637
2002237745;45.75547;4.83928
2004991581;44.79797;-0.62723
2005990850;43.46894;5.02252
2005990899;43.46932;5.02426
2005990906;43.46946;5.02498
2006147528;44.33719;1.54672
2007049449;45.29993;5.89835
2007049536;45.30729;5.88597
2007378785;42.92097;2.69164
2008174593;47.89436;1.90668
2008626872;45.14659;5.74592
2008627074;45.16065;5.74834
2008752294;45.16037;5.74284
2009413134;45.92173;6.61009
2011537134;47.77807;-2.68815
2013515433;41.94577;9.33439
2014180341;48.38122;-4.54836
2014837954;44.23773;5.19178
2014837957;44.23663;5.19094
2015106990;44.23508;5.18848
2015417394;44.52865;4.91101
2015417398;44.52896;4.91141
2015858096;48.77013;2.12353
2017324522;44.56598;5.72506
2018422184;47.85908;6.82554
2018570441;43.92789;6.94828
2019075344;46.82201;4.56568
2019633343;45.70349;4.93446
2019633346;45.7026;4.93484
2020005197;43.92813;6.94759
2020032258;45.69911;4.94302
2021723516;45.16491;5.84852
2022351959;42.33213;9.49012
2024717282;44.17465;5.44418
2024718309;44.17447;5.44319
2024718876;44.17593;5.44285
2024718930;44.17567;5.43942
2024981270;42.95931;-0.07415
2024981395;42.96075;-0.07453
2026751456;43.90976;4.19342
2027063304;43.60289;1.44564
2029641399;44.27064;5.26916
2029820269;45.15501;5.31767
2030416263;46.62003;5.21055
2030416288;46.62018;5.21065
2030465346;46.27463;6.08883
2031813289;47.30786;5.04358
2031813521;47.30923;5.04606
2032738580;43.57949;2.68764
2038707418;46.66983;5.06016
2040487654;44.80235;-0.63056
2041569217;47.22135;2.06727
2041892608;47.22908;2.05054
2043130954;48.93506;2.03921
2044406995;44.01009;7.2404
2048936718;45.43399;6.63618
2048981417;43.78585;7.27152
2053279109;43.63589;3.86925
2055287691;48.66848;6.17561
2056554923;42.88492;-0.11122
2057214849;47.7357;7.32001
2061384256;44.2372;5.19072
2061483922;43.22651;2.92405
2062300744;43.75816;0.30274
2062753302;45.72822;4.85773
2064918561;48.80734;2.46669
2064918564;48.80716;2.46545
2068429861;45.21953;6.3376
2068430989;45.21051;6.33705
2070381546;43.69416;3.31672
2070396045;44.97396;6.50817
2070396062;44.97605;6.50939
2070473080;43.68336;3.34909
2071185203;45.75067;1.93819
2071296049;45.01322;5.87495
2077418595;45.60967;5.26832
2077633395;48.81452;2.31098
2078750075;45.77097;4.83326
2083953325;43.63422;3.32454
2084288952;45.78047;3.08822
2085176939;46.40123;6.5877
2085496679;44.52564;6.80171
2086919895;47.74526;7.33707
2087544570;43.8473;6.22182
2087930229;45.76082;4.77615
2090326731;43.95667;6.89586
2090743519;43.98475;6.85463
2091084033;44.83095;3.45848
2091385976;-16.76703;-151.00968
2091408501;47.73008;7.34931
2091639225;-16.83786;-151.42082
2091701428;45.60868;6.04397
2091713788;45.63079;6.20581
2092017071;45.43057;6.02209
2092270335;47.73441;7.35528
2092375894;43.66897;7.16543
2095110886;43.15815;6.16667
2095111358;43.16075;6.1675
2095385389;48.03428;7.04621
2096733351;44.35118;2.57575
2100901133;48.73444;2.40786
2101902013;44.87419;0.03047
2105114781;43.49909;2.21247
2105731728;48.56895;7.80177
2107635918;46.78065;4.8529
2107635920;46.78006;4.85149
2109049232;48.66381;6.17897
2109113987;45.6938;4.95883
2109399193;46.40119;6.58407
2110852954;47.82515;7.12355
2113108256;48.734;2.27698
2113108257;48.73421;2.27753
2113113370;48.72999;2.27666
2113113371;48.73436;2.26933
2117821914;45.75526;4.85745
2117956465;42.68133;2.70442
2118365809;47.20553;-1.55501
2119534631;45.16568;5.5774
2120003696;49.49696;0.09128
2121283440;49.49403;0.09483
2122689174;45.25319;5.93028
2122689177;45.25344;5.93263
2123850960;44.40027;4.29028
2124098230;43.83396;4.36397
2126172762;43.20558;2.54986
2131448815;43.16365;-1.23462
2132275043;43.94162;7.12546
2132275072;43.9546;7.14393
2133208759;48.98641;7.75895
2133756894;47.83798;6.48528
2134079954;44.11692;3.7231
2134387389;48.98559;7.7597
2134878809;48.82328;2.35423
2135016941;45.32303;5.80639
2135101273;44.14656;-1.2175
2135183545;44.66001;3.03975
2135183546;44.6618;3.04796
2135183548;44.66253;3.04638
2135183549;44.66257;3.04349
2135183550;44.66308;3.04802
2135745970;46.25312;-0.20736
2136100429;43.63124;3.89143
2136443986;47.84163;6.46909
2139042751;45.21256;4.34788
2139252657;45.04209;3.45831
2139764305;44.65104;2.2168
2139835225;43.99193;0.00482
2139891315;43.64813;-1.44537
2139896787;-16.71408;-151.03537
2139896788;-16.715;-151.0338
2140384018;45.18329;5.68817
2141075009;47.75367;6.58106
2143747192;44.13047;5.96539
2146270355;46.04607;6.10845
2146376406;48.85677;7.31514
2148299542;45.45894;3.99579
2148894592;45.2565;5.41378
2149673802;45.41778;4.67899
2149760626;45.72102;6.29868
2149760629;45.71827;6.2991
2149760630;45.71561;6.30008
2156249045;45.45326;5.90096
2156623532;5.16375;-52.64733
2157694812;43.76941;3.78775
2159544970;44.75337;5.37319
2159544972;44.75341;5.37198
2159764332;43.75181;3.35719
2160185918;45.17822;5.69758
2160275339;48.72009;2.26602
2160968449;43.45645;6.89822
2161060988;48.77353;2.29992
2161266276;44.56484;5.01186
2161266278;44.56596;5.01243
2163081063;43.78608;7.51245
2163427461;45.18836;5.69865
2163958498;46.10579;1.58016
2165043343;48.9869;7.75975
2165169356;47.74968;0.98769
2167674596;43.34441;-1.62285
2169430531;43.77639;7.5059
2172311509;47.35582;6.52435
2172496721;45.77428;4.8625
2173039335;45.48308;6.27147
2173125053;44.15533;3.68059
2174989464;45.14383;4.59382
2179708229;44.03924;4.89733
2185898603;44.59937;6.35829
2186038440;44.61499;6.33462
2186938787;42.61494;2.10238
2187140541;48.85607;2.77194
2187459504;44.90164;-0.2443
2187459703;44.91095;-0.24199
2190126225;44.73071;6.84273
2190513526;45.18225;5.69264
2192227321;44.77275;3.04526
2192417839;43.6588;-1.30871
2193169458;44.69831;-0.38343
2193169943;44.69915;-0.38273
2195104916;43.58532;3.41621
2195105920;-22.28763;166.4574
2196056226;45.79556;4.94851
2197165076;45.30135;5.69755
2197523657;45.79828;4.94887
2199691179;45.66667;5.71772
2201476585;48.84502;2.19859
2203294125;44.36394;3.74618
2204867840;44.94454;5.78554
2205002337;44.95389;5.77839
2205002346;44.95627;5.77791
2205080910;45.202;6.03966
2206632043;43.33305;-1.7432
2207102737;44.09565;1.08553
2207142654;45.77498;4.8622
2208700852;44.96947;5.78225
2209525648;42.7304;1.85173
2209525651;42.72868;1.85218
2214625304;44.67482;4.11005
2214625309;44.66548;4.11638
2214766501;47.84816;6.39317
2215992117;43.61594;2.66906
2223517871;48.44448;1.49401
2225293963;43.23984;5.36714
2228460123;45.44741;4.38582
2232000547;42.86397;2.56562
2234970790;44.59493;6.46899
2238375769;44.83858;-0.5775
2239809968;44.83266;-0.55909
2242729213;44.05685;3.71068
2242731082;44.06752;3.69902
2242814707;45.77705;4.86125
2242814712;45.77714;4.86103
2244648599;49.13804;2.23999
2244846640;49.13985;2.24431
2245451423;45.04581;3.88586
2246923466;44.13076;3.38386
2249028408;46.78095;4.85401
2249052265;46.78119;4.85527
2252865326;44.95921;5.77701
2254792435;44.0453;-0.53697
2255670698;48.79566;2.46947
2255882676;48.3152;2.65147
2255887843;48.31273;2.65286
2257793932;44.26969;4.96432
2260106376;44.08841;6.22918
2260177654;44.06494;6.17699
2260843690;48.72585;2.28652
2261285988;43.47452;6.12176
2261285994;43.47362;6.12207
2261286003;43.47328;6.12008
2261310029;44.53631;5.82784
2265533581;-22.30648;166.46081
2265533635;-22.3091;166.4586
2266059819;46.78135;4.857
2266073534;46.78188;4.85836
2266347418;46.47064;3.94174
2267314184;46.78321;4.85703
2267475607;45.77307;4.85658
2267614495;45.42915;6.03144
2268257761;44.08369;6.20216
2268298808;44.58527;-0.21106
2270986379;43.6167;7.04291
2271154094;43.64236;3.87855
2271196329;43.64217;3.86732
2271999463;45.78196;4.8586
2272593095;46.77992;4.85518
2272593099;46.78218;4.85872
2272593100;46.78326;4.86206
2272593101;46.78267;4.85966
2272593103;46.77958;4.85179
2272593106;46.78023;4.84951
2272593107;46.77898;4.86385
2272593700;46.78377;4.84851
2272874265;44.91682;-0.23989
2273058146;46.78255;4.8487
2273059043;48.82378;2.33153
2273874543;46.78124;4.85236
2274590385;48.86329;2.39694
2277481609;46.7863;4.85235
2277544960;46.78705;4.85358
2277900419;41.63416;8.83069
2278058395;44.19123;3.37456
2280793291;44.56432;2.24815
2282533585;46.81673;0.53651
2283152358;47.41931;-0.13229
2283447505;44.07043;0.89983
2283892393;-22.3056;166.45137
2284115682;43.61687;1.44561
2286008190;43.72037;7.10779
2286588730;43.42206;1.27824
2286616045;44.1353;4.8039
2286700218;48.62902;2.44399
2286791058;43.72854;7.10298
2286872448;48.52696;7.32426
2288057742;44.10086;1.09
2288057748;44.10105;1.08943
2288095678;45.50073;5.14271
2288285480;46.7798;4.85567
2288316216;49.28536;3.03053
2288598582;46.35773;4.22539
2288910922;43.29562;1.22593
2288910923;43.29464;1.22569
2289581521;43.66135;6.98973
2290315160;43.92676;4.59961
2290489022;44.26555;5.80414
2290509587;44.46787;6.06179
2290515050;44.23109;5.85667
2290548000;44.60631;6.08941
2291252389;43.522;6.94127
2291556625;44.38394;5.73412
2291719417;44.34557;5.77113
2291887589;44.35521;5.65609
2292120383;49.26679;3.00675
2292685558;45.71317;1.60583
2292706575;45.17436;5.75968
2292706635;45.17546;5.75681
2293753105;43.75218;3.83501
2293860580;44.64592;5.06301
2293885106;44.46821;6.06144
2294085491;44.86113;-0.52501
2294482263;45.77426;4.78059
2294558708;43.67557;6.97988
2294577972;44.68944;6.03065
2294830600;45.51259;6.5672
2296119909;48.74132;5.88192
2296235892;48.82867;2.25924
2296297273;46.62119;0.42678
2296297279;46.62122;0.42675
2296383056;45.77207;4.77683
2296758430;44.50425;6.11305
2296758517;44.54547;6.13346
2297952533;44.96387;6.53037
2297974295;44.64391;6.11055
2297974316;44.6514;6.07631
2297974324;44.68908;6.0323
2297974345;44.70044;6.03583
2297974346;44.7008;6.03689
2298127103;44.57609;6.05273
2298354430;42.40935;8.65041
2298577852;44.52036;6.02292
2299417926;44.55648;6.3616
2299657498;43.96811;3.0176
2299657638;43.96941;3.01983
2299926631;43.97734;2.98653
2300269561;43.86759;0.10254
2301050948;43.85953;0.10042
2301519201;45.77367;4.85166
2302553976;48.80529;2.24203
2302554025;48.80539;2.24136
2302684983;43.57173;5.36088
2302880498;44.45457;3.61618
2303032489;43.83124;5.15941
2303914694;43.927;3.59297
2303914695;44.01664;4.15686
2304089929;48.89137;2.19202
2304205404;45.18302;0.72201
2304836504;45.196;5.73392
2305700529;44.88909;6.62972
2306146670;43.975;4.54752
2306378692;47.8641;2.22253
2306424962;47.86229;2.22691
2307702406;46.78344;4.85885
2308896763;47.40231;0.7104
2309370805;43.23112;2.94875
2309539893;48.52229;2.26586
2309730822;43.99667;7.14833
2311694715;43.51583;-1.49509
2313294906;49.02897;2.75156
2313484924;44.89542;6.63416
2313637527;43.17006;0.88707
2314747975;44.63292;-1.14553
2316336035;43.23389;6.40238
2317415263;46.79908;1.36342
2317415264;46.80097;1.36261
2317415265;46.80181;1.35466
2317415266;46.80198;1.35593
2317415267;46.80219;1.36464
2317415268;46.80243;1.36538
2317415269;46.8029;1.36376
2317415270;46.80309;1.36182
2317415271;46.80322;1.36063
2317415272;46.80365;1.36249
2317415273;46.80384;1.37817
2317415274;46.80417;1.3627
2317415275;46.80452;1.36321
2317415276;46.80495;1.36299
2317415278;46.80529;1.37206
2317415279;46.80531;1.37542
2317415281;46.80547;1.37331
2317415282;46.80574;1.37363
2317415283;46.80579;1.3748
2317415284;46.80606;1.37398
2317415285;46.80631;1.37374
2317415286;46.80721;1.37453
2317457460;45.96632;4.00274
2317657280;46.78594;4.84125
2317732299;48.74392;2.25181
2318722613;46.80223;1.36214
2319236907;44.13171;4.82949
2319480194;45.99148;4.82362
2319913220;43.18025;2.99997
2320011517;45.35455;5.9344
2320128114;48.77234;2.29596
2320791745;48.80085;2.30445
2320806072;48.80223;2.30693
2320806074;48.8056;2.30848
2321859502;45.52232;4.74388
2322091322;45.19224;5.73848
2322091327;45.19273;5.73996
2322091334;45.1937;5.73718
2322098889;42.40434;2.47721
2322106996;42.40447;2.47857
2322111289;42.40521;2.47802
2322118495;42.43794;2.56744
2322512495;44.41306;4.07483
2322956128;45.1459;5.7442
2323053526;48.89302;2.38761
2324908584;-16.4393;-152.24928
2324908598;-16.44564;-152.26806
2324908613;-16.44951;-152.26381
2324908626;-16.45313;-152.25796
2324908629;-16.45383;-152.2505
2325800382;44.41662;3.78345
2326363903;48.87777;2.18227
2327299561;48.82964;2.38142
2327918706;45.87271;6.206
2327991874;48.8128;2.30716
2327991909;48.8133;2.30723
2328211473;48.52653;7.32345
2328243013;45.63286;5.36956
2328303383;42.87879;2.50366
2329192328;43.1191;5.8024
2329196053;43.1166;5.80395
2329199458;43.1321;5.749
2329718456;48.73033;2.56968
2329863012;44.58298;6.59717
2329910552;43.79927;6.40103
2330649271;45.73748;6.36961
2331244144;42.24797;8.66213
2331477428;47.07141;6.04275
2331829280;42.52626;3.08291
2332210565;42.53969;8.89235
2332455963;48.73608;2.255
2335009726;45.01695;5.61342
2336872279;42.8447;2.77505
2337057589;45.21485;5.71028
2337221009;46.78384;4.86187
2337300081;46.04946;5.03554
2337328145;42.87605;2.3516
2337328150;42.8777;2.34984
2337343792;44.71371;4.63263
2338487781;45.02531;5.6638
2338490837;45.32983;5.6579
2339549745;41.79596;9.22563
2342677866;47.33974;5.02415
2344482870;48.89308;2.22086
2344482872;48.89096;2.22574
2344482878;48.89114;2.21981
2344482880;48.89381;2.21533
2344482882;48.89423;2.21705
2345449810;45.40239;4.76867
2345615717;48.91892;6.18039
2346946828;46.87896;5.80637
2347796947;46.16281;5.32951
2348331230;43.75183;1.90828
2348472815;44.9165;5.63464
2348516067;43.57862;5.02692
2349604742;45.87089;3.02829
2349663202;47.39026;2.88799
2351065281;46.4512;5.42322
2351129553;43.14481;-1.33517
2351129596;43.16253;-1.23709
2351369573;47.50617;2.85268
2351535920;45.76446;2.95548
2352249787;42.81024;2.59659
2352608476;45.25418;5.66586
2352796993;47.32215;5.04243
2354616999;43.33916;3.21904
2355305896;44.88373;5.64176
2356554207;45.17217;5.6732
2356629742;45.16874;5.6808
2357446181;48.83008;2.41526
2357987095;45.28278;6.07445
2358290836;48.92776;2.35808
2358305219;42.36725;9.49578
2358305710;42.33099;9.49111
2358305992;42.34555;9.49669
2358306018;42.34782;9.49449
2358307519;42.38002;9.49252
2358308053;42.40731;9.47741
2358308490;42.42266;9.46769
2358308599;42.43473;9.46991
2358610393;46.50836;0.37032
2358610407;46.50877;0.37225
2358610430;46.50981;0.37467
2358610449;46.51252;0.3732
2360151375;44.29769;2.54402
2360453691;44.97934;5.8044
2360454526;44.97848;5.80488
2360454527;44.97831;5.80606
2360843102;44.8277;6.4952
2360845511;47.01459;1.16488
2360845514;47.0154;1.16209
2360845521;47.02712;1.14608
2361486519;48.84196;2.38711
2362233393;48.83806;2.21222
2362930987;43.66429;7.14832
2362930998;43.66802;7.1465
2363307370;43.64288;-1.432
2364202488;44.16116;2.52772
2364712870;43.19946;5.63296
2364712894;43.19974;5.6326
2364930982;45.41824;5.95598
2364930983;45.41827;5.95664
2365664746;43.26161;5.37976
2365845724;43.25785;5.38326
2365845725;43.25994;5.38115
2365889556;46.78507;4.84268
2365890196;43.26179;5.38182
2365943831;43.66287;7.15428
2368078479;43.654;6.9856
2368194355;45.45912;5.88957
2369583015;-22.28916;166.44163
2370706292;44.94741;5.71932
2370706297;44.94899;5.72001
2370706300;44.95155;5.71803
2370706305;44.94638;5.71844
2370706309;44.94979;5.71772
2370706311;44.94746;5.71714
2370706313;44.94792;5.71835
2370863562;44.81746;2.82187
2370909280;45.18346;5.71428
2372624328;43.78321;4.09041
2374078624;45.7193;4.80869
2374917287;48.82954;2.22299
2375268737;46.37386;6.16216
2375701009;45.93975;4.76981
2376344269;48.88155;2.40013
2376715583;-20.8973;55.45527
2377148475;45.62765;6.77163
2377251902;45.59037;4.31816
2377360697;44.09279;7.05063
2377360698;44.09305;7.05127
2377360705;44.09247;7.04998
2377360731;44.09271;7.04947
2377388972;45.20647;5.65951
2377388986;45.20731;5.65863
2377480726;43.15726;1.34949
2377513766;48.40131;-2.90653
2377859004;44.07262;7.20229
2377912971;44.3352;2.71624
2378291122;43.7989;6.80866
2378349212;44.74585;5.50457
2379014595;48.82383;2.33961
2379097964;44.23676;5.19226
2379097966;44.23763;5.19359
2379510660;43.70152;3.49746
2379604090;45.21058;5.64311
2380245083;42.88937;0.34673
2381632005;44.41032;6.43612
2381842821;45.61871;6.75616
2381842824;45.61922;6.7551
2382410796;-12.86637;45.1974
2382595144;42.55197;8.73411
2382909420;44.02987;5.1993
2382916469;44.02205;5.19526
2384368102;46.63024;1.14869
2384656559;43.81939;4.14674
2385684279;48.66614;6.18038
2387269044;48.72891;1.99898
2387274856;48.74398;2.06171
2387587169;48.86336;2.37143
2387650563;46.71395;4.7039
2388205104;49.08503;-0.4238
2388521577;45.58849;2.74044
2388704031;45.28793;2.76213
2389176707;48.93176;2.36384
2389219964;48.71468;1.96823
2389228296;46.07164;-1.08911
2389528308;49.3039;3.40457
2389937598;48.88806;2.33758
2389937610;48.56211;3.288
2389937615;48.84418;2.35763
2390112195;44.11185;5.10709
2390319326;43.50592;6.94649
2390476877;48.86685;2.35281
2391964697;43.75503;4.1465
2392767181;44.75655;6.79317
2392771785;44.75648;6.79148
2393256440;44.54494;6.27808
2393259356;44.51416;6.3043
2393884571;47.73494;1.59036
2393923986;44.524;6.32565
2395614317;46.14895;6.74608
2396968833;43.69858;7.24464
2397180232;44.48803;6.44954
2397408269;44.94725;-0.24519
2397802775;43.77993;6.34087
2398389502;45.90828;4.83261
2399182785;45.74522;4.82449
2399182790;45.75174;4.82752
2399245784;44.50969;5.34764
2399365371;44.94787;5.90682
2399682149;44.06406;3.82927
2399720219;44.41868;5.33081
2399778168;42.26456;9.47217
2399778169;42.26743;9.47423
2400253175;42.76654;2.98947
2400284430;44.95137;-0.24976
2400421014;45.11385;5.72861
2400422488;44.726;1.21999
2400460603;45.42917;5.82449
2400617226;44.00393;7.19882
2400825385;49.66627;-1.73548
2400825392;49.66659;-1.73455
2400940530;44.91547;-0.24279
2400940531;44.916;-0.24173
2401100162;44.70815;6.74981
2401100163;44.69985;6.77455
2401394087;43.12801;5.9752
2401394465;43.12893;5.97261
2401395565;43.128;5.97344
2401395939;44.05735;7.45159
2401395988;44.05765;7.58599
2401396464;43.12681;5.97348
2401397167;43.12733;5.9727
2401397411;43.12808;5.97155
2401567076;42.58716;2.369
2401958870;42.87162;1.83221
2401974576;42.85365;1.87355
2402267579;43.88122;6.68965
2402293035;44.91485;-0.24483
2402293044;44.91485;-0.24486
2402293059;44.91487;-0.24481
2402293069;44.91488;-0.24486
2402370369;43.88021;6.69104
2402382647;48.83104;2.37797
2402683011;45.7667;4.81626
2402683012;45.7719;4.81131
2402870917;42.85849;2.02816
2402870926;42.88478;2.04567
2403344210;45.21417;5.89307
2404187638;45.1625;5.68675
2404225622;42.87894;2.26717
2404225679;42.88481;2.2835
2405210599;42.85915;2.43432
2405238391;48.80498;2.36265
2405303815;42.79901;1.26336
2405361006;47.52789;6.77169
2405697572;45.12835;6.03849
2405735114;45.06014;5.34355
2405937508;45.12168;5.33793
2405937512;45.12221;5.33824
2405961913;46.88111;4.76739
2406018422;48.82261;2.34005
2406044386;46.69061;4.70505
2406099368;42.45137;2.04285
2406125287;48.8239;2.33669
2406277193;45.77432;3.06805
2406643684;44.10927;7.30683
2406993327;45.14159;6.10702
2407313370;47.85462;-3.85146
2407324231;45.03789;5.70147
2407556730;45.10811;5.93652
2407565570;49.63802;-1.62393
2407757272;48.79285;2.39445
2407983070;44.01775;4.96535
2408015296;49.47302;3.58844
2408163964;46.35979;4.27614
2408828972;42.77565;2.91374
2408939611;44.21537;6.62281
2409211749;45.17645;5.72262
2409211782;45.17747;5.72121
2409211787;45.18301;5.71798
2409211789;45.18579;5.71689
2409525470;43.70017;7.2917
2409569387;49.1632;4.02557
2409670309;43.87405;5.39925
2409965416;49.12954;6.4179
2410010462;45.37961;6.50553
2410013083;43.55126;7.01137
2410014376;43.69434;3.79949
2410014385;43.6948;3.79922
2410741088;43.87239;7.00615
2411038376;45.98988;6.43982
2411231889;44.3744;3.43521
2411414416;45.17643;5.76292
2411477039;47.12279;5.67138
2411749353;46.16254;5.33178
2411969150;45.45886;3.99568
2412153740;43.1474;5.94929
2412160709;48.8787;2.24527
2412502520;44.67492;-1.23968
2412640295;44.1452;3.10651
2412928635;47.88727;7.05601
2414552492;47.64375;4.76487
2414812885;48.68856;1.97955
2414817812;48.70494;2.06973
2414839320;48.70655;1.98289
2415333359;48.70505;1.98586
2415818323;42.80914;0.51609
2415910203;44.1011;3.08906
2415910205;44.10114;3.08971
2415910207;44.10114;3.0881
2415910217;44.10126;3.08823
2415910218;44.10126;3.08811
2415910219;44.10131;3.08855
2415910224;44.10135;3.08886
2415910226;44.10138;3.08906
2415910227;44.10142;3.08937
2415910229;44.10145;3.08812
2415910230;44.10145;3.0898
2415910231;44.10147;3.08966
2415910239;44.1016;3.09027
2415910243;44.10168;3.0897
2415910246;44.10173;3.09001
2415910258;44.10177;3.09032
2415910263;44.10179;3.08838
2415910288;44.10204;3.08858
2415910305;44.10231;3.08928
2415910315;44.10247;3.09005
2415954446;45.06797;6.06012
2415955827;45.07457;6.06347
2416507511;47.90555;4.53987
2417253353;46.25588;4.34568
2417401322;45.65225;5.89186
2417556049;45.60731;5.90052
2417827797;45.38193;6.50295
2417887705;45.37979;6.50266
2418022854;49.46539;1.07741
2420643336;44.55232;2.67217
2420876668;44.34466;2.57177
2420876717;44.34746;2.5742
2421490185;48.80363;2.12384
2421490186;48.80404;2.12409
2421491826;48.85773;2.34924
2421577401;43.78361;7.48927
2422542506;48.67329;1.97182
2422618305;44.99193;6.11465
2422738328;49.32545;3.01346
2423119962;43.76018;7.46327
2423125064;43.76492;7.46143
2423626244;43.25935;5.41522
2423632614;43.25128;5.41886
2423632737;43.25089;5.42004
2423632863;43.25006;5.42124
2424608787;47.22161;1.47563
2424685424;45.00372;6.66085
2425143265;43.76396;7.46623
2425309940;43.48212;-1.5599
2425357254;45.44883;7.01029
2425359006;45.43024;6.97325
2425360735;44.81332;5.165
2425376812;44.89273;5.25341
2425393106;44.82473;0.15499
2426538120;44.98344;6.1202
2426538178;44.98463;6.12147
2426551992;48.90467;2.19474
2426563011;43.77845;7.50583
2426821369;48.76202;2.29497
2426821370;48.77352;2.28885
2426821371;48.77453;2.29546
2427311326;45.21884;5.8142
2427681329;44.08971;7.59366
2428592768;48.72925;2.29688
2428857153;48.11814;5.15407
2429495794;46.44627;4.11942
2429506513;45.44934;6.97871
2429512077;45.44734;6.98223
2429635434;44.83621;5.35
2429635503;44.93578;5.43184
2429635556;45.02125;5.44252
2429827519;43.50212;-1.54043
2429827523;43.3879;-1.67072
2430052668;41.38831;9.16149
2430052669;41.38814;9.16203
2430094967;45.6034;6.94733
2430202261;45.54056;6.78473
2430348072;44.94498;5.64572
2430717822;44.66785;6.77804
2430815961;44.98921;6.11755
2430831499;42.84769;2.77943
2430890751;45.53764;1.79468
2431172039;45.83597;4.97603
2431342938;47.34124;0.51433
2431539046;44.31279;4.95183
2432471120;43.61225;3.92395
2432737525;48.82544;7.47999
2433714103;43.632;2.27478
2433985907;44.35212;4.02254
2434116386;46.31251;-0.73296
2434984474;47.21233;1.49171
2434984475;47.21418;1.48132
2434984476;47.21668;1.47604
2435378342;47.2197;1.42211
2435474386;43.69849;6.84822
2435494711;45.51891;6.80895
2435582145;44.52337;4.00528
2437004502;44.56222;6.08791
2437004628;44.56303;6.08808
2437112777;43.86863;6.47142
2437908682;43.47251;-1.48397
2438035881;47.2013;-1.58111
2438838408;45.13414;5.71184
2439188059;43.39023;1.50681
2439188064;43.44686;1.59965
2439198390;42.864;1.20146
2439367489;49.06272;2.05779
2439840953;48.72681;2.29144
2440379235;44.33668;3.58914
2440379236;44.33674;3.58978
2440653707;48.85646;2.35112
2441584387;43.61318;1.4313
2442569254;46.08352;5.99764
2444103383;45.93067;6.76751
2444137784;43.69872;3.55487
2444300082;43.4245;-1.46118
2444491654;43.24796;5.39696
2445082717;48.74774;2.29363
2445094530;43.2377;5.36176
2445094533;43.25182;5.37446
2445153770;43.60758;1.44123
2445662264;47.22136;2.06921
2446128592;43.1524;5.93969
2446181540;46.07776;6.00873
2446761059;43.43437;1.44382
2446911520;44.65555;2.70422
2447358311;49.91749;1.03249
2447637034;48.74765;2.26334
2448095666;44.84503;-0.52788
2448107894;48.88889;2.37908
2448147239;48.57462;7.75378
2448347592;45.41029;4.44598
2449365068;45.39692;5.70338
2449611138;48.84219;2.27376
2449611139;48.83863;2.27674
2450656194;43.71731;5.3104
2452772968;44.8819;6.48881
2456150096;43.28978;3.41791
2456674919;45.2993;6.35682
2456933950;45.76133;4.88107
2456995772;48.87859;2.40753
2457312919;43.60395;1.43624
2457312937;43.60471;1.44123
2458346912;45.08125;6.05919
2459436618;47.16802;5.90392
2459674498;49.64943;-1.68302
2460324585;48.88123;2.16212
2460862752;47.62902;2.73975
2461531688;45.03689;6.14477
2461964075;45.74597;4.8516
2461964121;45.74714;4.8546
2462768068;48.82767;2.36004
2462768071;48.82794;2.35946
2462986771;44.64957;4.26557
2463103154;45.44144;4.38604
2464222995;45.42097;4.41506
2464372610;43.1857;-1.00474
2465994247;43.60347;1.4408
2466318278;43.54809;7.01016
2466318302;43.55156;7.01744
2466428370;45.74289;4.81516
2466428371;45.74315;4.82281
2466428375;45.74745;4.8255
2466428376;45.75252;4.84175
2466428377;45.75395;4.82708
2466428378;45.75683;4.84507
2466428379;45.76312;4.84518
2466428380;45.76488;4.83417
2466428381;45.76659;4.83239
2466428382;45.76667;4.83686
2466428383;45.76801;4.83175
2466428384;45.76844;4.82981
2466428385;45.76854;4.82799
2466428386;45.76883;4.84201
2466428387;45.76888;4.82716
2466428388;45.77053;4.83408
2466428389;45.77068;4.83401
2466428390;45.77197;4.82571
2466428391;45.77255;4.83446
2466428392;45.77342;4.82247
2466428393;45.77387;4.82632
2466428394;45.77387;4.82788
2466467075;43.91022;4.24587
2466629837;44.4542;4.34006
2466689147;44.75159;5.37343
2466767007;45.75642;4.84066
2466767008;45.75704;4.86462
2466767009;45.757;4.84817
2466767011;45.76024;4.8484
2466767012;45.76021;4.84117
2466767014;45.75288;4.84954
2466898751;44.09571;7.35673
2467266681;48.82815;2.37751
2467374517;45.72731;4.87809
2467374518;45.73535;4.90965
2467374519;45.7395;4.84029
2467374520;45.74352;4.8792
2467374521;45.74857;4.8836
2467374522;45.7494;4.88715
2467374523;45.74998;4.88577
2467374525;45.75698;4.86535
2467374527;45.77673;4.83443
2467374530;45.77762;4.83711
2467374531;45.77765;4.83615
2467374535;45.77947;4.83601
2467567527;43.74013;3.85291
2467783110;48.85851;2.24466
2469104758;43.67393;3.85819
2469521639;47.32401;5.03285
2469693367;44.59459;6.59198
2469693368;44.5935;6.60264
2469918441;44.95332;1.93617
2469924423;44.88103;1.61757
2469956803;43.41585;5.04573
2469975629;43.38551;3.64461
2470288346;44.55267;4.28128
2471098363;43.66908;7.15049
2471115752;43.64256;3.69884
2472323849;44.26121;4.1968
2475321450;43.6095;1.4379
2475424883;45.36894;5.79387
2476370670;43.51174;3.8847
2476372888;43.04787;3.05653
2476393813;44.52124;2.76533
2476492482;44.42676;5.31795
2476579547;44.4273;5.21698
2476835455;44.56989;6.68247
2476835459;44.59176;6.68876
2476835462;44.61055;6.68787
2476835589;45.04527;6.30344
2476844337;44.24156;6.62679
2476844341;44.24507;6.61781
2476851009;44.37153;4.64378
2476851019;44.37464;4.70356
2476857619;43.78562;5.63433
2476857672;43.94498;5.29375
2476882588;44.29836;4.5054
2476882717;44.35094;4.40218
2476883082;44.63014;4.19782
2476883084;44.63593;4.25566
2477064663;45.75879;4.82595
2477391615;48.83162;2.35565
2477782119;48.88701;2.31693
2478393442;43.60079;1.44689
2478421358;45.75806;4.82613
2479351084;46.79131;4.80843
2479351097;46.79143;4.8091
2479573279;46.14773;4.31641
2480422650;44.98795;6.08007
2481052782;45.77503;4.83233
2481052783;45.77607;4.83268
2481735598;45.01095;6.0755
2481735606;45.01405;6.09702
2482094440;48.91744;2.35755
2482104235;44.06309;5.9789
2482126393;44.55407;4.44956
2482396056;48.7927;2.51499
2483114667;48.37193;6.29699
2483322878;45.83201;1.21336
2483338016;45.75547;4.82392
2483361972;44.09482;7.088
2483371187;42.96744;9.41509
2483371197;42.26167;8.70921
2483371198;42.22745;8.8407
2483371202;42.02858;8.76776
2483371205;41.6507;9.19375
2483371271;41.77203;9.0801
2483371292;41.93397;9.15466
2483371345;42.13692;9.27972
2483371360;42.15775;9.26907
2483371393;42.3151;9.26661
2483371395;42.32097;9.30056
2483371396;42.40029;9.29598
2483371397;42.41201;9.28247
2483371457;42.42322;9.29613
2483371458;42.43823;9.3078
2483371511;42.37463;9.36773
2483371513;42.4471;9.40479
2483371514;42.45094;9.40914
2483371518;42.48458;9.45279
2483371519;42.48621;9.44778
2483371520;42.49318;9.43869
2484284399;43.58471;6.27776
2484314208;45.13841;5.7927
2484420870;45.14801;5.75317
2484473325;45.16486;5.76819
2485361544;45.70282;3.13329
2486263666;45.86509;4.74274
2486270753;45.86943;4.82013
2486280050;45.86989;4.82241
2486315581;45.73819;4.77155
2486321426;45.69472;4.79264
2486323527;45.7327;4.78045
2486331686;45.7357;4.79728
2486343500;45.74678;4.83764
2486348224;45.77521;4.82803
2486348472;45.7755;4.82953
2486350411;45.7761;4.829
2486352238;45.77761;4.82987
2486352397;45.77722;4.82363
2486359270;45.74804;4.88076
2486361193;45.75399;4.8859
2486368018;45.75233;4.89325
2486370687;45.73144;4.90114
2486373625;45.67359;4.90111
2486376808;45.6649;4.89524
2486382436;45.70637;4.85651
2486382437;45.70714;4.85652
2486399635;45.70654;4.97732
2486415983;45.76289;4.96517
2486420138;45.76908;4.95762
2486433116;45.7754;4.9669
2486471149;45.79654;5.04763
2487065576;48.3948;-4.95425
2487266064;48.69776;2.34979
2488274964;44.00207;3.52714
2489280733;45.19239;5.71601
2490256548;48.72872;2.28929
2491629458;44.56105;6.08655
2493711028;43.85986;4.39612
2493791267;49.66444;-1.69768
2493849808;45.65725;5.89381
2494721850;48.87716;2.36421
2495079924;48.18543;3.27879
2495079925;48.19505;3.28277
2495092285;43.31934;1.95488
2495352191;44.02842;3.67326
2495432107;48.04616;7.30939
2495586547;45.18387;5.70799
2495586838;45.18826;5.70488
2495630900;48.70851;2.15814
2495968811;48.89328;2.19969
2496266072;43.25915;5.38354
2496713156;45.73677;6.09876
2496750672;45.59161;6.72967
2496750676;45.59082;6.72861
2496750679;45.59019;6.72883
2498423370;48.25646;7.39232
2500448661;48.8365;2.30616
2500792157;43.85793;4.72655
2500943954;48.84081;2.27635
2501414509;44.01994;7.20413
2501749425;48.86623;2.40631
2505031757;47.32715;4.99226
2506812099;49.11683;-1.11901
2508417249;46.98721;3.15067
2509237031;44.9158;-0.24792
2513906729;43.90035;3.46039
2514130340;43.65722;3.88611
2516743852;47.81615;2.3001
2516745158;47.823;1.697
2516747020;46.91556;-2.04544
2517988832;45.91354;6.61256
2518080993;45.73509;6.162
2518979298;44.55455;6.08591
2519003157;48.82722;2.17633
2519177115;43.98855;3.56841
2521073205;47.35509;-0.76128
2521098107;44.55259;3.29092
2523288504;45.77382;3.08483
2523954111;48.8488;2.2856
2525602752;45.17515;5.71408
2525756229;43.60068;6.9432
2525760389;45.46834;5.88436
2526548618;44.92951;2.446
2526829740;44.94964;6.67825
2528358537;43.76374;3.38198
2528358550;43.76429;3.38241
2529287530;44.94168;4.3666
2530933308;43.90981;6.98254
2530933373;43.91048;6.97955
2535651886;44.82036;6.5408
2535762042;48.83054;2.35803
2540619605;44.29319;3.59114
2541422893;44.35699;2.55967
2547402634;45.49155;5.74616
2549190814;43.81375;7.1834
2549521236;48.83408;2.32185
2552532870;43.86995;5.7331
2554936126;44.72648;6.19417
2554936129;44.73613;6.1384
2555353636;42.89025;1.34793
2555988224;44.73005;6.81927
2556102521;44.69192;5.86371
2556917323;43.57218;2.98631
2556917327;43.57239;2.97548
2556917334;43.57324;2.98439
2558743321;43.76333;5.36235
2559492473;48.42576;2.15695
2560159415;50.62194;3.06513
2560755452;43.58152;3.10302
2564229432;48.34412;2.64004
2574774605;45.95912;5.83522
2575825941;48.87273;2.4015
2578268472;46.9823;1.41468
2579641226;48.88475;2.16422
2580020483;49.11058;2.60156
2580683372;45.58721;5.9176
2581447364;48.72546;-3.56856
2584806291;45.20358;5.84242
2586705073;47.20532;5.68231
2591800508;49.64728;-1.68702
2593723668;47.21843;-1.60804
2595142425;44.52436;6.0735
2595540654;48.44651;1.4893
2597783970;43.44352;3.44317
2597788145;43.43586;3.43883
2599871664;45.65017;6.1675
2600060466;44.55954;6.07901
2600650529;46.85446;0.92367
2600650537;46.85211;0.92918
2600711863;43.70155;3.55048
2601208026;48.8128;2.32304
2601421351;43.65359;1.41915
2601433948;43.64821;1.41869
2601812471;49.3216;3.0093
2604644263;48.87772;2.15311
2606137309;45.83429;0.09171
2607611913;42.87161;1.66843
2607701505;43.69838;3.55367
2607815041;44.1579;6.28966
2607866897;46.75933;4.48141
2609103170;44.74654;4.62557
2609403856;46.45173;4.12015
2611479226;47.88141;7.18887
2612043833;46.32303;-0.45807
2612049776;46.32762;-0.466
2612049780;46.32343;-0.46138
2613601388;42.49877;9.34682
2613992546;49.21032;6.6392
2614876944;44.71161;0.23852
2620849766;46.51158;-0.67563
2622327487;43.28257;5.39167
2622867864;48.70936;2.33463
2623513031;48.83428;2.34253
2623697071;48.43514;7.39334
2624072078;45.61579;6.03782
2624159443;45.61142;6.02825
2624619662;46.34937;6.52124
2626184537;43.82997;5.80586
2627082145;41.91816;8.7384
2627206122;47.73677;7.34538
2628644597;42.90747;9.35104
2628776518;47.29209;4.99742
2630904112;45.4352;4.39248
2631274873;48.87745;2.36853
2631462193;43.42492;5.04389
2631462199;43.42578;5.04324
2635067444;43.82969;5.80688
2637469079;44.66311;5.3078
2637914744;47.00029;4.71254
2638335564;43.58437;1.35644
2640580867;-22.30765;166.45622
2643397655;45.15765;6.07784
2645872723;44.26448;2.36627
2646399959;45.14914;4.61342
2647209098;45.53586;5.95158
2648200780;43.60145;6.99532
2648569646;47.46714;-0.48243
2649573744;44.13496;4.80663
2649687986;47.46991;-0.47586
2650687253;45.9617;6.65061
2653960674;42.88899;-0.11422
2659167882;44.67016;0.1852
2659488170;45.54626;6.60907
2659488171;45.54711;6.6086
2659489616;45.54607;6.61229
2659489622;45.54687;6.61069
2661291251;48.8853;2.23894
2661291256;48.88526;2.23895
2661411621;44.67659;0.17976
2663193350;48.85639;2.40985
2663826297;47.52627;6.81602
2671975097;45.8727;5.72041
2673359393;45.20246;5.73505
2673387101;47.95196;5.28661
2675065943;47.5073;6.91189
2675271073;49.02519;2.049
2675608166;47.88811;1.90678
2675731099;45.20314;5.73593
2676552279;48.80267;2.48481
2677108463;48.81527;2.38585
2677108862;47.38756;0.7022
2677108863;47.38668;0.70242
2680779286;43.26642;2.87167
2681676725;45.7349;4.83213
2684948031;45.20643;5.74296
2685658755;45.20346;5.7508
2688916163;43.4738;6.17567
2689703220;44.24597;3.92015
2689953615;46.27452;4.04175
2689953618;46.27454;4.04162
2697793525;43.75199;3.71797
2697793528;43.75249;3.71867
2698250124;48.80502;2.49756
2698250443;48.81012;2.49648
2698250620;48.81213;2.4863
2699952771;43.66673;7.14494
2700035360;43.88543;-0.46666
2700604977;45.22671;6.74196
2700605033;45.22759;6.74006
2701312998;44.68168;5.38592
2701313001;44.67606;5.37963
2701663018;48.8815;2.18573
2701948037;44.73307;6.70065
2704337748;43.7779;3.37982
2705956255;43.98719;7.43262
2707249451;48.95154;7.76688
2707251623;44.6675;6.22795
2707260869;44.5906;6.00511
2711270852;47.11885;5.3723
2714594025;43.18773;3.00834
2717317302;44.47771;6.54911
2719699102;43.33379;5.36723
2721055461;43.72625;3.81403
2721729155;44.17231;4.10682
2724009357;43.98035;4.42421
2724147012;44.01099;4.42066
2724343672;43.18658;2.92113
2724343766;43.1905;2.92643
2725368731;45.43875;4.37757
2725445636;43.6597;6.92355
2725622049;44.15283;4.36611
2725622056;44.15372;4.36689
2725622060;44.15424;4.36542
2725810504;47.07959;2.40219
2726530205;42.70977;2.45925
2726536643;42.54696;2.58724
2727429507;44.16886;4.44663
2728719087;43.61725;7.04369
2728719096;43.61862;7.04459
2729298895;43.97051;4.55446
2729400621;44.19469;4.52153
2733427195;46.33032;-0.49448
2734454039;43.64377;1.22602
2736783766;43.84269;4.34908
2738454873;47.1051;5.88158
2740119856;44.23895;4.29482
2747045089;44.83728;-0.53186
2747231513;44.83877;-0.53712
2754046839;48.55016;7.33011
2754089427;48.60054;7.28979
2755734567;43.59562;1.44148
2756877366;45.22609;5.83973
2757875525;45.20039;5.83787
2764022217;48.77719;2.52249
2764022229;48.77728;2.5252
2764022294;48.77789;2.52203
2765701960;45.19301;5.66864
2765701998;45.1936;5.67261
2768797901;45.03233;6.08952
2768801832;45.76771;4.82014
2768801838;45.7805;4.80841
2769737161;45.13695;5.7456
2770017593;45.9027;5.74715
2771887813;43.69747;7.2715
2771887815;43.69774;7.27249
2771887816;43.69821;7.274
2771887817;43.69836;7.27486
2771887818;43.69898;7.27635
2771887820;43.69959;7.27692
2772910469;48.7779;2.53051
2773445659;48.88975;2.36361
2773759485;48.49199;7.21653
2773974912;45.47867;4.04466
2774960677;44.01615;1.34591
2774986734;44.01379;1.3522
2775929389;46.34205;6.68715
2775974516;46.33924;6.69143
2776282023;48.88941;2.36333
2778507372;48.72659;2.29023
2779610785;42.84842;9.32655
2780095095;46.34511;6.67264
2780945773;44.36366;2.56647
2781139783;48.46099;7.23503
2781171579;48.88957;2.36708
2782090206;43.68937;6.71268
2783158584;45.16717;5.69476
2784245670;43.04848;-0.52773
2786493460;48.80971;2.31619
2789010234;48.84796;2.3346
2789756689;45.77386;4.80519
2792080620;43.08095;-0.53323
2792725504;43.52136;3.19968
2794139909;43.57987;7.12376
2794267445;42.98347;2.497
2795152779;43.98611;5.1196
2795940140;48.93239;2.36116
2796167180;43.72046;6.97869
2796418014;43.62913;3.84073
2796489335;47.22561;-1.56279
2797815702;48.70722;2.24777
2799531930;44.78086;-0.40586
2801314759;43.32836;5.39937
2802892968;44.70954;6.54163
2803111787;44.77414;-0.34501
2805486886;43.72372;7.28488
2805513488;48.79944;2.29253
2805550398;49.71505;3.8407
2808426613;45.2889;3.73865
2808426614;45.28877;3.73834
2808426615;45.28728;3.73966
2808426616;45.28688;3.74006
2808426617;45.2877;3.73877
2808802947;45.27771;3.69973
2808990385;45.32017;3.64969
2810555654;49.73563;3.84814
2810623102;45.14446;5.71829
2810804413;44.13207;4.80439
2810980410;45.40056;3.36059
2812983878;48.85311;2.38824
2817533577;43.42858;5.05131
2820059943;49.64393;-1.71451
2820815274;47.90271;1.94072
2820835020;47.9038;1.96265
2821168652;45.06772;3.81501
2821284730;45.18896;5.73221
2821284731;45.19776;5.7318
2821298626;42.49275;9.35647
2821700609;43.65064;3.03919
2821700614;43.65174;3.04046
2821700615;43.65175;3.04047
2822284532;43.54908;6.95416
2824642743;45.77026;6.12949
2826675526;43.65717;6.92183
2826904865;45.02046;2.56439
2829169557;48.89507;2.35393
2829761368;44.51729;4.43274
2831490968;48.69347;2.26863
2831552800;48.87375;2.25525
2831789054;48.85721;2.29751
2833898320;44.39139;2.53848
2835377819;45.5008;4.56576
2836051309;46.11885;4.95753
2836051314;46.11946;4.95845
2836153904;44.64907;6.17386
2836333606;44.74119;1.7911
2838645242;49.69609;-1.8545
2840099935;43.61665;1.07293
2840540997;43.43583;-1.45329
2840723150;44.41411;5.26717
2841625735;43.77168;1.29706
2841625736;43.48866;1.51392
2841907205;45.63673;6.13638
2841998302;45.62803;6.13128
2843851701;48.82876;2.379
2843851801;48.829;2.37922
2846149319;48.83249;2.41674
2846149321;48.83254;2.41714
2848671593;50.60886;3.02161
2848671594;50.6092;3.0215
2850048645;50.11317;3.21815
2850643964;49.59346;-1.68628
2850709298;49.0326;-0.46572
2851437520;44.76488;1.61575
2851699992;44.51406;6.54914
2852324521;44.44355;1.45101
2853478145;45.20529;5.73851
2853800406;48.89282;2.39272
2855270968;45.51581;5.88668
2855511850;45.54111;5.93577
2859186896;49.24254;1.39922
2860403239;43.65478;3.30282
2864705394;44.19399;3.96436
2864771535;50.62637;2.56883
2864771537;50.62719;2.56835
2864853665;50.58052;2.77852
2865887559;43.16919;1.49604
2866754439;48.8528;2.41107
2866780901;43.57096;1.33148
2866780963;43.57146;1.33179
2867333177;43.54155;5.53534
2869122151;44.92349;6.69008
2869829432;45.32268;4.61392
2870722919;50.637;2.61373
2872679954;43.10902;6.03756
2872709401;43.10027;6.06124
2872726891;43.34818;6.17424
2874605014;50.64604;2.41432
2876287935;45.48961;6.56868
2878345916;46.95202;5.73114
2878464286;48.88539;2.38094
2881679037;43.0896;2.62022
2881679038;43.09051;2.62062
2881897627;49.41932;1.92657
2882488470;45.09514;5.76258
2882488485;45.09564;5.76207
2883193439;48.11192;-1.65972
2884072701;49.6137;-1.82279
2884120895;49.63801;-1.7761
2884707072;46.80671;1.04253
2887081099;45.86587;5.72451
2888084650;45.80618;1.23427
2888694618;50.11971;4.13964
2889203087;48.6893;2.29849
2890054575;44.19982;3.92249
2891967741;48.4178;7.21603
2892073639;50.12042;4.17925
2893715491;43.63542;3.37017
2894393019;43.93705;5.35215
2895110572;45.86482;2.15435
2895840402;45.74184;1.64133
2896617097;48.3172;7.15321
2896900669;48.79137;2.3642
2896961390;43.96116;5.78075
2901081295;44.8221;0.23702
2901083301;44.8223;0.23678
2901327348;44.39369;4.38079
2901539782;48.70126;2.10746
2902711701;44.79047;4.22586
2902740901;44.73587;4.16891
2904034220;42.98336;2.00581
2904072055;45.11668;5.7598
2904780471;42.98202;2.00677
2905253073;41.91368;8.72865
2905610583;45.81274;1.77941
2907049462;43.79471;7.04081
2907075871;45.83266;4.84753
2907181877;43.91836;5.05346
2907488732;43.95174;4.80714
2907605348;45.17888;5.71452
2908154404;44.40448;5.35006
2908156881;44.3905;5.36973
2908313801;45.22269;2.17809
2908343237;44.30825;4.34851
2908730657;45.41554;5.85366
2908732528;45.42655;5.86235
2908732529;45.45107;5.88361
2908732530;45.7779;4.85372
2909174202;46.24368;6.02859
2909862705;42.94627;2.32393
2911742139;45.29114;1.43867
2911864718;44.06584;6.30995
2911864719;44.06785;6.2456
2911864721;44.12139;6.33429
2911938003;43.85874;7.0036
2911938008;43.8671;6.63188
2911938012;44.07252;6.50664
2911938013;44.08659;6.4801
2911938014;44.09066;6.49935
2912107438;44.87456;4.54019
2912654913;43.49962;6.02578
2912656412;43.36854;5.62274
2913158611;47.76195;2.02436
2913955303;46.61838;5.8873
2914678901;43.57309;1.46156
2915292216;44.823;1.29044
2916592671;45.82113;6.41159
2917007183;42.96646;2.18288
2917209615;47.95681;0.21251
2917285858;48.78036;2.19242
2917522942;44.92523;2.44385
2917550170;45.47095;6.44373
2917683512;42.67906;1.94901
2917888359;44.08666;3.06059
2917892025;44.05742;2.90225
2917902335;44.07258;2.87691
2917921923;44.00353;2.69735
2917921925;44.00551;2.69554
2917923459;44.94309;4.50094
2917923483;44.98963;4.5639
2917923500;43.99934;2.62154
2918256059;43.9987;2.56288
2918312360;43.93328;2.46013
2920120968;44.44023;2.45757
2920566367;43.83389;5.78398
2921216406;43.61135;3.48362
2925777727;46.12051;6.10431
2925887629;45.64227;5.66064
2925963308;45.53399;5.58112
2926193330;45.39943;5.11942
2927361001;48.82206;2.34965
2927398386;48.84024;2.29112
2927870203;45.17716;5.68692
2928090956;43.41999;6.74035
2929441510;43.78036;6.9588
2929541408;43.941;3.38744
2929542117;43.95524;3.38914
2929894653;45.62944;4.60055
2931582795;45.13901;5.72176
2933086039;44.81714;5.75373
2933151709;44.78262;5.92054
2935234402;45.20036;5.76917
2935331110;43.44198;3.14711
2936585992;43.40629;1.8777
2939292278;48.85565;2.34814
2939292279;48.86479;2.3377
2939309403;43.42207;5.01776
2939366829;43.61919;7.12784
2939366852;43.62467;7.12007
2939512009;44.76703;6.73559
2940403927;49.77928;1.33599
2940404034;49.76403;1.38232
2940408805;49.34794;1.02042
2940408806;49.53422;1.52404
2940408807;49.53868;1.51918
2940408808;49.68854;1.01173
2940408809;49.7131;1.30349
2940466322;44.0843;4.97208
2940746401;48.68722;5.32802
2940765616;48.8506;2.3685
2940769968;48.82793;2.36066
2940769970;48.82813;2.36088
2940769971;48.82844;2.36048
2940769972;48.82902;2.35994
2941309729;48.51822;1.8387
2941741400;43.7783;7.19032
2942036542;43.74841;7.14364
2942100305;44.07044;7.25579
2942289192;48.83139;2.36146
2942297711;48.85027;2.37683
2942297712;48.85143;2.36194
2942297715;48.85576;2.36575
2942297716;48.8558;2.36547
2944152897;48.84051;2.40807
2944152900;48.84073;2.4112
2944152905;48.84356;2.38371
2944152909;48.84636;2.40457
2944152913;48.84675;2.4047
2944152926;48.84811;2.40465
2945820842;49.4914;1.48568
2946118579;43.4136;3.69115
2946402511;45.38753;5.73469
2946675631;48.83587;2.37346
2946675632;48.83628;2.37379
2946679034;48.84441;2.37898
2947963070;43.40608;1.87803
2949370395;45.74567;6.41781
2949380437;45.38012;6.50424
2949502873;45.24163;6.45956
2949530180;45.14638;6.62751
2951223619;45.18723;5.80749
2952531086;44.81783;5.7567
2952557101;49.92709;4.81302
2952560818;48.80493;2.38249
2953102359;44.88732;5.6246
2953142889;44.84479;6.81594
2953182746;44.76176;6.8208
2954910521;44.72233;6.88705
2954910522;44.72282;6.88576
2958292736;43.89571;5.56583
2958381685;43.57958;3.06209
2958487701;48.89279;2.21911
2959148218;42.80623;0.54858
2959296156;45.58993;6.72924
2959614406;42.80852;0.60945
2960106287;44.30142;4.566
2961502043;44.91539;1.65469
2961605143;43.72242;4.17321
2963245230;45.00012;5.63041
2963246606;45.02457;5.64548
2963934536;45.98784;6.75264
2963934549;45.9892;6.75312
2964165174;46.47703;3.98459
2964380519;43.83181;7.15789
2964380521;43.83124;7.17236
2964618769;45.7433;4.85697
2964844587;47.87749;6.95763
2964844594;47.87899;6.95809
2965990215;-12.79172;45.19002
2966289639;47.77053;7.35835
2966633345;43.6048;1.44476
2966633358;43.60742;1.44567
2968475464;45.1684;6.49182
2968704402;43.51545;1.17739
2970163015;44.53312;5.81548
2971752732;48.92596;2.18923
2971805617;48.8001;2.25989
2971842811;48.55483;6.38604
2973604640;44.7142;5.76817
2973604641;44.7357;5.76182
2973659014;43.32044;6.28477
2973777169;44.65848;5.72835
2974024718;48.8951;2.25495
2974384318;43.7769;7.238
2974982214;42.4583;2.03566
2974986336;44.61299;5.7929
2975056733;44.59123;5.68186
2975068799;44.76289;5.69565
2975087034;44.70071;5.68188
2975523941;44.18223;4.90104
2975584206;44.88831;6.44536
2976357800;48.83075;2.41934
2977422154;45.75198;4.88119
2979020956;47.53758;3.63431
2979031115;47.59153;3.63658
2979458385;44.69699;6.56173
2980153645;44.8248;5.57327
2980153729;44.84437;5.58028
2980306104;45.77318;4.80168
2980661555;44.78915;5.69498
2981572869;47.56617;3.64101
2981573609;47.18337;1.64462
2982207972;48.86632;2.37186
2982378024;49.3142;3.0447
2982602453;45.58361;4.77574
2983305825;45.74386;4.85659
2983305826;45.74469;4.85732
2983711066;43.54453;1.49021
2983843213;45.42714;6.20362
2984045430;48.84792;2.54816
2984202956;45.81676;1.09878
2984237563;45.90413;6.70373
2984247583;48.86441;1.7885
2984294347;44.03309;7.03508
2984652747;43.83432;5.78316
2984662238;43.83505;5.78285
2985779369;48.71295;7.19162
2985975830;44.26364;-0.51878
2986524827;47.92315;6.91628
2986700384;43.60011;7.00574
2986729325;44.82737;5.60732
2987232446;45.97486;6.80066
2987369805;47.85285;7.00837
2988349253;47.25906;3.64782
2988435808;45.19435;5.73327
2989107672;44.71024;-0.40255
2989869236;46.97797;4.76872
2989969580;41.79219;9.23042
2990023600;42.36265;8.80763
2990395315;45.94889;6.75347
2990500609;45.06609;-1.13643
2990916946;44.66098;6.6504
2990928351;44.66849;6.64452
2990976696;44.65941;6.64882
2990990601;42.81998;0.41526
2990990605;42.98468;0.22734
2993034344;48.27558;2.10068
2993044547;43.3332;-1.74275
2993475928;43.58856;7.04091
2993662588;49.32984;3.07712
2994018975;48.68099;6.17011
2994299021;48.0911;-2.36255
2994328014;45.77689;4.85401
2994567174;48.82097;2.4455
2994928645;43.60466;1.4476
2998248681;45.72429;4.82333
2999630344;43.86269;7.19025
2999835534;43.86463;6.75728
2999952719;45.67084;3.00441
3001152367;43.64727;5.58266
3002358532;43.39549;6.31205
3002385210;48.22677;-3.97328
3002385232;48.22817;-3.97303
3004275753;43.95908;4.79871
3005375100;43.73909;5.97595
3005375101;43.73948;5.9734
3005426389;44.63557;6.62355
3006985413;45.19291;5.72976
3007431030;43.46133;-0.82106
3008795638;44.70298;6.33379
3010072539;47.02097;5.72012
3010072541;47.02123;5.72032
3011067035;43.66273;4.6506
3011175000;44.10706;3.07536
3011175002;44.10856;3.07686
3011570233;45.29796;5.48316
3011570333;45.1827;5.7806
3011846260;44.27361;6.89117
3012862530;44.08532;3.06208
3012898688;43.92805;3.00534
3012898695;43.97315;3.19348
3012898696;43.98193;3.13666
3012919779;44.09184;2.99995
3012948735;45.57139;4.48213
3013053158;42.80992;0.40469
3013063446;44.06393;2.98344
3013506533;44.64517;5.06512
3013506538;44.64592;5.06371
3013919744;47.88929;6.87839
3013980392;48.81824;-3.30033
3014581882;45.72011;3.01993
3014585399;45.72764;2.99172
3015165437;45.94023;4.78023
3015538684;44.75141;5.36866
3015538704;44.75384;5.37415
3015538706;44.75494;5.37474
3016452783;42.62095;3.02358
3016498725;47.92464;3.36702
3017630001;46.51957;4.60506
3018655895;48.35313;-0.08108
3019806891;43.69311;3.81023
3020565093;43.83145;5.27289
3020980642;45.20323;5.71666
3020990101;45.1928;5.72825
3022629411;44.74622;5.50436
3022629413;44.74652;5.50453
3022778688;44.25959;6.9241
3022824163;44.08423;7.1055
3022882323;43.9252;7.18598
3022883661;43.99825;7.13752
3022916710;44.28375;6.86705
3022916716;44.28383;6.86603
3022916728;44.28429;6.86441
3022916730;44.28431;6.86533
3022916731;44.28451;6.87195
3022916732;44.28467;6.8652
3022983309;44.26733;2.91838
3024383681;45.77667;4.80552
3024388576;45.77781;4.79342
3024582127;42.52354;2.22125
3027282340;44.35257;2.58789
3027373443;45.55407;2.54564
3027815158;44.44934;4.41979
3028114187;44.40089;6.4698
3028114638;44.46791;6.16798
3028668968;44.64194;6.08629
3028703503;45.07006;4.82582
3028703649;45.07345;4.82163
3029713370;44.81285;5.57267
3029978198;43.28887;-0.08847
3032071983;43.86409;6.75685
3032445505;48.84533;2.35323
3032731178;48.57048;7.50566
3033247819;45.81756;6.73663
3033297566;44.01718;2.87518
3033343843;43.92724;2.14393
3033343883;43.97823;2.98693
3033545596;49.26392;4.10424
3033631269;43.70072;7.2831
3034475192;42.98837;-0.42904
3034546896;44.44888;4.41753
3035316531;45.11809;5.74765
3035318838;45.13903;5.72093
3036715930;43.36172;-1.77302
3039505108;44.44793;4.41761
3039682283;43.88332;7.2364
3039694708;43.91867;7.24533
3040104098;43.82809;1.30043
3041256601;44.49645;5.11497
3041425985;44.23209;4.98736
3042324109;43.58093;7.12808
3042391295;46.49522;5.41385
3043023576;45.83364;0.0835
3043310021;44.06282;1.9532
3043310022;44.0633;1.95174
3043356604;43.97493;2.02897
3043370311;44.07112;2.09382
3044543124;48.72688;2.26988
3044654733;45.53201;5.94004
3046560480;48.75978;2.28375
3046649688;43.62414;1.4371
3047567285;45.14466;5.74126
3048156393;45.77622;4.81685
3048240529;48.72673;2.26788
3048951426;44.31166;1.21521
3048978693;44.3362;1.21227
3048988020;44.33969;1.30758
3049001637;44.27116;1.15764
3049029679;44.23892;1.16472
3049059235;44.13769;1.11058
3049059236;44.17993;1.12605
3049062997;44.0947;1.01398
3049404149;45.19498;5.7286
3049457148;43.60026;7.02855
3049494126;44.32184;3.07063
3050896416;44.98968;3.67738
3051132605;48.79263;2.29193
3051421882;48.34874;-3.9967
3052432452;44.6151;5.45253
3052569960;48.87205;2.20872
3052676433;45.87272;4.81926
3053092573;44.76228;5.97938
3053467232;44.80545;5.93016
3053471903;44.7777;5.92648
3053471905;44.77862;5.92596
3053471906;44.77868;5.92863
3053488231;44.69306;5.94138
3053491101;44.69353;6.01521
3054030112;48.79741;2.35169
3054296081;44.11133;5.10832
3056976176;48.87103;2.13908
3057044610;42.96075;1.09126
3057436196;44.16223;4.95209
3057636490;44.75499;2.57449
3057676970;45.18556;0.72352
3057809282;45.18454;0.72491
3058625773;43.6679;-1.43202
3058722218;45.41257;5.8866
3058894865;45.58536;4.24729
3059104838;44.01533;6.71329
3059545392;49.03689;3.38365
3059545395;49.0369;3.38378
3059900808;45.75914;4.81554
3061721968;44.54658;3.31526
3063471840;44.82466;-0.57734
3064645040;44.99623;6.38479
3065927885;44.06241;6.81726
3065927887;44.05583;6.83421
3065954277;44.13124;6.76972
3066273448;43.85381;4.32501
3066656605;43.06504;0.14457
3066706991;43.65521;3.04161
3066834209;45.02773;3.5928
3068584153;45.01045;4.39341
3068714702;48.87894;2.41071
3069474733;43.65887;3.92069
3069474738;43.68231;3.93228
3069771575;42.48415;2.76683
3069846814;42.36741;2.64984
3069856391;44.8166;6.19572
3069874713;45.23422;5.72581
3070062285;46.23875;6.02083
3070418396;45.04676;3.58401
3071625359;43.28519;5.35084
3071986626;43.75743;-0.1459
3072093444;48.88006;2.24257
3072115814;44.8704;3.49581
3072469631;42.49608;2.35098
3073051106;44.80989;4.6354
3073469211;48.88373;2.40956
3073644612;45.04699;3.88532
3073974034;48.74535;-4.02732
3075617679;45.17328;5.78136
3076630854;43.55951;4.08702
3077957474;46.15824;-1.14996
3078426831;45.56969;5.91574
3079273926;50.43727;2.55523
3080005738;50.44197;2.5555
3080578066;43.623;6.72607
3081544077;43.82897;7.20115
3082511733;45.48111;4.52461
3083396032;44.51603;5.21545
3083399784;44.55634;5.34891
3083402663;44.56983;5.27543
3083415602;44.37899;5.19076
3084384569;44.06777;3.86469
3084455795;43.2958;1.22297
3086602234;45.32247;6.06126
3086605470;43.12887;2.00173
3086612928;43.17872;2.08379
3088063570;44.75316;5.37004
3088218033;45.30136;5.48479
3088441945;44.01516;7.32137
3088441969;44.01642;7.32056
3088861662;46.14599;6.74219
3089196906;45.34161;5.97939
3089348211;44.66322;5.27214
3089411416;43.25816;1.20348
3090740960;50.43932;2.57452
3090740961;50.44016;2.57371
3090740962;50.44036;2.57445
3091302640;44.69779;5.19837
3091738065;45.5514;6.41996
3091760471;45.56143;6.43072
3092780147;44.89444;5.37067
3093030442;47.90264;1.90331
3093934979;43.84969;7.16359
3094447906;50.66751;2.16689
3094473016;50.68411;2.13961
3095109502;48.82968;2.25884
3095495352;48.23329;7.30667
3095690739;45.06023;5.34531
3095691248;45.06121;5.34586
3095691249;45.06112;5.34422
3095691250;45.06124;5.34496
3095691251;45.06153;5.34438
3096074795;43.0915;5.83543
3098505579;45.12805;5.58867
3098546771;45.15735;5.68209
3098693178;47.21405;-1.5509
3099222554;45.76416;4.6609
3099226717;48.92073;2.22298
3100616482;47.9435;7.37884
3100912466;47.02198;4.84007
3101593075;45.45311;5.90083
3102702723;45.7598;4.79105
3104106429;48.88333;2.23216
3104106430;48.88349;2.23243
3104487747;14.43866;-60.82589
3105069429;43.11897;5.96984
3105108919;43.10901;6.02416
3105108928;43.13391;6.22504
3105474015;48.87361;2.3634
3105979028;43.79039;7.23115
3110696849;48.87072;2.38641
3110948194;48.82231;2.44206
3111584623;45.19331;5.72161
3112348596;43.11093;6.01573
3112699618;44.87522;6.61315
3112716713;45.77925;4.8038
3113359735;44.8411;-0.57626
3114380201;45.90418;5.12547
3115292095;42.43906;2.0368
3115305484;45.12124;5.36172
3115397708;48.6429;2.22998
3118214524;48.85942;2.40636
3119095710;43.76387;7.18126
3121614209;47.90817;7.12813
3121925290;47.43806;-1.53867
3123052334;45.06865;5.75191
3123052335;45.13611;5.75074
3124138869;45.72164;-0.36717
3124214436;44.59372;3.30321
3124227691;44.59365;3.30116
3124731238;48.87599;2.36853
3125474822;47.36739;0.70914
3126881247;45.19863;5.72472
3126974431;43.61364;3.85053
3128823985;45.05573;4.65004
3129400105;50.70705;3.21308
3129405929;50.70852;3.21149
3131764532;47.84372;6.90772
3136501171;47.39052;0.67956
3137124863;43.65892;3.98511
3138564023;48.80178;2.42433
3138790163;45.79743;4.83193
3139271629;47.42123;-0.43805
3139683929;47.2367;-0.01015
3139983304;47.19965;0.1419
3140886973;47.38697;-2.96126
3141514394;44.63008;3.20919
3142712041;48.26923;7.21989
3143304757;-21.34251;55.48568
3143554433;43.29552;1.22564
3143675594;48.84882;7.41524
3144479651;47.36685;0.67303
3146072780;45.44424;6.16993
3146401629;43.79003;5.77378
3149090846;48.86406;2.36097
3150312395;42.88155;0.20538
3150740567;43.29968;-0.378
3151567927;47.22091;-1.54149
3152224393;45.90075;6.60558
3152607576;45.74632;4.85388
3155112872;42.4563;1.91805
3156231297;44.51311;3.21979
3158448628;45.82301;4.82013
3160076482;48.96291;2.34957
3160258498;48.68392;2.24161
3160827434;44.6369;-0.32048
3161525028;49.27693;-1.62964
3161532419;48.69819;6.18588
3161572846;48.83826;2.22065
3162439827;48.6717;6.19256
3163090738;48.70715;6.26229
3163357012;43.22614;-1.37396
3163485743;47.88805;7.23132
3163600026;45.89487;5.05319
3163955469;47.22162;-1.54283
3164187902;45.24026;6.9509
3166367695;49.08114;7.49412
3166374324;49.08168;7.49445
3166374325;49.08163;7.4931
3166572364;48.7647;2.14075
3168825057;46.26925;5.53498
3168825059;46.71058;6.19504
3171106233;43.19497;5.80621
3174565784;48.8807;2.24092
3174760261;47.16129;5.89097
3175180474;43.50441;6.93833
3176350638;47.34794;0.66578
3176475957;47.34845;0.66722
3176911339;45.52241;4.53939
3177035677;47.61129;1.2302
3177035678;47.61171;1.22988
3179231597;44.35169;2.57502
3180275519;43.58016;1.34965
3180308212;43.59064;1.36682
3184239009;49.59953;0.51176
3184882475;44.34663;2.57383
3185536334;48.19896;5.95268
3188873468;42.66365;2.48558
3190569344;48.86027;2.38894
3191105361;-20.94205;164.68469
3191432399;43.74586;7.14343
3191506460;44.35087;2.575
3191997414;48.06238;6.23004
3195421833;42.47602;3.04913
3195421948;42.48244;3.04482
3195762487;46.94634;4.75446
3195762762;46.97722;4.77015
3196365078;44.57648;3.24087
3196805779;44.27042;4.96453
3197171806;44.50597;3.18382
3197262649;44.20944;4.80043
3197309858;44.24466;4.88629
3197329209;44.16333;4.87362
3199295234;43.71519;3.83397
3199295236;43.71521;3.83391
3201197524;49.05354;2.10508
3201613279;43.69892;3.55488
3203374392;45.45984;5.84809
3204565878;43.69786;7.27668
3208831961;44.72117;6.56189
3209242563;48.85937;2.36536
3212335096;43.61545;6.96941
3213448924;48.72266;1.92061
3213769859;48.24892;-1.65981
3213832962;45.71129;5.55265
3213916242;45.55245;5.98368
3213984361;44.36533;3.41126
3216252941;47.22832;4.97642
3218862003;46.77876;0.80705
3221109161;45.7809;4.88323
3223014461;48.8279;2.32246
3229527961;43.64653;3.87879
3231956291;43.39131;6.34013
3233100461;44.88572;6.63449
3235042317;46.2103;4.76719
3235286969;44.58338;-0.08976
3235327061;44.73868;-0.17161
3237468009;45.56162;5.44685
3237468011;45.5618;5.4458
3237468145;45.5653;5.44879
3238618193;45.01664;6.63465
3238953682;45.57282;5.32138
3239835188;44.95644;5.77422
3239897124;49.52079;5.36077
3240816300;44.83667;-0.53214
3241259566;43.45849;6.47476
3248237881;43.38614;-1.43334
3248628969;43.69379;3.47111
3248888261;48.86159;2.37863
3249480767;46.35429;6.14825
3249785626;44.3439;2.58056
3252601764;44.42467;6.00681
3252601765;44.42599;6.00948
3252601773;44.43527;5.98146
3252633125;44.64392;6.17235
3252633129;44.6686;6.11888
3252633137;44.67314;6.13526
3252633140;44.67351;6.13723
3254066828;43.55225;3.30403
3255429122;48.69999;1.88722
3255748503;49.19658;4.18277
3255792839;44.52165;6.15131
3255792844;44.5289;6.14765
3257175710;50.80965;2.58552
3258922515;43.51288;3.27243
3260065303;49.0358;7.68968
3260420190;47.90278;1.90548
3260616151;50.21817;1.63324
3262154339;48.57265;7.74655
3264483353;48.8663;2.77908
3266745224;47.22099;-1.54025
3266745227;47.22143;-1.54281
3266745228;47.22165;-1.53879
3266745229;47.22175;-1.53969
3266745236;47.22244;-1.53987
3266745237;47.22307;-1.53946
3266745238;47.22324;-1.53906
3267533875;48.33728;-4.30056
3270452423;44.76295;6.74949
3271282832;49.04777;-1.44381
3275194092;48.32484;6.95423
3275417711;48.31545;-4.2866
3280715083;49.40211;0.42123
3282901159;45.82327;1.27011
3282943970;47.7048;-3.16485
3285443597;48.86485;2.36016
3285946379;44.80484;1.04962
3286028585;45.14703;5.74251
3287608095;48.84463;2.36026
3287683521;48.84583;2.36047
3296795838;46.92388;5.78011
3300031882;44.94918;5.77959
3300577262;44.35911;2.58078
3302510559;43.79876;7.03389
3302510977;43.80018;7.03191
3302513961;43.79909;7.03474
3305427345;43.06485;2.55432
3306534560;45.18614;5.72953
3309242581;48.47836;7.10212
3310130089;46.72453;4.7919
3310611649;44.62069;4.39039
3314124540;42.7838;0.2078
3314409179;44.35835;2.58783
3315372321;44.76103;6.51708
3315504487;44.78651;6.51094
3318984691;42.81659;0.31997
3323361568;49.35804;2.13181
3326636717;45.73807;4.77379
3329806105;47.86922;1.89439
3332160331;44.16484;4.87733
3332733598;48.63057;7.26054
3336291791;48.74795;7.50836
3336304465;48.73654;7.48457
3339705697;47.42108;0.84598
3340191525;45.69832;4.94105
3340723421;46.30894;-0.99346
3350517149;43.58075;7.12541
3350872589;43.82876;5.78277
3354046893;48.90199;2.32534
3356893206;45.77259;4.79441
3358499818;48.87455;2.37708
3359149551;45.89352;0.89834
3359694853;44.57644;3.40313
3361994319;48.61553;1.773
3362144447;43.45717;5.8569
3362144450;43.4572;5.85687
3372484588;44.82063;-0.59208
3376988313;44.82051;-0.59527
3377197032;45.29572;5.48222
3377533666;48.85847;2.37162
3377717182;48.67858;2.13988
3378024593;43.59866;7.06765
3378492241;43.5927;6.93032
3378514230;48.00864;3.72606
3378560439;47.99743;3.78492
3378594571;44.05186;4.69783
3378597001;43.54608;5.04141
3378605032;47.2685;4.53921
3378631337;44.933;4.89572
3378689201;44.04225;1.10943
3380141967;45.75201;4.8431
3380141971;45.75198;4.84272
3380247653;44.24518;6.05268
3381598276;47.2245;-1.57013
3382466671;48.85992;2.38457
3382996504;44.11374;4.89891
3384174993;44.35139;2.03632
3385884305;43.31754;-0.3688
3388970135;45.75268;4.88067
3391749090;45.42016;4.62439
3392442892;43.67089;3.72095
3392669168;43.66725;3.72029
3393836601;44.83356;-0.56053
3393836609;44.83299;-0.55969
3394667994;48.85193;2.2867
3395277355;44.52815;3.68713
3395400969;43.82677;1.28862
3395492132;45.78582;4.79213
3396380929;45.41488;5.85497
3400370801;49.59743;1.11124
3401291703;45.43136;5.79195
3404082775;42.29153;9.46524
3404164475;44.34825;2.57772
3405451657;48.72404;1.9578
3405624958;44.4842;1.64418
3405861790;48.84077;-0.88855
3406104134;43.22607;5.57421
3412358202;43.60031;7.03128
3412729779;43.52267;5.50951
3413495243;46.29722;6.07411
3413674179;48.52224;7.2868
3413674180;48.52282;7.28589
3414082586;48.87665;7.4146
3414162465;48.58447;7.73983
3414530354;43.52207;5.51083
3414790415;49.0041;7.78825
3416251948;45.75103;4.86459
3419535029;44.11496;4.90047
3420723942;48.73175;2.09114
3421066308;49.19743;2.38356
3421066309;49.19696;2.38165
3421066310;49.19655;2.37963
3421066311;49.19353;2.37417
3421066312;49.19468;2.37196
3421066313;49.20069;2.37861
3421066314;49.19785;2.37867
3421951105;48.63021;-1.35055
3422041061;42.00303;9.29956
3422106044;43.83256;5.84068
3426521833;47.43766;-1.49519
3426984593;48.84428;2.35887
3428348652;43.5717;7.0891
3428352617;43.57422;7.08671
3429897358;48.68049;2.03
3432056024;43.93739;6.28504
3434893517;49.14857;2.31233
3434893518;49.14859;2.31204
3439701296;43.66687;1.22596
3441372240;44.57001;2.62648
3442354695;-21.22668;55.55179
3444405404;45.73597;4.8568
3444405442;45.73998;4.85773
3444438617;45.73922;4.85472
3444438655;45.73875;4.85252
3444438673;45.74016;4.85704
3444438678;45.74002;4.85563
3444444191;45.73785;4.85447
3444445996;45.73817;4.85337
3444778601;43.63317;3.89494
3446162127;44.7644;5.07745
3446452865;43.72265;7.14931
3448052894;43.91994;7.01521
3448053020;43.9208;7.0143
3449439405;44.54141;3.66177
3449439406;44.54183;3.66255
3450589603;48.80804;2.31035
3450609974;48.80459;2.30703
3450648584;48.80682;2.30924
3450648585;48.80386;2.30619
3450648586;48.80958;2.31186
3450648587;48.80389;2.30866
3450648588;48.80287;2.30558
3450648589;48.80891;2.3116
3450648590;48.80504;2.30977
3450883508;45.11911;5.81102
3450994047;43.83103;5.83731
3451266409;47.7297;7.52024
3451266442;47.84948;7.52172
3452042125;48.76482;2.31723
3452191621;47.745;7.31613
3452357590;48.87008;2.78059
3453303709;45.33705;5.6962
3455381006;45.76231;4.82371
3455388279;45.76707;4.82953
3460267477;45.74765;3.08263
3461487885;48.63504;2.34348
3461731100;43.6826;4.20916
3464945672;49.04751;2.1174
3465359066;44.76452;-0.62818
3465407196;44.81317;-0.59064
3465453462;44.82667;-0.59969
3467901086;46.14103;-1.17071
3469796568;43.52389;5.51452
3469865681;43.66574;5.34759
3470363050;45.72088;4.82533
3470363063;45.72121;4.82584
3470382626;45.72065;4.82421
3470382629;45.72123;4.82516
3471751485;44.44571;2.94934
3472663911;43.72369;7.15089
3473645294;45.78629;4.81264
3474105497;43.52836;6.94191
3474591918;45.72283;4.82177
3474591930;45.72455;4.82171
3474807408;44.64369;4.87386
3475660453;43.54794;6.94115
3476241833;45.57182;4.79134
3476390581;47.36922;0.72357
3477519574;47.22265;-1.53994
3478965514;45.36892;4.81125
3479184536;43.54026;2.51322
3479597120;45.87789;4.83896
3481799965;43.63378;1.38159
3482726501;45.77164;4.83647
3485193421;45.77999;4.8637
3487082456;48.7516;2.26452
3487082463;48.75136;2.26499
3487082477;48.75171;2.26332
3487082481;48.75146;2.26303
3487082484;48.7512;2.26347
3487182132;44.28375;5.03356
3487254668;44.11863;5.14442
3487399430;44.11793;5.14365
3487475606;44.10291;5.12299
3488380476;43.76411;7.22216
3488693054;45.8371;4.82297
3489509274;45.14086;5.75004
3490676885;42.70172;2.90253
3492073961;48.91612;2.32747
3492073966;48.91572;2.32667
3492095272;48.91532;2.32711
3492095276;48.91509;2.32792
3492095280;48.91526;2.32851
3492095284;48.91551;2.3288
3492095288;48.91575;2.32912
3492097289;48.91466;2.32658
3492101995;48.91458;2.32823
3493649106;43.00046;1.13579
3493649111;43.00156;1.13596
3493649116;43.00191;1.13742
3493915456;43.39374;5.5661
3493990462;44.09845;5.02527
3493995993;44.09921;5.02455
3494552489;44.21568;2.84161
3494663218;45.256;5.41103
3495094863;42.76928;1.49714
3495329616;43.68294;3.85112
3495865536;47.2399;-1.51361
3496968600;45.75918;6.40301
3496968601;45.75941;6.40588
3496968602;45.76209;6.39105
3497010422;48.83949;2.31795
3497350300;48.70594;1.97816
3497351862;48.70346;1.98416
3498247213;43.70738;3.19381
3499063842;44.8321;-0.50492
3500525001;47.70522;-2.07035
3502603717;45.82083;4.93067
3505149159;48.69674;2.23037
3508020075;44.13472;5.42837
3508020087;44.12971;5.42764
3508907330;49.71676;1.45657
3508940506;46.1183;4.95807
3509181325;45.08833;5.67929
3510598231;44.53397;3.16204
3511057413;45.14623;0.31842
3511315106;48.5625;3.2879
3514164213;43.69561;7.12279
3514796237;44.72955;6.74964
3514796268;44.74473;6.75675
3514796419;44.71863;6.74334
3514796565;44.72963;6.75161
3514796736;44.74498;6.7576
3514800540;42.88877;1.34486
3514807364;42.88939;1.34662
3516027668;44.01667;5.22727
3517659810;43.77312;3.90888
3519877849;44.58624;6.59747
3519877918;44.59382;6.56934
3520078860;49.30332;2.8109
3520078861;49.30424;2.81126
3521466347;49.49863;1.14091
3521500390;44.54823;5.85541
3521654451;49.28943;2.68406
3522332373;45.74947;4.88752
3522417041;44.46287;2.96649
3522417131;44.4635;2.96634
3523924053;44.7151;4.52866
3526542151;45.5903;0.67388
3527108944;45.63819;5.10765
3528641701;43.93831;2.14214
3529338008;50.73015;2.25198
3529338009;50.72931;2.25012
3529338010;50.73;2.24931
3529379298;44.47523;1.77821
3529878804;43.70721;7.09745
3530423203;44.74298;6.75233
3530841717;48.61106;2.31599
3533984697;44.50046;3.09258
3534152096;43.48141;-1.21098
3534191701;44.09914;5.02744
3535735205;47.47424;-0.57694
3535953729;43.13428;5.90923
3538678862;48.68824;2.17134
3538830799;44.13594;0.34185
3538833656;48.72959;2.27391
3542059196;44.20332;3.19442
3542136676;44.96158;3.36721
3542393917;45.77788;4.81632
3542513163;46.51006;4.26491
3543154963;43.74487;7.39962
3543349218;43.53075;5.44284
3544855984;45.27805;5.88376
3545768578;44.46554;3.21524
3545768580;44.46621;3.22612
3545798279;44.46775;3.22911
3550203960;47.4758;-0.58834
3550423669;44.68913;5.94391
3551681420;44.54975;2.99083
3551681421;44.55008;2.98895
3551781771;44.53345;2.93906
3552977118;45.72805;6.1784
3553822840;43.68934;7.32881
3554159196;44.2118;5.27595
3554188802;44.20858;5.27856
3555506339;47.53919;4.44035
3555659793;46.78123;4.75
3555665727;46.32217;4.75331
3558024095;44.79792;-0.66825
3559049713;47.41288;0.75649
3559179747;45.1531;5.83308
3560724623;49.24085;1.39972
3561724451;45.48403;-0.78424
3562133744;47.46351;3.74237
3562186401;44.74001;5.7645
3562186404;44.74083;5.76507
3562186810;44.74554;5.71815
3562186913;44.74109;5.76501
3563819104;44.0666;7.20283
3563819105;44.06694;7.2038
3563819106;44.06703;7.2038
3564231608;44.74164;5.78093
3564241311;45.1024;5.69018
3564248003;43.08965;5.83828
3564254905;48.80223;2.15856
3564369299;44.74492;5.76808
3564455195;44.7451;5.76593
3564455197;44.74608;5.76816
3564455497;44.74758;5.76953
3565755001;44.90907;4.47198
3566457868;44.08956;7.08775
3566460328;44.09065;7.08924
3567059693;45.19497;5.66775
3567713605;45.71636;4.39333
3568088693;44.57848;6.37789
3568088694;44.57946;6.3778
3568583808;48.98322;3.93628
3568662527;44.37808;4.42749
3569352101;44.78555;-0.70791
3570483483;43.9429;5.38229
3573502793;44.18183;5.19897
3573579432;45.67949;6.0614
3573579459;45.68159;6.0643
3573579461;45.68193;6.06518
3573579478;45.68329;6.06699
3574149093;44.8754;0.24414
3574149094;44.90885;0.18248
3574149095;44.91971;0.34962
3574149096;44.95133;0.35398
3574610494;45.6777;6.12641
3574985052;43.8583;6.81397
3576881658;44.31833;5.87523
3578467810;49.47374;1.07365
3578952494;45.7257;4.85269
3579214828;48.86489;2.56345
3581258769;42.10957;9.1567
3583852762;43.17276;6.5305
3583863500;43.07985;6.12472
3586358936;45.21553;5.72271
3587839778;44.29292;5.59609
3588919432;43.97893;5.10786
3589440033;42.75542;2.99497
3589500587;42.84828;-0.49108
3591612964;48.87121;2.77871
3591612965;48.87294;2.77885
3591983232;45.20064;5.47852
3592013405;41.8784;9.14786
3592020152;44.21951;6.04535
3592237397;41.87407;9.1523
3593413223;46.28451;2.21249
3593471214;46.2606;2.29653
3593555130;44.61382;3.21918
3593564959;44.60234;3.20836
3593968265;43.79235;7.18687
3594453068;41.84133;9.21427
3594579854;49.11909;2.98201
3594805778;42.02454;8.82508
3594805780;42.02586;8.82592
3594805781;42.02762;8.82461
3595160389;49.13817;4.22102
3595161481;49.1383;4.22599
3596026936;50.72901;2.25092
3596532403;-21.00843;55.26955
3596872082;48.73224;7.51541
3597128563;42.02227;8.82542
3598406284;48.91688;2.35321
3599309781;44.17537;5.13178
3599320316;46.11901;1.62912
3599388897;44.86215;5.4371
3599396909;48.73418;2.3006
3600370799;50.26693;2.67772
3600884744;48.63446;4.95065
3603222662;43.43816;2.01892
3603457204;43.49012;6.53475
3604602431;43.6433;6.96288
3604907243;43.57788;7.02406
3607601340;48.77966;2.19813
3607601350;48.77957;2.19925
3607697484;44.42416;3.15003
3608755259;43.87708;7.45002
3610587725;45.03411;6.5435
3612589170;43.72209;7.39071
3613115797;44.04324;-0.54401
3613115800;44.04366;-0.54499
3613116093;44.04315;-0.5428
3613320607;43.91931;7.26395
3613379239;43.57847;1.44668
3613483879;47.34594;0.45829
3613483888;47.34893;0.54899
3616468697;47.54574;0.88907
3617557371;48.85414;2.35602
3618377014;44.62973;5.535
3620377424;47.31924;5.02035
3620799706;45.07027;6.62357
3620799727;45.07069;6.62237
3620911082;47.89239;3.94402
3621407352;48.86016;2.39083
3621407355;48.86232;2.34382
3621414360;48.86001;2.3895
3621482653;47.37967;0.69928
3621929604;43.63442;1.38495
3622145729;45.43603;4.3869
3622336253;45.20793;6.73684
3622569306;47.89948;3.89263
3623066053;48.63834;2.51183
3623387179;48.48112;2.71409
3623571516;45.06978;6.62294
3623635313;43.63481;1.38368
3623908926;48.56172;3.28355
3624492803;45.52581;4.8742
3624632392;47.91774;3.92095
3624729056;43.6881;7.29616
3625219543;43.92042;7.36008
3625432395;43.85272;1.29254
3625451199;44.01079;1.34632
3625770121;43.72115;7.40038
3625931861;44.6475;5.56648
3625933257;44.64849;5.56546
3627092902;43.23829;0.07579
3627172650;43.84575;0.66169
3627172651;43.84967;0.6641
3627455807;43.72046;7.40636
3629265267;44.49072;2.62649
3629327280;48.81998;2.28278
3631679945;45.18448;-1.08432
3632665889;45.17196;5.7555
3633447227;43.64236;7.00931
3633452288;45.19115;5.68754
3634174973;48.87527;2.36141
3634354676;48.87704;2.34681
3635447004;44.97256;5.8254
3636558530;44.79811;-0.67547
3636665793;48.29944;-2.24434
3637130665;45.15807;4.34605
3637170851;43.84923;0.66347
3637170854;43.84931;0.66302
3637170861;43.84954;0.66357
3637170864;43.84962;0.66313
3637289964;48.86015;2.3614
3637363572;48.28903;4.39089
3638074669;48.83114;2.37469
3639278791;46.03766;6.77515
3639291572;46.04682;6.76694
3639291577;46.0547;6.77449
3639295145;46.04815;6.77042
3639337577;46.06077;6.78595
3639495271;43.01159;6.38511
3639510736;44.97847;6.49645
3639960396;48.43539;-1.46179
3640443599;45.89782;6.12405
3640514202;43.50719;-1.53413
3641043822;48.25238;0.31378
3641411689;43.8073;7.16674
3641466979;45.14938;6.07157
3642271341;44.90563;6.31449
3643120039;48.88581;2.23214
3643163628;43.12904;2.55838
3643168241;43.15581;2.45891
3643171359;43.08474;2.70065
3643285120;48.31972;-3.85832
3645155906;45.07129;6.15424
3646372764;43.8047;3.64792
3646448441;49.30955;3.80573
3646563326;45.07185;5.97979
3647941506;43.58313;3.85814
3648030135;43.58288;3.8576
3648624494;43.5835;3.85893
3648777329;44.61374;5.45357
3648777332;44.61389;5.45287
3649181249;49.5246;1.04163
3650686475;45.69669;5.88715
3650725858;50.63006;3.03033
3650725859;50.63035;3.03067
3650725860;50.63064;3.03101
3650725874;50.6372;3.0365
3650725875;50.63745;3.03649
3650876679;45.26705;4.33653
3650990475;44.91338;4.42823
3651227743;44.08357;7.10505
3651227748;44.22512;6.93212
3652364826;44.82153;4.77309
3652435202;44.87451;4.54117
3652443469;44.88899;4.85171
3652504398;45.71012;4.74478
3652864830;43.58378;3.85952
3653697526;47.84768;-0.95051
3654070505;44.2265;6.92878
3654878198;44.80309;5.64978
3654878626;44.81103;5.63678
3655493257;45.30881;6.22048
3655642324;46.4861;2.06919
3655648416;46.00455;6.79151
3655664384;45.8653;6.75602
3655664389;45.85953;6.73625
3655673582;45.80644;6.72568
3655673585;45.79178;6.71573
3655682024;44.39459;4.75532
3656067413;47.3798;0.70416
3656285925;45.1647;1.53598
3656942709;44.5902;4.52722
3656942713;44.58959;4.52674
3656942718;44.5897;4.52518
3656955641;45.01951;6.69905
3657345852;43.60134;1.44563
3657345863;43.61347;1.43919
3657345884;43.61719;1.43047
3657345909;43.61745;1.43855
3657345925;43.62034;1.43455
3657345926;43.62146;1.4341
3657345928;43.62224;1.43856
3657417872;43.61794;6.76483
3657836421;45.8908;3.59098
3657837197;45.76018;4.86318
3657848056;45.86188;3.58044
3657855414;45.22271;5.69247
3657862511;43.63629;1.44243
3657867454;43.60791;1.42747
3657867516;43.61271;1.43221
3657867522;43.61297;1.4322
3657867603;43.61738;1.40651
3657867644;43.63234;1.42701
3657867875;43.63446;1.43588
3657868187;43.64196;1.43353
3657868206;43.64492;1.41941
3657868360;43.64662;1.43091
3657870336;45.78624;4.73026
3657923647;45.51128;2.93233
3658335155;43.61582;1.4548
3658335210;43.61895;1.46515
3658335258;43.6203;1.46933
3658335430;43.62548;1.46896
3658335445;43.62636;1.46814
3658335455;43.62731;1.47081
3658335545;43.62817;1.44495
3658335644;43.62891;1.44964
3658335756;43.63234;1.46453
3658335761;43.63605;1.46164
3658335815;43.63847;1.45072
3658335856;43.63936;1.46365
3658335869;43.64201;1.46188
3658449237;45.88306;4.51677
3658637187;42.77464;-0.12225
3658923281;46.05919;6.74572
3658924380;46.05799;6.74432
3659114908;48.86724;2.36478
3659313927;44.73006;6.55637
3659314711;44.72356;6.55403
3659473737;44.88748;3.88138
3659517019;43.59672;1.4174
3659517242;43.59745;1.43716
3659517254;43.59786;1.42429
3659517382;43.61892;1.45222
3659517389;43.63848;1.46427
3660026016;43.49047;-1.47659
3660159504;43.79022;7.21604
3660159505;43.78441;7.24347
3661326707;44.34711;2.57165
3662061075;45.58933;5.3193
3662238291;43.60945;1.45987
3663229177;46.47627;-1.74426
3664554993;44.56332;3.74479
3664690855;44.22621;6.93268
3665697104;45.45001;4.38391
3666959036;43.57109;1.5027
3666959074;43.57266;1.45935
3666959087;43.57371;1.45514
3666959093;43.57397;1.46429
3666959108;43.57592;1.43788
3666959141;43.5776;1.445
3666959144;43.57813;1.44609
3666959145;43.57817;1.44493
3666959146;43.57865;1.44563
3666959148;43.57945;1.48457
3666959149;43.58238;1.49018
3666959162;43.58295;1.441
3666959193;43.58358;1.46989
3666959227;43.58843;1.48415
3666959231;43.58853;1.44154
3666959246;43.58922;1.46517
3666959258;43.58933;1.48532
3666959308;43.59199;1.44166
3666959318;43.59651;1.45888
3666959334;43.60353;1.45602
3667228947;44.07203;6.0236
3667756211;46.04115;6.93803
3667756213;46.04134;6.93812
3668309830;44.99875;3.91747
3668309831;44.99918;3.91871
3668407286;49.06864;6.83245
3668907092;48.86928;2.36669
3669050561;49.18824;-0.04769
3670318786;44.47788;3.93566
3670319869;44.48646;3.95083
3670320034;44.49481;3.94651
3670752374;44.44453;4.70684
3670869962;47.79593;3.56991
3671174502;48.29878;4.07493
3671308545;43.54952;1.45337
3671308546;43.55639;1.45008
3671545949;44.41003;3.87961
3672383989;45.08228;6.05824
3672387173;45.12898;6.04066
3672387174;45.20243;6.04008
3672590125;44.88843;3.9275
3674022565;45.09087;4.8459
3674871568;45.73786;4.65766
3674897477;45.73738;4.65535
3675581227;45.29893;1.85134
3675584625;45.29946;1.8508
3675794657;45.56417;6.33925
3676456360;44.80352;-0.6859
3677947244;45.82416;5.88453
3677954146;45.80805;5.88083
3677993473;44.83534;-0.62737
3678064115;43.56305;7.04474
3678422840;45.58498;6.30418
3678423012;45.58619;6.30538
3678423334;45.5892;6.36503
3678423382;45.58955;6.36484
3678726298;43.55666;4.72936
3679615739;48.85279;2.22993
3679806871;47.57985;0.16586
3680246114;47.53621;4.48026
3680768407;48.86239;2.34445
3681231873;43.74434;7.21452
3683067421;45.78488;4.71816
3683131839;46.3386;4.15852
3683625932;44.83315;-0.59366
3683735854;44.39963;5.79447
3684360730;44.83572;-0.63128
3684492755;43.15077;1.76229
3684642478;45.12327;5.69863
3684766649;48.48513;6.87955
3685824174;44.35164;2.56981
3685824189;44.35177;2.56692
3685824201;44.35194;2.56887
3686512254;47.5108;4.52886
3686579859;44.27702;5.27654
3686642304;43.60181;1.41929
3686900164;44.35122;2.56519
3686957636;46.19665;6.22167
3686957638;46.19697;6.223
3686957639;46.19701;6.2211
3687333116;47.4866;4.71623
3688051953;44.86778;5.68801
3688068599;45.1938;5.73095
3688490326;48.37171;-3.53818
3688522914;48.87319;2.26827
3688532801;42.47305;3.12089
3689040977;45.87751;4.83905
3689098450;48.79591;2.25552
3690070157;44.65308;3.06823
3690070176;44.65964;3.05131
3691190268;45.03549;1.12414
3691499788;48.83333;2.41122
3691861436;44.11925;5.14313
3691861439;44.1193;5.14313
3692867573;43.77032;1.29535
3692914153;48.80931;2.23193
3693199033;42.98238;2.00844
3693236055;42.98282;2.00547
3693702697;46.0237;6.92448
3693702713;46.03644;6.932
3693702724;46.04096;6.93785
3695786599;45.25026;5.0186
3696653234;45.18982;5.72542
3697053949;44.69746;4.83707
3697376588;44.69321;6.3701
3697377028;44.69303;6.37042
3698625448;48.11142;-1.68276
3698629820;47.88141;-2.4236
3698633929;48.19373;-2.41436
3698633930;48.19585;-2.41564
3698636471;48.18195;-2.62453
3698636473;48.19903;-2.53186
3698665388;47.865;-2.44856
3698843746;48.7934;2.26188
3699440206;48.87797;2.15242
3699702810;44.05083;4.53355
3700210090;44.99733;3.01484
3700211436;44.99122;1.07877
3700407094;44.26406;-0.51867
3700447725;44.1142;5.11094
3700838407;48.65522;2.30516
3700847254;48.19051;-2.84397
3700850614;47.81304;-2.38386
3701384275;48.86421;2.33739
3701384277;48.86291;2.34357
3701776960;44.95847;6.17524
3701916037;44.93667;6.25745
3702862325;44.60932;2.03336
3703577863;43.58603;1.52891
3703627075;43.58209;1.53396
3703627087;43.57968;1.53465
3703627088;43.57743;1.55527
3704464964;46.11787;-0.534
3704641442;43.66979;3.86435
3705336201;48.82622;2.33821
3705358339;47.67274;-2.03436
3705358344;47.69954;-1.93547
3706688643;43.88736;6.82164
3706782021;43.89029;6.82621
3706858109;45.21098;5.40407
3707114611;44.80291;6.60165
3708045535;46.03208;6.7985
3708969165;48.87715;2.14529
3710363989;45.03516;6.35928
3710417573;45.07361;4.95737
3710482673;47.34415;0.69659
3713682144;43.83692;6.42264
3713682145;43.90295;6.67444
3713684928;43.90829;6.69631
3713685058;43.90545;6.80334
3713685059;43.79932;6.94595
3713685060;43.74334;6.93955
3713685061;43.74269;6.88394
3713687381;45.01886;6.60506
3714667467;43.82908;1.29611
3715079455;46.60678;4.66836
3715255708;42.0136;9.06355
3715455305;45.01923;6.62579
3715536113;45.04228;3.88985
3715918193;45.05357;1.58076
3715960303;43.92758;6.9472
3717187853;49.24485;3.98915
3717187854;49.24708;4.0083
3717187855;49.2454;4.02485
3717187856;49.2459;4.02264
3717187857;49.24758;4.02227
3717240483;44.896;6.6376
3717268429;45.79327;6.50309
3717405632;45.00051;1.74278
3717735220;42.88899;2.71997
3717735383;42.93878;2.81238
3717735439;42.99008;2.9528
3717735448;42.99208;2.95602
3717735490;42.99566;2.8132
3718710343;45.2769;5.88511
3719025587;45.01822;6.61785
3719123541;45.16387;6.42264
3719140769;42.86722;2.24688
3719140770;42.8963;2.11709
3719141229;42.85069;2.60305
3719141326;42.8634;2.56664
3719141407;42.86792;2.15745
3719141408;42.86792;2.65739
3719141416;42.86798;2.65696
3719141686;42.87351;2.18289
3719141695;42.87365;2.17514
3719141988;42.88126;2.12772
3719142031;42.89488;2.11342
3719142110;42.91998;2.04626
3719721660;44.28737;3.29869
3719721661;44.22616;3.27267
3719807281;49.44359;6.39978
3719841518;44.18911;6.74955
3719892313;45.12053;4.41252
3720077666;43.60238;1.46668
3720089273;43.60261;1.46711
3720437309;45.74941;4.82085
3720481242;45.11414;2.86254
3721414781;45.77938;4.82026
3721547718;44.17557;6.84173
3721547720;44.17686;6.83821
3721582847;44.93977;6.68107
3721694912;45.4087;6.66746
3722019381;48.87845;2.18138
3724513428;45.79385;4.99149
3724519495;45.78642;5.01098
3725163787;44.12077;6.86573
3725163798;44.12097;6.86719
3725268689;44.08834;6.9968
3725268690;44.08837;6.96484
3725397421;44.04292;7.31362
3726311821;45.12657;5.64696
3726701926;43.54921;6.94267
3727357804;43.18306;3.00431
3729061737;43.74323;7.14436
3729061738;43.72333;7.10559
3729958313;48.78024;2.19331
3730375277;44.02238;1.34547
3730391187;44.15761;1.26815
3730500769;47.01939;5.42006
3730525946;46.95147;5.50377
3730525968;46.98772;5.46249
3730688287;45.54867;5.98471
3731107461;48.87873;2.18144
3731207694;42.07457;9.30098
3731207695;42.05693;9.29782
3731207696;42.05267;9.29301
3731207697;42.0513;9.28645
3731207698;42.04861;9.27925
3731207699;42.04283;9.26412
3731292155;43.67213;2.38484
3731520690;44.52668;5.06632
3733554754;46.35723;6.71502
3733554756;46.35304;6.71153
3734598726;45.27882;2.99201
3734811834;43.43727;-0.84724
3734811835;43.79954;0.04141
3734811836;43.86102;0.10161
3734811837;44.35015;1.6708
3734811840;44.42295;1.83457
3735012150;44.5311;2.84145
3735012179;44.53641;1.8881
3735012206;44.5655;1.98679
3735087101;43.59521;1.45199
3735486541;45.39776;5.60685
3735791886;48.00396;7.03046
3735791887;48.00398;7.03359
3736029473;42.89584;2.70644
3736111960;45.48371;5.89762
3736611376;45.20953;5.40001
3736630000;47.80996;6.12991
3736714965;43.60569;5.75776
3737968453;43.74756;4.22277
3739322676;43.51066;-1.53414
3739419203;44.81327;3.1669
3739526973;43.81054;7.16706
3739550099;43.70297;-0.26138
3739550104;43.70628;-0.1462
3739551006;43.98169;0.49102
3739851201;49.00215;2.57878
3740137378;43.30611;-1.49215
3741077421;48.45226;-2.04402
3741659123;47.74236;7.34237
3741660546;43.34044;-1.05865
3741660674;43.48531;-0.4483
3741660678;43.53646;-0.41379
3742991010;46.38601;6.70423
3742991018;46.37377;6.70052
3742991628;46.38732;6.69458
3743048603;46.37989;6.60377
3744005023;48.85582;2.34755
3744635058;43.58291;-0.34916
3744644401;43.60723;-0.29829
3744649705;43.70155;-0.15881
3745357168;46.37791;6.61598
3745416103;46.3162;6.69257
3746289776;45.06989;5.55302
3749214152;45.22326;5.80017
3750797667;43.68737;7.1034
3750908775;46.96917;1.02148
3751077885;43.60102;1.48518
3751077989;43.60478;1.46634
3751078083;43.60822;1.47762
3751791233;43.66314;4.13308
3751791235;43.66352;4.13258
3752170197;47.46641;3.74755
3752239666;43.55;1.38363
3752241836;43.5528;1.39461
3752241892;43.55473;1.39497
3752241956;43.55691;1.38178
3752241993;43.55884;1.39531
3752242025;43.55936;1.37776
3752242071;43.5643;1.40763
3752242336;43.57184;1.4127
3752242621;43.58472;1.42381
3753984658;49.07814;2.44333
3754174702;45.01305;4.12372
3755019492;45.41688;5.85464
3755019493;45.43306;5.75386
3756221372;45.32319;7.02166
3756985257;43.45477;5.39668
3756985258;43.45471;5.39629
3758221293;48.82749;2.34874
3758686316;43.71968;7.38959
3760028324;42.57208;2.18304
3760153190;48.86808;2.36313
3760527300;48.8684;2.36338
3761425760;41.9968;9.3264
3761463310;47.2068;-1.56601
3761500536;47.21433;-1.56776
3761559721;45.03911;5.19884
3761669725;45.19483;5.72101
3761669727;45.19497;5.71976
3761669728;45.19552;5.71913
3762078915;45.77504;4.81772
3762375472;46.34701;6.7245
3762386246;43.77888;7.18746
3762871255;41.84493;9.3739
3765609080;48.88226;2.38254
3765618928;48.88606;2.34398
3765622295;48.86212;2.35302
3765667801;48.85784;2.31442
3765939305;43.57845;1.41463
3768088339;47.89972;3.89494
3768107103;47.22066;-1.54453
3769001650;45.33987;5.62884
3769001651;45.34218;5.64761
3769049443;45.35005;5.66235
3770980161;46.27046;5.09036
3772222663;44.60748;2.03485
3772854855;45.37765;5.7976
3772854986;45.38262;5.7966
3775380773;49.64181;-1.63075
3775473894;47.95271;4.01742
3775473942;47.95432;4.01673
3778108317;48.89779;-0.45266
3778111784;48.91721;-0.47048
3780186776;48.0635;-0.76847
3781519269;45.7782;4.81067
3781686238;45.23522;5.67204
3782758810;43.5729;1.39897
3783442063;43.73667;2.58151
3783670202;43.56371;7.12855
3783757485;44.77338;-0.59022
3784359745;43.06672;0.14898
3786354057;47.80968;1.67561
3786458404;43.73757;2.58369
3786656305;43.57789;1.34268
3788685081;43.73732;2.59082
3788720784;47.20111;-1.5815
3790677162;47.32244;4.99116
3790833057;48.75536;2.29922
3791203636;47.39061;0.65925
3791791738;48.77735;2.30245
3792981910;45.97905;6.67069
3792983495;46.02884;6.504
3793818699;45.78655;4.81211
3796009673;46.2198;4.84591
3796081709;44.48157;3.50224
3797765375;44.9093;1.34139
3797807326;44.90611;1.33877
3798377501;45.39884;5.38568
3798518736;45.77335;3.08695
3799170662;44.04507;3.85407
3800869850;44.77031;-0.60414
3801168085;48.90635;2.1986
3801769809;43.98154;7.12754
3804148198;43.0268;0.5708
3804526472;43.74354;7.26344
3804526473;43.7523;7.26712
3804728972;45.24096;5.68456
3805536724;43.36111;5.31113
3806783606;44.79398;-0.55939
3808227764;43.79148;3.73354
3808227778;43.79377;3.73721
3808612103;44.75435;3.07067
3810792293;47.80688;7.08732
3811135393;43.62077;3.80048
3811258359;44.65022;2.21657
3811372979;43.61113;1.43913
3811552786;45.59717;4.571
3811784996;48.78203;2.26737
3812853459;45.9399;5.18834
3815393798;45.69302;6.49179
3821583085;44.71188;5.09612
3822681056;45.75817;4.84833
3824497657;48.83227;2.40779
3827230913;44.50499;5.88554
3827230914;44.50729;5.90326
3827547932;44.43143;6.10362
3827547937;44.42412;6.03003
3827548719;44.42794;6.19816
3827548754;44.42918;6.07422
3827549142;44.44667;6.17977
3827549328;44.48519;5.93719
3827895983;44.32026;6.09043
3827896114;44.32299;6.07004
3829526726;43.61426;6.7536
3830002462;45.21951;5.75886
3830652912;44.98674;6.48226
3830656782;45.00964;6.46731
3830661460;44.98721;6.48192
3830759998;48.76768;2.26209
3832492982;45.17521;5.74103
3832972604;44.48212;3.52351
3833537659;45.75426;5.82092
3833560565;45.53731;5.8156
3833822881;44.33604;2.97016
3834459346;50.45523;2.7418
3835096097;48.77508;2.26351
3835829633;48.59873;-2.18212
3837090456;48.82271;2.30872
3837436817;45.17285;5.74276
3837589534;48.78255;2.19673
3838096366;48.76942;2.26016
3840012299;44.35216;5.99175
3840012317;44.37207;5.95678
3840012323;44.38494;5.94266
3840043090;44.41452;5.9053
3840920089;44.6034;2.5826
3840920111;44.60377;2.5826
3840920128;44.60397;2.58281
3840933947;45.20899;5.74932
3841003287;45.21161;5.78192
3841922954;44.68612;5.68504
3842453050;43.22294;0.07578
3843487140;45.30059;5.99286
3843697053;44.66114;5.71851
3844209367;43.79126;7.18574
3847133750;45.87999;0.18449
3847166952;45.30834;5.88714
3854145498;43.55397;1.44624
3854145499;43.55382;1.44766
3854147631;43.5581;1.44931
3854933557;42.61703;2.42905
3859765553;45.18454;5.72104
3863997619;46.30023;0.18212
3864073411;44.52656;5.80058
3866364648;44.85264;5.42232
3869154188;48.83607;2.3734
3870914067;43.54855;1.45529
3870920014;43.54839;1.45364
3874089576;44.09204;6.23987
3874089646;44.17393;6.21659
3874089818;44.20827;6.16765
3874089842;44.2158;6.21388
3874089855;44.21901;6.13945
3875240957;48.11735;-1.60419
3876086593;44.84972;0.48304
3876086614;44.85129;0.4839
3876086615;44.85144;0.4831
3877302994;44.06778;6.31662
3877633987;44.7596;6.74979
3878594996;44.6618;-1.18602
3878813609;45.9171;-0.96081
3881514089;43.2959;1.22934
3882126715;48.5846;7.74942
3882334364;43.67921;4.63906
3883794219;44.65698;-1.15506
3883794274;44.65935;-1.15192
3886659966;43.69079;-1.42581
3886843320;45.2883;5.87436
3888981497;43.32214;2.73599
3888996711;43.92146;6.13473
3889186313;43.57499;7.03045
3891482999;43.11805;-1.23896
3891962434;45.90203;6.13118
3891970870;45.89949;6.12917
3892584908;45.57801;6.17735
3893812388;44.65081;2.21696
3893812430;44.65137;2.25492
3898008004;43.53637;1.51475
3899988256;43.44777;1.35311
3902218919;43.21534;-0.89196
3902816457;48.8252;2.3955
3903013057;48.82174;2.40647
3903406593;48.87608;2.20138
3904771909;43.7636;3.86922
3905328095;44.23538;6.75193
3906052409;44.26373;6.7453
3906164773;43.79365;3.42658
3908959354;45.79472;4.82805
3909400947;45.51113;6.59436
3912393003;45.53781;6.62894
3913529951;48.32304;6.95171
3914315838;44.63121;-1.14814
3914894067;43.892;3.39985
3915347503;43.96695;3.5196
3916315463;48.84487;2.33644
3916380397;45.37223;5.65058
3916382794;45.37125;5.6487
3919251277;50.51154;1.65061
3920458299;45.17848;5.74157
3923291601;48.85921;2.39911
3923291602;48.85945;2.39247
3923291603;48.86057;2.39677
3923291604;48.86154;2.39741
3923731661;43.42127;3.40605
3924376457;45.77794;4.83473
3924382571;48.15516;0.03064
3924833142;46.09609;5.3131
3925398485;44.56166;6.08599
3933439910;45.05588;0.75643
3934301679;44.43461;3.20163
3936139922;45.54665;3.24939
3936619928;42.65683;1.83701
3937303711;44.81599;0.45441
3937303714;44.81602;0.45441
3944219097;42.55929;2.25389
3953793268;45.94063;6.88692
3954188652;43.2545;-1.60279
3959606039;45.09209;0.67698
3964827954;43.78351;7.24399
3964900818;43.00085;1.13773
3966428570;45.63559;5.47552
3966862081;45.85789;4.68966
3971605715;45.73415;6.16407
3971660672;45.73846;6.15955
3973885314;45.42697;4.39494
3978287704;43.59245;1.45093
3979688507;43.09151;2.61719
3979890091;47.89955;3.86926
3980827082;43.55077;1.45049
3980827159;43.56518;1.44464
3982106790;45.76168;4.77769
3983253093;45.17688;5.54226
3985318694;45.19768;5.53403
3985318708;45.22966;5.54193
3987099066;46.08061;6.72947
3987172825;45.12633;5.59588
3988973057;45.69416;6.55703
3992277111;44.10593;0.88528
3992450256;48.85156;2.41121
3992910166;45.7503;4.96609
3995352228;48.82534;2.46065
3995352229;48.82737;2.46408
3995896107;45.74959;4.97882
3996784221;45.11309;5.75514
3996787392;45.15026;5.81681
3996790710;45.12826;5.76736
3996807081;45.40316;5.79066
3996869614;45.02733;5.70593
3996876502;45.12908;5.80384
3996885442;45.17238;5.80467
3996895193;45.13966;5.82795
3997487207;45.41382;5.85489
3997862078;47.39044;0.69097
3999361604;48.74294;2.3077
4000533191;43.71109;5.31062
4000650507;44.56386;6.08599
4003883462;43.86556;1.88531
4003935878;43.85263;1.81046
4008400373;14.45053;-60.88345
4008400374;14.45064;-60.88318
4014434123;44.78959;-0.58308
4014436158;44.79101;-0.5839
4016241536;43.74332;3.70175
4016348354;44.30849;3.1747
4018615367;47.81481;-4.21237
4018779655;43.8351;3.30049
4019501085;44.87925;-0.57099
4023741585;45.26524;6.01583
4026082485;43.64735;1.50567
4033696436;48.4864;6.08701
4034651279;48.60445;7.75286
4036613700;47.77244;3.75365
4037198891;48.51771;-2.23039
4039130729;43.42553;3.30478
4040263680;44.06349;7.61254
4040655982;43.53935;7.03931
4040655984;43.54148;7.03996
4044952707;45.55946;6.5234
4045986148;44.66945;3.22537
4046433107;44.83655;-0.56853
4048986665;47.20942;-1.5293
4050372267;47.21507;-1.54864
4052984254;45.93971;6.76715
4058474095;43.78805;4.09745
4064412202;48.8398;2.43272
4064419162;47.87671;3.87378
4068932679;44.58476;-1.13356
4069000516;44.58613;-1.13561
4069785740;47.46583;3.7464
4070164954;43.60267;1.41732
4070165299;43.60483;1.40974
4070165328;43.60559;1.4118
4070166202;43.61529;1.39744
4073452773;45.4043;5.85638
4073452774;45.40295;5.85666
4073452775;45.40364;5.85681
4077457618;43.32353;3.3057
4078350844;44.9604;5.74238
4078450185;45.38877;5.85329
4078450186;45.38814;5.85279
4078450188;45.38814;5.85351
4080380774;42.87348;1.95044
4080418557;44.92214;3.25721
4080507854;47.13247;5.65025
4080535405;47.12773;5.56605
4083340552;44.66773;3.4257
4083384018;44.66342;3.44948
4083864997;45.76987;4.98198
4085727346;47.42114;0.89095
4086247188;48.86484;2.32475
4087214389;44.87379;3.12611
4098217450;48.72427;-3.43025
4099157577;44.10218;3.12884
4100116789;43.67642;4.63439
4100117325;43.67632;4.63495
4100129211;43.67661;4.63337
4100735401;45.76862;4.80057
4102427073;43.66286;4.02971
4102702125;44.76117;3.35651
4102725456;47.33072;5.03258
4103900543;44.0937;1.40345
4105178793;44.46105;4.21221
4107291014;43.69708;4.03587
4107545090;45.19007;5.73734
4108265078;43.74915;7.27863
4108842502;44.31141;1.49804
4111271803;48.82404;2.36307
4111675992;47.20075;-1.58419
4117108165;49.26573;-0.05707
4120796698;48.68846;2.17055
4121238310;43.5826;3.76323
4121740031;48.60226;7.75331
4122019391;44.45006;1.43497
4122088289;44.44781;1.43603
4124497296;43.74389;4.22436
4124683222;43.53956;6.94674
4125084900;45.22324;4.45538
4125967940;44.34974;2.57326
4125989548;44.56866;5.27698
4125989550;44.5695;5.27629
4126725862;47.72922;7.34354
4127005161;43.56755;3.45116
4129002789;48.61739;2.02338
4130926249;48.88225;1.45816
4130939424;48.31601;2.41788
4133479291;48.80576;2.38895
4133734275;44.53366;3.15375
4134122854;45.8143;4.81927
4136801380;44.93351;5.62517
4141797372;43.39943;3.69408
4143103489;45.8995;6.11372
4143697363;45.9743;6.11601
4146070404;48.93412;2.3088
4151897655;43.45282;2.0666
4152702276;45.22873;4.40244
4153063321;44.60169;2.95256
4159081541;48.59809;1.64657
4159641893;48.52251;-2.77938
4161777472;44.47369;4.29023
4161787918;44.31784;2.52763
4167751622;44.5426;4.29359
4167851601;42.87725;1.5329
4167867298;42.87785;1.53329
4167873892;42.87783;1.52982
4167909492;42.87773;1.53442
4168144484;47.21651;-1.52281
4168144685;47.21704;-1.52375
4169682912;48.67334;2.14034
4170047457;45.01183;5.75713
4170158202;44.92631;5.61479
4171947771;48.86462;2.25422
4171947788;48.86521;2.24908
4172174231;45.73431;4.87354
4173047300;47.95015;6.77727
4173332218;44.30739;4.34742
4173488296;45.67011;6.39703
4173488297;45.67042;6.39769
4173488298;45.67142;6.39731
4173488300;45.67103;6.39644
4173488301;45.67302;6.39155
4173554926;43.65275;7.12886
4174384133;42.5866;2.1831
4174384134;42.58503;2.18103
4174384167;42.58693;2.18312
4175967711;44.95474;0.4528
4176694486;44.10507;3.88458
4178892395;46.91998;4.67782
4179107577;44.12435;3.22286
4179168566;44.11386;3.47571
4181870295;45.64454;5.01192
4183408766;44.06543;5.97475
4183408768;44.06233;5.97024
4183668489;43.07746;0.07036
4183674182;43.00628;-0.10107
4184120310;44.17265;3.24673
4187387424;47.85443;6.91675
4188046961;42.40288;2.47866
4189754259;48.87845;2.30997
4189765431;48.87937;2.30884
4189772011;48.87945;2.3102
4189774064;48.87991;2.30943
4190003038;49.42835;3.66761
4190454153;42.98308;2.00741
4190490962;44.80348;4.97929
4190539532;48.87682;2.18128
4191283793;43.40196;3.68527
4191406860;45.55433;-0.94484
4191655244;48.02186;3.91786
4191655245;48.02481;3.91373
4191661106;47.87688;3.87362
4192042510;43.46122;-1.57731
4192042511;43.46388;-1.57527
4192042512;43.46474;-1.57477
4192320895;49.46643;3.69889
4192351471;43.81369;3.59142
4192377505;43.88732;3.50945
4192934215;48.96891;2.29669
4193190453;44.32466;3.59395
4194083750;43.9352;3.70899
4194162247;46.03851;6.77323
4197265340;43.76024;5.15372
4198650587;48.77737;2.29539
4198995428;46.05595;6.7774
4199084413;46.00263;5.47114
4199084427;46.00284;5.47228
4199241416;46.57647;4.23489
4200038590;47.3911;0.728
4200283070;47.93153;1.90657
4201058166;47.84287;6.91628
4202006017;48.07878;3.29384
4202870170;44.72932;6.7506
4206536994;45.67039;3.12686
4207781506;44.28088;5.78849
4207941799;44.25594;5.59356
4209735249;44.26774;5.41774
4209735254;44.27919;5.27908
4209735261;44.27947;5.27928
4209735323;44.30209;5.341
4210750844;49.43412;4.70386
4211571499;44.28799;5.69326
4211571614;44.31186;5.72737
4212094272;48.79617;2.18124
4213529029;47.88538;6.85307
4213638328;45.9786;6.42068
4214934673;44.79408;-0.55928
4217342380;45.31247;3.4228
4217495180;44.83772;-0.57661
4217503489;44.84627;-0.565
4218326491;43.54578;3.98422
4219993936;44.79651;-0.42763
4222276624;44.06591;5.89858
4222277193;44.12963;5.96918
4222330976;44.20238;0.61136
4222359341;44.20478;0.61825
4222385908;44.03883;1.10586
4222429764;43.95797;1.23182
4222429767;43.95816;1.23177
4222429771;43.95923;1.23722
4222447297;43.74261;1.37112
4222746984;43.44086;2.02378
4222747462;43.55342;2.17603
4222747464;43.55426;2.17735
4224077191;45.96129;2.94163
4225145810;42.53009;2.21105
4225145812;42.53012;2.21095
4225565190;48.86606;2.47078
4226864317;44.75903;-0.65813
4227152389;49.4671;1.06413
4228470195;43.59619;3.08263
4230443714;45.6386;5.84223
4233535470;44.19126;4.70416
4234052703;44.36556;2.56495
4237413828;43.77721;2.19111
4237461899;48.71776;2.36738
4237461902;48.71797;2.368
4238873676;44.77572;-0.35131
4239545566;44.07674;1.73032
4239545662;44.32877;1.40453
4239545663;44.36123;1.408
4239871957;44.4575;-0.37133
4239989379;43.6182;6.76644
4243080221;45.13959;5.72057
4243112331;49.12798;2.2041
4246060566;43.63953;3.8764
4246231271;45.74799;4.81884
4247031329;47.15821;-1.4724
4248960870;45.20274;5.74725
4251030008;45.20547;5.76248
4252189193;45.20083;5.75123
4253028996;43.58671;2.8777
4253065846;45.06082;6.63755
4254292533;43.96855;6.66777
4257840089;45.18482;5.72526
4258420834;44.60227;6.11906
4258789699;44.77448;-0.34831
4258859778;48.66432;2.35132
4258936682;48.51719;7.706
4260224635;44.2064;0.2581
4260357713;43.88159;7.15562
4260461390;43.40089;4.97684
4260782570;44.81787;-0.64067
4260882454;44.48117;6.48389
4261057734;49.42787;1.05035
4261236168;43.2332;2.23084
4262769081;45.16078;4.01874
4264185218;43.64018;0.58016
4264474981;45.21122;4.35019
4266731524;47.58838;7.58389
4268001162;45.79761;5.29567
4268844215;44.19439;5.41893
4269573911;48.88024;2.14799
4269580993;45.48775;4.81543
4269654996;45.62415;6.85757
4269934328;50.72435;1.61186
4270767841;44.17951;5.37447
4271389167;46.04218;6.76118
4271530104;45.14958;5.7243
4271543802;44.78281;6.06702
4271564089;44.78221;6.06515
4271736507;47.8986;1.90816
4278963198;44.37893;2.57061
4279084266;48.58748;3.10844
4281699953;44.14205;7.09033
4281724490;49.24183;4.04617
4283724212;47.48768;5.94622
4283908528;45.69305;4.96257
4284096791;48.44114;7.40138
4285776360;48.99285;3.93466
4285776369;48.99459;3.93331
4285821717;48.97412;3.96482
4285868634;44.77628;-0.34977
4287476973;44.52495;3.18244
4287739825;44.51254;3.33796
4288254048;44.50046;3.57311
4288254054;44.50056;3.57225
4288354274;45.14696;0.52901
4288393153;45.14601;0.52897
4289097827;48.40013;-4.51857
4289366866;43.23018;5.43706
4290305853;42.86472;1.19902
4290764312;43.85145;7.16357
4292626087;45.12085;4.46461
4292768935;44.17823;0.25535
4293128992;48.18498;3.28074
4293168393;44.56241;-0.14998
4293178696;44.48386;0.74979
4293351072;48.87082;2.3877
4294169891;44.5331;0.76905
4294180289;46.02653;6.92447
4294182791;43.70837;-1.43199
4294715892;48.84211;2.3057
4294770450;48.83122;2.40892
4294773390;44.81368;1.15219
4294824290;44.76869;0.98569
4294853712;43.86057;7.08846
4295560308;44.86867;1.04515
4296330705;46.02106;6.81086
4296501262;43.6196;3.87358
4296951077;44.56295;6.49604
4296951079;44.5626;6.49535
4298800501;44.56394;6.49523
4298823973;42.72938;2.05533
4300282535;49.48585;4.65692
4302900042;49.27952;-0.7077
4304549107;48.96905;3.92675
4306387928;45.20571;5.75398
4306876068;49.67228;5.2398
4307300534;45.85871;1.16165
4307385891;46.23782;0.68365
4307631203;48.89887;2.27525
4307779018;41.62739;8.98721
4307820314;43.29748;5.36082
4307820315;43.29779;5.3615
4307882020;48.17519;6.45653
4307970453;44.75837;4.98945
4308368147;45.79977;4.83376
4308413989;43.44221;-1.47546
4308610171;46.29759;6.73261
4308790292;46.71816;0.53877
4308873730;45.69727;6.73502
4308887903;45.771;2.96343
4310025908;43.1274;5.94582
4310114745;44.51526;6.54756
4310114926;44.51351;6.55204
4310114935;44.5139;6.5511
4310114936;44.5139;6.54803
4311548796;46.93796;6.42419
4311620095;50.01795;4.79028
4311825861;50.32926;3.81516
4311911546;44.44219;6.73637
4312364598;44.83587;-0.56695
4312458939;43.32695;3.04381
4312677352;45.64255;2.91858
4312957315;45.34109;2.75708
4313157341;47.59525;3.63723
4313247289;47.65595;1.48783
4313258899;45.0881;5.55562
4313261431;45.28743;2.75983
4313764992;44.39244;6.57156
4313765046;44.39345;6.67736
4313765066;44.39381;6.67805
4313765309;44.43041;6.43211
4314187047;45.87153;2.99284
4314789598;44.51467;6.41015
4315459579;44.42119;4.17265
4316583391;47.08123;2.39819
4316634276;45.77137;4.84413
4316683477;47.16767;0.24514
4318228232;44.7962;6.20192
4318269012;46.20902;-1.16241
4318313903;44.85431;-0.60202
4318315358;44.85528;-0.60426
4318329798;48.89409;2.32448
4318470353;47.33616;0.75732
4318518192;45.1824;5.76483
4318562903;45.51199;2.93413
4319207813;44.48957;2.30859
4319215343;45.18944;5.74058
4319225321;47.0311;3.65689
4319307417;48.83936;2.16536
4319307419;48.83938;2.16561
4320179618;48.68811;6.16369
4320893667;43.63871;3.81263
4320904224;43.62759;3.81513
4320904226;43.63034;3.82733
4320904227;43.62837;3.82826
4320906939;43.63248;3.83128
4320906940;43.63197;3.83166
4321824275;48.72458;2.24748
4322664388;45.62412;6.52359
4322886151;46.6105;3.73848
4322911286;43.61361;3.82596
4322941329;43.61649;3.84485
4322947630;43.63326;3.8594
4322976120;43.62923;3.87277
4322985760;45.08286;2.74984
4322996561;43.61687;3.88195
4322996564;43.61107;3.85844
4323023603;43.6117;3.87078
4323077795;46.53204;3.74793
4323168049;48.84099;2.32495
4323168050;48.83992;2.32757
4323487616;43.28344;6.29205
4324814907;43.61263;3.87517
4325169935;43.6069;3.86608
4326497233;45.38996;3.36527
4326832526;42.52342;2.6322
4327129867;46.11878;3.42165
4327625727;44.40684;0.70577
4328108290;45.08013;4.95839
4329072604;44.82278;5.54754
4329549532;44.85388;-0.60096
4329792887;46.91025;4.75264
4330716190;43.38573;-1.65981
4330753622;48.6125;1.90934
4330893761;43.59325;3.87871
4330909813;43.59807;3.83874
4330922681;43.58102;3.87709
4332112093;48.81891;2.23907
4335064143;48.05917;6.52258
4335296812;45.15485;5.73065
4335478732;44.00164;3.04727
4336119526;46.80069;-0.1611
4336139828;46.77126;-0.18964
4336646262;46.42461;4.66587
4336727929;48.73999;2.22733
4336727930;48.7395;2.2275
4337084430;44.98693;6.48347
4337084433;44.98743;6.48314
4337084437;44.98772;6.48252
4337084444;44.98795;6.48113
4337837854;44.25051;3.95247
4338065821;48.50697;6.20325
4338332335;44.84339;4.21633
4338332338;44.43954;3.92368
4338479909;44.12518;1.2415
4339510548;47.26851;4.53965
4339516717;47.30458;4.49918
4339518538;47.32404;4.48566
4339548611;45.14296;5.05453
4339552309;47.21859;4.64017
4339572587;43.13373;5.91388
4339807610;45.1616;6.4945
4340146789;43.40405;-1.65008
4340203581;48.65472;6.15696
4340203993;48.65541;6.16237
4340887185;48.88817;2.43845
4341032217;44.10984;6.97247
4341032247;44.09111;6.96998
4341063119;43.14338;6.33837
4341072913;44.93042;6.72058
4341074489;44.54572;6.28012
4341082913;43.62845;5.15325
4341101576;43.31622;1.95
4341575792;44.46629;2.9728
4342154559;45.9539;5.5321
4342489461;44.55089;3.82259
4343144689;44.53302;0.76909
4343867693;48.788;0.85006
4344993080;44.81645;5.74949
4345822729;47.32176;5.02847
4345994989;44.68393;2.84805
4346166737;47.32064;5.02656
4346342975;45.96822;6.58633
4346866689;43.12225;2.99131
4347528590;48.8784;2.30849
4347719689;48.88751;2.33842
4348368007;42.70248;1.88182
4348368013;42.70223;1.88349
4348442490;42.81584;0.56345
4348442491;42.81321;0.48639
4348572893;48.85139;2.32045
4348624690;48.84493;2.29285
4349390890;43.11655;-0.86329
4349809567;44.52684;2.26513
4349809576;44.36657;3.41134
4349809577;44.33625;3.38425
4349974460;45.672;6.1596
4350035973;46.65474;6.00912
4350314947;47.5727;-2.11038
4351316011;48.80729;2.34251
4351607889;48.69141;6.19909
4351691393;43.42345;-1.59931
4352190589;45.36907;4.19533
4352198289;44.96071;3.54733
4352250457;43.26975;6.63968
4352250458;43.27013;6.64189
4352481656;42.82454;0.20738
4352482293;48.87535;2.36241
4352900739;44.88553;6.44811
4352904910;44.93743;6.41163
4353538115;45.36163;2.3357
4353597138;41.93451;9.20491
4354198900;45.55458;5.78977
4354447646;45.55518;5.79059
4354531590;45.58749;5.19503
4355343147;42.19804;9.05202
4355532254;42.33496;8.86836
4355600233;42.36223;8.9088
4356147890;48.21183;3.26258
4356411970;47.29319;6.20281
4357493734;45.90186;6.72783
4357740696;46.08706;6.73658
4357798492;46.07454;6.70419
4358104305;44.49074;1.29425
4358118132;44.47712;5.97532
4358118160;44.4773;5.97622
4358118293;44.4781;5.97676
4358273216;44.4021;-0.35029
4358946600;46.08275;6.72327
4359147848;45.3962;2.48243
4359782132;43.74691;7.14232
4359904070;43.64434;3.91318
4360336230;44.87299;5.71699
4361276020;43.49287;-1.40212
4361349706;45.02917;4.21493
4361349707;45.02936;4.21403
4361355250;44.32385;2.14244
4361369213;43.79843;6.24343
4362799011;42.70411;1.82076
4363432989;48.05731;-3.65462
4363560291;43.71795;2.68935
4363560293;43.71928;2.69097
4363560296;43.72086;2.69585
4363637034;44.64813;3.21902
4363637044;44.85566;3.00645
4364636446;48.82604;2.25735
4364661186;48.84113;2.28566
4365316803;45.87886;6.17485
4366131813;46.44715;4.11392
4366257405;47.34623;7.01843
4366992155;45.14569;1.53206
4368137255;45.15186;1.52903
4368137256;45.15198;1.52912
4368137257;45.15216;1.52933
4368137258;45.1526;1.52745
4368137259;45.1527;1.52755
4368137260;45.15282;1.52764
4368137283;45.16296;1.53469
4368137284;45.16302;1.53455
4369822410;45.22303;6.66758
4369868997;45.04529;5.0532
4370294104;44.77383;6.7689
4370294105;44.77519;6.76852
4370377648;42.46214;1.93681
4370782566;48.64862;2.0468
4371172039;43.64066;5.09368
4371172040;43.64125;5.09536
4371174629;48.85736;2.34063
4371342793;46.1053;6.61678
4371575573;48.08707;-1.61188
4371695949;48.85743;2.38796
4372605249;43.17702;5.69108
4372629196;42.90452;0.35961
4374196761;48.86405;2.44456
4374329395;45.09774;1.46359
4374356792;45.09706;1.46402
4375243889;45.46259;4.38824
4375446190;44.97889;1.83679
4375468146;44.0986;7.22937
4375493999;47.46673;6.7236
4375900465;44.1533;2.3045
4376086586;44.20585;2.23338
4376620090;48.85392;2.41077
4377002294;48.69926;1.97966
4377127173;46.43135;4.66779
4377811097;46.27518;5.67713
4377812792;46.24219;5.62881
4378080301;44.93618;5.43225
4378770860;44.35169;2.57045
4378902813;47.75006;-0.6437
4379056721;48.84665;2.23621
4379056722;48.84933;2.23051
4379056723;48.85009;2.22824
4379151294;44.69281;-0.0865
4379256735;44.42837;5.71487
4379349544;44.26357;6.26834
4379717786;45.85831;4.68712
4379811457;43.34268;-1.76822
4380958095;45.92316;6.14737
4381139278;42.96168;0.85695
4381150661;43.0579;0.82141
4381916067;43.95384;-1.35454
4381916068;43.95463;-1.35447
4381916069;43.95434;-1.35453
4381916070;43.95412;-1.35462
4381916071;43.95591;-1.35885
4382238072;45.61239;5.18159
4382300824;43.29509;5.39093
4382375365;45.12893;0.21386
4382653541;46.25518;5.61582
4383039692;44.85073;-0.4393
4383203118;44.74115;2.01929
4383615291;49.79919;4.42759
4383644613;45.67269;4.89717
4383935006;44.89391;6.5657
4384049992;47.32678;5.00626
4384195450;43.65401;3.89002
4384428597;42.84668;1.60674
4384430104;42.9656;1.60361
4384443316;47.62019;6.79185
4384857536;46.94708;5.87929
4385554276;43.07651;0.24304
4385584734;43.11693;0.28023
4386792796;48.34918;-3.25495
4387179677;45.44162;4.23909
4387737536;42.99762;-0.06181
4389869830;45.07209;5.05925
4390104984;42.47497;3.12533
4390339641;46.38808;6.71917
4390731426;44.90575;5.67162
4390731446;44.90684;5.67159
4391350897;45.59739;6.46643
4391350935;45.60687;6.46711
4391422198;45.62368;6.79819
4391685231;42.73054;0.4997
4393403668;44.82785;5.84018
4393406250;44.78488;5.81502
4393409450;44.80608;5.76973
4394533697;47.74217;0.88492
4394604405;44.59834;-1.2016
4395979681;46.35768;6.63663
4395980089;46.35849;6.65964
4395980092;46.35863;6.66024
4395980133;45.22072;5.7618
4395980134;45.21953;5.76149
4396159551;43.6015;1.43894
4396190568;45.15773;2.78675
4396245618;45.25315;5.86169
4396499304;46.39833;6.53073
4396609776;44.51985;5.6988
4397039667;45.37853;6.14301
4397708980;42.82037;0.01021
4397741814;46.6371;5.89949
4397741833;46.63934;5.90037
4398097299;46.43684;4.65994
4398549570;44.23505;5.19028
4398600847;44.7573;6.99241
4398600848;44.75975;6.99363
4398906232;46.43608;4.65838
4398906234;46.43501;4.65731
4398906236;46.43448;4.658
4398906289;42.70371;9.45374
4399538496;45.4432;6.64621
4399676342;46.06937;1.10583
4399735592;47.06636;-1.98089
4400171962;45.16634;5.70617
4400776416;45.1504;5.81572
4401220277;42.88261;-0.66648
4401337662;44.66719;6.69425
4401462709;44.65882;6.64825
4401478521;44.64743;6.63959
4403261787;44.87445;5.72187
4403735321;47.31817;6.81197
4404063179;42.97024;0.86028
4404101230;48.9197;2.35373
4404980424;50.62588;3.04931
4405640793;46.25974;5.65825
4406495485;44.29732;4.87411
4406502679;44.33767;4.86574
4406511811;44.58427;5.13431
4406525883;44.71545;5.52913
4406528450;44.73717;5.55489
4406528483;44.75521;5.5952
4406542950;44.81215;5.57991
4406542951;44.81184;5.58051
4406555269;44.90016;5.94438
4406555508;44.90275;5.94843
4406557754;44.9419;5.972
4406578997;45.12555;6.03146
4406580406;45.20068;6.03928
4406586353;45.22592;6.14411
4406589049;45.19126;6.64816
4406618533;44.09278;7.03065
4406638222;44.0944;6.9736
4406645357;44.14158;6.76238
4406645358;44.14082;6.75981
4406652447;44.09643;6.55404
4406791072;47.18412;4.71699
4406898463;43.548;1.47808
4406900694;43.93394;0.62314
4407022640;45.88091;6.14207
4407748604;44.37208;3.53121
4407749732;43.40375;3.69193
4407749733;43.40408;3.69223
4408643867;44.95169;5.7454
4408880800;44.67965;1.99524
4410219692;45.18463;5.71748
4410219693;45.18264;5.71706
4412227616;44.87973;5.77784
4412227622;44.88145;5.77736
4413287308;48.95172;2.40252
4413287967;48.94909;2.40253
4413292734;48.95549;2.40178
4413293840;48.94115;2.39068
4413322405;48.9586;2.39933
4413399190;45.28111;6.07727
4413990787;47.78606;3.57847
4413996593;47.79286;3.58243
4413996594;47.79849;3.57666
4413996598;47.81211;3.57708
4414012026;47.78655;3.56269
4414276872;45.78994;4.83903
4414276881;45.79149;4.84727
4414905951;47.78779;3.57145
4414905957;47.79016;3.56532
4414905958;47.79743;3.54957
4414970461;48.84718;2.25301
4414970466;48.84744;2.25571
4414970468;48.84914;2.24316
4414970470;48.85214;2.25753
4414970471;48.8555;2.25877
4415636601;44.05314;4.13574
4416566412;44.90955;5.78762
4417323074;46.42539;4.66592
4417437640;45.45712;4.7578
4417548698;44.03237;7.67077
4417563862;44.06673;7.2008
4417669525;48.94402;2.32111
4417733022;43.96312;4.37029
4417988197;44.03969;3.50385
4417989050;42.56111;2.4089
4417989052;42.56143;2.40971
4418573883;47.77083;6.98449
4419252699;44.00024;3.88632
4420284319;44.0004;4.37204
4420810784;50.59884;2.95289
4420810785;50.59871;2.95418
4420810786;50.59762;2.9546
4420838626;46.9778;4.76975
4421095392;44.05951;7.47774
4421248513;44.86812;5.59472
4421714889;45.17999;5.72034
4422112908;48.56984;7.79867
4422284422;44.93631;-0.83011
4423273424;43.87176;4.12299
4425278989;44.89242;-0.72538
4425401847;44.71328;5.4315
4426433831;47.36948;-2.5296
4426838215;48.8434;2.57538
4428038454;49.11494;6.17128
4428666244;42.68326;2.78583
4428695373;42.68317;2.78692
4429657038;48.89222;1.62935
4429685064;48.57805;7.75314
4429693423;48.57881;7.75425
4430818215;46.19361;4.44868
4431303410;47.77693;1.63158
4432216220;44.39883;0.49607
4432216221;44.4008;0.49758
4432530294;43.22863;6.58535
4433135275;42.96837;0.26206
4433218035;45.77021;3.0815
4433366125;47.19923;-1.88322
4434605056;43.69382;7.3257
4434608013;43.69308;7.33347
4434612399;43.69249;7.33301
4435004795;44.18649;7.05188
4436550683;46.13918;4.39345
4437669089;42.89746;2.11188
4438809591;43.43796;2.06696
4438944675;47.48707;0.94951
4439087336;47.48682;0.94933
4439485731;46.60014;4.29688
4439912585;47.38501;0.68433
4440150666;48.84018;2.24316
4440723933;45.93193;6.91745
4440848155;47.501;4.58048
4441427290;43.75315;7.48654
4441965511;46.94259;0.53167
4442053861;44.01498;4.42893
4442742162;47.6078;-1.74432
4447691089;48.84797;2.33421
4447905932;48.65182;6.20196
4449251437;48.86953;2.22593
4449463671;43.0684;0.05565
4450162009;46.9024;5.77202
4450334628;49.11252;6.17035
4450537893;48.89245;2.31218
4450578091;48.88005;2.30929
4450653397;44.50036;2.4728
4451713061;43.73582;7.01789
4451843034;48.87611;2.17737
4453463366;48.68976;6.19013
4453499295;47.39516;0.67543
4453610789;44.90959;3.50439
4453641097;48.43569;4.80083
4456465128;46.07546;6.75118
4458764933;49.70235;-1.40498
4459375735;44.06695;3.82931
4459919058;45.7683;3.0841
4459919065;45.77946;3.08477
4460484911;45.78126;4.85712
4460585257;48.84403;2.32393
4460865016;48.86023;2.39354
4462464278;45.61422;5.02168
4462511752;44.77327;5.60584
4462598964;44.36081;4.86018
4464465480;45.16851;5.76723
4465920254;44.82237;-0.56281
4466547605;49.11523;6.16265
4466575384;43.56434;7.07386
4471161293;44.83651;-0.60834
4472281219;43.93477;5.59054
4472451392;-21.13274;55.47236
4472475191;-21.13317;55.47686
4472721063;48.13999;7.26119
4474061603;43.8326;3.43169
4474345475;48.71376;6.25932
4474345598;48.71394;6.25886
4474726579;42.98572;0.93142
4475652890;45.17615;5.76649
4475947344;48.67193;2.42958
4475972821;45.22366;6.02102
4477415093;47.83184;1.38034
4477459107;44.05631;3.8634
4483000661;48.82557;2.23731
4483000662;48.82567;2.2374
4483004004;48.82986;2.24096
4483004010;48.83072;2.24206
4484387117;44.84341;-0.55697
4484420025;48.86779;2.25081
4484561286;48.79271;6.00234
4485052586;44.66177;3.0462
4486064623;49.33232;2.20651
4489247191;48.08776;5.37068
4489247207;48.08802;5.37089
4491385463;47.74084;6.8133
4494636412;43.96603;3.85424
4496366730;44.61673;2.19288
4496366732;44.6137;2.16377
4497658894;43.24147;2.76609
4498144690;49.0774;2.03131
4499032844;45.14405;4.12483
4499212065;48.65656;1.9307
4499317582;42.47607;9.45524
4509879558;-20.87535;55.4472
4509880040;-20.87583;55.44759
4510424914;43.56636;1.34447
4510484523;43.56552;1.34094
4510768792;46.56799;0.6511
4511520300;-21.04263;55.3931
4511520302;-21.10358;55.43485
4513991488;47.79682;3.54931
4515537509;43.66198;6.98877
4518777839;43.33257;3.22451
4523173131;49.44791;1.03509
4525000989;44.38548;0.68828
4525034721;45.78177;4.80886
4525034724;45.78219;4.8092
4525311017;45.55422;2.86628
4526718291;48.89914;7.96878
4527204141;48.67174;6.18626
4528294497;44.00156;7.36422
4528329443;43.98915;7.32745
4528751594;45.08728;5.68119
4529047931;45.09035;5.68249
4530847127;43.16032;-1.23828
4534581399;44.52116;2.76347
4535536922;43.79944;5.71947
4536454507;48.87077;2.77935
4536454508;48.87064;2.77913
4536456248;48.87114;2.77856
4536463413;48.87153;2.77406
4536467526;48.87416;2.77366
4536476765;48.8674;2.77942
4536476767;48.86716;2.77811
4536598163;44.43163;-0.21074
4536664541;45.91567;6.44
4536664543;45.91835;6.44119
4536664999;45.16709;5.74999
4538036982;49.47867;1.0352
4539756581;44.16035;4.67892
4540407118;48.95891;2.87918
4541634841;-21.13127;55.47206
4542479457;48.97288;2.30424
4544665934;47.32706;5.03087
4545351767;43.77427;1.29523
4545492273;43.07878;0.05558
4547008426;43.3629;5.31709
4547980149;47.30486;4.46792
4548588020;43.26616;2.90504
4549207590;45.8835;6.32704
4549211993;45.766;6.30637
4549858436;45.321;5.66933
4557629479;44.53563;-0.29666
4558989188;44.28281;4.00702
4560073355;49.9268;1.07797
4560746697;47.54089;6.53947
4560746698;47.54776;6.46174
4560746700;47.55338;6.438
4560788007;47.51122;6.22816
4560826031;45.56794;6.06953
4560826032;45.57278;6.072
4562385959;47.48705;6.14205
4562385965;47.47301;5.98777
4566482542;48.00614;-4.55605
4570316192;43.6985;7.25648
4570316193;43.69848;7.25751
4571361899;42.83332;2.95581
4571418156;43.69568;7.26829
4573418995;49.4457;6.23121
4574001705;44.2846;4.124
4579364335;43.63953;5.09679
4579525734;45.42907;4.96981
4579680992;43.39299;-1.65995
4581779365;44.98305;4.79845
4581944502;45.73955;5.79709
4581944504;45.74015;5.79751
4583022029;43.71029;7.30084
4586547117;43.73041;3.31884
4591300647;47.72495;-2.21256
4591300650;47.70569;-2.12002
4591322280;43.36138;5.31162
4592311015;45.19141;5.94216
4595121126;45.17758;5.71269
4595121127;45.17708;5.71161
4595121143;45.17753;5.71905
4595853161;45.18669;5.71648
4597933402;48.91872;2.31671
4599568247;45.18414;0.72117
4603899990;45.17981;5.70444
4605750189;45.19034;5.72
4606193957;43.35332;-1.24989
4607423498;45.06997;5.05119
4621806821;44.24269;5.07426
4621819069;-21.34132;55.47877
4629909454;44.78612;3.63327
4632196367;44.78489;3.63391
4637430869;47.6222;3.8619
4638391453;47.74445;6.97455
4639932485;48.00697;0.19586
4641777507;44.87069;0.49408
4641995350;45.69668;4.93594
4642014793;43.65019;3.9293
4642121995;45.18354;5.71776
4642157338;48.72836;2.334
4645285473;43.83612;7.29437
4649065486;43.74519;4.79591
4651985730;43.62889;3.80977
4652775000;48.8339;2.38369
4654554644;45.29654;5.48834
4656621393;45.18889;5.71646
4658231989;44.30798;4.12929
4659788045;44.71602;5.05695
4662932122;48.87342;2.26652
4663069212;48.82126;2.41717
4663258791;45.16334;5.84805
4663470707;48.74567;2.38563
4663476899;48.74617;2.38557
4664930370;45.8658;4.83463
4665479267;45.6225;5.95132
4665678949;47.08057;-2.03755
4672201187;43.95118;4.81365
4679911341;44.20044;2.8545
4683135343;44.55992;6.4916
4683221189;45.77464;3.08174
4687240626;43.94553;2.83685
4687543315;48.71948;2.12673
4687599277;45.14433;5.83487
4690643556;45.52162;4.87077
4692419449;44.28799;0.50891
4693710453;49.08712;2.00469
4695524660;43.63337;5.52406
4695524661;43.63701;5.52741
4695524662;43.63814;5.52678
4695524663;43.6356;5.52834
4696515635;47.34695;5.05144
4698784135;44.21559;-1.22672
4698784136;44.21503;-1.22707
4699567178;44.2563;0.30681
4701709288;44.76493;6.78977
4704500979;45.30246;5.48657
4704901924;45.28525;5.4537
4704984268;46.8054;5.64677
4706324261;43.56413;1.34805
4709944626;43.65623;3.88344
4710444802;45.2601;5.77739
4711194615;43.86261;7.4769
4711367525;43.48377;6.93069
4713060801;-20.92999;55.30533
4713062202;-20.93458;55.29189
4713063118;-20.92839;55.29828
4713063224;-20.92708;55.29425
4713064611;-20.92986;55.30837
4713069391;-20.93426;55.29196
4713069668;-20.93413;55.29176
4713076521;-20.92981;55.3084
4713078559;-20.93454;55.29172
4714117703;47.84506;7.51549
4715328547;43.83123;5.80527
4716685522;44.4961;2.80112
4719141066;45.73042;3.18957
4720121505;42.4877;2.80731
4721301791;43.69114;7.24543
4722509101;45.77212;4.83224
4725710192;47.99607;-4.1021
4725948650;-21.17016;55.28632
4726304989;48.03762;-4.71908
4726481107;45.42166;5.76235
4728223904;43.83679;5.0323
4729009133;45.66413;6.18974
4729009718;45.66471;6.19091
4729229224;44.81603;-0.6476
4729366267;44.85244;-0.56718
4729438218;44.76682;-0.60833
4729521187;44.85173;-0.55992
4730353982;48.58664;7.28816
4730937823;48.63142;2.34431
4730937824;48.63169;2.34443
4730937825;48.63105;2.34615
4730937826;48.63091;2.34688
4730937827;48.63076;2.34599
4730945422;48.63056;2.34702
4730988821;48.63103;2.34461
4730988921;48.63114;2.34346
4735120759;44.87113;-0.61964
4742097536;44.43156;-0.21393
4743466829;45.13944;5.77772
4744988772;43.60155;1.4386
4745093359;44.18494;5.49439
4745270329;43.28481;3.27986
4745455704;45.77701;5.87481
4745476459;44.4979;6.55526
4754184220;49.10923;7.34178
4755983938;46.18929;6.31936
4756193459;45.91052;5.24325
4756469394;43.64218;5.09482
4756521974;48.62896;2.36198
4756589594;44.51728;4.78379
4762348528;48.71352;6.17251
4762462379;48.70729;6.16459
4762462380;48.70729;6.16454
4762588611;44.08859;3.06996
4765181270;44.32679;4.02653
4769263136;49.18786;-0.3488
4769385336;43.3699;2.28378
4769573709;43.80277;7.39979
4770017643;47.417;5.00626
4771224167;44.85421;0.02569
4771745208;48.66547;6.17364
4772819400;43.89574;7.20297
4774157703;45.76493;4.86698
4775123611;-21.13154;55.47106
4778184023;43.11773;0.12756
4779545976;42.87348;-0.0024
4781285222;45.59792;0.53172
4783623171;48.68228;6.19293
4784394412;48.45725;-5.09574
4784394413;48.45746;-5.09551
4784770910;50.22608;2.61453
4784802674;43.50609;7.04621
4784828354;47.54432;-0.67374
4785254921;-17.53446;-149.90305
4786934881;43.84735;7.31633
4788808136;42.94489;2.24585
4790646335;48.23397;7.30072
4793235840;45.02084;4.87665
4793441366;47.40881;-0.48099
4794629919;43.09822;-0.05671
4794962159;45.19179;5.77891
4795395959;48.85332;2.35704
4795397236;48.852;2.36075
4795398155;48.85498;2.35282
4795398232;48.85747;2.34556
4795619460;42.58729;1.79822
4795619467;42.58745;1.79788
4795619478;42.58793;1.79846
4796694135;48.65365;2.38626
4796921063;43.65827;7.12187
4798818196;45.14925;5.81651
4799042128;48.79034;2.24655
4799122624;43.53794;5.29301
4799139323;43.51917;5.30961
4803314256;44.52589;5.06598
4804749122;44.8059;-0.63104
4804760821;44.84246;-0.64752
4805433974;43.39934;5.05822
4805687829;45.52423;4.87458
4805778552;43.30974;5.3908
4807230550;43.49319;-1.46766
4807850442;49.11812;6.14968
4807906564;48.62921;6.20623
4810308216;44.25013;3.78729
4810887197;47.29145;4.99945
4811694689;48.61883;2.29204
4811754665;48.63607;2.29521
4811812498;48.65372;2.30589
4812835622;47.59226;7.57978
4812836024;47.59349;7.58002
4813210565;48.81317;2.23312
4813229812;43.28998;3.50848
4813236621;43.28998;3.50798
4813236622;43.29056;3.50798
4813236679;43.29035;3.50898
4813236680;43.28997;3.50902
4813263067;43.09028;-0.06376
4813530479;43.09721;-0.05789
4814941680;45.28503;5.64726
4817875219;48.15871;1.77579
4818867018;43.63541;3.86341
4818867019;43.63575;3.86336
4818877433;43.63545;3.86397
4818877444;43.63489;3.86372
4818877447;43.63458;3.86322
4819186151;44.49248;-0.64022
4820740882;43.65168;1.97559
4820762675;43.6596;2.02577
4820774122;43.69277;2.42582
4820795568;43.66172;2.44818
4820799264;43.61076;2.39908
4821413624;43.62199;3.86243
4823285455;45.1811;5.70437
4824564195;43.07155;-0.07805
4824568461;43.03747;0.26469
4826998706;45.55703;6.61214
4827175645;45.20285;5.75454
4827591666;45.44825;5.78428
4827827544;45.73208;4.88515
4827827545;45.73256;4.88337
4829074885;43.70856;3.83115
4829074888;43.71374;3.83344
4829252907;44.96444;5.70348
4835500622;46.06597;3.46159
4837187350;42.94841;1.05897
4837188915;42.94791;1.05905
4837547173;44.04483;6.43956
4838794452;48.48097;-3.10123
4840184842;45.19845;5.71295
4840253012;45.76808;3.10561
4840321898;43.60063;2.70211
4841820964;45.67587;4.87603
4841879214;46.37005;6.4731
4842243831;44.34793;4.01401
4842383960;43.61726;7.04369
4843321472;43.71083;3.48553
4846634809;43.61023;1.64138
4851787426;45.20771;5.76255
4851841322;45.9353;1.02517
4851885227;41.58928;9.35907
4851885228;41.58892;9.35781
4851902626;41.58877;9.36039
4852043870;49.19025;-0.37328
4852972622;41.59021;9.35699
4855370623;49.05535;2.54968
4855485786;47.02561;0.56823
4856147916;45.82746;4.87668
4856548495;47.73604;6.88605
4857528703;45.08275;4.91959
4858486875;46.26621;6.07574
4858486876;46.26644;6.07551
4858513671;45.00139;4.87281
4859812921;48.11832;-1.70945
4859813021;48.12258;-1.71781
4860020778;43.61778;3.89427
4860344282;47.20089;5.96215
4861495922;48.8787;2.31061
4861495924;48.88038;2.31109
4861513921;48.87954;2.3117
4861617439;44.59027;4.70689
4861813532;48.88833;2.36311
4868521800;43.97924;6.98975
4868521805;43.97047;6.98632
4869296622;43.70228;7.30898
4873881085;43.56264;1.39674
4874482086;44.87671;5.81756
4875869126;44.19051;0.62219
4876263123;43.21304;5.6297
4876396576;45.80762;3.7666
4876429543;44.88786;6.60959
4876719010;48.77619;2.44529
4876719011;48.77407;2.44682
4878193840;44.82394;6.53978
4878205301;44.88084;6.0168
4878406624;45.18406;5.73007
4878418623;46.67215;5.56441
4880039919;44.73749;6.44463
4880218922;46.58786;0.34768
4880648502;44.74617;6.50246
4880648504;44.75312;6.53342
4881208076;45.45654;5.50515
4881208077;45.45819;5.51391
4881977335;45.93653;6.63174
4881982168;45.93634;6.63078
4881994806;49.29912;3.10605
4883199429;44.6552;5.00062
4883954701;43.88575;3.2416
4886474821;48.70748;2.0393
4887306369;44.79921;5.38431
4887344775;44.84001;5.40644
4887399543;44.87035;5.41672
4888010556;48.72648;-3.98593
4888305764;44.48582;5.38229
4888316525;48.8596;2.29593
4889547294;45.16565;6.42786
4891567426;45.72337;4.82357
4892245983;45.27909;5.87834
4892960708;47.91999;3.91484
4893727097;42.77565;2.83615
4893727799;42.81376;2.74539
4893939020;44.98241;5.88705
4893947794;44.98279;5.88736
4894323568;47.74814;6.94945
4895582148;44.16291;5.004
4895818429;42.42534;1.99462
4895822802;42.43902;2.03055
4895822803;42.4402;2.0321
4896698090;45.1902;5.73927
4896973871;48.75426;2.15865
4897733121;48.69357;2.40668
4898765402;48.4917;1.5305
4898910051;45.88218;4.87074
4899012601;47.54102;4.96654
4899574363;46.01982;-0.3466
4900537189;48.86253;2.31991
4901075797;43.83427;4.90588
4901505098;43.33127;5.09745
4902070437;43.96903;4.55251
4902298494;44.30387;3.97428
4902364369;48.83957;2.23483
4902460443;42.25342;8.79831
4902840676;44.74031;1.82997
4905284704;48.887;2.33167
4905284852;48.88558;2.33125
4906389661;42.85898;2.43347
4906772730;44.85361;1.8208
4907348288;47.25004;5.99067
4907687401;45.19142;5.71061
4908697721;43.4751;-1.56635
4908780378;48.83945;2.30617
4908967999;48.15159;-1.68523
4909146537;46.12876;4.3989
4909148471;46.0632;4.49283
4909547533;44.89258;6.6177
4910683122;45.78231;3.08491
4910983823;44.47963;5.97846
4911507056;47.52101;4.71658
4911507523;48.06274;0.49811
4911509310;48.0528;0.65055
4911509558;47.98664;1.41602
4911509561;47.97747;3.29306
4912267381;44.115;7.08566
4912729042;44.20721;0.60151
4913143521;43.69401;7.25774
4913651991;46.2518;6.07458
4914566055;48.37271;-1.37341
4916362521;44.8005;4.78225
4916362522;44.92927;4.88888
4916986757;42.79175;2.38031
4917196712;45.2664;4.33668
4917320604;44.91909;1.73243
4918827822;44.25663;4.29327
4919012617;43.66811;6.98764
4919556919;44.69356;5.88167
4920085647;43.83549;5.20243
4920692455;47.47617;-0.59509
4921140383;43.89637;7.34363
4922020420;44.69039;-0.08769
4922465450;43.40755;2.44596
4922465854;43.58016;2.61314
4922769019;46.06446;6.73079
4923959292;44.3248;0.34693
4926063861;44.2355;5.18987
4927557664;48.8569;2.29493
4928259550;48.6988;6.18376
4930562018;43.66799;2.97322
4930562019;43.67848;3.03318
4930566180;43.67103;2.89482
4930566193;43.73763;3.1945
4930566943;43.63452;2.76823
4930566944;43.65258;3.03993
4931617825;48.86048;2.2888
4933289643;48.98065;2.20375
4933376890;43.39412;-1.4531
4933677085;46.17048;6.73948
4934017073;45.07746;4.45648
4934035348;45.12079;4.53328
4934093060;46.82384;-0.13714
4934250003;48.98265;2.20216
4934250004;48.98267;2.20179
4934250005;48.9827;2.2011
4934250148;48.97777;2.21727
4934314506;42.6985;9.45078
4934314639;42.69714;9.45119
4935144505;44.27106;0.52424
4935148631;44.18682;0.79542
4935621522;48.85692;5.4951
4935645942;48.95983;2.18986
4935661026;48.95363;2.18701
4936022469;48.8384;2.32622
4936126919;45.92145;6.17066
4936660631;48.99608;2.26927
4936754513;48.86239;2.44213
4936801040;48.00978;4.36781
4936801137;47.31501;5.04331
4936802069;48.01024;4.36692
4936803892;47.31507;5.04353
4937268570;48.10536;-1.68515
4937373749;48.86615;2.40976
4937373750;48.86624;2.40971
4937403157;49.01625;2.26505
4938139990;43.53397;3.4277
4938611727;45.03933;3.88364
4939142263;44.9456;5.65637
4939754522;42.79603;0.50557
4939778515;43.78947;3.46004
4939779436;43.9527;4.76592
4939779515;43.72789;3.3523
4939781140;43.91275;3.51302
4939781141;44.00098;3.58755
4940061362;43.18439;3.00333
4940784610;43.26352;1.75193
4941897362;49.02509;2.32439
4941898822;49.00826;2.27837
4942117041;43.51931;5.58349
4942189472;43.98068;3.71635
4943077856;42.69723;2.88872
4943663894;44.91777;4.90106
4945350425;48.87991;2.38564
4945759812;50.70304;2.24634
4947157923;45.73227;3.88167
4947440777;43.16108;-1.23235
4947456671;49.85411;2.92639
4947460279;46.76915;1.47397
4947460746;47.866;2.12264
4947993305;47.20034;-1.58177
4948115653;45.90446;6.14331
4948255550;44.66632;6.94054
4949043722;47.21176;-1.55823
4950713512;48.86189;2.35506
4952237846;44.49726;-0.64973
4952400402;45.87689;6.76105
4952406104;45.77967;6.71466
4952419661;45.69318;6.6694
4952419694;45.63212;6.66896
4952613183;47.33729;5.43084
4954126342;42.30651;9.12905
4955026938;43.68617;4.21077
4955137473;45.89265;5.47182
4955137474;45.89245;5.47242
4955218369;45.51903;6.80219
4955218370;45.52479;6.79087
4955218371;45.45825;6.86102
4955223101;45.46607;6.90055
4955251392;45.39687;6.88232
4955804951;47.23055;4.90559
4957003806;48.752;1.87965
4957523992;47.39358;0.68307
4958356156;45.08798;2.73934
4958477690;45.07989;4.50886
4958577590;41.75166;9.10944
4958598921;45.21274;6.46722
4960042121;44.20992;0.62631
4960439523;44.20022;0.62185
4961703719;43.71589;7.05898
4961704623;43.71575;7.05931
4961704624;43.7152;7.05893
4962411836;45.70253;3.85094
4962412008;45.7052;3.85283
4963933708;44.27361;5.26865
4963939670;45.07116;4.83642
4963990559;44.76355;4.91372
4963996965;44.17493;5.4417
4964179515;45.18211;5.7664
4964326892;43.58213;1.38384
4964404990;43.77007;4.12132
4964514495;44.54394;5.10819
4965635387;-20.89764;55.58731
4966737313;43.10368;1.65348
4967515445;46.58556;5.69803
4970239238;48.2689;-2.0583
4970326739;46.38853;5.64471
4970352423;44.20579;2.77618
4970428924;42.94481;1.02712
4970585753;48.78645;2.29374
4970665565;45.15482;5.72474
4970873144;48.87435;2.39556
4971054326;44.97411;4.35226
4971066468;44.79761;-0.64271
4972012479;50.63596;1.57627
4972299338;42.21991;8.98073
4973232300;48.88763;2.43784
4973308635;45.30947;6.24881
4973648135;42.99142;-0.61011
4973722046;45.7482;4.87234
4973749750;47.80991;2.30518
4973883813;44.99997;5.62926
4974197325;44.89415;5.67469
4974923589;43.63843;3.91446
4975031126;44.71514;5.10166
4975237729;44.07137;7.22161
4976995769;42.8354;-0.42718
4977094935;49.01592;2.26703
4978846118;44.94308;6.55447
4978846120;44.94443;6.55294
4979348356;46.11959;6.17195
4982548621;46.19167;4.69812
4982937294;44.07888;6.21102
4984137024;44.17412;4.7593
4984137052;44.17444;4.75931
4984475643;43.84565;3.51869
4984483049;43.6573;1.66055
4984725627;43.18085;-1.08454
4985056618;45.0533;5.36758
4985377900;47.95307;7.12433
4985597756;45.75667;4.80061
4986751114;44.1735;4.75953
4986871171;47.94501;7.1337
4986920744;47.95306;7.14399
4988036712;42.9739;0.66755
4988095256;42.19123;8.84379
4988095257;42.19029;8.84209
4988114323;42.49544;2.71436
4988404931;44.74955;-0.62928
4988404932;44.74943;-0.62908
4988404933;44.74942;-0.6288
4988404934;44.74952;-0.62855
4988404935;44.74952;-0.62836
4988404936;44.74948;-0.62817
4988404937;44.74933;-0.62795
4988404938;44.74928;-0.6277
4988404939;44.74935;-0.6274
4989770024;48.66691;2.38586
4990184390;44.24647;0.79418
4990823324;44.66348;5.19143
4990840021;44.63181;5.21609
4991135721;48.25083;-0.65094
4991645628;42.51945;9.00773
4991647722;42.52799;9.0172
4991647723;43.00441;-0.09585
4992803121;43.54645;6.94332
4992949271;44.53458;0.77107
4994482522;43.23035;2.53367
4995011937;44.47812;6.24648
4995135237;45.22209;5.7785
4995233804;44.54747;0.95171
4995235456;44.54837;0.95231
4998148426;45.69355;4.9628
4998158565;44.71202;5.09197
4998968634;43.67154;-0.01213
4999339084;48.54448;-1.75016
5001588654;45.83645;6.24194
5001658608;45.77363;4.85382
5001825194;48.8542;2.33383
5002186522;43.93521;0.61991
5002777428;48.87933;2.38245
5002777429;48.87872;2.3807
5003162521;48.25023;-4.2325
5003334909;44.68026;0.89422
5003651050;43.12525;1.33861
5003651051;42.94389;1.17404
5004354325;49.09679;1.44078
5004372326;49.09729;1.44257
5005057522;45.18454;0.72015
5005057525;45.18551;0.74916
5005068421;45.18438;0.72121
5005271685;42.8176;1.50788
5005282727;43.41584;-0.34143
5005403063;47.82913;7.18471
5005641030;45.72017;6.45972
5005641730;45.75544;6.56553
5006955731;42.27329;9.06378
5007586121;43.34261;-0.26358
5007822225;45.76277;4.76675
5008006222;43.6594;6.92299
5009194425;43.92896;4.94503
5009194426;43.93017;4.94205
5009194427;43.93096;4.94049
5009564509;46.8498;4.68747
5009743828;43.87878;7.44683
5010069738;48.96757;1.10003
5010166624;44.29069;2.83492
5011926222;42.19742;8.63756
5011926226;42.159;8.77858
5012325544;47.02871;4.63637
5012372324;45.95368;5.34229
5012553506;45.92279;5.39613
5012573022;47.49973;1.4592
5012582054;44.54491;6.1323
5012645487;48.84584;-3.00014
5012733061;47.86678;-4.2179
5014759944;44.13762;2.28432
5014919424;44.3894;0.81546
5014920722;44.38946;0.81555
5016154227;48.82268;2.30286
5016254493;48.21861;-1.57871
5016328108;42.98513;-0.59517
5016341331;42.9808;-0.59372
5016472607;46.60121;5.83079
5016648168;46.35632;6.45431
5016654322;45.10116;5.01625
5017041442;48.29523;2.20657
5017149319;49.01312;2.53942
5017801773;45.7107;2.56779
5017808720;45.57328;2.25605
5018004979;47.39563;0.69346
5018130680;45.24816;4.60831
5020612112;47.57087;-1.21738
5020858546;43.19022;5.6075
5020858549;43.18953;5.60772
5022892813;44.90121;5.25034
5022892814;44.9441;5.36221
5022892815;44.95683;5.29559
5022892816;44.96725;5.41591
5022892817;45.02575;5.32301
5022892818;45.12057;5.36228
5022892819;45.14686;5.37785
5022892820;45.17048;5.41253
5023067955;46.87628;5.81658
5024533143;46.20948;5.13262
5024588265;48.51083;3.89321
5024812983;48.88115;2.3544
5024918626;43.1953;5.6148
5025713349;45.18005;0.72067
5025728273;44.7847;5.76831
5026326471;47.33674;6.35449
5026369932;47.38455;0.67633
5026436822;42.86294;-0.01036
5026708924;46.02034;0.1457
5027042432;47.40284;0.59542
5027808361;47.37868;0.66837
5028495554;43.6742;6.97574
5028496028;43.67433;6.97571
5028619515;45.77238;3.08794
5028628105;43.76163;4.94761
5028628110;43.76203;4.94906
5028657164;43.75972;4.9499
5028713923;42.98506;1.14423
5028728470;43.82691;3.77171
5030188121;44.59846;5.86821
5030188221;44.60049;5.9036
5030682023;44.43602;5.9182
5030768129;44.94588;6.56265
5030798153;44.94429;6.5628
5030916354;42.43608;1.94342
5030926324;49.67742;-1.93896
5031045933;45.19849;4.53226
5031053988;47.90002;1.91854
5031918000;45.42712;4.58602
5031966760;45.41804;4.66956
5031987130;45.41832;4.66935
5032323186;48.07914;3.29394
5032508175;45.03551;1.03981
5033076459;45.459;5.98781
5033202250;42.98492;-0.61834
5033364553;-21.20944;165.57976
5033365023;-20.68878;164.97477
5034188821;44.46376;1.77888
5034361322;42.94524;1.21038
5034361323;42.94472;1.1742
5034721241;44.93659;6.59446
5034765580;48.77154;2.42611
5034790411;45.28582;5.77955
5035067839;44.65854;6.65106
5035067845;44.66027;6.64864
5035153322;43.55442;7.14243
5036156982;44.94471;6.57283
5037213926;42.06273;8.74067
5037224550;50.46608;1.76035
5037241738;44.11203;6.23233
5037500897;44.6436;4.38623
5038236120;48.11859;3.97024
5038254485;47.87608;4.01448
5038715817;44.55501;-0.08863
5039062073;44.9265;6.57488
5039185521;43.03944;6.11033
5039310219;44.945;6.57056
5039563063;48.48533;3.05011
5039563064;48.33175;3.73983
5039732549;44.94031;5.76165
5039772933;44.26141;0.58854
5039831912;49.04195;2.29333
5040980788;45.77882;3.10064
5041203935;43.17892;-1.34033
5041488979;44.96773;4.35344
5041488983;45.46949;3.26367
5041752577;44.59654;4.33928
5041811021;44.56165;4.59842
5042532293;42.89783;-0.71662
5042748635;42.6959;2.89928
5042834352;44.83761;5.70986
5042845303;44.71115;4.20814
5043069671;45.73262;1.31253
5043209059;43.2733;6.6408
5043285327;45.01708;6.63179
5043337841;43.14943;1.39439
5043438421;43.69604;7.27532
5043485350;44.5999;4.05004
5044298829;45.39795;5.41903
5044359444;44.88855;3.79037
5044420792;44.90719;3.68148
5044684729;44.99024;3.67842
5044697456;45.02407;3.68636
5044763296;43.01842;-1.12894
5044874408;45.93755;-1.24469
5044995767;45.85988;4.80405
5045044024;44.47582;3.98493
5045302922;45.93756;-1.24466
5045890589;47.38999;0.68767
5046110921;47.74413;7.33315
5046243624;44.7351;3.85835
5046260569;44.80751;-0.59051
5046397192;44.69574;3.82568
5046472468;43.60882;3.87658
5046529573;48.94101;2.3193
5046530517;48.93942;2.3181
5046538294;48.93764;2.31358
5046540050;48.93647;2.31586
5046541325;48.93524;2.31732
5046814174;44.45243;-0.57549
5046924474;43.87812;7.44996
5046924475;43.87779;7.44912
5047646323;45.97466;-1.33625
5047899106;44.55082;3.82659
5048615596;46.00075;4.3244
5049552489;44.2998;3.66413
5049684803;44.40351;0.99848
5049702879;44.21858;3.80918
5050126543;44.16723;3.84224
5050285153;47.31309;-1.32171
5050551299;44.87119;5.77083
5050907960;44.09209;3.00018
5050908721;47.29018;6.53627
5051175242;44.26348;3.04454
5051225369;43.39125;1.69258
5051831881;47.34657;2.48532
5053436791;43.23239;0.07813
5054063735;43.23742;2.28838
5054220737;45.22472;4.55038
5056224124;42.94484;1.72803
5056328437;48.85145;2.32546
5056590161;48.8999;2.3762
5057070137;48.49996;7.06762
5057070138;48.48348;6.95593
5057772265;43.55753;3.52708
5057829400;43.553;7.02506
5058094845;45.18772;2.85931
5058306483;47.34518;2.48478
5058414727;43.45979;3.42303
5058434723;45.18521;4.31327
5058701404;45.18464;4.31311
5058844121;45.844;6.46106
5058966419;44.79932;6.71715
5058983331;44.71658;6.80443
5058983341;44.75876;6.8202
5059143402;44.88186;5.63958
5059143418;44.88146;5.63991
5059751322;44.99011;6.11519
5060103523;44.92907;4.88878
5060119522;44.92938;4.88846
5060125021;44.92919;4.88835
5060719941;46.34758;6.41052
5061600801;47.63001;-0.71203
5062068123;48.79989;2.52205
5062105312;44.18603;7.05055
5062105423;44.18641;7.05387
5062393122;43.69866;3.82043
5063758609;44.5092;2.8838
5064122000;43.48187;1.45192
5064650369;44.1;4.75452
5065107314;44.91821;5.6355
5066005133;46.15372;-1.18112
5066206770;48.6107;7.74889
5066904447;44.55566;-0.24308
5066904448;44.55624;-0.24321
5067123822;44.32195;6.70372
5067411362;47.33747;5.04177
5067422687;43.43003;1.95435
5069077526;44.63725;-0.32006
5070276446;45.71788;6.57501
5070856710;43.06963;-1.41617
5071479302;44.81543;-0.58309
5071479307;44.81333;-0.582
5071479311;44.81209;-0.58201
5071490629;46.90232;5.76906
5073099472;44.92582;2.43171
5074625954;49.75641;2.94484
5074625955;49.98358;2.96821
5075917491;44.16468;3.84175
5077154664;44.87356;-1.14808
5077165091;49.42779;1.05009
5077349131;45.16695;4.2927
5077434252;45.77527;4.83072
5077476609;48.79067;2.25046
5078386408;46.18665;6.28261
5080742003;43.44493;5.67787
5081062168;45.40043;5.96378
5081170932;45.72736;2.99138
5081321582;45.19297;5.39268
5082486617;46.20245;6.24781
5083612652;47.18298;-1.53181
5085915721;48.79049;2.43228
5088069372;45.54883;3.19852
5088533921;44.89444;-0.1567
5088944521;44.77637;-0.34914
5089365773;46.93426;2.1173
5089396522;45.16233;5.72356
5089713922;45.72214;6.71713
5089805889;46.95617;1.23954
5091271060;47.16714;0.23593
5091457628;42.42604;2.78621
5092290954;44.73796;0.57971
5093966372;47.24656;0.54341
5096008157;48.48628;0.65338
5098117520;48.95002;2.30796
5099033460;47.38518;0.66732
5099240846;44.6581;-1.17382
5099240850;44.65522;-1.14651
5100483885;44.06388;0.42641
5101444865;43.10418;-0.42887
5104868294;43.9364;0.61544
5104868399;43.93657;0.61545
5104868400;43.93602;0.6259
5104868699;43.93623;0.62602
5104868708;43.93621;0.62592
5106041584;44.74238;1.78664
5108993923;45.20541;5.74306
5109327781;42.77005;9.45729
5109823315;47.45842;5.52809
5109868734;47.50045;5.29308
5109939285;47.52312;5.06821
5109987123;47.54035;5.01848
5109987134;47.51881;4.7173
5110511385;46.82707;5.58743
5111180239;48.75376;2.20923
5111279542;42.59943;9.26758
5111403454;45.52133;4.87018
5111527711;45.78409;4.79495
5113752933;47.51245;4.5896
5113752943;47.48204;4.43007
5113787441;47.46999;4.13446
5117564021;43.56105;-1.4466
5119000953;43.70201;6.03842
5119554322;45.13576;5.77125
5119560125;43.57634;1.43097
5119577121;48.07576;-4.30587
5119882525;45.58079;6.33189
5119916644;45.58148;6.33535
5120023355;44.8554;0.06363
5120376502;44.89803;5.32109
5124063500;44.18553;1.15476
5124063830;44.34292;1.33062
5124065263;44.34752;1.28649
5124349112;48.82308;2.36787
5126207324;45.77661;4.85417
5126359312;48.87378;2.15677
5126359313;48.87249;2.158
5126487247;47.30168;5.04916
5126734002;44.8522;-0.57399
5126763956;45.77746;4.85144
5126774247;45.49876;5.53981
5126837272;43.01928;-0.0956
5126978349;44.79932;-0.64222
5127496359;44.37086;4.64157
5127664858;43.18945;2.99704
5128609323;44.10694;3.09107
5128706073;43.52026;5.4488
5128791009;43.38955;-1.66352
5128791011;43.3894;-1.66382
5128791013;43.38904;-1.66452
5128791018;43.38758;-1.66858
5128867848;44.673;-0.8026
5130666921;48.37768;-1.83634
5131662535;45.35963;6.29947
5131670848;45.37113;6.32093
5131675987;45.21843;6.34017
5131681557;45.29357;6.2259
5133602296;45.11571;4.28937
5135422723;43.69691;7.26957
5135422724;43.69656;7.26868
5135449022;43.72847;7.36132
5135453422;43.72833;7.36159
5135453423;43.69611;7.26806
5138175631;44.82463;1.18344
5139078313;43.57989;1.34573
5139775319;46.6021;5.06861
5140003595;45.50104;6.05927
5140819391;48.68456;-3.98667
5141021559;43.62701;1.30237
5141784331;44.81262;-0.62617
5141784332;44.81291;-0.62559
5141784333;44.81324;-0.6255
5141784334;44.81324;-0.62598
5141784335;44.81335;-0.62644
5141784336;44.81331;-0.62713
5141784337;44.81277;-0.62749
5141784338;44.81229;-0.62694
5141784339;44.81184;-0.62671
5141784342;44.8121;-0.6259
5141784345;44.81128;-0.62648
5141784347;44.81119;-0.62724
5141784349;44.81103;-0.62548
5141784350;44.81095;-0.62591
5141784351;44.81084;-0.62642
5141796120;44.81242;-0.63132
5143446483;44.39083;5.47129
5143916532;43.26481;2.28695
5144599018;43.64497;-0.30594
5147264423;48.88512;2.31072
5147320991;47.90785;1.89416
5148552355;48.86322;2.3898
5149639036;44.06629;3.69681
5151333922;-21.33726;55.46341
5151351018;-21.33857;55.46237
5151372922;-21.33872;55.46232
5151372923;-21.33785;55.4628
5152046220;44.81781;0.45496
5152430422;42.6894;9.44759
5152986664;44.47962;6.85002
5153715740;43.77941;6.34224
5153716095;43.7799;6.34251
5154734193;43.27316;6.6416
5154734194;43.27165;6.64134
5154979724;43.73746;6.6253
5156526034;48.8248;2.22585
5156780789;43.51177;-0.44392
5156785396;43.39495;-0.70784
5156786184;43.29238;-1.01235
5156786862;43.45568;-0.6818
5156796769;43.97151;0.45784
5156798162;43.96437;0.44568
5163720451;43.87221;3.21747
5163739625;43.93089;3.06872
5163763416;44.00872;3.15839
5164528523;48.93284;2.0628
5164881104;43.77439;6.24317
5165823520;42.48144;2.68244
5166106397;43.88575;3.2416
5167383400;47.20717;-1.53394
5167389721;44.79129;6.73036
5169487381;42.53737;2.62163
5169871443;47.76376;6.92942
5170588820;47.33533;5.03177
5172433623;-21.11334;55.44879
5172465910;-21.1174;55.45118
5172822646;42.42049;2.5724
5173564795;50.10282;4.80773
5173639921;45.53325;6.05514
5173825621;42.95036;1.55832
5173825722;42.98864;1.4714
5173999624;47.011;1.25679
5174281562;45.19149;6.95188
5176283591;45.11184;4.9214
5178117275;48.63335;2.4246
5178173121;43.95294;-0.04447
5178274680;44.82977;-0.56204
5180408244;42.47011;2.58766
5181746528;49.00555;2.57682
5183242824;45.5625;5.45073
5186077671;47.30082;-1.821
5186077672;47.27824;-1.69658
5189370636;44.07371;7.16725
5189370637;44.06387;7.13159
5190837901;45.35149;6.37702
5191053721;47.82312;1.93286
5192234072;43.63843;4.81361
5193107456;43.69039;7.24522
5193381524;44.0346;3.73603
5193755508;-21.34404;55.47258
5194597047;43.47587;6.56316
5194597053;43.47647;6.56348
5195033090;44.02321;7.55759
5196671821;44.76098;-0.65575
5197104560;42.57597;2.72512
5199446422;-21.34027;55.45901
5199447422;-21.33971;55.45838
5200706280;48.68783;1.98172
5200890600;47.76493;6.92434
5200915335;43.57262;3.83886
5201922555;43.52376;6.94021
5202092354;47.46571;3.74723
5202168451;43.57108;2.95665
5204290821;48.66257;-0.94386
5204573219;48.88121;2.14871
5205906419;48.81536;2.10949
5206741756;44.16884;5.06834
5208315780;44.14737;5.05129
5208519421;48.27308;-1.66436
5208852491;45.20204;6.04
5208852493;46.77326;-1.2251
5210175987;48.75329;2.30864
5210430195;46.34999;4.26038
5210822784;48.69105;6.19945
5211049032;44.35948;0.65979
5211692390;43.22323;-0.88669
5212494029;47.46731;-1.87067
5215843449;48.89546;2.40767
5217895571;48.21596;1.70192
5217895572;48.21605;1.7034
5218191493;43.54321;3.7014
5219729322;47.18436;-2.15226
5219860328;48.82177;2.3488
5221326787;43.5584;3.71925
5221762285;44.60182;2.546
5221762866;43.93557;0.62441
5221765502;43.93646;0.61551
5221766021;43.93568;0.61688
5222420559;43.80427;7.49672
5222420560;43.80343;7.49689
5224504271;48.79182;2.52104
5224825717;42.53649;2.24985
5226133721;42.39761;9.49414
5226538326;47.24886;-1.54744
5227043767;45.29966;5.48298
5228136049;48.81243;2.47545
5230698302;45.06687;5.55809
5232469220;44.87154;-0.64489
5232469221;44.87188;-0.6452
5232469222;44.87171;-0.64508
5234498027;-21.33451;55.45704
5234498028;-21.34052;55.46047
5234498029;-21.34003;55.45987
5234498030;-21.33949;55.45928
5234498031;-21.3392;55.45896
5235007662;47.41697;0.71025
5236551305;48.67292;2.069
5236715916;44.43258;-0.21626
5237777509;43.58255;1.4357
5237953826;47.40213;0.69442
5238241492;45.18138;5.74803
5238610118;44.93577;4.89529
5239601155;44.706;5.78455
5245042149;-22.29438;166.44471
5245042150;-22.29351;166.44355
5247249077;48.81464;2.52675
5247249078;48.81593;2.52674
5248935322;45.95595;6.75076
5254959916;43.8467;6.50961
5256841899;43.55789;4.72508
5259589521;43.34517;3.21276
5259602205;43.34544;3.21131
5260623920;47.71212;6.96516
5261808221;47.39463;0.68583
5262678660;45.86317;4.84558
5263537096;45.93676;5.89447
5264492995;49.45923;6.37469
5273294530;43.53937;6.94494
5273294531;43.53943;6.94533
5273294534;43.53955;6.94591
5273775993;43.33097;5.03916
5279118731;46.06099;6.58114
5290245850;43.86306;7.1888
5291837164;45.10404;5.47308
5293909229;45.73665;4.83451
5294753125;42.6525;2.38749
5299103273;45.759;4.88353
5300654333;44.47041;5.45027
5301254749;45.31229;5.49712
5301254873;45.30664;5.49284
5302773224;45.22222;5.69095
5303502815;45.18316;3.65253
5303502816;45.18307;3.65187
5303944060;43.91322;6.28865
5304374278;43.30799;5.37577
5308747659;49.00287;7.63115
5312122462;48.87062;2.3749
5312122463;48.8701;2.37528
5312137615;48.67626;2.17047
5312255796;43.33896;5.05337
5312421729;44.80309;1.21446
5313714324;43.45766;1.57543
5314564416;42.83095;0.29693
5314900066;44.09077;6.23237
5316191245;42.85325;0.20967
5316547936;46.05033;6.94226
5316547937;46.05025;6.94195
5316547938;46.04999;6.94202
5316547939;45.89456;6.8033
5316652250;46.88662;-1.32145
5318510562;44.58995;0.88181
5318510565;44.55989;0.88855
5320014224;45.12702;1.30472
5320910120;44.73488;4.62064
5321705947;-20.99732;55.27938
5321835177;-21.16707;55.28837
5322391527;43.33958;-1.06062
5323296152;-21.098;55.26637
5328063342;44.56541;2.37547
5328341723;48.85759;2.3109
5329725926;46.19618;6.24003
5331434933;47.89878;3.89171
5331895333;45.87713;0.7222
5335526986;45.44885;7.01021
5340538512;45.62784;5.12305
5340538546;45.62729;5.12223
5340610768;44.02288;3.3017
5340858645;-21.252;55.47616
5341269551;46.1964;6.24001
5341763320;44.72999;5.0236
5341763421;44.72855;5.02258
5341763422;44.72908;5.02101
5341809812;48.86336;2.32716
5341890377;48.86449;2.32743
5341890379;48.86428;2.32672
5342543993;45.05607;5.22623
5343163851;45.14959;5.79619
5343174397;45.15763;5.84079
5343885373;44.72853;5.02185
5345774324;48.25964;7.45424
5345774326;48.25892;7.45651
5346728125;44.15573;4.36836
5351176215;43.04021;6.10679
5351664639;42.11619;9.26613
5351692112;47.12819;0.99774
5357132786;44.62379;5.08608
5358770021;44.56362;6.49688
5358932991;42.49806;1.84342
5360575421;44.90004;6.643
5361754579;44.38619;2.33417
5361887697;48.74505;2.34841
5363093423;43.28302;5.43102
5370786873;43.2836;5.43146
5372135400;44.77373;-0.61478
5372441121;-21.06081;55.53658
5376296165;49.24032;4.05739
5376296166;49.23798;4.05449
5376296167;49.23923;4.05406
5377801454;45.68871;4.93601
5385290276;42.5447;9.41917
5389500108;43.54176;6.96185
5401403978;43.70586;-0.82864
5402577994;48.79561;2.33154
5404287133;45.60502;5.14792
5405550029;43.57671;7.02874
5405550032;43.57008;7.03178
5405550034;43.56381;7.04275
5405674699;43.34569;3.21244
5406178128;48.10743;-1.65863
5411082117;44.81543;1.14678
5412955282;43.28117;6.29349
5414356505;43.55163;6.78165
5414383392;44.72606;5.02691
5415200010;44.66789;6.77829
5415200011;44.66723;6.77626
5418024623;47.58812;-2.89836
5418807011;44.38423;4.10024
5421402350;48.84103;2.28036
5422703372;49.61494;0.14479
5422831725;44.57621;2.23964
5423455701;45.74518;4.81631
5424931296;49.23946;4.05841
5425607431;44.39925;4.11429
5429347335;44.40857;2.74349
5434729121;44.77643;5.14324
5435578095;46.3092;4.82394
5435964278;43.75369;7.38228
5445521323;47.68916;-2.53781
5446074316;45.20035;5.71236
5446304754;48.86719;2.38294
5448936607;43.11655;-1.28812
5454169791;44.38243;2.52683
5459654318;47.95234;3.87111
5459846723;48.86254;2.38801
5459876521;48.85879;2.39465
5462732576;45.52461;4.8797
5464838176;43.15161;5.83901
5464861012;43.5762;-1.46065
5465480024;47.95602;3.8916
5466909149;46.18917;6.2081
5468006423;48.02583;1.87411
5468803561;44.84234;-0.57337
5468844873;44.83491;-0.57885
5473310438;47.70827;-3.35659
5473478007;43.41906;5.0584
5476217782;43.49689;-1.48232
5478838842;43.29697;-0.37083
5482606040;44.74947;5.3674
5489588747;46.06007;6.58065
5489589020;43.70574;4.95163
5494080315;48.6217;2.43748
5494080319;48.62013;2.43719
5497658239;43.83583;4.35403
5499457929;43.34606;3.22059
5502182018;45.60272;5.17223
5504030465;43.69528;7.26689
5506364875;43.30391;5.39415
5507062355;48.85799;2.29683
5511540465;42.5733;9.00064
5517950125;50.48651;2.52588
5520718726;43.74223;7.25671
5521182487;43.43392;6.73442
5522710403;43.5063;3.36906
5526939381;43.69416;3.79967
5530012721;43.38856;-1.68584
5530098421;43.38997;-1.66286
5533375421;43.71082;-0.83878
5533751826;43.79114;-0.65378
5533832302;43.69132;3.80444
5534106233;43.84727;-0.4596
5534339024;43.33238;6.08002
5535374021;43.88556;-0.40255
5536096442;44.16979;0.2899
5537243981;45.42636;5.82743
5537245836;45.44285;5.83311
5537247443;45.42559;5.83163
5537247445;45.42668;5.82848
5537513559;45.20471;5.77579
5537914722;44.49744;0.97031
5538246321;44.5826;1.16537
5540582119;47.08543;6.31119
5540629721;44.77926;1.73245
5542855228;47.40634;-0.76271
5543273626;44.98369;1.83338
5543486342;44.41254;2.19994
5545028792;45.5689;5.93459
5545059770;45.61204;5.1557
5546251035;48.89545;2.3204
5547555596;48.87114;2.35054
5547708121;45.80182;2.46807
5548186484;47.92474;1.91977
5550373525;46.36863;3.52139
5552038424;46.44639;3.63046
5552144055;46.50686;3.81337
5552822448;45.74555;4.82065
5554636437;46.84459;4.63216
5554929016;44.27658;2.91753
5556793366;43.87022;4.36202
5558686757;47.38923;0.66736
5559237913;49.07749;1.52379
5559698221;47.29084;6.20243
5559838712;45.8452;6.70028
5559838713;45.84491;6.69937
5559854021;42.91691;2.04537
5561741990;43.85374;7.23305
5562559810;44.49429;2.57636
5564567838;43.83484;4.35432
5564759903;47.65613;-2.4816
5564898641;47.58067;7.52287
5566513846;48.86157;2.28767
5566601621;47.95514;7.29324
5567345138;43.47864;6.86243
5568236305;46.77741;-1.06036
5568607422;44.93163;4.89184
5569014721;48.87219;2.36418
5569462521;47.22008;5.9837
5569510426;50.69175;3.05691
5569563175;45.73103;4.81836
5570814645;45.5871;5.27772
5570878289;44.65226;4.77252
5571990355;45.62445;6.78216
5572776766;45.23142;5.75159
5573154644;44.31782;0.64836
5573325024;45.44104;4.38588
5574102121;45.67517;-0.93159
5575665422;43.9984;7.15159
5579305776;43.88381;7.36068
5579312361;43.93091;7.36082
5579317626;43.8363;7.35495
5579988122;44.97391;5.15112
5580382595;47.98979;0.18769
5581302821;48.73193;2.02144
5582344023;44.48426;4.68879
5583025048;48.82732;2.25602
5583025271;48.82424;2.25111
5584217219;45.40765;5.43846
5585022899;47.44104;-0.98525
5585760078;49.27442;2.51729
5585860156;50.34116;4.01092
5587547565;47.92728;6.85538
5588217233;43.84932;4.59976
5588580245;45.72469;4.82256
5590274021;48.83567;2.30497
5590682999;44.37382;2.26615
5591511353;46.38303;5.87504
5591567676;46.53728;6.13884
5594887968;44.4231;2.90164
5595831804;48.19326;6.51535
5596280551;48.19524;6.52988
5596812525;43.75376;5.89721
5598548561;43.10229;-0.40353
5598851377;45.41915;4.68423
5600002261;43.59217;3.8872
5600386767;48.79189;2.28754
5600425605;45.7716;4.85653
5602593046;44.50537;2.18136
5602937321;45.18279;5.72252
5603017434;47.53231;4.50524
5603895521;45.20131;5.75421
5607531535;44.00793;7.53371
5607918545;47.09363;5.0066
5608026407;47.3332;-2.39031
5608067471;44.0653;3.97643
5610903483;44.05924;3.97584
5611187249;48.28664;-4.46002
5611267577;45.73699;5.01576
5611267591;45.73744;5.0155
5611391822;45.7773;3.08852
5612090271;43.11303;-0.90922
5612120076;43.60379;3.88873
5612148265;44.69571;-0.43954
5612309395;44.24256;5.07193
5612309396;44.24255;5.07259
5612309399;44.76455;5.07794
5613779637;48.71231;7.61633
5614527646;50.3243;3.74088
5614597787;43.60745;3.87835
5614987358;42.4846;2.76679
5615358448;48.83477;2.38236
5615691937;46.92052;0.80351
5615809860;48.82186;2.34847
5615809869;48.8215;2.35391
5615840426;44.45188;4.14873
5615854395;44.64163;3.34577
5615861062;44.64066;3.34477
5615890218;47.44114;4.66573
5616957690;48.83642;2.31657
5619294415;43.78553;7.2762
5619294417;43.78447;7.27629
5619875223;44.5768;-1.2239
5620332811;42.87178;1.83361
5622101965;48.86104;2.42786
5622110352;44.16807;0.62555
5623231023;44.2045;0.62699
5623231024;44.20599;0.62776
5623231025;44.2056;0.62695
5623231026;44.20582;0.62731
5625967751;42.82496;1.63845
5626281052;45.29493;5.63589
5626585261;49.17349;2.73326
5626655827;47.45655;4.88453
5626655836;47.2845;4.76359
5627611708;44.08968;4.00195
5628316018;45.62156;-1.02014
5628337254;45.61442;-1.01169
5628342371;45.61285;-1.01028
5628804650;43.61077;3.15332
5628926173;44.54915;0.53466
5629045180;46.98673;4.74737
5630352856;45.92545;6.87147
5630812032;44.03054;1.95507
5631158642;47.49128;5.20974
5632211149;41.78272;8.97957
5632601621;48.64364;2.40069
5632630333;48.87965;2.25873
5632875944;46.96842;1.0267
5633104027;49.32557;-0.37066
5633381321;43.31488;6.47083
5634808228;48.25793;7.45199
5634918837;46.33946;5.36835
5635006346;45.92729;6.15455
5635605120;44.21301;2.51953
5635734610;44.21546;2.51553
5637861640;44.37122;2.67142
5638001637;43.84801;7.36381
5638044413;44.56419;4.10343
5638518828;43.25016;2.83085
5638699455;46.97744;5.9998
5639132522;47.3834;0.42432
5639638139;43.35348;2.77578
5639760431;46.30598;3.29234
5641473347;42.87149;1.83354
5644300529;48.94262;2.80772
5645902055;48.99169;2.27851
5646141521;46.05591;5.1488
5646192174;45.57986;4.80472
5646257724;44.85825;0.06394
5646391895;44.56899;2.59017
5647049278;48.09438;6.80438
5647906721;42.50327;9.11778
5649655311;44.49327;4.05098
5650325518;45.90176;6.12243
5651668578;44.13495;4.81153
5652102821;42.47192;3.11676
5653166125;43.23119;5.35498
5653325200;44.80623;-0.61921
5653765344;45.34835;0.53985
5653853303;44.8372;-0.57201
5654135288;42.6977;2.89459
5656982918;44.84467;-0.65431
5657153937;44.00285;7.55408
5657153938;43.87691;7.45147
5657153939;43.78667;7.44393
5657153940;43.69848;6.98153
5657153941;43.69401;6.71426
5657153942;43.73932;6.70524
5657174077;44.08882;6.85407
5658590922;43.28934;5.3704
5658793324;44.82609;-0.55707
5659139028;48.86941;1.79995
5659261140;47.93198;6.16607
5659273657;48.51372;-4.0695
5659273658;48.5141;-4.06919
5659273659;48.51349;-4.07038
5660873248;43.63644;-1.44753
5661515787;44.51693;6.56424
5661791405;41.69757;9.06462
5661791410;41.69769;9.06397
5663140005;45.64746;4.81473
5663231893;45.31372;-0.55768
5663294703;46.68167;5.56093
5663294704;46.68187;5.56115
5663294705;46.68219;5.56149
5665047599;43.86345;5.24443
5666005487;49.33808;1.08568
5666510971;42.98171;2.37679
5666522885;43.08311;2.45854
5666522886;43.08125;2.53045
5666629442;48.84485;2.26896
5667521634;47.26454;3.47383
5667598005;45.69469;4.96368
5669359631;47.01975;6.11082
5669448721;41.87116;8.96273
5669891724;46.70694;6.2091
5670541026;48.26166;7.454
5673373722;43.97695;6.59484
5673454487;45.15412;5.32104
5674324043;-21.15083;55.47699
5675536304;47.22982;6.30173
5677786394;43.95028;4.80245
5677889170;45.72391;4.82576
5678091608;42.69578;2.88298
5679169521;44.59076;4.11625
5679692223;43.17099;5.83021
5680140143;43.34005;5.97515
5681003593;46.15725;5.14496
5681192030;46.10561;5.03598
5681192031;46.08198;5.05766
5681248581;45.81523;4.94034
5681517139;43.95769;2.88141
5682100759;45.23764;5.40639
5682314055;44.05074;2.82463
5682361347;43.09773;-0.81782
5682391048;44.62219;4.38468
5685004464;43.78418;4.09102
5685865993;44.94006;4.07924
5687980462;44.62809;0.45766
5688361516;45.95205;4.72633
5690394821;48.85145;2.27528
5690716232;43.54899;7.0038
5691370641;48.90219;2.4507
5692186204;47.78599;7.32729
5692921641;42.3046;9.14999
5694069091;45.74509;4.31276
5694403410;45.74851;4.8769
5694900322;42.75816;1.50302
5695185824;43.28489;6.10066
5695375152;44.34204;2.49649
5696096850;47.02859;3.53394
5696694846;47.60522;-2.74032
5697434555;43.80496;7.49655
5697463814;43.84352;7.47054
5697463815;43.81984;7.46176
5697481386;43.81284;7.44039
5700469721;48.08722;-1.67049
5700578216;42.17239;9.16908
5702148823;48.0722;4.3756
5702498656;44.29298;5.59582
5704566848;43.51842;5.44771
5704619848;43.51712;5.44795
5704653433;43.51897;5.44738
5704653434;43.51921;5.44729
5705937425;44.52452;2.65734
5706214590;43.71677;6.13503
5708207323;48.83914;2.26103
5710823123;43.43633;-1.52133
5711310583;43.5209;7.03945
5711425041;48.89411;2.3497
5711627775;48.22738;3.8576
5713407179;41.81322;8.89782
5714177456;42.60831;8.86193
5714619222;46.64556;-1.80904
5715051025;45.41368;5.83785
5715257222;48.74231;2.22613
5715772308;43.50726;3.36957
5716072218;44.25734;2.86794
5716082863;43.27389;1.34776
5717886516;44.86422;5.68825
5719704315;47.89451;1.89384
5719810793;45.43144;5.75097
5719959139;47.50865;7.46874
5720517259;44.20845;2.95773
5727536879;43.52402;4.70619
5728435531;47.37981;0.68047
5728505761;44.24081;6.62925
5728505933;44.4192;6.73383
5728560456;44.91563;4.87902
5728560757;44.93036;4.88721
5728805414;47.20671;-1.60646
5729940123;44.93135;4.88974
5730147684;45.47421;4.51008
5730488969;50.88314;1.66792
5730609024;44.83957;-0.57131
5730995813;47.32125;5.01123
5731009989;43.68678;5.70867
5731781221;48.79361;2.29303
5732176511;44.0314;7.03554
5732176512;44.03094;7.03494
5732176513;44.03135;7.03572
5732176514;44.03204;7.03619
5732367058;48.94082;2.39023
5732611164;48.92763;-0.48095
5732653352;44.84002;-0.55985
5732653370;44.84389;-0.57422
5732986789;45.65851;0.97795
5732993365;45.41449;0.92101
5732993368;45.54549;0.98059
5732993369;45.25178;0.78531
5732993370;45.20564;0.6585
5732993670;45.41442;0.92106
5732993672;45.74586;1.11878
5732993673;45.3479;0.86796
5732993674;45.20666;0.66568
5732993675;45.05398;0.39588
5733464588;45.18316;5.71266
5733645991;48.68738;2.01825
5734533056;44.50424;5.80618
5734955450;45.65164;6.09476
5735133313;48.75746;6.8992
5735133315;48.75774;6.89952
5735767309;46.10459;-0.75232
5736005376;45.23653;5.4042
5736598530;43.95358;7.51915
5736598577;43.96384;7.48917
5736931115;43.9221;5.1277
5737208234;44.4958;6.45913
5737340396;44.06412;7.1312
5737394736;45.16562;6.42895
5737438955;44.72495;6.86467
5737446313;44.85418;6.72671
5739204923;44.05407;5.71237
5739414288;43.99032;3.56894
5739863861;45.99357;6.9333
5739986822;45.43606;4.41723
5740904478;46.77307;4.54316
5743003989;48.75946;2.31692
5743947861;44.39969;0.76522
5745116111;48.08048;-4.41468
5745407021;43.12122;5.93459
5745512122;48.85212;2.25389
5745763223;44.83226;-0.56686
5745803273;49.77782;3.95675
5746296421;44.60695;2.0284
5746296521;44.59629;2.03542
5746479485;48.84534;2.33773
5746504693;45.69423;4.80471
5746525387;44.95916;3.54753
5747087861;42.32519;9.20598
5747476885;45.76238;4.82827
5747733344;46.11109;6.39754
5747743126;42.30285;9.31617
5747743145;42.30375;9.31904
5747747245;42.35441;9.45317
5747865622;43.29515;5.36248
5749517708;44.92683;6.6848
5749539183;43.9834;7.2778
5749581479;44.18025;6.41846
5751576666;43.29588;-0.3604
5753295521;43.69499;7.26934
5753295822;43.45911;6.49563
5754294461;45.32348;5.56116
5754294462;45.32143;5.56397
5755247885;47.1791;4.87548
5755806220;43.34374;3.20805
5755933020;44.57368;6.05629
5756378266;48.83669;2.21661
5756715690;44.06724;6.61779
5756731056;44.10514;6.66009
5757246549;44.09103;6.65384
5757262894;45.46424;4.38638
5757262895;45.46262;4.38523
5757406915;47.36438;0.66129
5757408707;46.78985;3.12478
5758799355;43.46105;3.423
5758909710;44.45961;3.85587
5759156918;44.77617;5.59104
5759986987;43.7376;-1.08796
5760265320;41.9415;9.33155
5760339440;44.82124;5.62534
5760476774;42.88799;0.34753
5760476775;42.89056;0.34984
5760582491;48.6169;-1.21641
5760646318;47.33077;2.83867
5760705037;48.79676;2.13197
5760819782;47.58881;2.78727
5760827157;47.74702;7.33817
5760839417;44.8272;5.62203
5760844904;47.68461;2.62981
5761125928;45.051;5.9018
5761366330;47.6909;2.47559
5761410832;48.68893;5.72056
5761410834;48.61414;5.57496
5761410839;48.52847;5.12658
5761410851;48.54794;5.07527
5761410854;48.59053;4.86616
5761410855;48.59226;4.86358
5761410858;48.41934;4.65838
5761410862;48.3596;4.50544
5761410883;48.26148;4.10023
5761410884;48.21217;4.09763
5761410886;48.18829;4.0749
5761410887;48.11398;3.96656
5761410889;47.90038;3.68747
5761410892;47.37101;3.28703
5761824207;47.38826;0.8264
5762008427;47.6554;1.4342
5762020114;45.69187;3.09477
5762030061;47.82611;1.70201
5762048347;47.89789;1.90938
5762139049;44.92774;4.89325
5763570355;43.13727;5.85014
5763680529;47.59814;2.02514
5763985119;43.60916;3.15686
5764542375;42.81148;1.89102
5766287504;44.18666;1.88064
5766676132;45.39833;6.44477
5766784138;47.29533;5.27354
5767454752;43.34145;6.69413
5768444916;48.28511;6.94642
5768515290;48.82456;2.36542
5768610520;43.60781;3.89192
5768610521;43.60797;3.88789
5768621134;43.0784;1.35972
5769089104;44.52601;6.40262
5769939953;50.21536;1.56545
5770302635;43.12192;6.12642
5771195155;44.55046;6.0729
5772616639;47.25589;4.65115
5772616641;47.36699;4.86383
5773181817;44.35212;2.5593
5773295429;43.81016;3.02471
5773296339;43.76709;2.9493
5773305508;43.82179;2.87841
5773816163;44.80282;1.21054
5774747255;43.45608;5.24026
5774899253;48.87311;2.32803
5775099397;47.58618;1.3435
5776347424;45.73827;5.01636
5777065710;48.81205;2.28117
5777438553;44.85126;0.68856
5779219741;43.3513;5.21382
5779383465;42.57501;9.00063
5780460230;43.70011;6.98953
5780465560;43.72362;7.10866
5780843253;43.96373;7.48924
5782096002;48.13924;7.26364
5782099269;48.14028;7.26204
5782900654;43.3163;3.54886
5782932153;43.31546;3.54903
5782932154;43.31703;3.54851
5782932953;43.31778;3.54754
5783804253;44.56019;6.07659
5784116384;45.76137;2.89387
5784616897;42.45798;2.03924
5784832301;46.01703;5.59698
5785076679;44.53806;2.56768
5785095196;44.53603;2.56467
5787618203;44.81707;5.74923
5788040022;44.52544;6.18514
5788156207;45.86195;2.833
5788159997;50.07539;2.12569
5789700032;48.00574;6.71492
5789966827;43.63297;6.78232
5792041747;46.19379;6.21682
5793260452;49.30145;-0.08245
5793331563;46.08268;4.75451
5793771368;45.12496;5.69378
5794128475;48.85382;2.35772
5795275572;45.76976;4.18158
5795328793;45.92456;6.42161
5795328794;45.92495;6.38737
5795647760;45.94252;6.43164
5795827746;45.90473;6.42369
5795827748;45.90456;6.42461
5795872354;44.98104;6.07262
5796005554;48.8394;2.327
5796360413;48.87898;2.26101
5796360416;48.87933;2.26172
5796771750;44.0475;3.87562
5796811344;44.76541;2.77869
5796865253;46.1937;6.21675
5796917305;46.19725;6.21762
5796999813;48.79763;-3.58543
5798367090;45.67475;5.4784
5798367092;45.67647;5.47041
5799093075;48.94423;2.54266
5799219853;45.06174;5.57843
5799236349;45.14818;5.71615
5799918454;44.8433;3.83031
5800513386;46.34613;-0.38197
5800551028;45.91482;-0.9586
5800978161;43.66107;-1.30312
5800995101;48.85621;2.2836
5801296053;47.06364;5.46175
5801409492;45.43119;6.81372
5801413038;43.36164;-1.39976
5801705523;44.55953;6.37923
5801852555;48.76127;-3.56492
5802396714;44.85299;0.69004
5802511288;50.48089;2.12911
5803091153;48.87942;2.34832
5803899654;44.16825;5.06521
5803899753;44.16828;5.06543
5804414457;44.52523;6.32692
5804414459;44.52539;6.32673
5804650300;44.16797;5.06845
5807151577;46.32322;-0.45947
5807182164;44.80328;2.75887
5807280577;44.80213;2.75427
5807354284;48.4915;-2.00388
5807470223;42.69469;9.45124
5807470537;42.69442;9.45056
5807558363;47.3945;0.69517
5807582922;48.62218;2.26685
5807582924;48.62172;2.26683
5807621970;44.79985;1.61671
5807628928;44.68671;1.56145
5807657315;44.94868;2.22543
5807667286;44.95228;2.57809
5807668294;44.91353;2.36582
5808381358;43.0854;0.56869
5808547216;46.78297;4.84831
5808928791;45.40393;6.67515
5808968455;47.38991;0.68583
5808968456;47.38995;0.68707
5808993448;45.40657;6.67057
5809143490;45.55991;6.73607
5809896354;45.06673;5.39038
5809984233;44.14942;1.75456
5809984491;43.00314;1.1388
5809984492;44.15167;1.75672
5809984493;44.0761;1.52152
5810395126;49.90077;2.30624
5810412817;44.85362;1.54002
5810592458;45.77938;4.85664
5810809302;46.05538;6.48407
5810831439;46.05464;6.48334
5810831440;46.0545;6.48444
5811136971;47.51929;5.11145
5811817192;42.98601;2.75747
5811817195;42.92141;2.6923
5811817201;42.80195;2.38477
5811817224;42.80067;2.3048
5811817225;42.8038;2.29584
5811817234;42.82969;2.17978
5811817314;42.80148;2.38437
5811817319;42.8008;2.30414
5811817324;42.81498;2.19708
5811817325;42.82239;2.15482
5811817328;42.82972;2.17909
5811817336;42.81321;1.88959
5811817337;42.81303;1.88984
5811817344;42.8705;1.83345
5811817374;42.86241;2.12681
5811817391;42.95737;1.61578
5811818053;44.6589;-1.17379
5811818055;44.64432;-1.07402
5811898660;48.86255;2.08337
5811915301;42.72486;1.6913
5811956551;45.84826;5.33362
5811990469;42.7538;1.48873
5811995918;42.73599;1.47923
5812072587;48.79598;2.17838
5812101534;42.83231;0.62
5812110587;42.81875;0.34395
5812115953;42.90327;0.10218
5812140270;42.87518;0.00641
5812148067;48.76316;2.0216
5812150988;42.85613;-0.01235
5812159446;42.83743;-0.00444
5812164481;42.88647;-0.11067
5812196038;42.90991;-0.5736
5812198457;42.90954;-0.57297
5812213677;42.97734;-0.87152
5812217220;43.03165;-0.95146
5812295360;43.97053;5.88998
5812378205;48.70272;1.89244
5812381341;48.70483;1.88597
5812418355;43.9677;5.88933
5812440853;43.96632;5.8868
5812489053;45.90595;6.69593
5812839339;43.88704;-1.31332
5813726624;47.3705;0.70414
5814517981;47.62163;4.36743
5816430412;49.04663;4.12389
5817146363;43.20046;2.14245
5817645953;44.24155;-1.12103
5817687315;43.60865;1.47222
5817695776;43.6067;1.47173
5817733434;44.71707;2.55234
5817744962;46.75369;-2.01926
5817900148;44.50009;4.57356
5818001559;45.18326;0.72172
5818494613;44.55689;4.50427
5819003754;45.32152;6.27179
5820072824;48.864;2.23332
5820578653;45.37932;6.32688
5820580497;44.06062;4.4774
5820607006;43.51644;2.11056
5820883841;47.53779;4.49326
5821209530;47.52203;5.06545
5822132526;49.00348;2.59078
5822891922;44.54877;-0.88078
5823041820;48.40277;-4.51894
5824188290;45.27131;5.67836
5825017909;43.04701;-1.37132
5825291817;43.68767;4.13657
5825302355;48.69676;-1.21123
5825322118;43.29807;2.75694
5825349430;44.18222;2.78823
5825882848;45.17441;6.65514
5825919195;42.71899;1.8443
5826089077;44.51421;4.78259
5826426856;43.187;2.0346
5826434461;43.4061;3.66403
5826884998;48.61469;-0.60015
5827157085;45.76879;4.8213
5827510359;42.85723;0.88819
5829153640;48.85225;2.34795
5829282685;45.92207;3.14421
5829422085;43.46085;3.42586
5829693185;43.58199;3.85588
5829727291;44.87816;4.57383
5829752785;48.84039;2.42826
5830197645;44.15298;6.15018
5831434685;44.18819;2.65877
5831618166;49.51836;0.14227
5831665661;48.0849;7.07655
5831719636;47.4637;4.45886
5831750529;43.60609;1.50216
5831803485;41.40513;9.09455
5832388163;44.72106;6.28909
5832418524;48.61975;1.90482
5832470485;46.60146;3.67171
5834443599;48.81783;2.24345
5834557606;43.00375;-0.10297
5834752973;42.98754;-0.10667
5834885379;44.23331;5.3243
5834885451;44.33271;5.16907
5834919985;48.82851;2.41381
5835706070;42.873;-0.00356
5835732353;45.91291;5.37583
5835809126;45.86295;5.39427
5835879985;49.10715;-1.60616
5835881685;49.10729;-1.60663
5835881785;49.10714;-1.60685
5835894985;49.10689;-1.60692
5835897385;49.10646;-1.60704
5835932714;48.86151;2.34838
5836029185;46.1091;5.96724
5836114786;43.84675;6.51374
5836156455;43.77374;7.50637
5836399151;48.44996;5.67653
5836547965;44.60442;2.24682
5836652362;45.22644;5.8031
5836795633;45.78508;6.72325
5837936437;43.56008;1.39542
5837952482;43.56041;1.3968
5837952483;43.55991;1.39769
5837999305;43.56211;1.41448
5838258870;47.99477;7.06328
5838291559;44.79195;-0.66501
5838411135;43.30415;3.32987
5838411136;43.317;3.28177
5838432122;45.59608;2.74693
5839050654;47.66726;5.02975
5839600184;44.50298;6.37072
5839698993;43.4603;3.68501
5840097104;44.72027;6.84753
5840544171;41.8377;9.2937
5840566420;49.51726;-1.28911
5840566531;49.51723;-1.29051
5840573112;47.1799;-1.51149
5841271570;47.26036;-0.06498
5841275615;47.40931;-0.32039
5841653197;45.12729;1.30546
5841721485;45.12755;1.3045
5841731162;44.26742;1.35332
5842046937;48.79421;-0.40618
5842112986;43.66751;7.14586
5842152857;45.25276;5.4736
5842157636;45.04243;5.04898
5843593669;48.89191;2.24211
5843688437;50.12612;3.68723
5843688438;50.12625;3.68742
5843731139;44.03127;7.09897
5843771696;44.75205;6.55066
5843819285;42.28934;9.35945
5843824100;42.3233;9.39336
5843937177;42.31479;9.2673
5844255111;48.24326;2.43777
5844256691;48.27735;2.42626
5844413384;45.28657;5.52674
5844461885;43.47221;1.10337
5844704134;44.17791;3.42836
5844704135;44.19554;3.37773
5844704138;44.19641;3.37776
5844720770;44.30886;3.39574
5844720775;44.3097;3.39446
5844753781;44.34064;3.60473
5846064585;44.82652;1.18108
5846333587;44.03232;7.09923
5846372922;44.23865;0.15525
5846655436;43.20486;1.52106
5846737926;43.52386;-1.52475
5846738793;43.52083;-1.52613
5847059619;44.39132;3.7834
5847098233;44.86154;3.48796
5847098234;44.86123;3.48785
5847140696;45.62272;5.22264
5847242779;44.87159;3.24866
5847273054;44.38535;3.87498
5848030159;44.94043;0.56669
5848039023;46.15992;4.67947
5848184912;47.41885;-0.43523
5851856624;47.86341;3.97873
5851893187;47.24212;6.03085
5851978587;48.88923;2.33821
5852131277;48.72475;-1.16908
5852160748;45.09097;-1.14698
5853558985;48.8526;2.32446
5853731096;44.50026;3.75716
5854118117;44.62158;4.38788
5855868294;45.23645;5.67734
5856720450;47.39812;-0.3164
5856723914;47.39793;-0.31634
5856850923;45.46758;5.31516
5857028075;44.56808;4.2137
5857150101;44.57353;4.2298
5857158150;44.62944;4.19781
5857161245;44.56504;4.25199
5857271078;42.87342;-0.00284
5858724583;44.94397;5.06608
5859170245;44.95136;2.68002
5859326102;44.84772;2.66004
5859339914;43.56881;4.19339
5860490487;48.86319;2.25959
5860550564;46.59771;6.1137
5860726501;49.85717;4.74107
5861251641;45.36126;5.59246
5861746420;45.35554;6.09905
5862340279;48.8848;2.33859
5862622694;45.1295;5.58881
5863016545;43.50759;3.36986
5863032451;45.0782;-1.04627
5863104185;44.00136;3.04491
5863218492;44.71126;6.84895
5863318936;44.72845;2.5437
5863322141;47.2514;-1.37191
5863434705;47.1344;-1.74417
5863584754;43.29934;5.37557
5863629667;44.71319;2.45285
5863634994;44.71307;2.45046
5863635004;44.71314;2.45104
5863936886;45.18655;5.70979
5864304016;47.13245;-0.15869
5864455398;44.69296;2.38409
5864951664;44.8739;-0.57538
5865383629;44.98667;-1.13489
5865385603;44.98562;-1.13465
5865419898;44.98425;-1.13529
5865420000;44.98603;-1.13352
5865557436;43.30699;-1.5948
5865639886;44.38009;0.52626
5865663338;48.60715;-2.15877
5866040980;42.32786;9.25052
5866043606;44.98586;-1.13096
5866512905;42.37934;8.77895
5866522561;44.45804;-0.37307
5867673328;46.14128;6.10668
5867695280;42.93406;2.22128
5868453652;45.09777;3.60896
5868498965;45.46933;2.71859
5868500378;48.77134;2.28594
5868657681;43.91339;6.54069
5868758413;44.98617;-1.13193
5868807854;44.98275;-1.13324
5868809375;44.98274;-1.13384
5868809725;44.98221;-1.13466
5868810314;44.98283;-1.13415
5870992993;48.85997;2.35734
5870999194;45.28395;4.44435
5871198882;44.22564;6.26883
5871406243;44.35645;2.57857
5872920283;48.7828;2.3361
5872974690;41.71595;8.91499
5873407587;41.78819;8.97672
5873436217;48.92657;2.2146
5873531785;44.39839;1.49893
5873907189;47.89795;1.89939
5875284230;45.74247;4.81488
5875311479;44.98604;-1.13156
5875538545;43.68229;7.00435
5875538546;43.67806;7.01499
5875983756;48.90984;7.75025
5876245360;48.71863;-1.10741
5876258786;45.1893;5.69459
5876266223;48.75167;-1.12324
5876682551;44.6828;4.54112
5876692281;43.76994;3.86803
5876720381;43.69056;4.12849
5876978051;45.90221;6.12713
5876978409;45.89834;6.12558
5877053893;49.91344;4.69248
5877791791;48.34949;7.18733
5878425249;45.18269;0.71298
5879384137;48.86048;2.37377
5879492146;46.06048;6.52944
5879515485;43.08814;1.87357
5881229587;46.11843;4.61539
5884349197;43.4098;2.0805
5885153831;44.45773;6.74462
5885504333;48.91478;2.32766
5885573286;43.55648;2.91678
5885573289;43.61976;3.3164
5885590745;43.32787;3.56646
5887806845;44.06855;3.69501
5888387988;45.29516;4.55826
5889927391;45.78;4.83599
5890584225;48.56642;-2.05937
5890980943;43.07647;1.08655
5891146317;-20.90489;55.4278
5891284071;43.83017;4.35666
5891284072;43.83111;4.35561
5891527440;46.27604;1.50908
5891544374;46.35884;1.57652
5892442172;45.3977;5.84299
5892501827;45.39789;5.84337
5892600126;45.41676;5.85002
5893046633;44.66613;5.70614
5893144499;47.36648;4.68717
5893157626;47.18622;3.9437
5893978304;47.07727;4.09834
5894006886;46.86638;4.18952
5894356418;43.41155;2.07888
5894470286;47.8576;7.17229
5894577646;48.80048;2.41679
5894654017;44.68097;5.71124
5894679998;47.46562;3.74578
5894891531;43.53136;5.43492
5894975904;43.79635;6.94256
5895540859;45.38223;5.84385
5895991555;49.90032;2.30789
5896536936;44.50397;6.02488
5896663425;44.83312;-0.61126
5897208402;44.39313;4.50198
5897211846;45.52392;4.87462
5897468167;46.25919;5.6562
5899275083;46.45424;4.06051
5899275084;46.4538;4.06039
5899481286;48.99232;2.26079
5901138865;45.78064;4.83173
5901662590;44.4025;0.5883
5902234634;-21.26646;55.33304
5902261202;-21.20592;55.35577
5902293321;-21.21166;55.39946
5902317735;-21.26671;55.35338
5903457341;46.40066;6.58086
5903457342;46.40055;6.58275
5904513112;44.67734;2.27522
5904840360;48.80589;5.94085
5904951540;43.71067;1.56072
5905645563;42.0157;9.40496
5906345893;48.83982;2.24313
5906372437;46.39073;6.53845
5906815987;-8.87737;-140.05369
5906830999;-8.8734;-140.06099
5906831000;-8.87524;-140.05211
5906831001;-8.88879;-140.02807
5906831002;-8.88871;-140.02772
5907083254;45.66219;6.17849
5907083256;45.66229;6.17708
5907261186;45.19189;5.68693
5907906186;42.65604;1.84294
5908302542;45.07144;6.1549
5908331693;44.46753;6.21865
5909547422;45.52069;4.87045
5909862691;48.82163;2.32006
5909985292;45.03079;6.36331
5910001756;45.45839;4.76121
5910108902;47.63163;3.65932
5910186253;46.61436;5.84785
5910186364;46.20014;5.21488
5910319093;44.68535;2.23037
5911527480;45.91682;-1.33076
5913251464;46.82624;6.31986
5914418340;45.1774;6.03653
5915847193;44.54573;6.27486
5918361191;43.72524;7.41203
5918933098;46.04498;1.01741
5918934903;46.04278;1.01496
5919176901;46.8069;3.55001
5919361481;43.64592;3.38722
5920039269;44.46265;1.29003
5920043085;47.06398;4.86032
5921204886;48.9046;6.07933
5921489501;47.10304;5.88389
5922716834;44.52614;2.72847
5922721385;48.62704;2.66426
5922790383;43.57518;7.01925
5922823764;43.57486;7.02032
5923014614;45.51342;6.28205
5924826257;47.21773;6.00778
5925894948;45.27074;5.89191
5927142256;44.26512;2.36502
5928073430;44.54669;6.27985
5929295759;43.58387;1.40927
5932425326;43.60563;1.42587
5934579125;44.52881;4.28668
5936853224;48.84129;2.45639
5936853478;48.87615;2.28048
5938994686;45.33797;4.59955
5939861007;45.68982;4.94825
5940937775;46.38151;6.59269
5941308185;48.91572;2.32801
5942286103;41.74064;9.17189
5942289950;41.69605;9.06757
5942303636;41.81486;9.02254
5943571450;44.70614;2.50034
5944790781;44.46993;2.72067
5945017741;44.46815;2.7157
5947958616;45.30095;6.10416
5947967086;45.5279;3.91623
5949366385;48.85306;2.65072
5949740641;45.23489;5.40354
5951993090;48.84916;2.28163
5952081034;44.72036;2.35574
5952501375;44.02757;7.56911
5952630727;44.89408;1.47769
5953915963;48.83195;2.37358
5955100602;44.29629;2.18151
5955831960;45.29386;6.10711
5956655890;48.86188;2.34517
5959757868;44.8309;-0.58834
5959758963;44.8706;-0.54976
5959759127;44.85559;-0.60272
5959759129;44.85139;-0.6046
5959759131;44.85044;-0.60312
5961641557;49.06723;6.3082
5961688491;-12.75325;45.23129
5961878487;48.8721;2.38339
5961934585;46.03942;4.4752
5962173151;48.87072;2.38403
5962230472;45.77211;4.79568
5962230473;45.77147;4.79608
5964257885;43.56486;3.19071
5964937511;43.33818;1.48457
5966228685;48.84747;2.33795
5966370485;43.28543;5.35137
5969839990;44.18162;2.56463
5969839991;44.18202;2.56494
5971973658;45.23939;5.80246
5971973659;45.23966;5.80355
5973194682;45.39904;5.41976
5974707497;43.74147;-1.00057
5977632586;45.63739;3.2699
5979673002;43.13046;5.91293
5980925055;47.21146;-1.52162
5981033974;46.15794;5.07649
5981218488;48.83621;2.38212
5981283566;46.47481;5.15961
5981593885;47.77744;0.79341
5983130729;43.33753;-0.36218
5983725399;45.79026;4.81678
5984917180;48.8366;2.20722
5984958514;48.83875;2.21859
5985107585;47.26663;-1.57417
5985324154;46.26905;5.5298
5985410978;45.5244;4.88173
5986227013;48.94074;2.47386
5986858071;42.89623;1.79536
5991587430;44.61233;2.66819
5993110587;43.00408;-0.10249
5993110590;42.9739;-0.19233
5993132285;42.96541;-0.20197
5993953061;44.78498;2.25435
5998105795;45.19349;6.65742
5998126111;43.37246;-1.78018
5998338231;41.72603;9.01644
5999138739;44.02343;7.55802
5999138740;44.02393;7.55805
5999138741;44.02423;7.55816
6000834315;43.36391;-1.77186
6000901143;46.07179;4.89794
6000917806;43.37283;-1.77692
6001031878;-12.84233;45.18379
6001140785;48.8713;2.38326
6001495943;48.87151;2.38489
6001733777;43.27538;3.35213
6002223263;43.34467;-1.76953
6002800065;43.851;4.158
6002992194;47.19312;-1.85443
6003307161;48.87059;2.38239
6003592177;47.79183;7.36624
6004852734;42.69729;9.44935
6005939971;47.87583;3.52724
6006375053;48.20106;3.27478
6007397386;42.78559;0.02028
6007397490;42.99758;-0.28612
6007397494;42.99649;-0.09201
6007397787;43.0624;0.13598
6007397789;43.00796;-0.09959
6009644596;48.89346;2.23129
6009644601;48.89381;2.23083
6010666394;42.89369;1.79347
6010949354;48.89198;2.3392
6012192119;44.80385;-0.65712
6012192124;44.80742;-0.65259
6012192146;44.7989;-0.63109
6012192175;44.79068;-0.63031
6015158843;46.85303;5.09104
6015159091;45.99252;4.82271
6015795786;45.17696;5.69345
6015811158;46.35493;6.35391
6015871114;43.3714;-1.78611
6017235500;44.86059;5.56134
6017299216;47.38971;0.68538
6017856968;44.85602;6.72672
6017958682;45.31918;5.56672
6022096912;48.82871;2.3495
6023643135;44.87011;5.59767
6025132269;45.60833;4.77938
6025634024;43.64988;3.78877
6027526436;43.72489;-1.05541
6028542337;46.6299;4.4774
6030057062;43.20135;-0.90329
6030297249;43.72795;-1.06482
6030947793;46.62912;4.47679
6031436390;49.00237;2.57824
6032005172;46.6321;4.47988
6032075453;45.69341;4.93409
6032837924;44.52504;2.78398
6036724875;47.32306;0.77569
6036902951;44.19893;2.34125
6036967487;48.8801;2.37978
6038807777;49.04144;3.95314
6038807778;49.04148;3.95271
6039288238;43.8332;4.36516
6039364477;45.68868;6.07231
6039364478;45.69276;6.07715
6039658973;44.56905;5.87859
6039658974;44.57138;5.87405
6039802119;47.3159;5.04319
6041507594;44.91788;0.92765
6041507595;44.91797;0.92775
6041525807;44.91806;0.92759
6041525808;44.91791;0.92759
6041874395;44.84553;6.48706
6041874396;44.84462;6.48573
6042036448;43.48589;-1.55729
6042104094;43.18778;1.49889
6042604177;46.30617;3.29908
6044057255;43.7924;7.18561
6044356386;47.38264;0.69794
6047086299;44.78148;2.35756
6048802229;48.32014;-4.29872
6049358235;43.71572;3.61488
6049534781;43.60716;1.4655
6049536521;43.60937;1.46718
6049538618;43.60775;1.46661
6051411093;48.8363;2.46969
6051654058;43.82758;7.1972
6052886390;47.21227;-1.54837
6053220657;44.40284;6.86388
6057243383;50.63068;3.02323
6057243384;50.63118;3.02623
6057245485;50.63828;3.05104
6057245486;50.64086;3.05239
6057245487;50.64427;3.05043
6057245488;50.62891;3.05748
6057245489;50.62406;3.04726
6057245491;50.61202;3.06782
6057245492;50.61831;3.07243
6058252014;45.05522;4.64846
6058252064;45.05621;4.65451
6060355145;45.03681;4.65229
6060360095;45.03598;4.65226
6060755159;45.07882;4.56513
6061314178;44.49729;2.89065
6064519433;43.8022;4.65718
6066197593;45.75718;4.78157
6067363947;44.65278;-1.24201
6067849388;-21.13498;55.47092
6069094972;44.71168;-0.47358
6070815546;45.88056;6.25629
6071571678;44.7615;0.04578
6071758918;48.87899;2.37887
6078546530;47.84731;6.99574
6080664959;-22.27072;166.44171
6080667150;-22.27083;166.44093
6080667157;-22.2561;166.48209
6080667158;-22.27085;166.44
6080667310;-22.27059;166.44326
6081105630;43.8424;7.04905
6087290286;-21.20504;55.57577
6088882189;46.06247;5.89165
6088954734;46.17741;5.32526
6089436956;49.361;0.38087
6089436957;48.91881;-0.57601
6093007385;49.05796;3.27413
6093191332;47.29222;0.71659
6094133711;45.20229;5.53813
6094133715;45.13346;5.50896
6094133808;45.26371;5.56624
6095648503;44.17433;6.35058
6095670200;44.17866;6.34596
6095771197;44.17527;6.34948
6096614546;45.18673;5.50741
6097032085;45.1254;5.52724
6101508388;48.80719;2.13162
6101508389;48.80683;2.13295
6101508402;48.80637;2.13109
6101508403;48.80599;2.13239
6103205286;42.30573;9.15208
6108818933;49.04997;3.88314
6109458489;45.19041;5.69817
6109458493;45.19042;5.68691
6110864230;43.80712;7.49874
6118467507;44.84574;-0.56447
6121240728;43.52771;5.42033
6122443886;49.01029;2.69923
6124655085;43.3128;-1.58022
6124776180;42.99963;-0.60025
6126834571;47.31503;5.05748
6129463447;45.78117;4.82032
6130182923;45.57702;5.60049
6131296984;45.27617;1.78052
6136054236;43.61027;3.15629
6136054237;43.61065;3.15522
6142296225;43.88196;7.3593
6145386600;47.18043;1.94334
6148491469;45.77798;4.74157
6154158647;-21.08491;55.2325
6157233271;45.14116;5.72404
6157329221;-21.05575;55.25467
6157347147;-21.05602;55.25878
6157347148;-21.05595;55.25923
6158498932;-21.08173;55.22475
6158896102;45.73472;4.82412
6158980026;49.02683;2.05146
6160143439;47.45502;7.31043
6161686412;48.82684;2.30435
6163435211;45.76394;6.05545
6164234132;42.73441;-0.00995
6164350815;43.57364;1.4877
6165434955;42.72173;0.0005
6166419006;42.71984;0.01239
6166996662;44.50616;1.65405
6166996664;44.50605;1.65381
6170424456;42.87571;-0.00224
6171412895;47.27278;-2.23113
6173431432;46.36768;6.01571
6174825399;46.03622;5.57425
6176065185;45.23956;4.67092
6177988080;43.48162;1.43184
6178349507;42.86089;0.09059
6181268420;48.57554;-4.60805
6183924520;48.5752;-4.60863
6184945696;42.5269;2.12024
6184945698;42.52693;2.12181
6185713486;47.20354;-1.61127
6186717889;43.27931;-0.88348
6188049824;42.01073;9.32609
6188049825;42.01095;9.32449
6188101950;42.0102;9.3273
6188539580;-21.17869;55.28725
6189785482;48.95256;7.61089
6190737882;47.42195;7.24679
6190737883;47.42247;7.24674
6192600617;44.99554;4.51685
6192600618;44.99449;4.51734
6193066097;43.49233;-1.47779
6199653033;43.16731;1.27521
6199970907;-17.49202;-149.76613
6200888233;43.11628;1.6131
6204406381;43.80333;7.40235
6204937222;47.52048;7.32046
6205012089;44.01253;4.42205
6205301392;47.24471;-1.57066
6205584146;46.19348;6.23144
6206395862;46.65456;5.59878
6207562013;43.60231;1.44094
6208532483;44.65185;2.25139
6208853325;45.68692;4.9414
6217186965;48.04108;5.30051
6221563197;45.15833;4.34493
6225816582;48.93056;2.49562
6226835046;44.66286;6.58879
6229570573;45.62975;5.80032
6231836498;48.87778;2.38091
6232930888;46.02099;6.76782
6233515896;48.82182;2.31927
6234084042;44.7277;6.71229
6234178059;48.82244;2.31801
6234361606;48.82217;2.31923
6235476127;48.82223;2.31739
6235637422;48.82245;2.3208
6235637435;48.82192;2.32035
6235649585;48.82287;2.32167
6235668521;48.82273;2.32113
6235668523;48.82246;2.32214
6235690009;48.82338;2.31745
6235859698;48.82296;2.31685
6235883341;48.82313;2.31831
6235908551;48.82261;2.32007
6235908552;48.82277;2.31963
6235908554;48.82299;2.31887
6236768614;47.43927;-0.98612
6239648688;46.8644;4.1891
6239662906;42.05727;9.37846
6239669851;45.88027;4.1319
6240109210;44.70087;4.05331
6240117271;43.92552;5.44185
6242524285;41.68;9.31758
6247925247;48.85079;2.54743
6253291616;-22.28226;166.47165
6253604243;44.93954;6.58242
6253854785;47.17745;3.01669
6254004665;48.6895;6.20119
6255931020;43.47822;-1.47302
6258361093;43.40796;5.05716
6258456803;43.63605;4.78958
6258532590;49.19735;-0.3903
6258565948;44.52854;2.24949
6259082151;48.8314;2.30109
6263624495;48.3636;6.86451
6269880412;42.08285;9.36215
6269987105;48.4719;2.69902
6270171473;47.46963;7.34684
6274682348;42.30662;9.29074
6276220718;47.26757;6.08857
6280934540;43.8062;-1.14487
6281642301;43.31528;-0.35532
6282888985;47.40967;0.68463
6284248217;47.34355;1.18046
6284258946;46.52602;5.66418
6284262367;47.34328;1.18259
6284524577;44.93149;4.89016
6284534725;47.32045;0.77596
6284722103;41.92447;9.26448
6285014043;44.53454;-0.34318
6288799993;44.98082;2.62364
6291708853;48.14333;6.1486
6291967331;44.59056;2.40241
6292047986;45.59109;5.19104
6292226011;47.73959;6.99458
6293908282;43.594;3.11456
6294203055;43.06305;2.95932
6295398797;48.7731;2.26111
6295972387;48.89755;2.29567
6296370941;43.01541;3.0558
6296370942;43.01572;3.05599
6297090902;43.94484;4.83713
6297882152;44.34016;2.26219
6298027298;43.70601;3.18684
6298123267;46.49833;5.72688
6298883801;45.71286;4.80248
6299501826;42.98554;-0.42742
6299505142;43.57349;7.01726
6300160722;47.48983;3.90762
6300919027;48.72848;7.48881
6303046769;43.70599;3.18683
6303088168;43.59341;-1.06616
6303482753;43.00119;1.1591
6303482904;43.00133;1.16046
6303482907;43.00098;1.15941
6303482908;42.99754;1.14593
6303666205;47.6981;4.84436
6303753660;43.63563;4.792
6304088385;47.48626;3.90734
6306221223;46.1833;4.66865
6306792208;44.714;2.19527
6306792211;44.71488;2.19402
6306915407;44.71511;2.21099
6307846593;49.89981;2.31129
6308192783;47.30636;5.02629
6310454971;45.93527;6.63056
6312370890;46.9514;4.31108
6312388416;43.64093;-0.02101
6312852189;48.81793;2.34116
6313040745;45.93566;6.63592
6314019591;43.78541;4.19476
6315636988;43.28575;5.37034
6315726625;43.76582;-0.9889
6316027167;45.29232;4.19384
6316564289;43.78237;4.19566
6317734771;42.79016;0.59001
6317823533;45.39758;4.26034
6320456941;43.88746;1.19619
6320456942;43.89026;1.19715
6320613005;42.79134;0.58813
6320647540;42.791;0.5882
6321313567;43.47018;0.03539
6325210660;47.19934;-1.42988
6325874652;43.85625;5.59192
6327547086;43.584;1.40704
6328826152;45.77174;4.82081
6329107887;48.88223;2.34461
6329135223;43.7109;3.48517
6329135225;43.71082;3.48654
6330400844;43.54065;3.46263
6333355612;43.78364;4.72385
6333482017;43.79208;4.75808
6333483940;43.6341;5.52657
6333536992;43.80187;4.65743
6336554292;46.6176;5.70217
6341336748;43.5525;6.9432
6341701285;48.88176;2.38378
6342995888;42.99888;-0.41343
6343080987;43.43648;5.04959
6343412081;43.22489;-0.31462
6346733272;48.28573;6.94671
6347050635;46.01319;0.67225
6349198415;47.39183;0.66894
6349833261;43.51727;1.50723
6352964893;44.46806;2.07504
6356094888;47.9124;1.90762
6356424128;43.49538;2.3761
6356532674;43.50259;2.40475
6356680301;44.47138;-0.8051
6358329742;44.07823;6.20946
6358329743;44.06453;6.1761
6358537753;48.91352;2.33619
6358616605;48.81563;2.413
6358676549;41.88716;9.29374
6358885236;48.88273;2.38515
6360300746;44.9392;6.68073
6360864202;47.44867;7.2044
6360875012;47.44878;7.20282
6360882765;47.44827;7.20524
6362251471;47.37722;0.70838
6363699939;43.50064;1.40355
6365537637;48.6959;2.23068
6365593490;44.96663;5.8318
6366232067;43.90583;7.53104
6366232068;43.90606;7.53149
6367670586;44.57036;-0.59489
6370415760;44.76235;4.72128
6371696486;47.92005;1.9274
6371885585;47.91398;1.96795
6373184489;44.3937;2.10019
6374193185;42.7075;1.86842
6376583358;47.85675;1.90683
6378779901;45.41179;4.44178
6379281596;45.27701;5.88536
6380351515;43.70881;-1.18853
6380394465;42.94919;-0.39474
6380394469;42.9441;-0.41488
6382760940;45.23975;5.69073
6382994829;44.01023;6.26626
6387471773;45.24976;5.85145
6387471774;45.249;5.8518
6387487908;44.90691;0.96721
6390607419;48.30838;4.32293
6390608038;48.27113;4.41189
6390631131;48.11179;3.8403
6393098679;44.32275;-0.58125
6394234189;45.75713;4.85175
6395689342;45.04223;5.05173
6395906750;45.73697;5.02258
6396176538;51.04173;2.36986
6396176816;45.88012;2.8083
6396176819;45.88105;2.80954
6396177253;45.45907;3.18463
6396340941;44.83092;2.68608
6396989295;46.95751;5.94658
6397984136;43.73254;3.31787
6398308915;46.19636;2.23902
6400352165;46.0692;6.58529
6402116840;48.86392;2.26208
6403000477;44.49774;-0.65265
6403000478;44.52586;-0.65714
6404702540;49.92672;1.08002
6404784393;45.59636;5.12944
6407228189;43.78753;4.09828
6408968490;43.912;3.51248
6409497972;45.6178;-1.01538
6410412069;-17.53489;-149.54823
6412618778;44.34158;2.13338
6414121969;48.88258;2.34426
6416221298;48.84243;2.33687
6417374571;47.34652;7.04787
6417408278;47.34824;6.92543
6417769446;47.388;0.70231
6417936086;48.88583;2.34223
6418097721;44.84964;-0.56302
6418097722;44.84834;-0.56399
6418243704;45.85283;4.58417
6418257341;44.31633;3.10408
6418302570;48.33598;2.74382
6418404798;46.05237;6.48462
6418508293;48.70769;2.16064
6418828285;48.12547;-1.67333
6418903516;45.75055;4.82238
6418903527;45.75435;4.8258
6419557082;43.80839;4.04014
6419635800;43.06775;-0.64065
6419741871;45.61283;5.01679
6419777135;45.1854;4.81441
6420427756;44.87273;6.03171
6421010080;47.80675;6.81764
6421418982;46.66859;5.53674
6421508955;43.50452;2.40427
6421629203;48.9789;5.99475
6421630127;48.81176;2.33636
6421630199;48.77281;2.26372
6421630201;48.77189;2.26903
6421657741;48.12259;-1.67771
6421898344;45.81365;4.71303
6421898345;45.81288;4.7125
6421898346;45.81308;4.71323
6421898347;45.81323;4.71239
6422595398;43.82882;3.6177
6423510188;45.00994;3.77466
6423510192;46.44299;5.67124
6423607740;44.58417;5.13303
6424314736;47.986;7.0488
6428857693;43.0794;-0.51564
6429151071;45.07946;5.26425
6429151074;44.94203;4.49749
6431117242;46.07834;6.53425
6431610110;43.052;-0.49497
6432289391;43.59432;1.44422
6432301888;47.31837;5.01423
6432343943;45.20929;5.40299
6432351569;45.01583;4.93733
6432601590;45.20324;4.81406
6432825734;45.7486;4.77006
6433746800;43.93856;-0.33427
6433890626;45.17932;4.8145
6433907485;42.94455;9.36648
6434151071;47.6259;5.33676
6434219806;43.78785;-1.40238
6434265387;44.01432;4.42839
6434265388;44.01417;4.42686
6434265391;44.82727;4.7966
6434265392;44.82745;4.7963
6434265488;43.87774;3.70147
6435448825;43.61303;1.08165
6435448826;43.61327;1.08132
6436864286;43.77389;-1.40654
6437858485;42.56682;8.75807
6438157486;46.52247;3.58722
6438610843;43.57713;-1.48686
6438795224;42.3013;8.70849
6438977086;46.56475;3.32957
6439670243;44.64609;2.56543
6440198741;47.34807;6.92475
6440716484;46.12663;6.5203
6440739544;48.85374;2.30051
6440739545;48.85345;2.30009
6440739546;48.85375;2.29963
6440822186;47.91374;1.87191
6441088110;44.40371;-0.78254
6441088447;44.48316;-0.8826
6441386481;48.12199;-1.67748
6441510342;47.34036;3.91508
6441512619;47.2824;3.82259
6442264783;50.89073;2.5323
6442885830;47.7405;0.05747
6442886868;47.83895;-0.19752
6442886869;47.83799;-0.19819
6445327864;47.4041;6.17823
6445438845;47.4502;6.25996
6445951959;45.20711;5.77817
6447539861;43.75654;4.31066
6448559171;43.77336;4.15977
6448564871;43.55814;-1.49819
6448594722;43.55169;7.12871
6449678744;43.34446;-1.19673
6449698555;43.39403;-1.13435
6449822915;44.65206;-0.85203
6449845127;45.43493;5.71139
6450370727;44.23118;2.14691
6451404621;43.63642;1.17447
6451624634;43.9414;1.11015
6452315970;45.17434;5.54346
6452960907;47.44795;7.20394
6453139000;43.93744;7.51484
6453139001;43.93754;7.5145
6453143229;43.93566;7.51369
6456053591;46.58938;0.34749
6456053592;45.83544;1.26502
6457446544;45.29475;5.85983
6457492127;43.6115;2.39925
6458264827;43.69623;7.29875
6459280381;43.91685;5.05157
6459313991;48.87557;2.36968
6459434917;48.87771;2.36824
6461398924;43.60938;4.01191
6461873525;48.1169;-1.65572
6466578864;46.8691;4.57387
6468191685;43.33982;-1.29814
6468339004;41.98728;8.90801
6468339020;41.98754;8.90914
6468339977;41.98844;8.90822
6468456590;44.53134;-1.16097
6468512116;45.17364;5.72844
6469235153;48.85884;2.35802
6470927081;44.04151;7.12409
6472133177;46.56609;4.90913
6473975395;43.80035;7.46236
6473975396;43.8;7.46196
6475914007;43.23078;6.58525
6476573792;46.08361;6.67603
6477618269;48.8245;2.24051
6477662741;44.65505;4.77718
6477966856;44.51021;6.40031
6478843508;45.18716;4.31517
6478843511;45.18718;4.31468
6479129582;44.56684;2.32994
6480796004;43.52683;-1.45434
6483499100;43.67533;4.42841
6483499102;43.67536;4.42859
6483892853;45.78324;4.85838
6484269364;44.73222;4.92438
6484276904;43.64408;4.1196
6484339260;44.9134;5.10463
6484339261;44.85311;4.93371
6484339263;44.77794;5.14302
6484339264;44.77806;5.14165
6485843700;43.04744;0.28812
6487914231;45.70336;4.89635
6487914247;45.70564;4.90125
6488102395;48.19661;-3.26811
6488191479;48.20923;-3.21321
6490365861;45.74523;4.85372
6491229770;48.24573;7.38294
6491616395;44.54762;2.10918
6491983613;44.56892;-0.59051
6491983782;44.51385;-0.56854
6491985388;44.54816;-0.49979
6492312316;43.11932;6.01261
6492568314;49.53627;0.14598
6492722239;44.52955;2.26012
6495331406;45.69929;5.83027
6496295976;44.37168;4.64462
6496992332;43.44987;3.80744
6498293328;44.61229;2.50938
6499479478;43.05913;-0.58522
6500662398;46.38958;5.67628
6500662399;46.40436;5.6484
6501893316;43.44714;-1.51571
6501909756;46.03619;4.06553
6502285473;49.52302;0.17466
6502314005;49.52427;0.16766
6502328069;48.76001;2.29204
6503541596;44.39538;-1.16733
6504304638;43.96598;6.66588
6504377752;43.21916;-0.23159
6504548919;45.18783;4.79978
6504583864;48.86146;2.44316
6504644779;44.32861;-1.15085
6504644780;44.30936;-1.18114
6505108109;4.93943;-52.32061
6506170769;43.87488;-1.30135
6506504085;43.90397;-1.30746
6506776615;44.56419;6.49354
6507734832;43.12057;6.12619
6509461974;44.2426;4.73068
6509579726;43.12195;6.12806
6509963329;44.83846;-0.63443
6510997724;43.40828;-1.63821
6511516426;44.65079;-0.59779
6511516429;44.65102;-0.59779
6511949222;42.76631;1.48085
6513735264;43.12015;6.12624
6513919485;44.50409;6.43931
6513990802;43.46018;2.53819
6515063254;44.49982;-0.64812
6515063255;44.50004;-0.64709
6516234785;48.23171;7.37073
6516355031;44.4612;-0.69505
6516355032;44.41932;-0.67334
6516355038;44.41799;-0.67254
6516355040;44.49285;-0.78822
6516355047;44.5087;-0.79105
6516443100;43.6018;3.89714
6516688221;45.45014;6.06332
6516723610;45.4516;6.10344
6516723611;45.45047;6.10153
6516726746;45.45746;6.11934
6516861813;49.74004;0.33142
6516865602;49.68328;0.20269
6516870089;49.60749;0.23406
6516876062;49.68309;0.20227
6516876491;49.707;0.19965
6516925415;45.43016;6.01626
6516925418;45.42955;6.01712
6516935917;44.83555;1.24824
6517690925;47.37187;-1.02354
6517803812;42.56192;8.97799
6517944429;45.56978;2.90199
6517957108;45.5666;2.81184
6518008385;46.2055;6.47326
6518057369;46.12287;4.30779
6518161264;47.42589;0.68127
6518184980;42.49559;2.3509
6518215535;42.56779;8.98345
6518259994;43.54001;-1.46327
6518275472;43.5349;-1.49777
6518292851;43.55112;-1.49085
6518360835;49.50443;2.09592
6518387022;46.51465;4.67733
6520152701;43.67543;4.42796
6520902967;47.1467;5.64684
6521580695;47.59213;5.3219
6521652196;47.31079;4.77576
6528279185;49.69328;1.63573
6528510848;45.83118;4.05842
6528552310;45.92792;4.00549
6528586047;45.92584;4.00575
6528735246;44.93429;3.04145
6528852253;44.26014;5.14666
6531617458;43.5406;-1.46263
6532074485;45.79458;4.03467
6533331479;43.6676;3.9111
6533505012;45.97075;4.74966
6533853085;48.83646;2.29039
6535363294;43.97951;5.56324
6535372448;45.56096;4.07789
6535377041;45.55429;4.09914
6535610724;48.87389;2.37333
6535796520;44.4566;-0.37089
6535796583;44.43177;-0.4909
6535802988;44.45431;-0.37066
6535802994;44.44516;-0.32269
6535802995;44.44451;-0.32228
6536965363;45.3044;4.27734
6537163646;48.98222;2.20467
6537488974;45.38967;3.9449
6537924888;47.23939;-1.50964
6538091057;44.82581;-0.63978
6538981357;43.88916;3.62548
6539023982;43.85352;3.56316
6545728083;43.5198;1.35394
6546783357;43.63472;4.79301
6547429610;48.12237;-1.72129
6547898304;43.92572;5.25194
6547969962;43.78211;4.19862
6547969963;43.78197;4.19847
6548415048;43.07142;5.85359
6549037385;44.93059;4.89316
6549939481;44.96067;3.61308
6549946576;44.9723;3.63762
6551225231;44.80255;-0.68715
6551240885;46.10669;5.82867
6551317216;45.35765;5.77322
6551481825;47.48785;7.27092
6551517066;43.63458;4.79435
6551527170;43.63389;4.79568
6553532280;43.49458;-1.46738
6553532281;43.49526;-1.46733
6553570940;44.19028;2.15842
6553786622;43.33341;5.19986
6553845223;44.38702;3.61665
6554494545;-17.54288;-149.57555
6554542213;44.70266;3.25359
6554652669;43.58845;1.45101
6554875327;45.12708;5.52703
6555548081;44.79375;5.34766
6556915697;45.74123;4.80397
6556921206;45.76582;5.76228
6556927804;45.7262;4.77902
6556989488;45.50536;5.10562
6557780321;42.24307;9.048
6557965533;44.98266;-1.13584
6557965547;44.98251;-1.13561
6557965556;44.98178;-1.13482
6557965558;44.98195;-1.13524
6557965559;44.9815;-1.13517
6558082640;44.6217;2.98662
6558088572;44.98292;-1.136
6558088573;44.98326;-1.13557
6558099187;44.57998;2.91815
6558107404;44.55872;2.87358
6558123501;44.98736;-1.13436
6558123503;44.98747;-1.13489
6558123505;44.98622;-1.13467
6558123506;44.98646;-1.13106
6560915526;43.72504;5.81287
6563059381;49.00602;2.57896
6563083593;48.90888;2.44808
6564483359;45.63741;5.13484
6564890990;43.27983;5.39518
6565187609;44.32774;-0.96405
6565187635;44.34612;-1.06735
6565723785;44.60615;2.41939
6565985251;47.9495;6.7782
6566157632;45.20022;5.71408
6566240800;44.84006;-0.60616
6566346631;42.95337;-0.43975
6566521963;49.43588;1.10123
6568691323;44.39223;6.61154
6569479228;48.58473;7.55555
6569667189;43.73082;3.31681
6569714151;44.81126;-0.56684
6570085965;45.69105;4.94353
6570578085;43.31922;-0.34664
6572124431;44.61968;2.10706
6572133147;44.61951;2.10792
6572137822;44.56536;1.98742
6572166853;44.88105;3.49946
6572513556;44.75531;-0.58752
6573964460;47.95766;7.38997
6573982420;42.63434;8.93794
6574238597;45.238;5.80263
6574404586;43.6686;2.97136
6574418980;45.21124;5.77963
6574728528;48.90198;2.25479
6574978280;45.64266;2.09517
6575003722;44.48086;-1.07593
6575003723;44.39901;-1.17276
6576150392;48.56906;7.49228
6576555752;46.22394;4.88163
6576600243;45.83639;4.61724
6576962869;43.60972;1.49825
6577511822;43.129;5.89939
6578238681;46.90453;4.69648
6578342185;43.56553;2.43751
6578388989;44.36363;1.38772
6578414403;45.37029;4.81658
6578414422;44.73537;4.5989
6578446581;46.11845;3.4244
6578465398;49.0749;1.53278
6578617084;43.63389;2.76828
6578652008;43.66056;1.66374
6578656679;43.65171;2.79697
6579620749;48.8089;2.21853
6579842795;47.47673;-0.57828
6579917401;45.80213;4.72276
6580047123;44.29527;2.72639
6580229092;44.3764;-0.68535
6580229102;44.36575;-0.64683
6580229107;44.32608;-0.58451
6580229136;44.32061;-0.58214
6580229143;44.30975;-0.77468
6580229144;44.31034;-0.77477
6580402237;44.02562;6.87755
6580420193;44.12044;6.79871
6581448881;43.26049;5.37284
6581618976;48.91447;2.50213
6581644785;44.9893;4.26193
6584389354;43.20138;-0.9054
6585152637;47.34465;0.30175
6585250755;48.85186;3.14546
6585253193;48.93905;2.94064
6585253297;48.94028;2.74329
6585953285;44.60477;2.58364
6585967029;46.33819;6.40566
6585967030;46.32708;6.40331
6586501648;44.82962;-0.56282
6586641765;45.08913;3.91673
6586796731;45.12639;4.06851
6586992432;44.99749;-0.68911
6587375869;45.77158;4.82127
6587693160;46.15733;-1.15077
6588188718;43.3387;1.63354
6588269362;43.602;3.89511
6589580688;49.4419;1.06995
6589580985;49.4419;1.07733
6589818411;43.34199;-0.35793
6590595821;43.58203;7.12822
6591099285;45.00525;0.94905
6591277600;43.27412;5.36198
6591788815;44.80052;5.70744
6591797969;44.10016;0.93261
6591822241;44.01749;0.79295
6591825113;43.97985;0.71443
6591832987;44.07702;0.90184
6591833605;44.0368;0.84103
6591837036;43.99768;0.75655
6591839104;43.97936;0.71514
6591839464;44.29289;1.19501
6591840947;44.01707;0.79317
6592179051;47.74133;5.10544
6592784491;43.36374;-1.77168
6592865185;43.00017;2.56308
6593152601;43.3061;-0.44158
6593181269;43.29393;-0.40439
6593319877;45.77503;4.83491
6593565059;45.08099;6.05699
6593571059;45.09237;6.03056
6593596647;48.18444;4.466
6593602346;48.16429;4.37418
6593638344;48.02842;4.43386
6593812132;44.06299;7.37657
6593927115;45.07876;6.18039
6593927210;45.08376;6.16283
6594153277;43.94324;0.54042
6594153523;43.9443;0.5416
6594302749;46.21443;6.28106
6594340143;45.08462;5.52858
6594369953;47.91887;4.52172
6594394622;47.90379;4.53113
6594496208;45.83209;4.79359
6594813102;45.16932;5.41397
6595104543;44.64554;4.87336
6595188124;48.8925;2.33889
6595195840;48.89211;2.33822
6597190563;47.33062;-0.67088
6598692857;46.49563;5.82859
6600189416;43.75772;4.51588
6600477885;45.186;5.70913
6600478685;45.17505;5.71114
6600660938;43.86867;-0.74187
6600974559;48.99406;2.23437
6601982185;49.01578;2.53949
6602417739;43.47242;6.12321
6602417740;43.47381;6.12106
6602417741;43.47488;6.12102
6602481018;42.80193;0.40926
6602782841;42.96979;1.60737
6603862863;48.75191;2.34945
6603933706;44.79443;5.65626
6603938187;45.58721;5.27524
6604031218;44.78516;5.69568
6604657649;49.78525;4.61589
6604748899;44.78098;5.73293
6604942685;44.30867;3.39627
6606136686;45.04351;5.70183
6606197780;48.84795;2.39476
6606200804;48.8493;2.39645
6606389945;48.84856;2.39549
6609825179;47.28083;6.12712
6609932952;48.8841;2.25193
6610363187;44.23588;1.76961
6610451175;48.84923;2.39518
6610937339;45.74772;4.87145
6611462514;47.37519;6.63548
6611575842;43.70393;5.16667
6611589721;43.69842;5.08396
6611718901;44.84933;5.67171
6611870788;47.56032;2.83971
6611958377;43.74316;-0.10361
6611969002;43.78225;0.01558
6611973119;43.94176;0.26995
6611976864;43.70643;-0.14551
6611977788;43.95541;0.37323
6611977904;43.5949;-0.32676
6611978943;43.47873;-0.47208
6611980212;43.90452;0.15409
6612199361;46.02328;-0.35451
6612734610;44.5515;6.47905
6613014605;45.15207;4.03903
6613025047;43.18435;5.92459
6613025049;43.13343;5.90196
6613025050;43.14206;5.90823
6613025051;43.14326;5.90841
6614737548;45.78047;5.62715
6614987960;44.73063;5.54026
6615917408;45.01891;5.29072
6615940741;44.81309;5.57519
6615967294;44.81198;5.57388
6615973585;47.75179;7.34111
6616249671;44.79534;5.74872
6616505145;43.33948;-0.73747
6616506794;43.33716;-0.75814
6616522011;43.48223;-0.52134
6616523126;43.39928;-0.68175
6616523338;43.36632;-0.73761
6616525319;43.46673;-0.57435
6617228767;44.20011;2.8549
6617337947;45.72607;6.52687
6617436684;43.79338;7.36932
6617446157;45.74389;6.48659
6617547978;45.7941;6.61178
6618472884;44.78452;3.62959
6618610044;47.82463;3.77225
6618702811;45.6483;6.66374
6618718898;45.65707;6.53342
6618790544;49.32152;1.77499
6618799203;47.87539;3.76239
6618846068;48.42607;1.47572
6618878296;48.83923;0.51719
6618916698;44.12716;-0.24919
6619061285;45.20723;5.76298
6620485883;43.95515;-0.16172
6620572428;43.92716;-0.23795
6620850909;44.96082;-0.88544
6622710551;45.7785;5.89074
6623005767;42.48422;2.65406
6624591422;47.34823;0.54715
6627233125;44.94342;4.84639
6627249733;43.86568;-0.63929
6627454701;43.83135;-0.81
6627608955;43.85309;-0.90067
6629703585;45.90115;6.12562
6630168386;46.20432;5.22416
6630168387;46.2031;5.22607
6630980142;44.93139;4.88977
6631001463;44.77471;0.81576
6631187632;45.93342;5.82959
6631650685;46.14067;5.96076
6632027414;44.8175;5.94733
6632057855;45.22443;5.9988
6632980561;47.24502;-0.10093
6633153756;48.55632;-2.72596
6633175700;44.13166;4.35272
6634276388;48.51396;-2.75667
6634410515;45.70833;5.91647
6634704720;44.4582;5.36816
6634718818;44.45872;5.3673
6634818047;43.66976;3.35511
6634856244;-21.18783;55.53452
6634923026;47.49689;1.26334
6634923027;47.59928;1.35744
6634923028;47.62497;1.38427
6634923029;47.90806;1.91249
6634923030;47.94027;2.26519
6634923031;47.93608;2.45312
6634923033;47.96018;2.6212
6634923035;48.25251;2.94817
6634923037;48.28244;2.98709
6634923038;48.47304;3.12591
6634923039;48.53465;3.21782
6634923041;48.54074;3.27692
6634923043;48.67796;3.36038
6634923044;48.83077;3.44385
6634923047;48.86548;3.50963
6634923048;49.02244;3.63026
6634923051;49.0757;3.87729
6634923054;49.04524;4.17733
6634923056;48.87202;4.46032
6634923062;48.80445;4.95306
6634939008;43.59497;1.44043
6635131686;43.2861;-0.36856
6635172262;43.65367;1.32264
6635263522;42.97267;-0.39307
6635835473;46.27659;4.03862
6635863481;46.50677;3.8169
6636823469;47.79456;7.30683
6637125073;44.32232;6.92142
6637612370;46.32295;-0.45785
6637665423;46.24433;3.17572
6637697634;45.97516;2.89939
6637979388;47.86676;-4.21798
6638344999;48.87832;2.30744
6638403106;43.70891;-1.05559
6638429785;43.71132;-1.05798
6638968399;44.45335;6.73967
6639166200;-22.28549;166.45819
6639166201;-22.27986;166.45965
6639166202;-22.2915;166.45927
6639998418;44.7522;6.84126
6640307485;44.50905;6.31273
6640856685;42.41538;8.64429
6641051312;43.55564;3.71721
6641265888;42.48543;2.74803
6641277585;42.48562;2.73933
6643218585;49.83641;4.12323
6643221085;49.73914;4.11723
6643221086;49.5727;4.12825
6643221087;49.42219;4.10121
6643519989;47.28952;-2.02799
6644208862;45.80908;5.79123
6644574162;47.39015;0.82812
6646107138;45.92251;6.71455
6646345735;44.16933;-0.78241
6646345736;44.16886;-0.78176
6646345737;44.16815;-0.78146
6646345738;44.16829;-0.78084
6646345739;44.16914;-0.77733
6646345740;44.16939;-0.77659
6646345742;44.16719;-0.78128
6646393069;44.09003;6.92082
6646909084;48.85789;2.25486
6649723665;48.72675;7.37562
6651085925;45.90259;5.34837
6652739281;43.29742;5.40024
6652854899;48.90012;2.27021
6652969836;45.40901;2.82855
6653058821;45.54603;2.90173
6653514372;48.81909;2.3204
6654515222;43.91096;6.79562
6654652470;47.85642;4.993
6654714088;43.61164;4.47534
6654757204;48.69496;2.40783
6654841999;45.59432;5.91207
6655550387;46.32602;5.89007
6655682971;45.49297;4.81969
6655797077;45.38327;4.74912
6655913436;45.7503;4.87742
6657214505;43.52873;1.74842
6657932144;48.7337;-1.54336
6657980590;48.68731;-1.49778
6658012387;49.19702;-0.39281
6658121909;49.38939;1.09724
6658340785;44.8676;4.27461
6658596561;46.04333;4.72796
6658612466;47.78406;-0.01711
6658678841;45.19563;5.72974
6658948541;44.04884;3.70088
6660277258;48.51399;-4.75822
6660277259;48.51401;-4.75819
6660459816;44.08131;3.64211
6660858507;46.72815;-2.38484
6661106836;44.34427;5.28382
6661667782;45.76958;6.40027
6661667783;45.7639;6.39086
6662394413;48.75252;2.31362
6664945100;47.23389;6.03323
6665127628;44.17191;0.62062
6665127629;44.17195;0.61828
6665433274;44.83503;-0.563
6665447146;46.21747;0.53022
6665827105;43.9026;5.29277
6666065832;44.30575;4.34366
6666412786;-21.04238;55.39306
6668038249;44.96941;2.80817
6668083541;45.58592;5.27762
6668091958;43.31422;-0.35232
6668111409;43.26599;-0.18872
6668170236;45.58849;5.27697
6670707591;44.40268;0.58853
6672484542;45.23303;5.67481
6673569719;43.70137;6.98906
6673570101;44.00649;4.41708
6674276586;44.91456;-0.24859
6674326591;47.22243;5.98499
6676074475;47.70092;-0.04553
6677591136;48.10915;-1.65132
6679899385;43.77537;-1.4168
6680133584;48.79647;2.33135
6680201372;48.81022;2.50154
6680202005;43.89949;3.45979
6680206191;44.19015;3.21299
6680211020;44.07611;3.48776
6680211866;42.95338;-0.21484
6680221535;44.97638;5.10923
6680262608;48.66477;2.35159
6680380105;48.67208;2.37295
6681575902;48.69381;2.36752
6681651792;48.58061;7.73997
6681681895;48.81749;2.31633
6681702491;45.17364;5.72376
6681702690;45.17306;5.72409
6681712462;48.81663;2.31407
6684065317;42.94513;0.28824
6684075002;49.48421;0.10492
6684085343;44.13044;6.74459
6684160794;42.88461;0.36744
6684160796;42.90391;0.36043
6684380177;49.748;4.72414
6684380178;49.69769;4.94588
6684380179;49.7012;4.95071
6684380180;49.77061;4.71959
6684380181;49.77735;4.7227
6684647872;45.19366;5.72987
6684811986;43.52789;0.15887
6684811988;43.51557;0.40504
6685110905;45.79357;5.81875
6685188343;43.63102;2.19628
6687291886;45.60246;-0.99815
6687321284;43.83765;3.01334
6687322493;43.88296;2.98637
6687333610;43.96473;2.78876
6687340180;43.83101;3.17281
6687384158;47.24095;-0.02254
6687391277;43.98143;2.79465
6687411138;43.71997;3.06365
6687411139;43.75766;3.10139
6687439580;47.24106;-0.0227
6687456421;48.79179;2.29047
6687457205;48.79261;2.29095
6687458819;43.73915;3.01796
6687768488;45.89756;6.12768
6687776485;46.0029;6.39645
6687919644;44.66867;2.18724
6688407771;47.49946;1.45978
6689427055;42.9582;-0.33246
6689789109;48.4664;-3.74755
6689809553;48.16533;-2.99663
6690671122;46.75238;5.23609
6690671123;47.77416;3.60964
6690695618;45.01144;2.78045
6690731355;46.67256;6.11537
6690754706;46.38781;5.66372
6690817320;47.59249;1.45345
6690860513;45.75544;6.43189
6691096863;45.52602;4.86913
6691245564;44.65061;3.95427
6691266254;44.6978;4.54686
6691270007;44.63001;4.08916
6691285997;44.6115;4.47319
6691818581;43.25871;-1.5755
6694507287;43.53926;5.29291
6694848877;48.90632;6.08023
6695466450;48.87259;2.7755
6695479709;48.87252;2.77364
6696606246;44.824;-0.55118
6696694844;44.3192;-0.87752
6696701399;44.68231;-0.52235
6696708800;44.41245;-0.75452
6696716132;44.47178;-0.2077
6696734039;44.39582;0.59167
6696813290;44.47288;0.93853
6696841576;44.4806;1.40575
6696852222;43.98318;4.33287
6696857144;44.1073;4.58683
6696857631;43.78022;4.19485
6696869300;44.06048;4.47918
6696874897;44.16147;4.62397
6697052785;43.41363;2.64174
6697152219;-21.01848;55.42454
6697158805;-21.03661;55.39991
6697213116;45.54659;3.19647
6697504489;49.03578;7.69021
6697521688;47.8743;7.02932
6697521691;48.02544;6.99579
6697521692;49.03571;7.69094
6697582386;44.17946;3.43097
6697582485;43.86392;3.31848
6697979289;44.46199;3.99241
6698777187;43.35252;2.77961
6698862286;47.44967;3.54621
6699030185;43.32489;2.73787
6699128648;44.95502;5.14225
6699153746;45.04759;5.34099
6699845985;44.60144;4.38652
6699923396;45.52823;3.33823
6699998056;44.30724;3.36422
6700050093;44.36443;3.41197
6700078391;43.53662;5.29362
6700094787;43.53723;5.29303
6700094788;43.56825;5.35603
6700839250;47.30569;6.83563
6701007000;44.45727;1.69966
6701007001;44.45394;1.7024
6702266186;42.82761;0.16966
6702614950;45.11925;5.61089
6702839624;43.39042;-1.66224
6703023083;44.76197;-0.54299
6703023084;44.77442;-0.54328
6703060885;44.79038;-0.57172
6703062342;44.77145;-0.54555
6703082385;48.69764;6.18365
6703113386;43.63808;5.08834
6703727007;43.4986;-1.54226
6703747902;44.84893;4.11853
6704048209;43.54295;0.12727
6705446865;45.19242;5.96737
6707514532;44.65698;-1.01025
6707702220;44.73538;-1.09399
6708002642;43.63012;2.28007
6708131930;43.76376;4.05596
6709962795;48.34387;1.84118
6711079924;45.46008;5.9944
6711079925;45.40323;5.94571
6711079926;45.13645;5.82489
6711079927;45.2712;5.86636
6711492532;44.82276;5.55041
6712662140;44.29066;2.835
6712689185;45.05152;5.98845
6715825625;45.44223;5.8105
6715849612;45.43855;5.80971
6716349905;44.43838;3.93361
6716836455;48.36126;-4.12213
6717757418;43.01524;0.77987
6717851355;43.12109;6.12861
6718332763;43.51205;1.6746
6718461390;44.49705;2.49805
6718520860;44.56642;-0.4178
6718520876;44.53547;-0.29725
6718620495;44.53096;-0.38728
6718620519;44.51246;-0.36848
6718620542;44.48097;-0.36711
6718620561;44.49197;-0.50207
6718726588;42.93411;-0.63497
6720448924;48.57083;7.80025
6720521806;48.82169;2.35394
6720542448;44.80417;1.62435
6720654580;44.80505;1.62652
6721192165;42.65312;2.38736
6721192166;42.65219;2.38846
6721693747;45.80955;6.2092
6721693753;45.82685;6.20395
6721708260;48.4648;7.47227
6721821222;42.69414;2.80335
6723059925;42.17187;8.85037
6723059927;42.17753;8.90802
6723059928;42.16682;8.79973
6723059929;42.23908;8.8395
6723210401;42.79735;1.07232
6724071791;48.87605;2.21632
6724674836;42.6556;1.83527
6724836361;43.44063;3.67901
6725183053;48.29711;-4.22476
6725710421;42.36589;9.49723
6726011265;43.18211;3.00545
6726064607;44.94455;1.7036
6726189169;44.5311;-0.38772
6726347418;44.9853;4.57974
6726351572;45.03575;4.64892
6726437683;45.77089;6.71583
6727034130;43.28066;5.34754
6727614159;47.21977;6.02568
6727614160;47.23187;6.02203
6728010801;45.55592;4.61768
6728764101;48.5093;7.60577
6730348286;43.7029;7.26495
6731356927;42.46656;2.57989
6731356928;42.46594;2.57943
6731356929;42.46731;2.5792
6731808634;44.09245;-1.32124
6731846355;49.08661;1.89574
6731896524;45.24223;5.11794
6732110485;48.93402;2.34845
6732205463;48.70082;2.1976
6732654528;43.60793;2.47629
6732654531;43.62817;2.49706
6733190687;43.70988;7.26304
6733401393;44.87117;1.80334
6734934805;48.79119;2.13606
6734934806;48.78876;2.1389
6734934807;48.79212;2.14016
6734934808;48.79334;2.13732
6734934809;48.78937;2.13782
6734934810;48.79167;2.13999
6734934811;48.78997;2.13665
6734934812;48.79089;2.13971
6734934813;48.79256;2.14034
6734948825;45.82733;0.68821
6735169420;48.79197;2.13948
6735169421;48.7922;2.13813
6735169422;48.79104;2.13658
6735169423;48.79062;2.13641
6735169424;48.7911;2.13843
6735169425;48.79174;2.13783
6735169426;48.79048;2.13693
6735169427;48.79011;2.13809
6735169428;48.79287;2.13937
6735169429;48.79196;2.13718
6735169430;48.79081;2.13726
6735169431;48.79003;2.13863
6736211408;43.6193;2.25359
6736211409;43.66357;2.29099
6736498152;44.90909;6.05483
6737170152;47.48309;2.89557
6737953934;43.71477;0.62301
6738050385;42.46747;2.58088
6738050387;42.4679;2.5801
6738124285;43.07711;0.48272
6738491620;42.50168;2.54835
6738569694;42.83174;0.3025
6738632614;48.9099;2.37585
6738632615;48.91777;2.37068
6738665598;44.42066;4.90914
6739068366;46.0408;6.74761
6739069854;46.04029;6.74533
6739069862;46.03262;6.73753
6739069867;46.03216;6.73651
6740149965;47.48037;1.18317
6740194216;43.29836;-0.38489
6740194217;43.2978;-0.38099
6740194218;43.29737;-0.38006
6740194219;43.29839;-0.38192
6740198975;43.2971;-0.37933
6740198976;43.29955;-0.38257
6740198977;43.29989;-0.38404
6740198978;43.29983;-0.38495
6740198979;43.29929;-0.38493
6740198980;43.29929;-0.38411
6740215888;43.2994;-0.38336
6740215889;43.29865;-0.38381
6740215890;43.29866;-0.38267
6740216014;43.31917;-0.35568
6740216015;43.31916;-0.35492
6740216016;43.31926;-0.35634
6740216017;43.31913;-0.36393
6740222118;43.29886;-0.38497
6740222119;43.29804;-0.38605
6740232874;43.30494;-0.37481
6740238937;43.29773;-0.38352
6740238938;43.29798;-0.38268
6740238939;43.29613;-0.38412
6740242387;43.33436;-0.36159
6740242388;43.32666;-0.37027
6740247044;43.29324;-0.37069
6740247045;43.29162;-0.38113
6740251785;43.29536;-0.38163
6740251786;43.29573;-0.3777
6740251787;43.29579;-0.37493
6740251788;43.296;-0.37316
6740251789;43.29848;-0.36734
6740252191;43.30601;-0.36658
6740252192;43.30616;-0.36565
6740268798;43.29205;-0.36691
6740268799;43.29252;-0.36962
6742055996;43.29331;-0.3982
6742055997;43.2938;-0.39797
6742055998;43.28773;-0.38997
6742055999;43.28888;-0.38205
6742056000;43.28699;-0.3688
6742056001;43.3061;-0.3443
6742056003;43.31986;-0.3436
6742056004;43.31626;-0.34536
6742062632;47.99621;0.26571
6742198138;47.77128;3.75681
6742215214;43.51247;-1.52033
6742258966;44.60397;-0.76431
6742404073;44.53714;1.42684
6742436985;45.27094;6.09117
6742522978;46.38369;0.22001
6742623516;45.08993;4.17355
6742673402;49.22247;4.09524
6742673403;49.15079;4.2519
6742673404;49.06714;4.64753
6742704040;47.47191;-0.55786
6742868051;43.29774;-0.39619
6742868052;43.30013;-0.39076
6742868053;43.30042;-0.39105
6742868054;43.30247;-0.395
6742868055;43.30642;-0.39422
6742868056;43.31102;-0.39004
6742868057;43.31043;-0.39264
6742868058;43.3107;-0.3923
6742868059;43.31119;-0.39301
6742868060;43.31134;-0.39196
6742908010;43.31491;-0.38467
6742908011;43.32344;-0.38309
6742908012;43.323;-0.38267
6742908013;43.32347;-0.38245
6742908014;43.32312;-0.3818
6743679948;48.84608;2.41265
6743736885;46.74053;1.82949
6743762898;43.4396;-1.59099
6743891109;43.68798;5.03067
6743910573;43.70907;4.93887
6743925687;43.70612;4.95105
6743972833;45.4177;4.67596
6744406348;44.43628;2.03076
6744468107;48.81943;2.11324
6744490789;46.5495;5.71012
6744790761;48.32752;-4.23969
6744790763;48.32794;-4.23929
6745928279;46.05397;-1.08916
6745961204;43.38288;-1.65899
6746147509;43.91828;5.12693
6746675072;47.28074;6.9156
6746969716;46.34093;5.52513
6746979185;46.34148;5.52593
6747112270;44.44138;2.44253
6747141856;44.43827;2.45711
6747150210;44.45438;2.42631
6747200446;43.56792;2.31038
6747231709;43.62405;2.25855
6747231710;43.62386;2.25824
6748976298;43.82286;1.29816
6749279529;45.86311;3.58172
6749296654;45.86297;3.58048
6749392170;43.16177;-1.23912
6749411802;43.52465;5.42061
6749512807;44.90865;6.05476
6749528736;43.80059;4.42538
6749655306;44.86864;6.09148
6749827025;48.20177;-4.23415
6749835248;45.07221;6.1721
6749835258;45.08318;6.16228
6750132186;43.49295;-1.40126
6750132187;43.49291;-1.40195
6751796535;41.38686;9.15708
6753471484;46.14763;-1.20868
6753934276;43.61825;2.35223
6753967579;46.05351;0.6841
6754049273;48.52948;-2.00149
6754077850;43.66519;2.39362
6755080630;44.50815;6.31235
6755405450;42.46699;2.5794
6755412702;46.69488;-1.41241
6755803108;43.95226;2.92092
6756060188;46.01912;5.92964
6756089724;43.95175;2.8933
6756964407;43.08833;0.31567
6757024898;43.2221;0.40743
6757458545;46.87223;6.38116
6757514947;46.82551;6.34072
6757547509;43.91632;5.05221
6758807172;46.15356;5.71315
6758807173;46.15412;5.71353
6759221785;45.71536;5.69832
6759440209;45.67718;6.39504
6760212366;48.6082;-1.4518
6760300151;43.66238;2.3694
6760390829;45.03808;5.70408
6761361287;43.87107;4.34408
6761361488;43.86939;4.35239
6761361586;43.87371;4.35008
6761427533;45.37198;5.99016
6761565994;49.62464;-1.63262
6761811707;44.68226;-0.52296
6761878632;43.26418;5.37133
6762035472;47.43759;-1.53811
6762263830;46.13284;6.51883
6762736265;47.81015;-2.38337
6763613807;46.08855;6.80535
6763613837;46.0884;6.80567
6763663245;43.604;2.24511
6763696296;46.11233;6.83762
6764042652;46.7648;-56.17952
6764191568;44.02345;6.63193
6764199786;43.94493;4.21637
6764205771;48.49233;2.21813
6764206571;44.00301;6.64224
6764217833;43.96616;6.66781
6764664552;44.75729;5.67421
6764696621;44.75785;5.67491
6764710076;44.75892;5.67653
6764768824;44.7578;5.67742
6764770287;48.02797;-2.70144
6765374354;45.56581;6.62202
6765374356;45.5726;6.65064
6765374359;45.61813;6.60856
6765374360;45.61831;6.60792
6765895953;44.45806;6.00331
6765983819;45.76;5.68648
6766438441;43.1451;-0.69205
6766582545;44.38304;4.41377
6766652807;51.05681;2.42849
6767000189;45.57195;6.65079
6767000190;45.5724;6.65113
6767281689;49.27061;4.0252
6768799290;44.02814;3.82429
6769324142;44.93229;4.48872
6770305460;49.26093;4.01848
6771512465;46.97931;3.16728
6772184585;44.23112;-0.98483
6772543387;46.66805;5.53771
6773264723;47.76964;7.32082
6773805123;43.53;6.14839
6774288883;44.78221;2.25387
6774992846;48.63357;2.43847
6775026726;44.95556;6.67769
6775098115;45.98522;4.03651
6775326013;47.5428;5.69714
6775347613;47.51705;5.84921
6775602929;48.87379;2.3897
6777081776;43.52559;5.45246
6777082724;43.523;5.44876
6777287685;42.70336;2.88869
6778844822;48.85408;2.35638
6779914501;45.63226;6.77394
6780078779;45.5685;6.64403
6780078780;45.61736;6.76827
6780641888;46.19677;6.28857
6780997836;47.38143;0.6814
6781173807;49.25926;4.00867
6781960269;44.76802;6.73781
6782578238;45.22537;5.78894
6782585690;46.20426;-1.35444
6783060723;47.04454;6.24867
6783787227;48.41048;2.79912
6785688804;48.09407;-4.46751
6786609685;49.24849;4.05613
6786659891;43.39847;2.24171
6788157814;43.49563;-1.47197
6788555343;44.4282;5.71335
6788560671;44.42986;5.71659
6788701448;45.38057;6.16149
6788703969;45.37201;6.19419
6788797162;45.24709;6.08305
6788834889;45.53063;6.2677
6789033747;43.71589;2.61449
6789314218;44.35937;2.57281
6789812473;44.35974;5.45023
6790295585;46.81175;1.69398
6792711564;45.5838;5.32081
6792711565;45.56622;5.37433
6793596971;48.87524;2.40046
6793596972;48.87482;2.40066
6793596973;48.87455;2.39942
6793859872;47.39614;0.69008
6794623213;47.29701;6.05203
6794805693;44.78088;-0.40591
6795278475;45.71479;4.8979
6795362857;48.85255;2.30177
6795481088;48.08428;7.2676
6795578250;48.86285;2.30576
6795619399;48.86306;2.31641
6795666841;48.86115;2.32466
6795861545;44.98507;4.22688
6795950393;45.18074;6.42781
6796583080;48.64797;2.29953
6796803986;43.98743;7.55283
6796832553;48.65777;2.24421
6796889046;48.86488;2.23727
6796999659;43.62101;2.27078
6797089202;48.64554;1.81922
6797290808;47.25366;-0.06463
6797545444;48.4031;2.47033
6798303965;45.3747;4.4497
6798464569;43.20911;2.36549
6798680685;43.93823;7.50277
6799127879;44.20574;5.02313
6799130184;46.83066;5.73462
6799137097;44.35589;5.135
6799137099;44.35657;5.13648
6799143985;46.82729;5.73376
6799720991;42.67282;2.87889
6799969781;49.48225;4.85025
6800355511;49.29253;4.00261
6800445594;44.09591;7.35644
6800476743;49.25398;4.01701
6801516286;43.59163;3.89607
6801804786;42.69674;2.88951
6802004811;45.46255;5.99098
6804858482;44.25924;5.14592
6804898416;44.37157;5.22274
6805337212;43.57564;1.50073
6805601593;48.1793;5.14965
6806267190;47.0438;6.24839
6806267355;46.92781;6.3493
6806414293;48.69632;2.51559
6807262513;44.72835;0.25444
6807351142;44.41408;5.35637
6807416834;46.20052;5.4314
6807420896;46.26929;5.53543
6807748874;44.35702;5.13741
6807859720;44.93279;4.83705
6808332685;42.70384;2.89043
6808332785;42.71849;2.88648
6808369173;44.67381;0.10985
6810150589;43.74682;6.93436
6811669063;44.83361;-0.56146
6812862490;45.7078;4.59042
6812862491;45.70744;4.5896
6813918935;45.19671;5.68618
6813940324;45.17463;5.69101
6814009652;44.6618;2.55831
6814020905;45.58915;5.79846
6814020906;45.56815;5.84407
6814023150;43.48488;-1.55827
6814027955;44.66375;2.56357
6814131342;45.82135;1.26854
6814152586;42.70301;2.88659
6814309186;44.55397;2.25865
6814311186;44.47369;3.34546
6814316885;42.78693;0.24639
6814385988;41.72854;8.79856
6814392785;47.23319;5.99963
6814472283;45.69641;4.89667
6814587802;44.98725;4.22784
6814591166;43.20985;-0.33581
6814599525;43.17136;-0.33172
6814625745;45.27101;5.67366
6815376707;44.33809;2.21716
6815690532;44.72524;5.01329
6815768086;45.89292;6.71131
6816032209;44.68855;5.69171
6816184658;47.81623;6.85042
6816193514;47.82455;6.8887
6816872316;47.42489;0.69065
6816909528;46.3623;6.32581
6816912404;49.1763;-0.3583
6817176346;48.63503;-1.51138
6817366734;47.42561;0.67575
6817366735;47.42139;0.68255
6817366742;47.42186;0.68161
6817531687;45.71693;6.57475
6817619366;44.94465;4.84542
6819151485;42.71813;2.88396
6819234385;45.71929;6.57316
6820472928;44.10315;1.08469
6821073707;45.22595;4.58994
6821076230;45.25192;4.73124
6821084375;45.14982;4.49735
6821087205;45.28691;4.72882
6821873515;45.29852;4.64489
6821926331;43.18592;-0.94439
6821986567;45.15947;4.7609
6822410481;45.11983;4.5344
6822410482;45.11816;4.53557
6822410483;45.08741;4.62613
6822410484;45.1011;4.6739
6822418886;45.06623;4.69521
6822431888;45.01056;4.78171
6822989998;48.23089;2.68114
6823834224;43.66395;3.91106
6824540648;48.88284;2.23074
6824540649;48.88235;2.2307
6824545983;48.8829;2.23007
6825783400;45.00994;4.39976
6825783401;44.98732;4.57905
6825783402;44.95601;4.66198
6825783403;44.94442;4.72936
6827053586;43.47813;-1.49346
6827053587;43.48119;-1.49295
6827053588;43.47939;-1.49865
6827053589;43.47843;-1.5004
6827053590;43.49523;-1.48719
6827053591;43.49514;-1.48677
6827053592;43.49633;-1.48735
6827053593;43.50827;-1.43403
6827053594;43.50839;-1.43414
6827053595;43.50572;-1.45807
6827053597;43.49993;-1.46108
6827053598;43.5009;-1.45197
6827053600;43.49914;-1.45656
6827053602;43.49563;-1.45605
6827053603;43.49118;-1.4624
6827053605;43.49009;-1.47207
6827053606;43.4905;-1.48042
6827053608;43.49205;-1.47935
6827053610;43.49388;-1.47883
6827362585;45.62242;5.13964
6827389656;46.54648;-1.67234
6827411402;47.5058;6.80255
6827493524;47.52923;6.85591
6829885894;45.76878;4.77349
6831441075;44.38106;2.82442
6832320747;45.70507;5.71812
6832369281;46.10538;5.82661
6832404727;46.22211;5.86658
6832605493;44.40769;2.29342
6832913938;45.06684;-0.37983
6833361878;44.71455;3.52182
6834193285;45.16015;5.728
6834227772;43.77232;1.29634
6834289645;43.75316;3.72526
6835187857;43.7527;3.83479
6835187863;43.73981;3.8522
6835400336;43.46561;-1.57306
6835821316;45.05121;4.27628
6838036197;48.90033;2.24126
6838149541;48.89845;2.23262
6838300950;45.62349;6.8015
6840674285;-21.02192;55.42749
6841163810;45.87605;4.72962
6842538737;43.95368;4.76474
6842635663;43.95188;4.81877
6842664007;43.95255;4.76669
6842746623;48.83523;2.33631
6842850957;45.69567;4.94123
6843805592;47.54188;5.6939
6844937764;44.14254;1.88655
6847215069;48.45289;7.19908
6848250366;47.92548;-3.69001
6848827905;45.69369;4.94088
6850881578;46.31419;-0.48246
6852150886;46.81185;1.69778
6853266193;47.86978;-3.92148
6853641402;42.58731;9.02026
6854022265;48.28601;7.41943
6856029770;48.51088;7.2398
6857066234;44.35923;2.58773
6857066236;44.36004;2.58704
6857066254;44.35908;2.58658
6858292285;43.49106;3.796
6859746686;44.55943;4.7446
6859993396;44.35813;5.2244
6863519899;45.67134;5.731
6863598939;44.81694;2.31479
6864701118;44.38392;2.5844
6867046968;45.69754;4.94379
6868211537;47.36635;0.67268
6870028040;44.18219;5.87938
6871398787;46.57617;5.74074
6872808504;44.41845;3.08891
6872890539;44.4051;3.07613
6873432353;45.21223;5.31503
6873475852;44.88476;-0.64873
6873485289;44.88534;-0.64883
6873498017;44.64403;-1.11622
6873689030;48.25833;-1.38763
6874104034;48.86695;2.34405
6874877418;44.75829;0.40994
6874953323;43.78602;7.4453
6875416771;44.59675;6.85529
6875416772;44.59307;6.84249
6875455919;49.80265;4.42798
6875794333;47.84767;7.00813
6875929745;43.19248;-0.61165
6875944676;43.18838;-0.60465
6876205952;48.84222;2.36712
6877713894;45.34487;6.29092
6877713895;45.27987;6.21045
6877740988;44.97409;6.1192
6882100820;43.23676;6.30784
6882472676;43.32109;-0.34656
6883777349;45.01853;6.03766
6883777356;45.01922;6.04295
6883777365;45.01933;6.04356
6883777381;45.02105;6.04754
6884812686;47.61599;1.51178
6885657537;43.70504;4.64479
6885694733;44.01298;1.37157
6886385852;46.03977;4.07252
6886857303;45.58925;5.27862
6886935782;43.62431;1.34006
6886954085;48.86504;2.32534
6886954086;48.86686;2.31897
6887005849;49.14779;2.40144
6887344177;45.02999;6.01697
6895139485;48.84448;2.35312
6895379256;5.48675;-54.01481
6895912443;5.48079;-54.01584
6895912453;5.48244;-54.01767
6895912458;5.47796;-54.01309
6896217437;44.9176;-0.23149
6896338485;48.84339;2.35036
6897673795;43.65902;7.12093
6898677783;43.89933;3.45901
6899253498;44.6668;6.05535
6899832495;45.35338;4.98862
6899840945;45.35279;4.98893
6900692943;45.34147;5.38492
6900790698;45.31836;5.65722
6903994002;45.67929;5.46769
6904795914;42.90863;9.37357
6905208735;46.17165;6.73485
6908341481;46.51478;4.67645
6908642356;43.60904;1.49602
6908931971;43.49093;2.37936
6911270606;43.321;-0.34612
6913386321;46.55762;4.48727
6913585891;45.11636;4.28975
6915196203;43.29096;5.57165
6915196204;43.29133;5.57043
6915756993;43.18223;3.00569
6916360669;43.29089;5.57055
6916480297;43.29087;5.55686
6916480298;43.28973;5.55253
6918048045;44.68204;0.3572
6918095642;44.94538;4.83933
6918429264;43.35391;3.52973
6918546156;45.04333;6.12454
6918624024;43.35291;5.60602
6919009270;44.23393;-0.98668
6919016719;47.91223;7.20425
6919021126;44.21727;-0.92078
6919021128;44.21786;-0.92085
6919021131;44.21839;-0.92132
6919021140;44.31879;-0.87202
6919963686;47.37333;-3.21855
6920025305;44.35009;-1.0715
6920063906;43.99058;3.60499
6920068549;43.99025;3.60464
6924350692;46.26247;5.17472
6924771292;45.31083;5.89007
6925023984;48.25651;6.91759
6925523526;43.64097;3.85519
6927124532;45.15674;6.41876
6927343553;44.9771;6.50783
6930256213;44.75082;0.34082
6930392985;44.75016;0.34105
6932118416;44.08147;6.17624
6932931936;45.22331;5.77949
6933030696;44.99052;6.52855
6933030697;44.98713;6.51143
6933030699;44.98286;6.52129
6933048148;44.36888;5.31644
6934406864;45.35417;0.6834
6934697907;43.40712;-1.6409
6934697909;43.41373;-1.62601
6934697910;44.38705;-1.18173
6934697911;45.82095;-1.11568
6934697912;46.8313;-2.1318
6934697914;47.11889;-2.16468
6934697916;47.20124;-1.74928
6935986485;48.90446;2.46864
6936035706;45.53037;6.31902
6937072468;45.15582;6.41932
6937562661;44.78971;5.6949
6938312389;48.27224;7.44707
6940365091;48.90496;2.47052
6942902116;46.23924;1.49257
6943308065;-20.95048;55.33129
6944280982;43.55172;7.01232
6944513684;45.16175;6.41846
6944941290;44.87951;-0.59918
6945941809;42.72868;1.81785
6946520206;43.81652;3.69175
6951037700;44.64223;-1.0291
6952257693;48.73699;2.0921
6953775263;43.15111;6.34247
6953810589;48.58048;7.74072
6953811099;43.1508;6.34157
6955114200;43.31788;6.46932
6956903309;45.12142;6.42087
6956987971;45.77391;3.10314
6958268986;49.26033;4.02896
6958568960;43.94042;4.63715
6958905312;47.34748;6.83505
6960301359;44.35498;2.92925
6960391101;44.35117;2.93964
6961025563;-20.93939;55.33081
6963875972;48.83695;2.25489
6964065288;47.35543;0.62471
6964768056;45.63127;4.78335
6965634653;43.70442;7.31186
6966820352;43.65018;6.79133
6966877685;46.90451;6.3578
6966878859;45.72426;4.82179
6967225995;47.89961;1.92578
6968828058;47.31559;-3.18827
6968880102;47.36839;-3.22255
6968912612;43.49581;2.34126
6970264914;48.62225;2.00332
6970461670;47.24916;3.87104
6970461767;47.26911;3.85557
6972486051;43.40887;2.08064
6975917055;48.89237;2.31202
6982403564;44.44467;2.37083
6982868761;-20.92692;55.33838
6983721229;49.1931;-0.36516
6984598289;-20.95731;55.33528
6984926893;47.31877;6.81364
6985066975;47.91279;1.96713
6985312087;42.6644;2.83817
6985312088;42.66426;2.8387
6985514442;47.89896;1.92197
6986779108;43.59083;3.85235
6987593513;48.53166;6.06713
6987948058;43.87764;3.79826
6988033843;44.6729;-0.80266
6990764810;43.9412;1.9497
6993050790;48.96477;2.04195
6993409893;48.97394;2.04523
6993592656;43.82193;-0.41987
6994471882;-21.06459;55.521
6994472135;-21.01531;55.47328
6994629725;43.83048;6.56093
6994629726;44.38736;6.65561
6994629727;43.76898;5.94559
6994629728;44.45122;6.84439
6994629729;44.26292;6.34215
6994629731;44.44416;6.37152
6994629732;44.09312;5.94868
6994629733;44.01794;6.30795
6994629734;44.29401;6.31734
6994629735;44.47886;6.31516
6994629736;44.34398;6.02873
6995436153;44.33806;6.16246
6995436155;44.36182;6.7877
6995436156;44.11013;6.00952
6995436157;44.39026;6.56692
6995436158;44.17501;6.35164
7001792756;45.93216;6.15663
7003776686;42.67097;2.83243
7003811000;44.87177;-0.64417
7003848300;47.47857;-0.56511
7005621977;43.67352;4.61748
7005692994;43.67355;4.61684
7006100998;48.34451;1.83993
7006183325;43.58087;3.56214
7006509368;48.81482;2.21106
7006555743;-20.8952;55.54061
7006644924;44.6978;-0.85868
7006644925;44.69782;-0.85949
7006644926;44.69768;-0.85984
7006644927;44.69754;-0.85952
7006644928;44.69761;-0.85904
7006644929;44.69803;-0.85905
7006757121;47.32694;6.81566
7007000929;48.7028;-4.02788
7007440903;48.83127;2.36969
7008927928;44.42169;3.01911
7009918156;43.93081;5.68166
7017311234;44.78858;-0.68199
7017847187;48.68926;6.17477
7019231112;43.42431;-1.60876
7019739687;42.6706;2.82864
7019835336;44.80316;5.22069
7019880898;44.7773;5.14338
7019893392;44.77683;5.1432
7020347044;47.25359;6.03538
7021724378;44.33052;-0.96388
7021724380;44.33105;-0.96474
7021724382;44.3314;-0.965
7021735612;45.7628;4.81413
7022229121;48.10561;7.19226
7022291160;46.1162;3.42763
7022291161;46.1168;3.42286
7022291162;46.11757;3.41746
7029860402;48.4873;7.18254
7029953185;43.15007;-1.34123
7029953285;43.16381;-1.33665
7030626544;46.00839;5.84214
7032952440;50.64115;3.06473
7033724311;44.08243;5.54829
7033724312;43.98043;5.56549
7033724313;43.87109;5.83794
7033724314;43.89802;5.79028
7033724315;43.86862;5.83725
7033724317;43.91591;5.7164
7033724318;44.08355;5.54753
7033724321;43.86924;5.83153
7033724323;43.97948;5.56423
7033724329;44.04046;5.63045
7038534489;43.97381;6.01964
7038534490;43.9673;6.66684
7038534491;44.24044;6.62816
7038534495;44.02186;6.6314
7038534496;44.09096;6.50013
7038534497;43.93137;6.66494
7038534498;43.84322;6.21893
7038534499;43.93092;6.66519
7038534500;43.778;6.09678
7038534501;44.09721;6.55559
7038534502;44.24113;6.61614
7038534503;43.98208;6.5229
7038534504;44.24098;6.62767
7038534505;44.08637;6.47888
7038534506;44.00402;6.64127
7038534509;44.18035;6.62605
7038534510;44.27665;6.57949
7038534511;43.86959;6.57953
7038534513;44.02334;6.38354
7038575932;45.18785;5.72411
7038697710;43.98228;6.5242
7038697711;43.96521;6.50723
7038697712;44.04852;6.442
7038697713;44.18134;6.62803
7038697714;44.24108;6.62693
7038697715;44.1791;6.62817
7038697716;44.03563;6.60817
7038697717;44.09124;6.50381
7038697718;44.18109;6.62666
7038697719;44.04788;6.59432
7038697721;43.96754;6.66726
7038697723;43.98213;6.52344
7038697724;43.75909;6.15184
7038697725;44.09831;6.55463
7038697727;43.87;6.57827
7038697728;43.82789;6.12881
7038697729;43.99025;6.64488
7038697730;43.91266;6.54428
7038697731;43.75904;5.88346
7038697732;44.23984;6.62841
7038697733;44.09114;6.49953
7038697735;44.09386;6.51766
7038697739;43.98284;6.52383
7038697741;44.0968;6.56081
7038697742;44.09081;6.50069
7038697743;43.85243;6.65474
7038697744;44.0027;6.64348
7038697745;43.9318;6.66539
7038697746;43.75881;6.15
7038735367;47.38481;6.76742
7040107598;45.95139;6.73915
7040437883;43.39391;5.55235
7041403159;46.34313;6.12813
7041850697;43.54061;1.41088
7041947992;44.69882;6.87001
7042146039;44.43582;2.51472
7043827942;44.82011;-0.58531
7045753399;49.16853;-0.18555
7049004292;45.19834;5.69379
7049291446;46.44123;5.59816
7050439185;45.19952;5.69353
7050439485;45.19967;5.6937
7051438106;48.87068;2.39589
7052410363;44.45209;5.84199
7053818587;-21.12717;55.46084
7053876413;48.79519;2.15616
7056603402;43.68182;7.23272
7056603408;43.69763;7.25999
7057899107;46.8298;-0.35274
7058241152;47.81864;4.77648
7058283903;43.6088;1.4425
7058403769;48.82794;2.35201
7058495596;48.83148;2.37064
7058495609;48.88607;2.36593
7058702169;44.25287;-0.90148
7058702172;44.25359;-0.90455
7064973818;45.19413;5.76699
7066600700;47.40341;0.66229
7066600701;47.40327;0.66115
7066600703;47.40339;0.66178
7066615279;47.40272;0.66126
7069252903;46.35934;6.13595
7071675872;45.20331;0.13572
7071696464;45.66886;3.23635
7072771585;45.19081;5.7283
7073889512;45.76721;3.07096
7076362582;47.97818;6.9611
7076741988;-21.25017;55.52215
7077070679;44.4172;0.66846
7077240283;45.67653;5.46977
7078151668;45.77712;5.1705
7080018886;43.91752;6.13071
7080018906;43.92727;6.12329
7085991965;49.83631;3.8376
7086296176;47.88393;1.90312
7086599444;44.6608;6.192
7087886686;42.68131;2.93854
7087891785;42.68036;2.93639
7088352739;49.78521;3.92488
7088396463;49.77982;3.86209
7088410339;49.76921;3.80801
7088410370;49.80078;3.81428
7088963251;48.89323;2.41534
7089341190;46.43287;4.2743
7090678985;49.78348;4.14382
7094324570;45.51291;5.95761
7095088860;46.51585;-1.80468
7095975968;45.81365;4.92808
7095993329;45.41562;4.38683
7098194930;46.12504;3.42234
7099529217;45.36335;0.96259
7099725086;45.17334;5.70818
7100243710;43.02931;0.57326
7104399654;45.54107;3.55785
7104399656;45.54107;3.55631
7105123494;45.28771;5.45035
7105593009;45.29618;5.48159
7106563087;43.76562;7.45963
7107407692;45.19158;5.72952
7107408294;47.25639;6.07804
7107842694;43.76454;7.45978
7108041745;43.71228;-1.06133
7108806044;45.98191;6.92588
7109096870;48.08588;-4.48564
7110695745;44.90382;4.15356
7112290934;44.04952;6.19302
7114748077;43.30702;-1.49896
7116317115;44.68689;5.94698
7118327564;48.7999;2.26516
7118903397;45.16493;5.72728
7123009162;48.87885;7.37864
7124048077;44.09249;6.20814
7124059115;44.30228;1.79232
7125745474;46.30594;6.3024
7126659148;43.51572;5.44679
7126659149;43.51653;5.44835
7131965370;42.56676;2.38085
7132233477;4.88328;-52.26131
7133304449;49.62679;-1.63381
7133358585;49.62665;-1.63221
7133358675;49.6265;-1.63248
7133358679;49.62656;-1.63168
7133644941;49.62647;-1.63061
7134089517;47.86648;1.89765
7135587519;46.3367;6.52061
7137067196;42.70227;9.44814
7137201690;48.65613;6.14703
7139308142;49.62699;-1.63304
7139502187;47.78723;7.50703
7143272830;44.88188;4.3653
7143272831;44.88148;4.36447
7144832648;48.6887;6.16542
7149051757;48.68799;6.12709
7151509835;49.62666;-1.63374
7151509836;49.62653;-1.63299
7151816691;49.62639;-1.63165
7154790878;45.58588;3.24185
7156710574;45.626;6.79429
7159188411;44.6467;-0.97883
7159188412;44.64706;-0.97923
7159188413;44.64706;-0.97849
7160218740;43.67729;4.13595
7160301556;43.60503;3.73699
7160605856;48.86246;2.34553
7160605857;48.86213;2.3454
7160717188;43.83261;-0.80312
7160717189;43.83305;-0.80337
7160893731;48.86811;2.34854
7161214678;46.13679;6.16236
7164470033;49.62645;-1.63208
7164494522;49.62629;-1.63032
7165037486;16.23657;-61.70295
7167153040;47.73128;-2.43215
7167523761;43.53664;1.34513
7168633776;44.88732;1.2163
7168726257;42.80668;0.54705
7168842145;42.73237;2.2278
7177634286;46.31209;6.04716
7179479680;48.85511;2.26021
7179480787;48.84416;2.26903
7179685564;48.89911;2.12979
7181533105;42.73207;2.22933
7182290310;48.26104;6.44069
7184491649;44.30094;3.32051
7184491651;44.30141;3.32018
7184491652;44.30197;3.32011
7184581332;43.56286;5.0725
7184581334;43.56219;5.07287
7185097289;49.1966;4.18265
7187097233;42.641;2.86915
7187931056;45.6191;6.8715
7187931057;45.6157;6.86367
7191267326;48.65412;6.15658
7191466873;43.56331;5.07074
7191730953;43.61775;1.48062
7191976764;44.75255;2.50846
7192685771;48.39626;-4.43376
7192685772;48.40331;-4.4479
7196046717;43.52998;5.44893
7197475690;43.65539;1.37472
7198242857;48.19272;7.15683
7198498809;43.52164;5.46755
7198498810;43.52375;5.466
7198498811;43.52468;5.46727
7199815754;47.16905;-1.72027
7201304185;48.85353;2.37031
7201402086;44.91716;-0.64915
7203981745;43.70154;6.03922
7204758423;46.27069;6.1025
7206360203;45.92444;6.87199
7208919172;44.63623;-1.01901
7208919173;44.63595;-1.01919
7209336992;43.52406;5.46113
7212305140;43.67676;3.76697
7213936879;45.59215;5.27647
7213966962;44.58879;4.52705
7214649158;44.23971;2.37301
7216922573;44.06055;6.19592
7217263531;48.68833;6.19919
7218379655;43.60716;1.45089
7218379656;43.60702;1.45053
7218379657;43.60888;1.45346
7218379658;43.60884;1.45325
7218398702;44.84313;-0.55029
7218483810;45.56949;6.74368
7218716982;45.91757;6.85795
7218716983;45.8948;6.82852
7220668435;43.56765;-1.19169
7220956711;48.88638;2.32477
7222255037;45.90788;6.84258
7222255068;45.90279;6.83258
7223170856;47.4672;-0.53613
7223216569;45.88926;6.69837
7223227577;47.25755;0.57977
7227338803;48.85022;2.34437
7227482498;43.01693;0.17739
7227863360;45.90584;6.83946
7228497734;46.39812;6.57744
7229790392;44.37314;4.64485
7230862943;43.27367;6.63932
7231087052;44.46727;2.94232
7231348123;45.19431;5.67676
7232805836;43.52621;5.45276
7233636587;43.15526;-0.6879
7235082715;45.91206;-1.26259
7236300354;44.07993;6.21416
7237112261;47.34117;4.86643
7237370356;43.60851;1.4412
7238494469;45.98094;5.10217
7238494474;45.92842;5.15297
7239406086;45.21432;5.86246
7239468989;45.2138;5.86228
7243089196;43.70037;3.49861
7245725359;44.89338;5.89937
7245942715;48.86495;2.38149
7248067389;44.08155;6.8593
7249254833;-20.89282;55.53157
7251602203;44.10742;6.77398
7252051871;44.36887;4.64725
7252727945;44.99284;4.98037
7253139891;43.51677;-1.51516
7253141088;43.29725;5.36585
7255817246;44.07912;6.21335
7255926727;43.12683;-0.43022
7256450905;43.13062;3.01662
7258281823;-21.0195;55.42497
7259284393;48.89118;2.4074
7261731385;45.84137;6.72012
7266618416;43.70649;3.87689
7274137088;44.54978;4.85979
7274139885;44.55031;4.85903
7274294851;47.86605;-3.54213
7276499294;45.76098;4.81414
7276641592;44.72217;0.32795
7277107085;43.77657;7.50754
7277576907;48.73151;6.16623
7277752683;43.86653;7.2933
7279192457;43.12281;5.93489
7279268432;49.26122;4.03166
7285055972;43.63374;5.53274
7285184855;47.31095;0.53819
7285437641;47.36443;0.67279
7291303751;44.18608;5.49301
7291303752;44.18622;5.49289
7291498926;47.39082;0.66704
7292890996;44.95157;2.21237
7294284875;45.72641;4.85237
7294805761;45.53001;2.97539
7294868188;47.23189;6.01816
7295054483;48.8706;2.38511
7296734354;43.28648;-0.34612
7297325393;48.70679;2.24496
7310840563;45.4565;4.40053
7315246163;48.68404;6.14881
7319441414;48.41889;2.69324
7321510039;47.72231;1.94107
7328188648;45.7233;6.03618
7329022454;43.8882;4.18829
7329022455;43.72839;4.34823
7335119077;47.54219;-1.88328
7335855029;49.25402;4.03668
7344351568;48.78782;2.19293
7344351569;48.84798;2.0617
7350348455;43.78791;4.38306
7356506833;43.41382;1.30927
7356606905;43.29593;5.37611
7365218505;48.51931;5.72642
7366589282;43.5365;6.4646
7367015625;43.567;5.07094
7367629001;48.69421;2.36627
7374309638;44.60858;2.03264
7375405079;43.70175;5.08686
7375446894;43.69989;5.08405
7375490170;44.60358;2.01712
7375490171;44.60338;2.01728
7375490172;44.6033;2.01708
7375490173;44.60352;2.01691
7375490174;44.60343;2.01583
7375490175;44.61524;2.03018
7383499273;47.90564;-3.57859
7393386084;48.162;1.77256
7393649378;43.6068;1.43879
7395738419;47.34937;5.03864
7395828689;43.68379;4.21043
7397092230;44.88683;5.62582
7397092231;44.87733;5.65522
7398538009;45.70157;4.7882
7398538010;45.70069;4.78771
7398538011;45.7009;4.78792
7398538012;45.70142;4.78654
7398538013;45.70225;4.78708
7402062065;44.31485;3.69906
7402131537;44.31956;3.67551
7402152025;44.3179;3.65902
7402841857;45.3426;4.81327
7403580375;43.90115;5.29555
7406444251;46.43588;4.66522
7406444252;46.43641;4.66516
7407643428;45.28305;2.72462
7410982085;43.6039;2.24705
7410989190;43.60424;2.24596
7412444410;47.33819;5.05432
7415852431;45.90574;6.70178
7419098130;47.92829;1.91329
7425295720;44.35258;2.5781
7425776469;45.74549;4.82006
7433660905;48.36816;2.8058
7433660906;48.36785;2.80625
7433660907;48.36748;2.80682
7434947295;43.89171;-0.50189
7434986389;43.88933;-0.49959
7437789955;45.59029;5.09136
7438953465;46.43519;4.66502
7444136933;43.85376;4.6287
7446794185;46.4386;4.65516
7446794187;46.43935;4.65424
7446794225;46.42851;4.65515
7450863759;48.93709;2.34316
7451702009;49.03943;1.6302
7451702010;49.04529;1.64714
7453399650;45.17945;5.72613
7455584076;48.93897;2.34539
7458420444;44.22374;-1.22265
7458420453;44.22169;-1.20615
7467783377;45.6151;5.1831
7471494874;47.76078;3.75866
7472454091;44.85081;-0.54548
7472996874;48.37873;7.28282
7473248129;46.12844;6.19236
7473248130;46.12004;6.20424
7473541374;48.62734;2.5932
7476005086;48.90255;2.14119
7476453819;45.76811;3.10626
7480406337;43.31023;-0.36454
7487041064;48.79272;2.47257
7492522585;48.90215;2.14149
7496019692;45.02963;5.97309
7496019693;45.03059;5.97353
7496019694;45.03009;5.97451
7498650579;43.66526;6.91127
7500402267;45.05681;5.09927
7502065025;43.94152;7.41278
7512348224;48.86494;2.39445
7514547143;46.57377;5.74688
7517102433;45.73389;4.99787
7517437688;49.27419;-0.08265
7518906612;44.57282;2.05484
7529175187;45.66923;5.58179
7531608910;43.80404;1.21565
7532208318;44.59833;-0.93002
7532208319;44.59769;-0.92988
7533290971;48.55829;7.21041
7533290973;48.45674;7.25986
7533452820;43.65956;2.34725
7538022067;43.39935;-1.66298
7538377629;43.46148;2.38101
7541553946;43.38972;-1.6632
7541553947;43.39004;-1.663
7541553951;43.39083;-1.66183
7541561385;47.51903;6.74333
7541613870;43.39113;-1.6618
7541613871;43.39295;-1.66017
7541613873;43.39324;-1.6601
7541613875;43.39249;-1.6603
7541647384;43.38989;-1.65903
7541698286;44.67995;5.15717
7541812704;43.49406;2.33298
7543832998;45.20713;5.46687
7544020297;47.47031;-0.57723
7544571640;47.6227;7.53446
7545817817;43.59089;1.43752
7545842900;45.23262;4.40435
7546162533;43.79484;7.04005
7546219026;47.904;7.21402
7547996120;43.83839;7.19096
7548979701;44.37668;2.49775
7549126630;47.33931;0.71609
7549165681;47.28456;-1.25565
7549556028;43.66451;2.16316
7549556029;43.70621;2.13851
7549612740;47.33027;0.98886
7550476690;47.17397;-0.34308
7551127622;43.98422;5.11916
7551205024;-20.92186;55.43788
7552007324;43.10254;-0.40734
7552099673;48.8492;2.35663
7553188200;43.7216;4.80525
7553378589;45.59249;5.29153
7554256132;44.2398;2.37245
7554306527;44.55205;4.93767
7554375450;43.80259;2.94969
7555727444;47.47149;-0.54722
7556219545;48.99381;1.72519
7556219546;49.09448;1.4922
7556219549;49.13717;2.10904
7556219550;49.13825;2.11274
7556386863;46.6069;0.23755
7556391621;43.5203;1.4087
7556795986;43.58637;2.44085
7557009332;45.82436;4.87039
7557097663;43.6501;2.12634
7557163853;43.33393;2.37904
7557190151;43.35127;2.37742
7557458836;48.87145;2.38675
7558335329;48.47151;2.28155
7558342364;48.52241;2.26628
7558534287;44.3227;3.01044
7559553065;48.825;2.30439
7560784494;44.10022;7.02279
7560784495;44.13658;7.01193
7560922802;44.28048;2.95283
7567213607;44.81767;-0.57409
7567284938;45.45643;6.65607
7567368812;43.28871;5.49908
7568185451;43.69272;7.25196
7568241614;43.96471;6.97182
7568307696;43.71384;7.25483
7569258535;43.70582;7.25096
7569938881;45.3294;5.90499
7570008133;43.343;3.24025
7570159499;48.70025;1.97438
7570469750;44.42119;2.56468
7570837271;43.68585;4.20778
7572391505;47.01062;0.32411
7572551438;47.98803;0.25639
7573098777;44.82776;2.5607
7574830025;43.30738;-0.36478
7575253787;45.76294;3.06159
7575280197;44.41846;4.90788
7575296836;44.16488;4.16
7575328877;48.80073;2.77618
7575367090;44.15949;4.28979
7575452885;43.29295;5.42458
7575452901;43.28942;5.42432
7576260849;50.34412;2.68655
7576787885;43.77734;2.18805
7577041442;45.32599;1.16293
7577104657;50.43656;3.23516
7577124234;50.75207;2.64617
7577149231;48.85835;2.37504
7577244655;45.82441;4.87504
7577404291;45.82201;4.87239
7577428110;46.07508;5.45392
7577428117;46.11989;5.82221
7577461941;-22.26652;166.47177
7577461942;-22.26602;166.47188
7577728527;45.36277;1.26589
7577760218;43.74028;3.70837
7577974285;44.8951;-0.71477
7578503100;42.89375;0.95816
7578893281;48.38717;2.02143
7578904473;48.58508;1.99
7578945547;48.41784;2.00335
7578948293;48.5126;2.1269
7578949482;48.47844;2.04319
7578954297;48.46032;2.13505
7578956437;48.37618;1.99645
7578959520;48.46944;1.99353
7578960199;48.481;2.08876
7578960728;48.43327;2.07516
7579574499;44.26694;1.99752
7579580705;44.15147;1.91067
7580078225;45.75771;4.84587
7580122911;48.42749;2.06732
7580564882;48.22808;2.42727
7580674810;44.38546;2.33086
7580763454;43.70156;7.24237
7581109078;48.80561;2.46862
7581129135;48.78507;2.4995
7581133390;48.78758;2.51804
7581307310;48.16219;2.21055
7581328154;48.14631;2.36807
7581343188;47.96523;2.34184
7589529089;48.89179;2.21738
7589581029;49.06206;1.93101
7589963271;44.10511;6.76976
7590356779;48.87112;2.3855
7591487185;47.61621;7.1555
7595357518;45.43195;4.37102
7595361624;45.43428;4.39686
7596244784;44.88277;0.89013
7596725010;44.40259;2.44904
7597982452;44.61502;-1.04392
7598319785;44.46348;5.19244
7598319786;44.46348;5.19241
7598982552;43.94083;7.41291
7599461396;43.02908;0.16545
7600057271;44.11471;5.24024
7600057277;44.06724;5.18299
7600556543;45.4789;4.64679
7600562408;45.58633;4.77476
7600636156;43.83969;1.38969
7602896043;49.02071;1.11922
7602896044;49.21672;1.48104
7602896046;49.28738;1.37149
7603769142;48.86685;2.39213
7605346740;43.84239;3.26871
7606212732;43.75714;3.10037
7609049053;44.96338;4.63167
7609350552;43.62209;3.00463
7616402480;48.90114;2.10318
7616417618;48.89971;2.10235
7617652242;43.18304;6.03733
7617942386;5.48902;-54.01686
7618119652;45.53704;1.79508
7618120902;43.61421;2.97882
7618208036;43.71266;-1.05022
7618208037;43.71304;-1.05044
7618448857;48.24272;7.06784
7619634384;50.25573;3.84904
7620022602;43.64828;1.48394
7621551685;43.98489;7.55469
7621553785;43.98383;7.55313
7622485206;43.7483;7.13781
7622896182;49.25788;1.3591
7622896183;49.25118;1.34553
7622907990;49.08209;1.58583
7622907991;49.34517;1.53631
7623945800;44.5163;2.77005
7624232179;43.55687;2.91514
7626065147;49.46628;4.12149
7626065148;49.4666;4.12095
7626157045;49.12597;4.08072
7626163727;44.66651;6.22789
7626572479;45.59092;6.73495
7626581888;49.18337;1.65935
7626644037;49.14645;1.61995
7626650085;49.10628;1.64239
7626675025;49.27424;1.72303
7628463165;45.35382;6.31262
7629268401;45.36723;6.30751
7629890539;43.6573;7.16306
7630253990;45.376;6.31384
7630461702;42.53447;2.46492
7631573453;46.33071;6.40062
7631616489;43.39028;-1.6555
7632320629;45.43483;4.38226
7633008131;45.45832;6.61428
7635769853;44.52645;-0.65505
7635875439;44.00024;6.82912
7636240821;45.74326;4.56988
7636728897;45.37182;6.31206
7638802183;49.07463;3.51271
7639626937;49.75968;4.71839
7639783508;43.46241;1.57075
7639871134;43.49001;2.37629
7640186355;45.63598;4.99895
7640300985;43.12977;5.92802
7640328816;46.31939;6.35662
7640476597;45.36204;6.31855
7640482685;46.5325;5.71252
7640544294;47.50375;-0.55962
7640645536;44.60496;-0.93984
7640772256;43.24754;5.59186
7641055320;49.46495;-1.56259
7643144321;43.72495;7.26547
7643918399;44.59368;6.68937
7644464868;43.8222;4.26709
7647253485;49.12616;1.95148
7647521693;48.83764;2.41101
7649044749;43.31694;2.87179
7649523885;45.77641;-1.14617
7649530626;43.3878;-1.66381
7649631882;44.24639;3.65152
7650254196;45.16381;5.68902
7650596681;45.38039;6.30204
7650754899;45.05005;6.14276
7650754900;45.04728;6.15103
7651551785;44.41462;5.35705
7652524950;44.16276;7.67057
7652558363;44.06245;7.65409
7652898641;45.48556;5.47639
7653378685;45.20487;5.75103
7656487789;46.11642;5.49282
7656562817;44.69747;6.85862
7656674697;44.72194;6.88834
7656963017;43.92756;3.41466
7656963147;43.68095;3.00315
7656963149;43.61083;2.97303
7656963157;43.60128;2.90019
7656963216;43.46381;2.34549
7656963217;43.43083;2.17183
7656963237;43.30196;2.02524
7658114568;47.64846;6.02416
7658463903;45.40004;6.33861
7658693113;44.51822;1.7197
7658715724;44.5286;1.80078
7658826435;48.83237;2.29983
7661251486;48.72879;2.87992
7661535651;43.87651;5.39357
7661535652;43.87649;5.39358
7661535653;43.8765;5.39361
7661535654;43.87652;5.3936
7661618053;44.65062;6.79274
7663103228;43.69723;7.25821
7663103233;43.69806;7.26208
7663103244;43.69958;7.26785
7667606129;44.76477;6.9857
7667687432;42.73232;-0.01052
7668778888;49.16426;1.23734
7668778889;49.19395;1.24125
7670914002;43.27547;-0.24824
7673166587;44.36078;6.62536
7673316597;43.28839;2.82118
7673316598;43.2882;2.82149
7673991189;48.8709;2.38305
7674160543;42.80666;0.54668
7674160544;42.80653;0.54646
7674160551;42.80649;0.5448
7676113480;43.58839;1.42097
7676209046;46.50764;-1.3468
7679280986;48.24321;7.17837
7679386144;45.61426;2.54939
7679449575;44.48769;2.86134
7680261471;48.52808;7.3225
7680281249;48.52703;7.32582
7680484519;45.31806;4.76991
7682218579;47.45176;0.44515
7682305305;44.07522;4.23408
7682714773;44.73104;6.81423
7682820750;48.51428;2.12453
7682830032;-20.98949;55.28189
7682921692;43.54738;1.47806
7683285554;43.34353;5.43962
7683296546;43.41292;5.50707
7686621251;43.85315;1.81021
7686665247;45.41845;6.35346
7686674400;45.41084;6.33917
7687016553;44.75298;5.3727
7687764292;43.65004;6.79184
7687764293;43.64982;6.79185
7688406856;46.05792;6.31968
7689151388;44.13691;5.31867
7689253257;43.28056;0.31432
7689268320;43.38318;0.35947
7689268595;43.29462;0.50554
7691522085;47.24563;4.96592
7692848685;47.36303;-1.01366
7693013457;47.75414;7.34742
7693024929;47.90916;7.21164
7694021613;45.77051;4.60757
7694070943;45.7336;4.77986
7694070944;45.73358;4.78018
7694770270;43.49163;2.38436
7695377694;44.50028;4.57515
7695603581;48.88396;2.15992
7696060002;45.37183;6.34643
7696100287;44.88129;6.01631
7696100288;44.8812;6.01679
7696168893;46.27671;6.09689
7696379761;45.86498;6.71293
7697278545;45.85477;6.72287
7698596645;43.65773;7.12139
7698955087;44.27243;-1.18424
7699081386;46.97977;5.31747
7700391359;44.86921;6.09144
7701244442;44.68822;6.257
7701673376;44.4863;3.73763
7701684604;44.56558;3.85409
7703409750;45.37441;6.36498
7703439886;45.35295;6.3031
7704323331;45.34327;6.357
7704338666;45.3357;6.30463
7704339418;45.40446;6.34324
7704469386;44.87219;6.02839
7704567476;45.32037;6.34538
7704737666;45.43082;4.38152
7704973297;45.33319;6.29696
7704975718;45.3309;6.31147
7704979406;45.33877;6.30183
7704983637;45.82542;4.94242
7704987794;45.33959;6.30186
7704999786;45.33983;6.3013
7705179586;47.80117;1.093
7705179685;48.03838;1.26718
7705771585;48.72223;2.41407
7705811532;45.80023;4.9328
7705814489;48.13291;-1.51978
7705853839;43.95265;4.80808
7706680143;45.4015;6.30855
7706944986;43.61083;2.97302
7706944988;43.43728;2.60123
7706945085;43.59435;2.9411
7706983648;44.79987;1.61669
7707014992;48.74404;2.0616
7707279830;44.45852;-1.25347
7707460729;50.65982;3.06518
7707623734;45.37324;6.31333
7707855432;48.8673;2.26124
7709796991;44.22785;4.62063
7710530824;44.96857;4.30733
7711271956;48.68529;6.17127
7711356407;43.68598;7.34658
7711398818;43.80789;7.09628
7711432460;45.36921;6.35342
7711432470;45.37236;6.35999
7711484906;45.37223;6.34497
7711562247;46.75965;5.55883
7711589809;45.99598;5.17456
7711889346;45.70653;4.90013
7713557532;44.2247;3.877
7714067462;48.26733;6.31665
7714119008;47.32569;6.01473
7714222186;44.38723;3.80611
7714264142;43.39286;1.84501
7714269088;42.58695;2.36647
7714383385;42.58698;2.36723
7714452655;43.60173;6.56307
7715750286;46.202;-0.18012
7715940088;45.0334;6.54631
7715963494;45.01807;6.46618
7716216425;45.64491;2.0933
7716248515;48.54818;1.90799
7716335196;45.77958;5.57342
7717145986;43.3032;-1.48233
7717394914;45.37298;6.33866
7717394915;45.37265;6.33757
7717425251;45.37431;6.353
7717427978;45.37849;6.35131
7717512083;45.67466;5.29219
7720836032;49.69027;-1.47708
7721203951;43.52261;-1.51558
7721332535;44.92479;2.8052
7721761645;44.95155;2.79769
7722187882;48.36948;-4.21407
7723519885;45.88976;-0.5965
7723521067;44.92295;2.93456
7723869581;45.34046;6.32784
7724270285;45.81865;-0.56894
7724755781;44.91544;2.84963
7724827806;48.39998;-4.22859
7725247379;43.10888;-1.23915
7726127361;45.72816;6.2996
7726354218;48.83945;2.43607
7726564885;47.58936;1.3383
7726586943;45.78625;4.72943
7728251866;48.81385;2.83006
7728301315;43.15151;6.34364
7728386711;44.22517;4.34752
7728586554;44.61462;-1.04445
7728752690;43.77748;-1.21601
7729026931;44.92869;6.71717
7729190751;43.9659;6.83573
7730120730;45.3912;6.28404
7730330660;43.38037;-1.65052
7730498990;43.57699;1.27187
7730674390;44.54804;6.62188
7731143310;45.21052;6.33727
7731156301;44.83438;-0.77615
7731679932;44.27046;3.74248
7731682685;48.69159;6.17318
7731720450;47.83679;6.82463
7731780550;48.06364;7.02223
7731915245;48.05643;7.08047
7731927241;49.92807;1.08571
7731981573;45.39429;6.69501
7732085992;48.19334;-3.98124
7732327422;48.81924;2.33557
7732535667;48.19009;-3.9332
7733575706;44.75933;-1.13632
7733686617;41.98627;9.33667
7733922690;43.45855;6.48041
7734163548;45.40697;6.31134
7734825944;43.13789;5.88325
7734825945;43.14302;5.91017
7734891210;43.60618;1.44645
7734984332;45.39301;6.32099
7736158463;43.53847;6.46493
7737190302;43.52969;6.14882
7737195684;45.77;4.17632
7737383045;43.39808;-1.65661
7737548385;46.37214;6.4819
7737839202;45.90072;6.27625
7739316902;43.40764;-1.63968
7739337935;43.83827;4.31735
7739364286;44.01917;1.35392
7739365285;44.01921;1.35395
7739953864;43.5963;6.4518
7739953883;43.59684;6.45041
7739995385;43.13114;5.93137
7741461700;45.91545;6.89333
7741461701;45.9188;6.88966
7741572812;45.27388;5.98718
7741707826;45.39313;6.3201
7741775706;46.30436;5.94362
7742958611;47.36045;0.80766
7742985258;43.64198;3.92147
7744553285;44.98849;2.64126
7745060330;47.12309;3.67754
7745507526;47.92748;6.92574
7745893285;45.792;4.81323
7746463987;43.72042;7.27678
7746602228;48.52934;2.15227
7746625069;43.58409;3.41562
7746637712;48.8699;2.32488
7746949549;45.87831;4.67596
7747506128;45.3424;6.27809
7747506183;45.33258;6.29622
7747556503;44.97827;6.52176
7747571985;43.13187;5.90447
7747572351;45.33532;6.29842
7749810437;45.3279;6.28507
7749927808;43.293;5.56904
7749927821;43.3248;5.51359
7749927829;43.29322;5.57028
7749927835;43.29289;5.57027
7749927841;43.2925;5.57098
7750169559;48.62972;2.12627
7750169561;48.62977;2.12677
7750169563;48.62987;2.1276
7750474191;45.26139;5.78129
7752755300;44.39246;6.62783
7755625188;45.99673;5.17141
7756144283;45.16325;6.42764
7756678722;43.38844;-1.67845
7756683045;44.34438;3.54059
7756982950;48.93;2.03522
7757593531;43.32686;-0.47569
7757622101;43.22249;-0.56703
7757658394;43.21963;-0.55183
7758082267;43.22918;-0.57876
7758258823;43.28843;-0.66226
7758304881;43.28811;-0.66268
7760612721;43.21743;-0.5626
7760898264;48.63412;0.18974
7761043528;48.45566;2.05852
7761047977;48.64542;2.16022
7761422100;43.83446;5.03573
7761648015;44.05205;4.13702
7762395812;43.71757;6.52753
7762572237;45.27481;6.3461
7762572238;45.23477;6.41308
7764326887;47.48591;1.11471
7764421197;44.3023;0.86357
7764917427;44.22237;0.88882
7765303729;45.27697;6.3462
7765321327;45.32988;6.29503
7765321332;45.32667;6.28437
7765321336;45.31237;6.27451
7765401683;45.01444;6.46345
7767877285;47.58148;0.1664
7768089447;44.97478;6.50807
7768937890;45.27623;6.34349
7768937891;45.27855;6.34032
7768937892;45.279;6.34032
7768937893;45.2743;6.34173
7769168294;44.09165;6.23614
7769339817;42.87303;0.85645
7769353032;49.55267;4.4907
7769426071;45.34102;6.29527
7769560425;43.57717;1.43174
7769563985;49.53779;4.53778
7769786486;43.66837;7.21856
7769976528;49.57583;4.56346
7770408633;48.62756;1.87374
7770433320;45.15623;3.54031
7772359168;45.70615;5.88711
7772918085;43.51814;7.03907
7773025776;47.87109;-3.54498
7773386251;42.77721;1.27205
7773557785;44.12098;6.96144
7775386185;48.56133;7.53124
7775464907;44.72864;-0.59971
7775569237;45.41825;6.36461
7775748086;43.6834;3.5861
7775795222;47.26184;3.93727
7775795223;47.23758;4.07464
7775795224;47.13421;3.9446
7776190053;47.62093;-0.07142
7776239561;47.22414;0.02583
7776309126;43.53517;6.94449
7777453685;49.3503;-0.8454
7778042642;45.69405;5.91148
7778152397;45.30146;5.87381
7778181167;44.69526;-0.14964
7778181169;44.69423;-0.14822
7778208785;45.31019;5.88722
7778255890;48.85357;2.36703
7778271810;46.36476;6.30752
7778272818;43.84266;6.54658
7778280976;45.07162;4.82771
7778295441;43.85882;5.2276
7778297276;45.46279;4.77897
7778307088;46.38301;6.5045
7778316158;43.84819;6.22037
7778317219;43.72489;7.41128
7778320188;43.84791;6.22141
7778326159;43.6787;7.23012
7778466778;48.80391;2.3395
7778766187;48.8035;2.34037
7778766191;48.80484;2.33924
7778766194;48.80445;2.33963
7778766197;48.80416;2.34019
7779081374;45.35171;6.3104
7779102516;46.61521;5.89123
7779399543;43.60956;1.4492
7779399544;43.6088;1.45007
7779915831;45.17186;1.573
7779924619;45.09124;1.72361
7780121374;42.353;8.90811
7780441058;42.32791;8.98489
7780446304;42.33016;8.98076
7780634721;44.71498;5.0568
7780730040;42.24369;8.63233
7782076099;45.13986;2.49417
7782105312;45.09539;1.93585
7782991880;49.52772;4.57901
7783032110;44.06074;7.12917
7783507180;45.77019;3.82018
7783507181;45.72402;3.85822
7783540824;48.12296;-1.21195
7783803511;44.71314;2.55852
7783891927;43.73827;7.27314
7784106616;45.34456;6.28896
7784271588;45.36154;6.26784
7784294677;45.34273;6.28401
7784328622;45.34282;6.29058
7784328623;45.34618;6.29398
7784474437;43.30835;-0.36115
7784604985;48.86658;-3.23303
7784913268;43.98182;0.49812
7785155994;43.60115;1.43918
7785523689;45.94992;-1.24864
7785632774;43.58065;1.41612
7786385012;45.35236;6.3117
7787195912;43.71032;7.24675
7787200475;43.70987;7.31793
7787223883;43.72992;7.36179
7787240942;43.70609;7.33487
7787248534;43.72351;7.39612
7787258291;43.76026;7.31965
7787258366;43.56898;7.13139
7787423546;49.44071;1.09543
7787423547;45.68773;5.91496
7787423548;49.43994;1.09807
7787464334;48.69274;2.28955
7787709550;49.68064;4.65131
7787715340;49.44219;1.10199
7787715341;49.44291;1.10166
7787786661;43.6951;7.12342
7787803359;45.75126;4.83624
7787845990;45.75257;4.83846
7787891485;48.24752;7.18721
7788284802;45.32617;6.2775
7788284831;45.32778;6.26603
7788284837;45.33723;6.27708
7790764580;45.11458;2.95457
7790808611;44.9018;3.08644
7790819903;44.47877;3.17058
7791943997;44.37718;2.97228
7792023820;49.2325;4.04921
7792141903;45.32028;5.78109
7792398471;43.60894;1.4393
7792549521;44.84777;-0.46402
7792630979;45.21293;6.46804
7793347655;45.39325;6.31971
7793347656;45.39165;6.31917
7793347657;45.36469;6.30899
7793837326;43.17682;-0.60588
7793850035;43.34798;-0.3781
7794297792;43.69517;7.27589
7794355285;48.63775;1.77468
7794403185;44.69897;6.86854
7794473575;43.78749;5.76031
7794531014;45.0156;6.46332
7794644496;44.07439;4.75127
7794648100;44.4542;3.49074
7794870716;43.5801;7.12763
7794947485;45.68232;4.15466
7794984552;45.7465;6.29567
7795472253;5.48711;-54.01922
7795476285;45.34541;6.83736
7795496647;5.48564;-54.02847
7795496648;5.4811;-54.02782
7795496649;5.4844;-54.01995
7795496650;5.47509;-54.01742
7795496651;5.47239;-54.02796
7795496652;5.46833;-54.02912
7795496653;5.46845;-54.03036
7795496654;5.49746;-54.02113
7796212931;45.3556;6.30445
7796334831;42.4177;9.12775
7796380975;43.27914;2.23048
7796481978;43.31252;2.66057
7796498562;44.02497;5.32173
7796657869;46.68362;-0.41373
7797044022;44.82021;6.94385
7797044026;44.82644;6.94623
7797048544;48.64247;1.96625
7797167885;45.26921;1.76943
7797198132;42.19069;9.06887
7797377590;44.70624;-0.40201
7797985927;42.29489;9.27237
7797985928;42.31983;9.30037
7797985929;42.32019;9.29596
7798013832;45.34877;6.34441
7798085873;45.36151;6.29796
7798085874;45.35667;6.30738
7798117231;45.38913;6.31164
7798132282;42.31427;9.26735
7798155949;45.34019;6.28672
7798155950;45.3413;6.28679
7798155952;45.3605;6.33406
7798157130;44.44461;1.43737
7798243372;46.14897;4.59681
7798293475;48.91664;2.36755
7798293476;48.91689;2.36794
7798734596;45.86268;6.49498
7798755256;42.3258;9.22719
7798804060;45.81832;6.51483
7798832784;42.34305;9.20876
7798837085;42.34296;9.20727
7799264023;45.29274;5.67563
7799345960;48.90213;2.3794
7799381610;48.90257;2.37908
7799418607;45.28984;5.76725
7800006053;45.41676;6.34678
7800006055;45.41828;6.35293
7800253179;45.14614;5.74684
7800285295;45.14716;5.74636
7800700827;45.80751;6.51907
7800779884;45.79515;6.50538
7800803933;45.68257;6.65192
7800876122;44.69977;6.86855
7800887891;44.41216;6.61865
7801123679;45.31928;5.5673
7801148253;43.62213;1.28395
7801782704;43.06438;-0.59994
7801784137;45.37214;6.27366
7801989655;48.02833;7.02772
7802008455;48.01446;7.06399
7802017711;48.01429;7.06997
7802022743;42.83439;0.93447
7802032636;42.82683;0.9685
7802895266;43.19628;5.75424
7803395815;45.69501;4.94124
7803506136;43.21479;6.61324
7803506449;45.68561;6.56847
7803511275;42.82467;1.22789
7803524989;43.21528;6.61356
7803550534;49.71633;4.49955
7803644671;43.93346;3.7039
7803963784;49.7205;4.50757
7804012662;49.72242;4.50457
7804234210;49.96881;1.19771
7804311398;46.59244;-1.83498
7804527821;48.97812;2.28923
7804840244;45.44005;6.62719
7804840247;45.43497;6.63854
7804840248;45.35334;6.72428
7804840249;45.34549;6.70089
7806622648;45.69669;4.93787
7806647143;44.1894;6.92867
7806682471;44.22535;6.93305
7806693986;44.02461;6.84228
7806693992;44.66706;6.77718
7806693993;44.89517;6.63271
7806693994;44.89629;6.63732
7806693995;44.90068;6.64417
7806752417;44.37799;5.18831
7806794181;44.37822;5.19026
7806825641;45.22871;2.93192
7806936479;44.34654;4.07322
7807422926;46.78025;4.86116
7807859144;45.34984;6.61472
7808876566;44.51443;6.36063
7809405808;47.54128;-0.61542
7809405809;47.54422;-0.61832
7809625738;44.81498;6.25889
7809906016;49.19694;4.13674
7810360485;43.12053;6.12877
7810599926;44.92624;6.60873
7810796391;46.43071;5.8902
7810798509;46.60055;5.85243
7810961913;45.13065;6.51224
7810973573;45.37436;6.34361
7811825871;44.73398;6.70371
7811859971;47.01352;4.23451
7811866706;46.99291;4.51387
7811871439;46.94538;4.29935
7813320092;42.17154;9.09813
7813759747;43.52513;1.33818
7813843559;48.57912;1.99057
7813865119;43.11314;-0.17223
7813885239;43.10367;-0.15936
7813896550;43.51827;1.34948
7813984976;44.55564;-0.87481
7813984977;44.5556;-0.87418
7813984978;44.55554;-0.87304
7813984979;44.55541;-0.87219
7813984980;44.55569;-0.8756
7814777969;49.17806;2.95692
7814893185;44.13914;7.047
7814924892;48.90861;2.36921
7814943356;42.44775;9.1729
7814962487;42.44747;9.17363
7814962488;42.44722;9.17398
7815150823;43.97393;6.9188
7815160185;45.58336;-0.8323
7815161085;45.65509;5.86466
7816297525;45.30261;5.62688
7816893171;43.8826;0.38103
7816937176;48.74205;7.36239
7817277223;43.02666;2.97673
7817474706;45.31994;5.52034
7817507165;43.14686;-0.50299
7817760116;43.08955;-0.04587
7817761470;43.08349;-0.04466
7817763877;43.08387;-0.04398
7817824428;44.96556;6.53209
7817984550;48.7933;2.15839
7817994422;48.79331;2.15802
7818020088;48.79316;2.15819
7818020946;48.79323;2.1581
7818027836;44.79841;6.28926
7818093504;44.76516;6.32774
7819494774;43.51402;1.1783
7819548416;49.10121;1.83185
7819657186;43.38347;-1.67555
7819665443;49.52679;0.53201
7819759207;43.51425;1.17815
7819759215;43.514;1.17778
7819815572;48.90681;2.36583
7819847769;43.95352;3.64595
7819978014;43.70659;7.29807
7820072854;43.17975;-0.26142
7820187186;46.13859;-1.17114
7820350439;43.5139;1.17676
7820396255;43.29091;-0.36635
7820667685;47.23243;5.56759
7820683910;43.20903;6.56856
7820683912;43.30965;6.63169
7820713135;45.96863;6.58749
7822252435;43.48723;-1.54921
7822618871;42.08007;9.05273
7822630422;45.9059;6.15745
7822645204;45.89934;6.13202
7822999990;44.02563;7.06829
7823169334;49.81228;4.62495
7823169370;49.81167;4.62379
7823704984;44.53863;6.49581
7823706746;47.10634;3.97825
7823712839;48.90844;4.00686
7823720380;47.06463;3.93102
7823723732;46.11928;6.77078
7823729802;47.18712;3.94199
7823738379;47.91684;3.94046
7823741251;47.06492;3.93182
7823841968;46.08296;6.6746
7824069804;45.37604;6.31277
7824088085;45.37885;5.64621
7825583680;45.67554;3.63645
7826518277;44.92227;6.61495
7826687858;45.39006;6.28186
7826687859;45.39927;6.28553
7826687860;45.3962;6.28201
7827741285;45.94831;6.91714
7827793410;45.61865;5.22572
7827793411;45.61881;5.22554
7827793412;45.61917;5.22527
7827821595;45.57129;6.73913
7828469178;45.4116;6.28291
7829057729;45.41295;6.28494
7829060900;45.39696;6.28302
7829076769;45.42092;6.27697
7829076770;45.41978;6.27733
7829838121;43.40191;2.63154
7830203271;45.45243;6.29476
7830429150;43.72685;7.24575
7831958515;43.42124;-1.62066
7832264674;45.63726;6.81682
7832307439;48.20784;5.8365
7832441053;43.38948;-1.6589
7832445850;43.98625;6.69988
7832461040;48.32391;3.10315
7832735087;45.27729;6.81737
7832912925;46.14031;6.77401
7833451488;45.39057;6.31268
7833507356;48.15873;3.29888
7833556290;47.40395;3.80224
7833610467;46.95751;4.03253
7833615285;47.05504;3.932
7833706767;46.70822;3.97432
7833706768;46.70773;3.97259
7833706775;46.87799;4.00116
7833736223;46.32404;3.70958
7833736227;46.32499;3.70648
7833875570;43.69026;7.29409
7833875571;43.69381;7.28981
7834155356;48.85951;7.32082
7834236497;48.59492;7.46533
7834236498;48.65933;7.22812
7834236500;48.67442;7.20462
7834285375;48.96439;7.44872
7834285376;48.98961;7.44355
7834291133;43.77958;6.33945
7834571710;45.44079;4.40294
7834612552;43.8474;6.22292
7834838185;47.78412;-3.67106
7834872885;47.26952;-0.0814
7835348085;45.04314;6.28477
7835840474;45.9359;6.50683
7835840478;45.97727;6.47212
7835840485;45.98177;6.46352
7835881621;45.96057;3.75066
7836697186;47.24745;4.98398
7836942796;45.3808;6.29175
7836942797;45.38453;6.29192
7837117461;49.24931;4.02534
7837129485;47.73514;3.93893
7837232048;44.88099;6.01758
7837257991;44.07289;1.80205
7837399499;42.4739;2.08025
7837427830;44.69445;5.48747
7837450209;44.69431;5.48545
7837496085;45.60473;6.25793
7837615257;45.6269;6.4786
7838026466;43.9388;4.55998
7838084118;45.20032;3.98017
7838115975;44.80793;4.3519
7838126855;43.62371;2.32585
7838129720;43.63549;2.31933
7838138886;45.09571;4.06084
7838993339;45.33208;6.31364
7839028333;45.32716;6.31038
7839035779;45.3243;6.31716
7839037070;45.33096;6.29581
7839090355;45.33003;6.28183
7839100235;45.33764;6.27023
7839667563;42.25097;9.43119
7839667577;42.24701;9.43814
7840108702;45.44895;6.58101
7840322468;45.4521;6.3427
7840375885;44.87582;0.83126
7840438385;45.50633;6.3722
7840602165;42.91711;1.75797
7840659640;49.2465;4.02981
7841092569;42.80076;2.30553
7841216666;43.6631;2.29315
7841263467;48.90901;2.37653
7841400022;43.28304;3.28179
7842953215;42.8744;2.18399
7843100685;44.7094;6.74772
7843100785;44.70835;6.74924
7843180623;43.29503;5.36365
7843277123;43.28618;5.56223
7843646169;45.65177;6.50993
7843726557;47.47338;2.87511
7843823179;42.89175;2.19854
7843846901;42.89217;2.19813
7844139979;44.99491;6.07921
7844201570;45.69203;6.45621
7844305797;45.1962;5.73692
7844374437;47.40994;2.92442
7844404726;49.03634;7.69089
7844482814;45.36301;6.29693
7845456124;44.97397;6.06144
7845517259;43.27288;6.52146
7845936671;47.58948;2.76593
7846539505;45.97474;6.11626
7846802590;48.69231;2.29037
7846861993;47.8111;7.10124
7846869571;45.37362;5.99515
7849057085;46.09557;6.1017
7849193670;43.21816;5.63573
7849911474;43.1513;6.34123
7850084315;43.15214;6.34138
7850423758;46.14217;6.7727
7850599814;49.25404;4.02198
7850877754;46.48623;6.06097
7850907419;46.65379;6.00963
7851451002;43.70902;7.22923
7851451030;43.70344;7.23543
7851977785;44.60806;5.29158
7852613486;49.29385;5.42743
7854634080;43.76041;4.05628
7855022381;43.72592;4.70895
7855072105;45.39064;2.29133
7855348186;43.97177;-0.18573
7855994196;44.62414;6.68348
7856688972;44.83808;4.89515
7857086100;44.12447;7.24432
7857110886;46.17958;6.30164
7857269885;48.00761;0.19523
7857379742;45.70317;6.24093
7858650795;46.95456;4.31696
7859078313;43.14568;0.1182
7861324638;45.35255;6.30416
7861978385;44.49167;1.04822
7862363114;44.69651;5.19568
7862367430;44.25484;6.92598
7864808485;42.81691;0.32185
7865923485;45.84103;2.92807
7866627585;46.12532;3.42286
7866627785;46.12457;3.42151
7866627885;46.12452;3.42227
7867722285;44.07123;0.89929
7868419472;48.79432;2.14276
7868539344;45.96495;5.8829
7868785033;43.70013;4.19973
7869057658;45.79673;6.18888
7869678169;48.89632;2.36528
7869710399;48.8968;2.36388
7869710418;48.89688;2.36258
7870931754;45.96966;5.81083
7870948414;44.31428;5.69282
7871366219;44.69752;-0.14955
7871416150;47.6178;-2.77257
7871509780;44.51583;2.81919
7871605222;43.28266;5.37254
7871715066;48.60205;7.74989
7872552038;44.7168;1.06813
7873038185;45.44411;2.91559
7873827149;46.02248;6.8059
7873827744;43.53876;6.44827
7873854923;46.02798;6.73113
7874570285;48.68564;2.187
7875067913;43.72692;4.711
7875705449;48.61797;2.12444
7875705450;48.61798;2.12441
7875706137;48.61761;2.12454
7876116885;48.86841;2.3818
7876966838;43.69669;7.25572
7877343622;48.86481;2.76189
7878259369;43.95927;5.7808
7878705290;47.90021;1.90234
7878878085;46.05971;6.93379
7878878185;46.06249;6.93059
7880262406;50.61662;3.13209
7880825983;43.56584;1.0581
7881080193;45.38973;6.75314
7881128398;44.89209;-0.12324
7881196338;48.73407;2.20743
7881214024;44.72799;-1.08275
7881214029;44.72967;-1.08784
7881238601;48.91147;2.38091
7881416632;44.84308;-0.58523
7881464036;48.70751;2.33567
7881464038;48.70743;2.33561
7881478829;43.2864;-0.35971
7881483313;43.08709;-0.04626
7881537935;42.95636;-0.2151
7881657474;47.85841;6.82821
7881713719;43.71128;-0.83603
7881713738;43.71066;-0.83928
7881853181;45.30449;6.35872
7881853183;45.30522;6.36292
7881853184;45.30507;6.36288
7881854958;43.35527;-0.46902
7881900802;43.28033;-0.11227
7881985293;46.02102;6.909
7881985300;46.02136;6.9163
7881985301;46.0265;6.92403
7881985308;46.01948;6.91948
7882037984;46.12518;3.42449
7882986399;45.42625;4.39266
7883038380;44.74816;6.90357
7883782952;46.01859;6.35797
7884265528;44.66263;5.21214
7884465944;43.92875;6.72961
7884526705;48.89961;2.10241
7884526706;48.89969;2.10301
7884909685;43.39074;0.15143
7885215301;43.22891;-0.38844
7886491091;45.34164;6.29346
7886529210;45.33314;6.30878
7886529211;45.332;6.31095
7887566185;47.2893;5.12601
7888021465;43.74384;-0.64579
7888021479;43.75453;-0.61177
7888164300;47.35586;0.90993
7888393693;43.72108;7.39264
7890016182;43.6799;7.23089
7890161282;45.08894;5.68587
7892866889;49.37515;3.32904
7892867094;49.38202;3.3215
7892867096;49.38233;3.32671
7893055047;45.9934;6.38765
7893111664;45.55921;6.17165
7893111665;45.55865;6.17041
7893111681;45.55936;6.17034
7893111682;45.55907;6.17072
7893111683;45.55892;6.17111
7893305557;42.6794;2.93824
7894029230;45.56531;5.91909
7894029231;45.56653;5.92049
7894232611;44.82553;6.67677
7894471858;46.98318;5.14607
7894607373;49.9155;1.07967
7894651161;44.1872;1.8757
7894843596;43.71541;-0.88101
7895143052;44.81922;-0.57737
7895181236;45.85503;1.26591
7895376196;43.58597;1.33263
7896669883;42.68064;2.93645
7898236103;45.24167;5.67582
7898725944;48.86079;2.11403
7899529886;43.61203;3.86128
7899609489;45.89322;6.13254
7899821227;44.72508;5.02431
7899841160;48.64238;2.06531
7900186438;45.45525;6.29932
7900186441;45.45487;6.29912
7902426886;48.56617;7.75937
7902430785;48.57666;7.72801
7902501680;47.74753;0.86501
7905416305;50.63176;3.08624
7905447995;45.74288;3.22083
7905700241;44.01827;1.3514
7905701981;44.01925;1.35383
7905701982;44.0192;1.3538
7906080714;45.34352;6.2908
7907606335;44.23658;1.77316
7908083692;48.6034;7.73399
7908400030;43.20957;2.44455
7909068315;44.35838;5.13975
7911810586;43.68965;7.24338
7912127865;42.10297;9.17699
7912176667;45.98742;0.40944
7912176668;45.98961;0.41033
7912340516;42.10204;9.21006
7912359297;43.13223;6.00607
7912712007;45.87641;4.43512
7912776351;43.70869;7.27166
7913257658;45.98543;0.40057
7913492234;44.54406;5.96023
7913635476;45.54233;6.30474
7916219594;43.96741;0.83948
7916269306;44.03249;0.94581
7916300311;44.67544;6.92203
7916937033;44.2419;4.11012
7916937034;44.24176;4.1105
7917035674;44.41818;5.06103
7917035675;44.41942;5.06274
7917220018;44.51521;4.82309
7917246553;44.34722;4.77036
7917250879;46.21408;4.25511
7917428370;46.1669;4.44155
7920873449;43.61695;2.26288
7922079102;45.80515;2.46716
7922204433;47.89792;1.90073
7922795885;48.57946;7.76152
7922802149;44.1826;4.14973
7923022393;43.73841;1.11667
7923028032;43.6719;1.13664
7923096985;48.44104;-2.03966
7923646625;48.51223;2.45437
7923821685;43.11333;-0.76269
7924166769;43.71023;7.27524
7924794287;43.39348;1.84439
7925252385;43.73036;3.32127
7925614676;48.62968;2.12631
7925849020;48.92406;2.3021
7925862128;42.77154;1.4921
7928402742;48.82165;2.9042
7929081585;43.70589;4.94892
7929270482;45.01307;1.90859
7929287009;44.13849;1.83728
7929290586;44.12724;1.87634
7929636052;41.91312;9.08258
7930258141;44.11092;6.95816
7930787240;48.89305;2.16794
7932336454;44.00277;7.55364
7934044729;48.62016;2.14646
7934505871;47.75646;7.41588
7934656168;49.80401;4.40646
7935197448;43.98478;7.48217
7937859839;46.90659;3.04758
7937902569;46.98877;3.15755
7939865538;43.16983;-0.53812
7941352245;48.64021;2.08547
7941357794;48.64075;2.08571
7942644729;48.89686;2.27711
7944363291;46.31568;2.53784
7944365936;44.52879;-1.24916
7944515711;43.08795;1.8749
7944679915;45.35933;6.30221
7944814281;47.90395;1.91532
7944968795;41.95912;9.23865
7944983056;41.96748;9.22854
7945504257;45.77176;4.83227
7945507490;46.97566;6.53629
7947208661;44.46883;6.83397
7947328533;49.92839;1.07986
7947579685;45.92505;6.87021
7948074647;44.64293;6.63243
7948626264;47.76579;-1.97583
7948677476;43.61829;6.97694
7949780285;-21.14822;55.43798
7950087086;50.61627;3.05064
7950506169;48.51732;-3.58766
7955013932;45.30632;5.91348
7955073517;45.30829;5.91416
7955419374;45.32207;5.92943
7959251952;42.77296;1.75788
7964918509;48.61259;2.32516
7965164799;43.75372;4.51421
7965164800;43.75375;4.5143
7968679901;42.6707;2.94431
7968869155;42.82796;1.22976
7968907187;45.18993;5.69473
7968923487;45.8972;6.12514
7972759886;-21.06015;55.53662
7972909111;48.89112;2.79302
7973089934;48.8784;2.30712
7973096823;48.87852;2.30882
7973407952;48.09167;7.06899
7973912813;46.12628;3.41132
7978041876;50.22669;1.67987
7978435405;45.75962;4.82091
7978587081;47.74106;6.99072
7980888048;48.87304;2.34781
7981280088;44.7362;2.67735
7981325874;45.12481;2.85647
7981966773;-21.12646;55.47439
7981966774;-21.12646;55.47366
7982252427;48.96715;2.0421
7982252428;48.9672;2.04068
7982312037;44.55143;3.82424
7983979842;42.92715;2.59808
7984001804;42.91791;2.57306
7984420663;46.59899;6.11668
7985363134;48.85865;2.31165
7985426522;48.86665;2.34472
7985521308;43.46057;1.32678
7988662938;43.34053;-1.4487
7989276512;48.6934;6.15928
7989780544;45.36645;6.31646
7992416017;43.44257;-0.52116
7994320796;48.73676;7.48442
7994329285;44.9301;6.59829
7994801186;-21.37068;55.55312
7995013317;45.31753;6.26191
7995013318;45.31711;6.26237
7995013352;45.3215;6.26809
7995556653;43.58634;1.33649
7995556670;43.58993;1.31544
7995673852;48.32108;-4.29904
7997127835;45.89471;6.11881
7997924675;43.44964;-0.11177
7999196086;43.37678;-0.53783
7999543609;43.3918;-0.65198
8000143005;43.4863;-1.55017
8002811534;48.80391;2.60223
8003251319;47.43512;3.76346
8003451700;46.15422;4.5872
8003498075;43.55338;-0.6696
8003908561;45.33242;6.34018
8004250319;-21.29344;55.51789
8004250321;-21.28972;55.51893
8005902908;48.87857;2.33693
8006837044;43.15099;6.3427
8009788885;46.34114;-1.43808
8010071459;46.15711;-1.15371
8011164396;43.58515;1.34703
8012125798;43.23822;6.31131
8013055808;45.89787;0.02469
8013055809;45.8891;0.01349
8013055812;45.89332;0.0057
8014078952;45.99877;6.51941
8014611655;45.213;5.78747
8015674722;43.60894;1.48689
8015686876;45.34177;6.33058
8016377502;45.82008;1.26609
8016528451;41.98739;9.26866
8018220286;43.84231;5.13656
8018411331;45.15146;5.74208
8018694068;45.32734;6.33776
8018694079;45.3239;6.33887
8019114315;45.37013;6.31081
8021984510;43.32011;-0.5793
8023213855;45.42479;6.69713
8024965856;43.94569;7.2978
8025170830;43.49054;-0.80339
8025551357;48.49132;2.41507
8025551363;48.50048;2.36313
8036357641;44.06181;6.20913
8037352060;43.69125;5.90653
8037814435;45.88699;5.40685
8039041210;44.6569;-1.14788
8039041211;44.65085;-1.19384
8039771707;45.86681;0.14188
8039823084;45.91905;0.2409
8039998433;45.92885;0.14151
8040143469;45.86126;0.21452
8042151429;46.05353;6.77091
8042276485;43.41159;-1.46291
8042276585;43.32514;-1.60068
8042276685;43.46146;-1.5765
8042276687;44.17858;5.12911
8042367830;48.8537;2.30325
8042367831;48.85497;2.30174
8042367832;48.85403;2.30007
8042367834;48.85491;2.29891
8042367835;48.85545;2.29972
8042367837;48.85514;2.2977
8042367838;48.85624;2.29933
8042367839;48.84845;2.30176
8044217098;44.50015;3.57181
8044539632;43.81566;6.64113
8045142106;45.57521;5.96759
8045142111;45.56477;5.92851
8047468085;42.07476;9.29958
8048379755;44.12621;7.33086
8050051905;46.30238;6.44215
8050643741;45.90661;-0.03161
8050647619;45.86162;0.09724
8051118685;46.25372;5.83524
8051133412;44.35062;2.56879
8059363637;44.93713;4.8883
8064865085;42.94156;0.96295
8064890416;44.41044;-0.82454
8065220374;48.85745;2.11591
8065682585;-21.12647;55.47367
8065682985;-21.10428;55.43375
8065854420;48.97441;2.40515
8066306380;43.69491;3.83859
8066306381;43.69505;3.83857
8066306384;43.69512;3.83899
8068828370;42.5153;2.95779
8069082862;43.69931;-0.95298
8069286545;47.68852;7.41514
8071355369;43.71571;-0.84114
8071651110;43.30807;-0.35881
8071986347;43.74811;-0.7509
8074045571;45.94586;0.24344
8074045572;45.94875;0.24455
8074130492;45.88316;0.07416
8074214319;45.83701;0.03939
8074319717;45.85389;0.17631
8074319718;45.85027;0.1746
8074335286;45.8765;0.18033
8074744797;45.85569;0.06468
8074744798;45.8526;0.06606
8074885876;45.86766;0.35484
8074974929;45.79497;0.19499
8075062571;45.80352;0.16887
8075828223;45.15925;5.74775
8077589583;45.18364;5.70917
8077664454;48.82099;2.28527
8078079877;45.80257;0.13871
8078161164;45.89465;0.28999
8078161166;45.89409;0.28842
8078220075;45.89189;0.11695
8078220077;45.893;0.11514
8080727040;45.89622;0.22379
8080735449;45.93893;0.16539
8081072141;45.88302;-0.1054
8081521283;46.37358;6.47995
8081521299;46.37428;6.4822
8083742725;45.56931;6.15508
8084057517;47.20198;-1.75308
8084909203;45.89501;0.33078
8085239359;48.4674;1.01631
8085239360;48.46698;1.01643
8087634504;47.78368;7.33846
8088914995;48.87917;2.35905
8090288375;48.55824;1.57796
8092305226;44.12551;4.07585
8094113298;49.6375;-1.63761
8094143013;49.63772;-1.63586
8094178006;49.63797;-1.6365
8094178007;49.63732;-1.63352
8094184925;49.63615;-1.63494
8094187350;49.63693;-1.63443
8094190726;49.63817;-1.63735
8094191037;49.63722;-1.6359
8094196895;49.63733;-1.63516
8094208605;49.63635;-1.63629
8094208606;49.63763;-1.63679
8094208919;49.63806;-1.63552
8094209683;49.63647;-1.63545
8094209684;49.63795;-1.63774
8094211532;49.63613;-1.63566
8094212217;49.63701;-1.63565
8100820282;45.71375;4.89976
8101010736;48.8544;2.33338
8101010737;48.85371;2.33434
8101010738;48.84408;2.33701
8101010739;48.84701;2.34536
8101010740;48.84762;2.35062
8101010741;48.84526;2.35359
8102774950;45.91212;6.1505
8103079849;47.73806;7.35131
8103079850;47.73402;7.34965
8103079851;47.73447;7.34835
8103079852;47.73459;7.34776
8103079853;47.73344;7.34767
8103079854;47.7335;7.34723
8103079855;47.73659;7.35229
8103079856;47.73351;7.29687
8103079857;47.75738;7.31788
8103079858;47.75745;7.31699
8103079859;47.76965;7.32182
8103079860;47.77398;7.32636
8103079861;47.77771;7.33676
8103079862;47.77787;7.33793
8103079863;47.74695;7.31085
8103079864;47.74467;7.31794
8103079865;47.74741;7.31996
8103079866;47.75153;7.32004
8103079867;47.74442;7.32864
8103079868;47.75488;7.32963
8103079873;47.75594;7.34099
8103079874;47.75219;7.3465
8103079875;47.7529;7.34996
8103079876;47.74948;7.34692
8103079877;47.74868;7.3452
8103079878;47.7455;7.34201
8103895798;47.73597;7.29583
8103895799;47.73566;7.29665
8103895800;47.7526;7.31371
8103895801;47.73474;7.35244
8103895802;47.7316;7.34745
8103895804;47.74794;7.32385
8103981461;47.75341;7.32831
8103981462;47.76137;7.32467
8103981464;47.76149;7.33718
8103981465;47.76098;7.33706
8103981466;47.75796;7.34445
8103981468;47.77351;7.33469
8103981476;47.75569;7.35458
8103981477;47.75519;7.354
8103981478;47.75464;7.35337
8103981499;47.74583;7.33047
8103981500;47.74538;7.33641
8103981501;47.74691;7.34047
8103981502;47.74609;7.34153
8104304279;48.85022;2.23081
8107828682;43.48185;-1.51557
8108109283;47.52876;-0.611
8112293774;45.75296;4.88219
8116983787;48.83961;2.35034
8118374564;42.68012;2.93736
8118490811;45.97478;6.92297
8119267731;44.7435;-0.64945
8119358361;48.41227;2.69562
8120700856;45.07877;5.77556
8121629275;48.84526;2.39822
8124874773;48.85931;2.28893
8124874774;48.86278;2.28955
8124874775;48.86224;2.28637
8124874776;48.86269;2.2841
8124874777;48.85891;2.31962
8124905582;43.6402;-1.4333
8128414588;48.84699;2.29571
8128414589;48.83778;2.28523
8128414590;48.83865;2.28432
8128414591;48.83688;2.29019
8128414593;48.84105;2.27891
8128414594;48.84025;2.27585
8128414595;48.83987;2.27481
8128414596;48.84136;2.27304
8136200464;44.84969;-0.5694
8137210262;43.71379;7.2507
8139968817;47.27005;5.38526
8143154662;43.43724;-1.4529
8145616173;47.79944;3.57459
8145701596;48.86518;2.29721
8145701597;48.86781;2.29467
8145701598;48.87195;2.27955
8145701599;48.86699;2.27061
8145701600;48.86251;2.25778
8145701601;48.86637;2.25395
8145701603;48.8707;2.25898
8145701604;48.87352;2.2512
8145701605;48.87369;2.2478
8145701606;48.85219;2.23793
8146161224;43.35322;-1.77563
8146340574;49.255;4.03809
8151197571;45.35331;5.62
8151864419;44.49902;3.45074
8155026653;47.79629;3.57632
8155828297;46.49913;6.01985
8157964396;44.42236;6.0
8158152246;44.83902;-0.58216
8158152251;44.83954;-0.58216
8158249269;43.07653;-0.60606
8163491763;43.29385;2.14407
8163970362;45.04654;5.97086
8166974195;45.03685;5.97501
8167335683;43.55149;3.70793
8168136164;45.05166;5.98819
8168136175;45.0393;5.97794
8168136178;45.03719;5.97542
8168136180;45.03662;5.97496
8168521717;46.01853;5.93348
8168902487;44.69737;-0.15194
8170148031;43.44507;6.63669
8171808248;43.67298;7.04263
8173672317;48.54245;-4.66118
8174101544;45.04842;5.97736
8174101546;45.04742;5.97789
8174101561;45.05266;5.97381
8176182017;48.62894;-4.51326
8176212458;46.35433;6.31716
8176212701;46.33263;6.3013
8176472287;45.17312;5.74431
8176915248;48.23519;7.29663
8176915263;48.23137;7.30227
8180699400;46.06149;5.42944
8181197941;48.70202;6.15303
8184369417;-21.06223;55.50719
8184486206;48.87518;2.35456
8185138409;45.69878;5.62899
8186651513;49.26083;4.05731
8187983026;48.86173;2.35712
8188132372;44.1376;6.74003
8190795603;43.57291;3.05323
8192085265;44.11156;4.07846
8196778830;43.74058;-0.65625
8197445006;43.96715;4.27223
8199070398;45.7178;6.57351
8199307270;43.54045;6.9353
8199307678;43.61837;6.77239
8205219129;48.82298;2.46017
8206654748;43.59615;6.9333
8207653251;49.26682;4.02997
8210548317;45.18482;5.72497
8222297578;49.26276;4.05509
8222600710;48.22908;7.30856
8222619631;43.61194;1.41884
8223901991;45.79682;6.01418
8224025674;45.79704;6.01322
8225489555;45.72751;6.28946
8229238672;47.80637;-3.26899
8231288501;48.41805;7.42777
8237858618;42.94012;0.86673
8237858619;42.94042;0.86765
8238112222;45.17246;5.74516
8240677840;45.78628;4.92704
8243029375;48.27195;7.39443
8245792075;44.72971;-1.08451
8245792085;44.68032;-1.01139
8247264867;45.2423;5.67151
8248193779;46.35651;6.42693
8248750893;43.42029;6.85755
8251633255;50.64819;2.99258
8252737040;48.44916;-4.15968
8255089437;41.93547;8.7365
8255443817;45.18762;5.71707
8257196043;45.29405;6.2269
8257624619;44.72054;6.25929
8258001667;43.68209;6.9675
8259136336;44.90643;3.48711
8259946892;44.89456;-0.71498
8261944218;45.31061;6.27558
8262569272;43.57114;7.10223
8262769988;45.22587;5.80109
8263493644;45.33336;6.29192
8264007299;45.69464;5.88854
8264197258;47.38138;0.70447
8264206349;47.37917;0.69615
8267117741;45.5128;2.93267
8267254081;44.6101;2.05004
8270818038;48.56366;7.61524
8272197968;45.28767;5.61022
8280617827;42.48146;3.12976
8281232333;45.73433;4.85386
8281880127;49.2801;4.02325
8281952224;45.25411;6.42296
8282106317;45.68698;6.30376
8283167529;45.82344;1.27224
8283680374;45.74669;4.86334
8284369559;45.31241;6.3519
8284369560;45.31376;6.34907
8285851532;45.36007;6.14843
8286164400;43.93615;7.51299
8286940064;43.6126;1.3127
8287650612;45.4997;6.02944
8287654157;45.5037;6.02134
8291581290;45.91895;6.11667
8291624277;45.94149;6.1063
8293237910;45.53393;1.78915
8294106707;45.09212;0.32913
8296369428;47.32689;5.0658
8299303580;45.04682;3.87891
8299419804;43.52904;5.44288
8300956254;47.32566;5.06673
8303068219;44.13635;4.79999
8305153663;45.49912;6.03065
8305153688;45.4997;6.03403
8305153696;45.49913;6.0342
8306269469;42.49275;9.35829
8306983922;45.93328;6.10971
8307080602;44.79169;-0.61973
8307080603;44.79196;-0.61876
8308743131;47.221;-1.56251
8314820649;48.31113;2.62493
8315011581;45.75817;4.86853
8318153691;43.6536;-1.44528
8318173744;43.65154;-1.42785
8318661308;45.61314;5.1751
8327137692;43.98922;3.60708
8327188142;43.989;3.60696
8327270271;46.83385;5.70385
8331183714;48.81278;2.38807
8335727017;43.32504;0.80035
8337366690;43.65022;-1.44539
8338711308;43.59279;1.44959
8341272161;47.9421;1.81578
8341272162;47.94166;1.81646
8344821053;43.56793;1.34293
8344821054;43.56942;1.34105
8345139313;48.33541;-4.36825
8345768559;48.84209;2.46339
8349503976;43.67632;-1.28617
8349514707;47.15663;5.51463
8349515253;47.15717;5.51299
8349524503;43.66554;-1.30952
8349524504;43.66848;-1.29479
8349627346;48.82283;2.43159
8354389293;45.70029;4.87138
8354394041;47.17613;5.61429
8355548084;44.43266;6.4302
8355626841;42.67198;2.9416
8355626842;42.67183;2.94161
8355795456;43.28673;3.44262
8357211908;45.70295;4.88498
8357699738;43.62526;7.12799
8358424454;42.68024;2.93714
8358763617;43.83735;4.31701
8360770349;44.26102;4.41955
8361031977;43.3228;-0.39754
8363719434;48.5423;0.24102
8366821321;46.40463;3.17411
8367958682;48.9371;2.31319
8376412170;47.24623;-1.51608
8377824495;45.39759;5.6057
8378371052;45.90362;6.10134
8379162572;42.67949;3.03409
8381033244;43.59769;1.44008
8381221936;44.12385;2.36572
8383441752;47.31349;5.00257
8384499484;45.73092;6.29296
8384541268;48.24539;7.06788
8387606329;42.67665;2.90035
8387966576;46.13506;4.01226
8389728256;42.7211;9.45441
8393346229;43.55115;-0.98381
8399433252;46.54751;4.7957
8399704600;47.19618;-1.5327
8400642556;42.6772;2.90367
8400642575;42.67433;2.89977
8401471518;48.8512;2.22827
8401556660;47.36198;0.80562
8402406437;45.73251;4.89523
8402906054;43.38396;5.15889
8406548502;-16.44978;-152.24941
8408065974;43.80065;-0.91947
8408828404;43.71119;-0.83882
8409358870;44.55217;4.74536
8412550159;47.30549;6.59455
8412633028;46.35598;6.35283
8413153313;43.8198;4.37156
8413153316;43.81991;4.37247
8413153323;43.8205;4.37333
8413979758;42.77939;-0.124
8415029094;47.28557;5.00811
8415296000;45.73664;4.82607
8415933856;43.71259;-1.05128
8416754857;45.74603;4.97791
8420782098;45.04531;5.04751
8420795833;45.04604;5.05188
8422184474;45.04295;5.05129
8422909166;48.67777;2.04464
8423159674;45.81901;6.72783
8423383490;49.4088;1.07116
8428635718;43.44704;5.6337
8429179352;45.84718;6.72904
8429196279;42.16878;9.22599
8429866724;43.88225;-0.52042
8431025391;43.68049;6.97192
8431892460;43.65739;-0.17983
8431935451;42.95064;1.5654
8432008797;47.47715;-0.57708
8432033719;43.78826;4.09758
8434336739;43.89158;-0.47135
8434889559;43.84842;-0.45817
8435037236;43.48125;-1.51209
8436039690;45.06098;5.34599
8436039691;45.06272;5.34259
8436039693;45.0643;5.33603
8436824055;44.5797;6.37542
8441493221;43.88578;-0.31203
8442330450;48.82271;2.35771
8442979550;43.93213;2.13504
8443261034;45.69774;4.88433
8443277313;43.00202;1.13793
8446505776;45.88712;4.6223
8447247758;47.76968;6.98227
8448502472;43.51298;1.17551
8450904048;44.84084;-0.58038
8451032131;45.58911;5.16021
8454019132;43.55676;1.43046
8454037071;43.50155;-1.54154
8454098935;45.68987;4.87228
8456760460;44.36459;2.59773
8458954519;44.75107;5.37098
8460053387;43.73281;3.31725
8460053388;43.73265;3.31699
8460604621;43.57515;-0.83509
8461393136;43.79301;-0.92381
8461393137;43.79329;-0.92358
8462288131;45.90761;6.10298
8464052097;48.91746;2.29928
8464328323;45.17637;5.70657
8465708126;43.20283;5.77553
8467392021;44.01615;-0.84639
8467932911;45.72486;5.10539
8467932912;45.72811;5.10713
8468074211;45.48839;5.53776
8474760062;45.16961;6.4293
8474902188;45.43288;5.51631
8474902189;45.43265;5.51541
8474902192;45.45645;5.5052
8476567917;48.59939;7.71797
8479106426;48.20869;5.84157
8481525770;42.32613;8.98409
8483051970;43.2067;2.35611
8483468399;44.85335;-0.60451
8485860417;46.03551;6.64812
8486224059;43.75395;-1.32823
8486451221;43.4955;-1.5302
8488891444;46.25749;5.5765
8489757423;42.0988;9.27121
8490025266;43.30722;-0.39773
8490457728;42.72762;2.99093
8491426217;43.78732;4.83193
8493847261;43.35819;-0.56377
8494541961;48.02272;6.78254
8494654390;48.11181;3.39715
8498048754;44.96135;5.55341
8498048755;44.96117;5.55378
8498234777;43.77508;7.50588
8498289226;47.49194;3.9096
8499109162;44.41881;6.16108
8499540577;46.20277;5.44714
8500592746;48.66117;6.18101
8503662255;45.77727;4.83263
8509824999;43.54096;-1.46116
8510098148;43.56856;-1.45169
8510584971;43.67108;-1.44158
8510584972;43.6801;-1.43961
8512786627;45.39919;5.63972
8512887518;-21.16881;55.54224
8513311658;45.43584;4.3756
8516182831;46.10715;5.83029
8516182833;46.10643;5.83264
8517838718;45.1829;5.72115
8518024874;44.93128;4.89086
8518928848;43.35167;1.47414
8520094068;43.52955;2.83301
8520094231;43.56658;2.95972
8520095332;43.59492;3.11324
8521170653;43.65943;-1.4296
8521170655;43.66426;-1.39574
8521170656;43.66;-1.42623
8523473461;44.36542;2.59691
8524979382;43.61487;-1.12597
8529677619;44.72811;0.25401
8534590277;43.58931;1.37737
8536319682;43.65657;-1.18729
8537110471;44.30822;-0.77746
8537143025;44.20911;-0.91902
8537156433;44.20767;-0.92647
8541045743;43.42855;-1.25539
8541066651;43.42943;-1.2559
8541235866;48.82125;2.35455
8541535364;49.09806;2.48931
8543258392;45.45142;5.96494
8543292141;48.81815;2.35128
8544606855;43.60069;6.90984
8544849102;44.84382;-0.6642
8544849104;44.84444;-0.66544
8546964812;50.37868;1.69619
8549299699;43.71223;-0.83991
8551035417;45.18514;5.72809
8552816508;43.56112;-1.45159
8552940959;43.53036;-1.52081
8552971580;45.18332;6.43979
8553615540;48.83726;2.30428
8554110045;43.43912;-1.58955
8554438623;48.82917;2.37997
8554485098;46.21962;5.69557
8555304088;43.56169;5.38045
8556668746;43.64741;0.59054
8557425224;43.64655;0.58407
8557778361;43.52887;-1.49516
8558087355;47.86888;6.97275
8558096337;47.86955;6.97301
8558096338;47.87025;6.97306
8558096339;47.87075;6.97316
8558096343;47.87116;6.97422
8558312843;43.54137;-1.38822
8558412697;45.21343;5.78792
8558430571;45.77586;4.81499
8558555937;43.54054;3.45965
8559992245;47.87332;6.97592
8560863699;43.73798;7.26571
8560892279;43.97407;7.31122
8561157428;43.54641;-1.38621
8561159395;43.54233;-1.3846
8561189292;43.536;-1.38713
8561224991;43.54214;-1.37198
8561224992;43.54227;-1.37176
8561248950;43.54241;-1.37073
8563904459;48.8119;2.35575
8563925406;42.83003;2.91835
8563925407;42.83042;2.91825
8564963658;44.08789;6.2485
8566959250;45.77302;4.82689
8567530112;45.76433;4.82834
8567694318;44.06768;1.94028
8567864199;48.78749;2.3472
8568533717;44.79041;6.52239
8568542725;-12.7844;45.21656
8569062421;43.157;-1.26036
8569092722;43.78413;3.75653
8569453604;45.7838;4.82532
8569591967;43.70343;6.98864
8569759788;43.87343;-1.07093
8569895001;44.75789;3.24499
8569909815;50.37688;1.69821
8569939479;48.92708;2.28567
8572239287;45.18514;5.69534
8572843593;42.62316;3.01968
8575041559;43.01027;-0.26446
8575284723;-20.98347;55.391
8575298219;-21.13687;55.48559
8575799048;43.09009;-0.2528
8576377319;45.18484;5.72923
8576814988;45.8309;1.25291
8578941512;44.08385;7.59235
8581612086;48.86019;2.39564
8581612295;48.86184;2.39442
8583023444;43.69083;-1.13579
8583024503;43.71297;-0.97962
8583035824;43.70586;-1.11117
8583257734;49.26523;0.93615
8587049718;-21.12645;55.47369
8587049819;-21.1265;55.47407
8587152917;46.1561;-1.1901
8588140528;45.22318;5.76801
8589458185;43.6369;5.64201
8589537761;43.12517;6.01123
8589581560;43.12469;6.01287
8589928414;45.17558;5.72604
8590211220;42.95978;2.60651
8590211417;42.98862;2.61414
8592694974;42.56111;2.62561
8592749948;48.83243;2.30068
8592750026;43.13051;-0.35306
8592816946;42.81783;2.59108
8594696980;45.40056;6.50317
8594837106;46.20502;5.22653
8595281417;44.44039;4.62367
8595351417;44.44044;4.62316
8595565047;48.66228;7.64156
8595671387;43.11944;6.12443
8595808031;43.59197;1.48976
8595923447;43.29529;-0.40166
8599120655;43.62486;-1.25847
8599600508;50.65473;2.30946
8599798801;45.9466;6.12258
8600370287;44.02266;4.13145
8600631508;42.83172;2.91531
8600631509;42.83112;2.91596
8600631510;42.83112;2.91595
8602493249;50.54631;3.23337
8602545004;43.67336;-0.99252
8602562178;43.80434;-1.04878
8602585748;43.67881;-1.15401
8603160312;43.33623;-0.40446
8603248304;45.37908;6.503
8603249780;45.17515;5.74177
8603307223;44.56443;5.01304
8604190954;43.95822;0.37315
8604248071;49.0754;5.12138
8606801891;43.69519;-0.67762
8606805309;43.53478;-1.09968
8606839080;43.535;-1.09963
8607049112;43.691;-0.64557
8607175800;45.37334;6.5063
8609965728;46.38855;5.69922
8610657923;43.79253;7.39871
8610873752;43.65314;-0.91755
8610934502;43.66276;-0.87584
8611225734;43.71897;-0.67176
8611233272;43.71897;-0.67214
8611608666;43.68984;-0.64325
8612015582;43.71857;-0.67265
8612148554;43.89252;5.14918
8617089007;46.19603;-0.67379
8617114775;45.59535;6.23905
8617165866;48.51723;-3.58817
8617331809;43.85235;4.08011
8617414792;43.81493;4.12325
8617501313;45.17181;5.74162
8618006904;43.71217;-1.07484
8618116772;45.74853;6.03943
8619146369;47.20692;-1.55882
8621452432;43.46065;-0.73696
8621628023;43.49902;-0.83559
8622089531;43.71013;-1.07604
8626527346;45.99655;6.24938
8626534658;43.85595;4.33406
8626534678;43.8559;4.32422
8627335857;44.37455;4.70382
8628392149;43.69645;-0.6802
8628630109;43.61115;-0.99126
8629399932;44.03265;-1.20107
8629403570;43.95026;-1.30101
8629405935;43.9506;-1.30165
8629405936;43.92491;-1.24371
8629503703;45.76632;4.92149
8631346137;43.72448;-1.05674
8631913031;46.19914;6.23724
8632422450;43.8032;-1.14125
8632428847;43.64293;-1.03641
8632451928;43.76571;-0.98832
8632486993;43.62481;-0.28926
8632498025;43.62603;-0.28662
8633153197;48.85195;2.2949
8633313069;43.09903;-0.71989
8634599008;43.14513;-0.69137
8634616328;43.15639;-0.68911
8634616330;43.15621;-0.68932
8635315422;45.25805;5.37483
8635476032;48.90283;2.48194
8637856263;43.74378;1.7751
8638189130;43.69557;4.24868
8639656755;43.64605;1.65472
8640034297;48.19409;7.32662
8640039005;48.81307;2.36581
8640039006;48.8131;2.36831
8640039007;48.81399;2.36652
8640039008;48.81281;2.3671
8640598379;43.43725;-1.52097
8642635755;48.85871;2.35645
8642635762;48.85761;2.35997
8643252093;43.71905;-0.672
8643468355;48.98725;2.26145
8644307181;43.16674;0.10916
8644369319;45.17441;5.71738
8646557217;44.85142;-0.04552
8646691793;43.66932;-0.72218
8646693973;43.66945;-0.72244
8646793089;43.66868;-0.7196
8647485947;43.95629;-0.76143
8647489131;44.00286;-0.78947
8647493192;44.00551;-0.79036
8647980084;47.0808;2.40038
8648106346;46.19127;6.23692
8650679966;48.83437;2.46889
8651231851;44.1484;-0.74012
8651233777;44.32239;-0.58053
8651353368;43.6986;-0.26017
8653290664;43.37284;-0.47091
8654708591;43.78621;-0.98932
8655235258;44.10384;-0.54366
8655375380;43.72894;-0.89861
8655674258;43.7737;-0.42837
8655976046;43.75687;-0.79828
8656737068;43.71268;-1.06244
8657082029;44.82096;-0.61648
8658304538;44.82665;5.68344
8658858911;48.13706;-1.51923
8659123493;43.55812;-0.88053
8659145769;43.60014;-0.90685
8659166652;43.64871;-0.97164
8659169118;43.60012;-0.90803
8659180731;45.97346;-1.33729
8659264577;48.86061;2.37479
8659334577;43.64268;-1.07943
8659607678;45.58858;5.15962
8660168390;48.7738;2.44818
8661977217;45.61399;4.80046
8662777248;46.96019;5.96769
8662810681;47.68614;6.84073
8662850120;43.5296;1.45652
8663453017;46.34172;6.12965
8664354222;44.88163;-0.60106
8664578978;47.21397;-1.53059
8664606925;45.77411;4.82485
8664752396;45.18265;5.71705
8665154521;48.79319;2.16056
8665522129;43.19848;-0.88516
8665890038;43.76274;1.7456
8666645907;46.16872;4.41052
8666682760;46.08253;4.75449
8666699509;46.20842;4.33069
8666708887;46.82013;3.3576
8666790624;47.3821;2.88195
8666837177;47.95278;2.78817
8668837565;43.8322;-0.80395
8668837566;43.83297;-0.80426
8669173988;48.79422;2.26855
8671289416;44.03825;5.39327
8672739006;47.22754;-1.52735
8672861035;43.54094;5.45385
8674206065;43.69219;1.36601
8674966726;48.86472;2.34586
8675505259;43.40397;-1.46118
8676430370;43.76206;-0.57314
8677718493;42.61676;2.12508
8680121983;43.26321;-0.68531
8680855931;45.69409;6.28153
8681006311;43.59265;1.4401
8681130290;45.89804;4.70032
8682536272;42.83132;1.19464
8682577461;43.70265;-0.92735
8684421872;43.76618;6.54376
8684448749;44.85441;-0.58618
8684448750;44.85548;-0.58579
8685467170;43.81135;5.59582
8685493526;44.6984;6.76329
8685783694;45.73446;4.82211
8687737573;47.61307;7.21002
8688322298;43.44638;3.37876
8688493180;48.80672;2.31145
8688552909;48.69676;2.34989
8688579054;48.69931;2.34839
8688579068;48.69885;2.34782
8690286119;45.93583;6.63194
8690406369;44.90521;-0.5655
8692098014;48.77344;2.44744
8693352384;46.45018;4.11263
8693526445;45.88193;6.17932
8694174789;48.86259;2.3434
8694879946;45.79195;4.82372
8701724608;43.41365;5.50583
8701728102;43.5048;5.73406
8702293201;43.86306;-0.33368
8702320243;43.87773;-0.27901
8702353162;48.86211;2.34369
8704569764;44.59685;5.52939
8709416354;45.90655;6.15231
8709416355;45.90585;6.15269
8709520280;44.02665;-0.98518
8709521623;49.52105;0.14484
8709600483;44.01245;-0.92836
8709603960;43.97197;-1.0843
8709610196;44.01219;-0.92719
8709611418;43.9695;-1.09314
8709755276;43.7856;6.44505
8710203713;45.19417;5.76491
8712317438;47.24881;6.0319
8712465862;47.24855;6.03638
8712846288;44.68258;6.88076
8712882925;47.83744;6.99118
8712921263;47.8434;6.99497
8713369017;46.2706;6.0067
8714152972;43.31228;-0.68129
8714315467;43.19802;5.80199
8714489860;43.31775;-0.47545
8714907832;44.50463;6.61385
8715093191;44.51308;6.57693
8715178960;43.29176;5.40002
8715178961;43.29198;5.40036
8715361643;47.34899;1.29387
8715512492;47.91118;7.44568
8715526082;45.68332;5.8565
8715805628;44.94977;5.9543
8717768000;45.91365;4.68396
8718021070;50.61473;3.0705
8718475839;44.0264;-0.91902
8719747676;45.76381;4.79669
8721615685;44.35808;-0.76057
8721651320;44.16459;-1.03189
8724450588;43.29093;5.40023
8724470204;43.88151;-0.80685
8725119241;43.52897;-1.05408
8725143765;44.58862;4.69984
8725151477;43.52984;-1.05411
8725350019;43.53468;-1.14864
8725383651;43.53018;-1.05451
8725808607;42.48725;2.80814
8726131777;48.77773;2.45365
8726239163;45.18712;5.71447
8728054017;43.228;3.00401
8728127881;44.92987;5.95301
8728349812;48.64522;2.15254
8728431945;42.46484;2.86345
8728502354;44.95292;5.84788
8729005982;47.32038;5.04515
8729049019;44.28204;2.10102
8729221130;48.92469;2.22912
8729517293;45.33287;5.61476
8730399362;45.29772;5.4683
8730665518;44.00738;7.61963
8730756095;45.0655;5.39263
8731537718;45.64782;6.3731
8732498840;42.69137;2.91485
8732498874;42.69246;2.91509
8732498912;42.6924;2.91709
8733863294;45.51537;4.96003
8733903617;43.54632;6.43779
8735631882;49.28343;4.00504
8735777917;43.32794;3.04412
8735917774;44.94331;4.90089
8736129830;43.23624;-1.04591
8736257560;46.30355;6.09727
8736315421;44.76725;-0.60781
8736666155;44.86193;-0.49045
8736666157;44.8608;-0.49301
8736981934;42.72916;2.92716
8736981935;42.7294;2.92876
8736981936;42.72925;2.92811
8736981937;42.72937;2.92805
8736981938;42.73019;2.92851
8738638654;49.67458;-1.74367
8739748761;45.93539;-0.96106
8739748762;45.93535;-0.95997
8739748763;45.9383;-0.957
8740325799;48.85863;2.45617
8741327610;43.69747;-0.26874
8743791924;45.60129;3.45898
8744660770;47.425;-0.38327
8745600459;42.89652;0.06442
8745613330;42.8297;0.32692
8746335271;44.08386;6.20308
8749819417;43.15911;-1.23894
8749855458;47.70287;6.96065
8750126516;43.16455;-1.24402
8750899681;44.21592;2.16998
8751941082;47.32813;0.99708
8752217090;50.56335;3.19217
8752306815;47.41175;0.79916
8753028775;43.72484;-0.32291
8753028782;43.74659;-0.35508
8753065583;43.71123;-0.41421
8753917414;42.72972;2.92671
8754916309;47.41937;0.99035
8755222720;45.4587;5.96732
8756522525;50.56563;3.23202
8756570411;47.74755;7.37244
8756570414;47.74764;7.3731
8756570717;47.74754;7.37378
8756570723;47.74701;7.37382
8756570724;47.74736;7.37412
8756570725;47.74761;7.37426
8757487694;47.23371;5.98521
8757487695;47.23355;5.98668
8757487696;47.23272;5.988
8757487697;47.2338;5.989
8757487698;47.23409;5.98747
8757487699;47.23492;5.98722
8757487700;47.23461;5.9863
8758282567;44.10514;6.23391
8758536117;44.0514;2.83111
8758577583;48.674;2.3491
8758630526;48.67379;2.34777
8758818663;48.5354;2.55408
8758818664;48.6459;2.4508
8759416192;44.28071;2.72823
8760255736;43.8951;-0.25862
8761237813;44.87894;-0.60086
8761664636;-20.99371;55.30954
8762660520;47.76899;6.81517
8762665253;44.34091;3.46411
8764058283;43.59668;1.45594
8764887215;43.05498;-0.43193
8765182583;48.14481;-1.89968
8765192822;48.14561;-1.90232
8768310312;44.83131;-0.57136
8768831049;44.46754;6.54307
8769352174;48.89242;2.16759
8770181313;46.00552;5.03132
8772557489;43.5005;-1.51175
8772557499;43.49971;-1.5132
8772557513;43.50017;-1.5143
8772594624;43.50106;-1.51371
8773275653;44.99664;4.84444
8773479930;43.29525;-0.35978
8773978823;43.87895;4.40366
8773978824;43.86918;4.40546
8775315981;45.58942;5.79676
8776638843;43.58937;-1.17754
8776807335;43.59177;-1.11039
8776900327;43.61323;-1.03575
8776900328;43.61267;-1.03592
8777127061;45.87951;3.69475
8779523022;43.66041;2.02036
8779551629;50.56811;2.47972
8779704275;48.71403;2.20039
8779961381;48.73846;2.09191
8780644484;48.93059;2.29648
8780807100;43.60515;2.23879
8780877118;46.25286;4.04472
8784752850;46.00397;0.03889
8784895431;43.55763;1.54369
8787226887;44.29231;2.04356
8788291620;48.831;2.44884
8788438082;46.03012;-0.00367
8788445552;47.19191;-1.68642
8789313128;44.55837;4.75085
8789979838;42.57664;2.81138
8790092414;49.16908;5.85068
8792508981;45.25465;4.03289
8792790247;43.1729;2.4394
8792949466;46.76597;6.32109
8792960192;47.12083;6.71745
8795362824;48.862;2.32791
8795673624;46.46342;6.03094
8795850533;45.78247;4.87064
8795916782;43.59179;-1.1102
8795916783;43.59167;-1.11032
8796527509;44.32429;3.59295
8797420761;43.64408;6.89864
8797464400;44.55824;6.4311
8797603513;43.55214;-0.82835
8804098965;43.38619;-0.90011
8804491520;43.67785;-1.1542
8804556932;43.81589;-0.8464
8805069108;45.03622;4.06052
8806563072;47.978;7.18923
8806974905;48.85703;1.74044
8808503317;44.06695;5.18451
8808716427;43.50587;6.83406
8809721848;44.49088;1.97619
8809768871;44.48766;1.99234
8809797282;45.46052;4.35441
8809830864;44.25431;6.92847
8809836763;44.82964;5.71726
8811652424;44.74106;-0.68558
8811747170;43.99832;0.75625
8811772093;45.96189;-0.06776
8811804708;45.84631;2.0645
8812155393;45.26907;4.50516
8812297283;42.67843;2.934
8812297295;42.67906;2.93323
8812297296;42.67847;2.93152
8812297297;42.67912;2.93172
8814289956;43.55834;-0.15102
8814970633;45.91848;0.16637
8815666729;43.59249;-0.27352
8816812243;46.00401;0.07771
8816922989;48.91112;2.38267
8817473462;42.69752;2.88824
8817845117;43.68286;-0.05317
8817845217;43.57992;-0.02603
8818226323;44.84713;5.7342
8818857267;47.40836;1.05291
8819615084;44.55931;6.2745
8821146135;44.73713;1.382
8821414348;45.64039;4.72204
8823571365;44.08816;6.24768
8825740013;49.16532;2.84194
8825928922;44.85352;5.76179
8825985481;44.94868;2.22542
8827015509;44.17355;6.35145
8827264919;43.6474;0.59052
8828177239;42.79532;0.41002
8828194143;42.79626;0.41178
8828194757;42.79653;0.4107
8829178645;43.67445;1.93598
8829413696;45.99064;5.03465
8829413697;45.99175;5.02692
8829508705;45.7857;4.61744
8829793003;43.86754;-0.40572
8829891159;48.13501;6.95772
8829892815;47.63841;7.01985
8829950044;49.10668;1.00296
8830357876;46.13917;5.9504
8831261175;47.97699;6.9609
8831625662;43.02811;0.58327
8831625664;43.03798;0.66587
8831625671;43.04895;0.74335
8831670333;45.69291;4.66808
8832044305;47.90676;4.59577
8832048056;48.22199;3.92359
8832732336;45.60928;5.6829
8832743585;45.43238;5.46825
8832744868;45.38631;4.69451
8832749619;45.37943;4.9466
8833138979;45.36104;6.33645
8833654030;45.8649;5.95152
8833658688;45.86375;5.94646
8834875610;45.03713;4.98511
8836501001;44.38981;5.47151
8836572113;47.07581;2.39671
8841297871;43.83152;-0.80966
8841297876;43.83085;-0.8112
8841297878;43.83072;-0.81162
8841460044;43.54986;-0.67307
8842421517;44.47334;1.57818
8842590940;48.07299;7.10039
8842970043;48.81314;2.38454
8844323201;43.17575;1.52765
8844328219;43.1684;2.57687
8845077049;46.68272;5.78282
8845476487;47.54712;4.70831
8845590731;47.64398;4.68461
8845759177;45.52448;4.8738
8845862818;43.46849;0.03448
8847541744;45.62109;6.01983
8847812699;47.90956;3.7136
8848165400;48.86393;2.08119
8848608417;43.78689;7.27602
8848878149;43.22508;5.34836
8848958807;47.33367;5.03631
8849344173;44.84787;5.79845
8850108945;48.71081;2.23727
8850181517;49.0699;2.17988
8850359357;48.07393;4.39885
8850365870;48.7104;2.23709
8850365871;48.7098;2.23637
8850630832;47.52752;-1.23692
8850781618;43.09399;5.89411
8850821760;48.85673;2.38353
8850821767;48.86236;2.4069
8850821779;48.86055;2.40369
8850821807;48.8619;2.40659
8850824970;44.73331;6.83608
8850859458;44.31826;5.92192
8850864745;44.05957;5.82179
8850866029;44.09347;6.23645
8850866030;44.09306;6.23649
8850868865;44.63024;6.57484
8850883425;43.89257;5.37745
8851184416;45.4015;6.34042
8851297782;44.33911;2.55308
8851325012;43.62253;5.21225
8851393907;45.369;6.32958
8852856600;45.21571;6.88327
8856050448;45.80141;6.72295
8856077752;43.99457;6.76308
8856789475;14.63058;-61.09949
8861427317;45.52303;4.87121
8861904800;45.52417;4.87237
8862437419;43.7409;5.97361
8863260625;43.82495;7.12323
8863597964;42.93054;1.90452
8863757645;49.40805;1.07562
8863793705;47.9616;6.83621
8864247004;45.78141;4.81925
8864247005;45.78211;4.8193
8864247006;45.78314;4.81929
8865411297;45.28548;6.3726
8865425540;45.28461;6.37113
8865510388;45.29418;6.37731
8865910387;45.2079;5.6578
8865941096;43.60492;-0.99736
8866386007;44.22456;2.20723
8866489471;44.23468;2.21651
8866576226;43.478;1.45214
8867379665;43.52519;5.67179
8868446343;45.37368;2.77615
8868495290;48.89016;2.31405
8868717971;45.20894;5.65677
8868722841;45.20991;5.65739
8868722842;45.2083;5.6591
8869379793;44.53119;6.77737
8869420166;44.58548;6.82512
8869448588;45.2384;6.29882
8869679152;45.82814;5.28577
8870289714;43.27335;5.57615
8871164213;42.10122;9.21042
8871181311;42.10917;9.20357
8871354342;43.5934;-1.01758
8871785020;44.46299;6.05646
8871996918;45.8115;4.79712
8872025153;47.07184;5.37005
8872546018;45.6042;-0.99986
8874831218;46.30601;-0.99296
8875239942;43.7122;7.29182
8875338646;48.94373;2.16239
8879125065;44.21227;-1.29055
8879125782;45.22292;-1.16811
8879699615;48.83637;2.32721
8879706729;48.83767;2.3235
8880145380;43.19037;3.00554
8880366687;48.83848;2.42273
8882538916;43.27237;-1.04821
8882647518;43.26376;-1.0573
8883023918;47.08346;-0.19707
8883305274;43.21986;-1.12102
8883874645;45.73673;4.81944
8883877496;45.34318;6.27773
8883877497;45.34229;6.28243
8886955019;43.90195;3.5163
8887158494;43.16319;-1.17468
8887404348;45.51259;5.19196
8887470019;44.20064;0.61105
8888412137;44.67143;6.61843
8889651717;43.65435;3.88135
8889820818;48.94039;2.54637
8889979339;42.65861;1.8377
8890010936;45.89232;6.12128
8890010937;45.85085;6.14934
8890010938;45.91758;6.11439
8890010939;45.88827;6.09927
8890011138;45.92746;6.15207
8890011248;45.92776;6.15219
8890011249;45.90816;6.12139
8890011250;45.91564;6.14249
8890011423;45.90339;6.09728
8890011424;45.90521;6.0932
8890017764;45.91154;6.07728
8890017766;45.88494;6.18077
8890017767;45.92791;6.15295
8890017768;45.90798;6.12412
8890017770;45.91219;6.15136
8890017771;45.88848;6.1793
8890017772;45.90546;6.14328
8890017773;45.86537;6.12264
8890017774;45.916;6.11393
8890017775;45.87711;6.18378
8890017776;45.92747;6.12727
8890017777;45.81046;6.19269
8890017779;45.90617;6.12968
8890017780;45.91609;6.11956
8890017781;45.91798;6.11497
8890017782;45.86397;6.14232
8890017783;45.89578;6.11937
8890017784;45.90961;6.13963
8890017785;45.91407;6.11777
8890017786;45.91644;6.11339
8890017787;45.80849;6.16553
8890017788;45.80751;6.15408
8890017789;45.91088;6.08862
8890017790;45.90883;6.10534
8890017791;45.87959;6.08621
8890017792;45.85953;6.1959
8890017793;45.90504;6.11913
8890017794;45.92844;6.15244
8890017795;45.88507;6.08945
8890017796;45.91467;6.08822
8890017798;45.88264;6.18288
8890017799;45.90954;6.10435
8890017800;45.93475;6.09445
8890017803;45.84746;6.13684
8890017804;45.91712;6.11372
8890017805;45.9167;6.11346
8890017806;45.77787;5.99553
8890017807;45.90288;6.1306
8890017808;45.91765;6.11361
8890017809;45.89221;6.13654
8890017810;45.91834;6.10506
8890017811;45.90701;6.12825
8890017813;45.83731;6.16259
8890017814;45.89984;6.12672
8890017815;45.92602;6.06207
8890017816;45.80535;6.01243
8890022217;45.92809;6.15231
8890022218;45.87955;6.08667
8890022219;45.80534;6.0382
8890022220;45.9101;6.16436
8890022221;45.88785;6.1791
8890022222;45.8796;6.08704
8890022223;45.85837;6.20532
8890022224;45.92064;6.14475
8890022225;45.88106;6.17493
8890022226;45.78191;6.20291
8890022227;45.91151;6.12886
8890022228;45.91719;6.11691
8890022229;45.91624;6.11323
8890022230;45.89614;6.11907
8890022231;45.89314;6.12011
8890022232;45.86619;6.13677
8890022233;45.91672;6.11424
8890022234;45.92828;6.15309
8890022235;45.91717;6.11291
8890022236;45.79604;6.14869
8890022237;45.85599;6.07164
8890022238;45.8985;6.1211
8890022239;45.88704;6.14035
8890022240;45.91299;6.14732
8890022241;45.90929;6.10589
8890022242;45.92151;6.0669
8890022243;45.92575;6.15262
8890022244;45.89548;6.16645
8890022245;45.91015;6.10564
8890022246;45.92062;6.16337
8890022247;45.86329;6.18995
8890022248;45.87652;6.1846
8890022249;45.9151;6.11844
8890022251;45.88959;6.17496
8890022252;45.91844;6.11562
8890022253;45.82791;6.20242
8890022254;45.96265;6.14851
8890022255;45.91718;6.11495
8890022257;45.94061;6.1413
8890022258;45.84339;6.17487
8890022259;45.90997;6.13766
8890022260;45.91687;6.12007
8890022261;45.89666;6.11851
8890022263;45.75081;6.08434
8890022264;45.92737;6.16397
8890022265;45.92196;6.06668
8890022266;45.81513;6.02438
8890022267;45.90065;6.12187
8890022268;45.87994;6.08762
8890022269;45.8798;6.08597
8890022270;45.86389;6.19936
8890022271;45.88002;6.08674
8890022272;45.85916;6.18599
8890022273;45.88339;6.17813
8890022274;45.78465;6.05362
8890022275;45.91229;6.12874
8890022276;45.86464;6.1399
8890022277;45.91671;6.11229
8890022278;45.89593;6.12292
8890136118;48.9359;2.55581
8891009815;45.41251;6.2844
8891824927;44.78226;1.98435
8892334579;45.48282;6.94639
8892479392;43.35605;2.74281
8892523499;48.90241;2.14657
8892854939;43.50025;1.36402
8892854940;43.4999;1.36368
8893224101;42.95331;1.52429
8893307121;43.85781;5.22957
8893391414;45.34549;6.29153
8893444417;45.34427;6.28114
8894560985;45.34372;6.25791
8894976386;44.9748;5.28056
8894983691;43.61911;6.54901
8895002010;43.7283;7.36167
8895029896;43.72847;7.36137
8895042476;43.72849;7.3612
8895159216;43.61377;6.53933
8895356165;48.10003;-1.69673
8895826438;46.09607;5.96228
8896001777;44.21504;0.47982
8896020294;50.85234;1.61159
8897915743;48.83355;2.28529
8899038711;44.5615;6.37665
8899119805;47.14372;0.18079
8899244364;45.13448;3.9904
8901352003;44.91133;1.62871
8903581630;42.6401;2.45355
8903976499;42.65074;2.579
8904401619;45.76169;4.89524
8905301961;42.8769;2.35216
8906489764;43.96906;-0.18784
8906503483;43.96645;-0.19004
8907042595;42.72109;1.86201
8907404417;47.16406;0.2364
8907763390;43.27109;6.64078
8907860431;44.99471;5.7761
8908040718;49.76223;4.73104
8908043417;49.76157;4.72741
8908144617;45.09201;5.90335
8908271804;45.27747;6.34572
8908271805;45.27819;6.34433
8909249518;44.97387;3.61944
8909269594;45.00261;5.79594
8909388085;42.6139;8.9061
8909420031;42.61455;8.90351
8909651784;46.11057;4.90184
8909657805;43.19129;2.99927
8909943010;48.02355;-1.74375
8910089488;45.93933;6.09096
8910123051;48.87418;2.37595
8911369817;46.2789;-0.64995
8911905617;44.18631;7.0512
8911999773;48.0976;-1.69492
8912279118;43.69602;3.50495
8913013152;43.64206;-1.08155
8913145652;45.02252;5.32742
8913243941;49.0656;1.70041
8913406260;45.28195;6.40552
8913427061;49.03189;2.03179
8913584582;45.27015;4.56634
8914142122;46.60024;5.33257
8915948679;44.45099;6.84652
8915973999;44.81956;5.94811
8916094572;44.52879;1.55505
8916222737;46.19471;6.22761
8917232377;44.9628;6.48928
8917571074;48.2107;7.31233
8918640418;46.27718;4.0143
8918814986;45.95856;-1.10928
8919869744;44.89902;6.64277
8920087500;48.89475;2.32654
8920092227;48.89392;2.32656
8922017066;47.8912;-1.78611
8923539056;45.19967;6.69518
8925640286;45.82081;1.26448
8928272954;45.31233;3.74096
8928308269;47.95085;7.10657
8928381117;45.64544;-0.06612
8928937234;44.88589;3.90603
8928988872;45.79501;6.71767
8929238314;43.36292;-1.56589
8929271354;43.55745;4.7219
8930367021;43.49155;2.56881
8930367022;43.5301;2.55181
8930769971;43.80608;-1.04649
8930775422;43.80614;-1.04636
8930808202;44.08329;7.10568
8930817585;43.91695;7.24761
8930840624;47.1249;-1.41913
8930841515;42.93475;-0.63343
8930875382;48.40803;-4.77686
8930924881;44.7427;5.52995
8930925162;48.3568;-4.77729
8931183900;43.87371;4.59095
8931255122;43.8899;4.68448
8931273302;43.94639;4.84689
8932342965;45.72399;5.70221
8932432514;45.9879;4.75256
8933026921;49.76831;4.68004
8933426723;50.09573;4.81159
8933426728;50.09577;4.81134
8933562735;43.12244;-0.72729
8933587887;48.08894;7.06894
8933593288;46.66454;5.46422
8933601598;46.55968;5.55477
8933818017;43.01879;-0.95739
8935675517;45.93044;6.87495
8935990397;45.89033;6.79878
8938024004;44.78497;0.1991
8938489547;43.6971;7.29998
8938969917;43.94573;4.80953
8938976418;45.94954;6.74134
8939644887;44.50859;1.94518
8939846220;42.43823;2.03485
8939846221;42.43905;2.03585
8939846245;42.44154;2.03211
8940709048;44.10252;4.75826
8940865215;45.58232;6.07773
8941150698;50.52781;3.16829
8941369458;43.75072;-0.74827
8941369459;43.75118;-0.74818
8941728217;47.35325;0.66298
8942182462;45.76103;4.8266
8942182463;46.21716;4.94428
8942182464;46.25957;4.91335
8942182465;47.00583;5.15023
8942182473;47.10263;5.30523
8942182479;47.75027;6.00656
8942182480;47.76948;6.10478
8942182481;47.60582;5.83978
8942217846;48.70241;6.14956
8942309201;44.90988;3.79803
8942331032;45.17755;3.24308
8942334725;45.18056;3.2438
8942376192;43.66723;3.00752
8942427473;43.66679;3.00677
8942432875;43.66355;3.04922
8942435111;43.66684;3.0105
8942439212;43.65585;3.04537
8942441847;43.6636;3.05049
8942699372;45.51381;6.13826
8942715839;45.50249;6.09007
8942722668;45.50488;6.10656
8942726658;45.90199;6.03006
8943355322;49.946;1.70578
8943386157;48.66564;-3.91365
8943503919;44.61237;2.51012
8943794417;45.59461;6.24002
8944117820;43.89423;-0.30715
8944316565;44.7538;3.21097
8944339333;44.59037;2.92143
8944478849;42.96288;-0.06816
8946363559;44.45141;6.84579
8946452520;44.28425;6.86661
8946610417;45.92524;6.87224
8946697577;44.8486;4.29771
8946782165;45.76557;5.76305
8946856581;48.21199;7.21932
8946856582;48.25789;7.21878
8946856583;48.28467;7.26207
8946856584;48.28516;7.26227
8946856585;48.28575;7.2622
8946856594;48.17967;7.30712
8946960417;46.65457;5.96473
8948082871;47.46438;7.35272
8948972175;49.95708;1.22357
8948972176;49.95679;1.22359
8948972177;49.95687;1.22361
8949002551;43.73071;-1.06868
8949311396;45.15018;1.52205
8949428752;46.94927;4.29827
8950345585;43.72075;7.27563
8950345586;43.72059;7.27868
8950918152;43.26547;-0.12004
8951678213;45.70395;4.85521
8951703249;43.8788;5.39162
8951705681;43.85375;5.10269
8952219339;49.82488;0.90728
8952236382;49.79885;0.7873
8953495294;44.03404;2.53789
8953959587;48.93444;2.51265
8954645328;47.78018;7.13296
8954645329;47.78026;7.13308
8954866645;43.94546;4.81273
8955285919;43.58165;-0.62911
8956321818;42.73339;1.62713
8957177681;47.45139;6.57807
8957656562;44.4844;5.37934
8957663133;44.48519;5.38076
8957668141;44.36581;4.53548
8957681666;44.40529;4.13023
8958848217;43.06174;6.14803
8959280991;44.23728;5.0587
8959666224;43.63979;-0.7403
8959720558;45.63443;4.77911
8960134144;43.5387;1.45626
8960218354;44.42803;6.43473
8960923621;45.52831;2.97749
8962434039;45.74509;4.8473
8962465382;43.68355;-0.74614
8962535803;45.10039;4.72502
8963650014;45.75417;3.08656
8964272616;44.87547;-1.09212
8967871355;42.85248;0.92731
8967871361;42.85371;0.92592
8968351736;45.01647;6.61791
8968408734;45.04379;6.63262
8968422686;45.22915;6.65221
8968423531;42.38712;2.03563
8968494544;47.42003;0.75359
8968494545;47.4385;0.74986
8968494550;47.49334;0.70051
8972243197;45.18369;0.71836
8972243198;45.18422;0.71691
8972361982;48.58043;7.75446
8972513349;42.96758;1.51162
8972565617;47.19313;5.38993
8972595499;44.36047;3.43395
8972962484;44.42671;1.28484
8973161594;47.90656;1.96959
8973885682;47.50904;-2.80419
8973885692;47.50863;-2.80399
8973885696;47.50888;-2.80388
8973885706;47.50923;-2.80452
8974313914;48.69089;2.1601
8974313915;48.61712;1.56668
8974313916;48.37825;1.455
8974385117;48.35612;1.35957
8974385118;47.95635;1.24057
8974385120;47.86614;1.14081
8974385121;47.79077;0.96923
8974385122;47.74986;0.86547
8974385124;47.6448;0.89475
8974385125;47.29422;0.3562
8974385126;47.13151;-0.14916
8974385128;46.57171;-0.27829
8974385129;46.34858;-0.467
8974766791;43.02675;0.57487
8975028839;43.75425;7.47558
8975038285;45.16079;4.66438
8975224147;44.13053;1.81966
8975715114;48.88188;1.71729
8977080488;44.01395;7.32147
8978975852;43.89225;6.02958
8979440799;47.25617;-2.3408
8979700717;44.12881;3.24489
8979700817;43.91275;3.31749
8979701017;44.00781;3.15632
8979939371;45.53341;6.77704
8980125517;47.04596;6.2472
8980259039;48.13547;-4.26126
8980773867;45.34239;5.81375
8980885312;43.67226;4.23505
8982496307;48.3206;-4.26632
8983712623;45.77699;0.6548
8983725848;49.48394;6.20107
8983881295;48.89454;2.34442
8984055864;45.23121;5.87111
8984229816;43.70061;1.82209
8985305167;44.51615;2.76769
8985305168;44.47141;2.72032
8985305169;44.39939;2.59576
8985827892;45.57261;6.69281
8985852458;45.56912;6.71359
8985854994;45.57555;6.69359
8985866894;45.55099;6.75424
8985866895;45.5735;6.69323
8985879234;45.57425;6.69309
8985880564;45.5697;6.71545
8985880565;45.57705;6.69259
8985881109;45.571;6.70964
8985881776;45.54687;6.75578
8985883318;45.56959;6.71236
8986345088;48.32161;-4.32478
8986399016;44.03368;2.53898
8986413817;44.03354;2.53822
8986420601;42.46624;1.89182
8986721462;46.71668;0.26331
8987399279;48.59637;7.46483
8987492318;43.93342;0.24926
8987629281;49.3086;-0.7129
8987883153;45.11186;5.78719
8987918853;44.60201;5.01122
8987918854;44.60323;5.01235
8989448372;45.25712;5.77558
8989528717;44.1628;4.62042
8989528720;44.16359;4.62235
8989528817;44.16346;4.61976
8989801440;45.55341;6.8733
8989801441;45.55273;6.88452
8990400927;44.73527;6.66515
8990680107;45.84751;5.31237
8990680108;45.84628;5.3112
8992517118;45.2443;5.44517
8992779881;43.30911;2.21517
8992876456;43.41358;1.1178
8992879541;43.20686;3.07394
8992885751;44.63906;6.14436
8993126446;45.28261;2.72565
8993195917;43.06579;6.14804
8993210117;46.10296;5.93401
8993652456;45.52852;6.77954
8994179758;47.28324;0.16422
8995048576;44.91648;2.36634
8995346506;43.60302;-1.36975
8995778417;45.84863;5.80766
8995873767;45.04752;3.87418
8995904133;45.04419;3.88555
8996038546;44.54992;6.5968
8996073519;43.95347;4.47932
8996123547;43.26423;-0.71152
8996975317;48.88738;2.34375
8997132538;44.27149;3.60208
8998114795;44.01282;4.4206
8998269671;43.94608;-0.1194
8998336261;44.60771;2.02961
8998472238;47.24141;-2.3109
8998475590;45.81425;4.71563
8998635982;49.18101;-0.36392
8999193218;44.8771;3.08395
8999255778;44.46005;6.05517
8999306950;49.18439;-0.36072
8999306951;49.18214;-0.36181
8999516273;45.72274;5.93439
8999680600;45.61787;0.44396
8999688883;45.6743;0.1669
8999690417;45.02026;0.91556
9001061168;48.2969;6.93964
9001134382;43.63246;3.22504
9001745817;48.86275;2.30536
9002141669;47.35473;-0.44622
9002422757;43.97138;1.22563
9003326771;49.10759;6.185
9003540974;45.70158;6.12886
9003540975;45.70104;6.12928
9004365538;43.16321;-1.1747
9004368662;44.84911;-0.5299
9004588621;44.98423;5.96831
9004714717;47.41508;3.81086
9004931414;43.90033;1.89783
9005162646;45.41808;4.67181
9005162647;45.41818;4.6707
9005921480;45.67404;-0.22464
9006126933;45.8445;4.40324
9007233294;43.3376;2.9066
9007539048;45.14189;4.4354
9007546305;48.60146;-2.82
9007666918;43.28359;-0.99595
9007714672;48.05506;7.12604
9007718094;45.06155;0.86322
9007725226;44.97367;5.9595
9007884170;45.8561;3.81262
9007980201;43.31007;2.21408
9007982138;42.49735;3.10635
9007984893;42.49697;3.10698
9008378049;43.26515;3.33257
9008693631;45.92787;-0.86183
9008743058;44.52322;0.03659
9009523820;45.24354;4.80308
9009648443;46.44169;-1.67407
9009648465;46.44124;-1.6739
9009767569;43.2665;3.33238
9009775717;43.26672;3.33196
9009793847;43.36503;2.82286
9009820246;43.33728;2.85382
9010010051;46.4415;-1.67463
9010193997;45.59113;5.98174
9010627087;44.52488;3.90784
9010717425;45.80432;5.2988
9010740717;45.89502;6.81579
9011009372;43.26676;3.33169
9011025678;43.26719;3.33169
9013735792;44.95713;5.77262
9013817042;46.24785;6.02422
9014123220;48.92176;2.29637
9014187015;43.95319;2.5817
9014251592;45.61808;3.68077
9014275326;43.82246;1.72447
9014316415;44.41353;6.71742
9014316416;44.41534;6.71621
9014885403;43.47221;2.58192
9015332646;43.84616;6.22144
9015332647;43.84823;6.22068
9015509466;44.16134;4.6186
9016756889;43.26695;3.33074
9016789825;43.26771;3.33146
9016790208;43.26718;3.33202
9017360599;43.78912;4.64492
9017882017;42.5867;2.3654
9017912217;42.58724;2.36815
9018603884;47.91541;1.9994
9019545728;42.82941;1.01609
9019941419;45.19295;-0.77367
9019966248;43.56444;3.18981
9020440383;48.85993;2.35041
9021012153;43.28063;3.28007
9021132775;44.31201;4.55324
9022432376;44.55819;6.30322
9022432377;44.55815;6.29982
9023032600;45.78486;4.71812
9023032601;45.78864;4.71396
9023032603;45.78476;4.72367
9023032608;45.78429;4.72973
9023032609;45.78762;4.72762
9023166799;43.93154;2.16449
9023180440;43.94229;2.36708
9024221607;43.63571;5.41948
9024319040;46.27993;6.71961
9024542817;44.02147;3.62638
9024617474;47.72178;6.8982
9024652264;45.92941;1.03611
9024654492;42.67639;2.94297
9024883518;42.92214;-0.70744
9025069817;43.5291;5.45242
9025103221;48.88136;2.38697
9025964622;48.86643;2.31651
9025965386;44.72309;3.85599
9025975814;42.79023;1.33658
9025994699;45.85526;3.54887
9025994757;42.84885;1.28953
9025995527;45.85543;3.54942
9026009000;42.94314;1.17344
9026118322;46.50123;5.83266
9026118404;46.51108;5.84037
9026150891;45.71686;6.57603
9026176917;43.97526;2.71927
9026178465;44.68531;3.82588
9026198717;45.72612;6.57712
9026359017;45.29628;2.07115
9026376804;44.70825;4.66123
9026387220;47.04048;5.81518
9026447883;43.44669;3.65943
9026458048;45.48815;6.20922
9026778394;46.37008;6.32726
9026784441;46.36962;6.32757
9026784566;46.37009;6.32633
9026784571;46.37138;6.32665
9027662479;43.97886;3.7176
9028308844;45.74604;6.4172
9028405053;43.46136;0.16699
9028585512;45.69798;4.88582
9028659156;43.35374;-1.55002
9028756088;44.28965;3.24915
9028771077;43.48777;1.51241
9028880769;44.29127;3.32988
9028958825;43.73502;3.54758
9028999853;42.6941;3.03431
9029281256;44.67211;6.76887
9029381349;46.8238;5.64187
9029397512;46.82356;5.63784
9029813665;45.54335;6.75708
9029899624;45.17576;5.21812
9030996885;45.45804;4.76157
9031363018;43.48743;0.17735
9031548317;43.17882;2.37059
9031548318;43.17869;2.37181
9031562491;43.92815;2.14202
9031677526;44.26425;3.46121
9032113467;43.61807;3.92965
9032938359;45.7038;2.05498
9033237530;44.32878;6.5926
9033604718;47.93844;2.26682
9034134014;44.23937;4.45747
9034226987;42.81778;0.55001
9034410401;42.85895;0.49955
9034445153;48.54424;-3.39474
9035335544;48.5551;-3.39609
9035459304;47.28728;-2.36988
9035536137;47.22838;-1.55332
9035536138;47.20157;-1.57761
9035536140;47.21767;-1.54238
9035607883;47.21531;-1.55025
9035793835;42.94479;0.56126
9036277008;42.85432;1.39958
9036328164;50.52857;3.16806
9036328165;50.52888;3.16689
9036328166;50.52961;3.16652
9036359791;46.15988;6.41604
9036365230;46.13006;6.47599
9036366265;46.12602;6.48148
9036367669;46.26035;6.46055
9036369927;46.11421;6.54476
9036378058;46.19296;6.42859
9037611267;44.3241;3.59384
9038048844;42.98382;0.67051
9038435740;47.25167;-1.54077
9038435741;47.24377;-1.55654
9038440917;49.28023;1.77381
9038638192;47.93893;3.24287
9038928548;47.85431;-0.29956
9038943064;45.0643;5.33673
9038947113;45.68415;4.20856
9039736027;48.88429;2.40646
9040081466;47.26076;-2.34275
9040214087;44.62868;3.8959
9040855355;48.94852;3.70516
9041072239;42.8884;0.71735
9041250486;48.81342;2.29256
9041959974;44.34133;1.99073
9042386127;43.33852;3.22136
9042394892;43.1777;3.19055
9042409593;43.5301;1.531
9043521158;45.74197;4.85492
9043521159;45.74199;4.85552
9043521160;45.74204;4.85627
9043659462;47.32798;-2.42944
9043696518;44.84299;-0.68196
9043696551;45.18274;5.55181
9043770933;44.02417;3.37303
9043815077;44.87321;-0.47719
9043818691;44.19413;4.72569
9043827521;47.25633;-2.34759
9044171429;45.55576;6.1275
9044724609;44.74117;1.4393
9044848817;44.07302;7.167
9044850117;44.07257;7.167
9044915617;44.07075;7.17504
9044991738;47.26035;-2.34409
9044994937;48.38559;2.80476
9045211378;47.97374;6.89597
9045214104;48.48262;2.722
9045263074;47.92653;-1.74953
9045475099;44.18847;3.13233
9045499330;43.997;2.56281
9045499963;44.28027;3.22904
9045569375;44.71207;2.5903
9045595465;46.47434;-0.32942
9045624334;48.75092;5.49901
9045666535;48.4805;2.72165
9045774608;43.53091;2.25558
9047406260;44.95184;4.26424
9048216617;41.73301;9.3382
9048603330;42.26156;8.70824
9048603345;42.26123;8.70892
9048764723;43.31177;-1.58389
9048925705;45.66052;4.62881
9050046517;45.17254;6.6538
9051532462;43.88646;5.88839
9051603807;42.57091;2.2538
9051624817;44.4032;-0.28999
9051705825;45.08593;5.33958
9052747297;42.26178;8.70824
9054132956;45.75211;4.42319
9054325473;42.75983;9.41246
9056038227;42.62035;1.43268
9057136807;44.79799;6.5569
9058103130;47.7378;7.32394
9060004083;46.65312;6.00979
9060196223;47.97398;0.55288
9060346241;44.46586;2.97292
9062295063;47.43076;0.95603
9062336767;47.3184;0.42749
9062336768;47.31927;0.42936
9063051678;43.70739;2.13782
9063552941;47.77707;0.51218
9063588457;48.88532;2.32711
9064009122;47.41412;0.80467
9064101053;50.63109;3.02931
9064117274;49.26049;4.04798
9064176287;48.90927;2.27532
9064235801;42.81042;2.57506
9064403041;46.72866;5.95644
9064403043;46.74759;6.00074
9064403044;46.74853;6.00098
9064403055;46.73362;6.09229
9064403060;46.6914;6.03854
9064403061;46.68937;6.038
9065881899;45.20533;6.91895
9066386560;43.69843;7.27981
9066586606;44.57628;3.09337
9066590765;44.69287;3.0545
9066592806;48.90688;2.39683
9066795014;-21.06894;55.39971
9066805228;48.40434;7.33098
9066822334;-21.06792;55.398
9066822418;-21.05176;55.3911
9067256076;45.26605;5.95829
9067337582;42.63869;2.97925
9067468487;45.45411;6.56552
9067929933;45.49849;4.56396
9068709542;46.59911;5.51289
9069398256;46.39746;6.76785
9069398257;46.40205;6.75531
9069728007;45.54643;1.12545
9070396926;50.3643;3.1239
9070425972;44.59095;2.9216
9071674664;42.61729;8.95486
9073109462;41.38587;9.16611
9073346619;45.65167;4.79483
9073383369;43.89478;3.51039
9073737588;43.92115;4.78563
9073759965;43.92112;4.78573
9073871616;-20.88617;55.48471
9074002517;45.1759;5.72378
9074545091;44.98367;4.22294
9074855199;42.47236;2.66897
9075814410;43.85306;3.41792
9075838211;43.52312;1.49175
9076038681;43.85558;3.38611
9076054528;44.32508;2.05432
9076054529;44.32512;2.05387
9076859517;45.16194;1.53384
9077209604;44.02355;6.80943
9077209605;44.02501;6.80952
9077445003;43.58665;1.3317
9078851117;44.06625;7.20117
9078851217;44.06607;7.20196
9078851317;44.06962;7.20831
9079733245;45.89206;4.44181
9079871600;43.51623;1.50056
9080866020;45.58888;5.27243
9081490717;41.38648;9.15624
9081654567;-21.38354;55.64728
9081654585;-21.38716;55.6438
9082049564;-21.0832;55.74819
9082433424;48.87563;2.30543
9083839234;44.02761;7.56873
9083925250;43.94454;4.80673
9084002092;48.80615;2.06124
9084002111;48.80581;2.06182
9084250417;42.55527;2.27091
9084455328;47.78316;6.72972
9084455330;47.78277;6.76807
9084455335;47.9058;6.6754
9084455336;47.90371;6.62347
9084455346;47.91134;6.6247
9084455347;47.9159;6.58573
9084473054;48.12476;6.53306
9084693267;43.02777;-0.45316
9084764777;45.74773;5.9553
9087859037;43.60918;5.06553
9088222248;-21.35101;55.48429
9088937132;48.93743;5.71278
9088948676;48.20439;7.29334
9089019632;48.85952;2.36229
9090477848;43.77218;3.87232
9090677798;44.78941;5.1957
9091312025;50.48098;3.23666
9091504472;-21.19111;55.53687
9091678720;45.17879;6.6576
9092367716;43.89448;2.94369
9092373886;45.39394;5.25011
9092373887;45.38701;5.26554
9092384620;45.62542;5.22607
9092432231;43.91809;2.95871
9093684817;45.34316;5.93149
9098583064;-21.37865;55.61896
9098583091;-21.32858;55.60966
9098583101;-21.37916;55.61855
9099945671;44.12019;6.79563
9100582748;47.11481;5.05888
9101648969;-21.0058;55.27227
9103578296;45.15188;5.74147
9105659117;50.62204;3.2181
9107334583;42.54588;3.02432
9107654758;47.32857;-3.12729
9110040119;45.32732;5.93743
9110821938;44.18761;0.62417
9111430147;49.44378;1.37641
9111800704;45.56326;5.44773
9112932513;45.48349;6.53302
9113174200;43.94558;2.89484
9113258878;42.78105;2.78506
9113649791;43.80293;3.10871
9115183877;47.99553;7.07016
9115183878;47.9979;7.07249
9115183879;47.99534;7.06815
9115183907;48.00471;7.10642
9115183913;48.05469;7.12495
9115190571;42.6433;2.97597
9115246599;47.49505;7.48495
9115838536;46.20093;6.23541
9116630163;45.49344;1.06113
9116727653;44.9699;3.0781
9118592359;44.35049;2.56913
9118685284;42.84609;-0.32921
9120538858;45.65648;5.86423
9120620928;45.33742;1.04846
9120626604;45.33698;1.04946
9121036259;43.79604;6.94327
9121565919;48.1448;-4.27137
9121565920;48.14549;-4.27071
9121565921;48.14422;-4.27164
9121565922;48.14478;-4.2719
9121565923;48.14533;-4.27163
9121780146;44.12554;3.63373
9121977124;44.73228;1.37791
9122637787;44.14397;6.59279
9122972153;45.46369;6.06125
9123105191;43.8343;5.02575
9123156980;45.61972;-1.03922
9123938773;42.74669;1.79405
9124166717;42.75743;9.46526
9124991606;44.31285;5.69006
9126261210;42.93954;1.05738
9126261261;42.93825;1.05505
9126641251;49.69953;4.79309
9126735228;49.69829;4.79467
9127769669;45.76202;4.49975
9127806407;43.73334;-0.69708
9127807943;45.76313;4.49845
9129625814;42.65409;2.95457
9129929210;43.73657;5.37119
9130027349;42.68073;9.44694
9130041864;42.68981;9.44764
9130042201;42.6915;9.45078
9130174699;48.07224;7.34656
9130558211;46.03453;4.07219
9132257230;45.37778;6.36614
9132275988;45.38636;6.36257
9132376976;43.32376;2.71383
9132530817;42.48639;9.35135
9133378520;45.23141;5.68319
9133442486;-17.53488;-149.54824
9133495618;-17.53466;-149.54703
9134431919;46.53649;0.85443
9135812747;42.64682;2.11922
9135812748;42.64661;2.12019
9135812749;42.64648;2.12089
9135824007;44.30429;1.90579
9136317910;44.69659;6.32631
9137028975;47.83159;1.93849
9137668847;42.93472;0.21085
9137706991;43.05043;-0.67586
9137719971;42.97542;-0.15747
9137732623;42.95591;-0.07276
9138135618;44.2671;6.34413
9138142694;45.76146;4.86315
9138381969;48.68896;6.18123
9139000954;48.23984;7.13287
9139802811;42.84544;9.42733
9139807917;42.84402;9.4217
9139909416;47.89956;7.46297
9140029772;42.93341;9.46413
9140152539;45.23633;5.50623
9140311644;42.47653;9.42825
9140373689;48.67845;2.53431
9140649771;46.36553;6.30304
9141231458;45.80542;0.93521
9141509507;48.00326;-1.77814
9142393399;43.94615;4.8475
9142492921;44.43121;-0.20987
9145792718;47.31075;5.07425
9149278467;-20.90799;55.42311
9149403113;45.20632;1.03412
9149540292;48.44889;-4.25349
9152563786;44.82625;-0.55752
9152602568;44.34444;2.5635
9152906308;43.58721;3.80091
9155582902;46.07676;6.44031
9156159451;48.0115;7.0709
9156159452;48.0122;7.07242
9157721588;48.90861;2.3671
9158187179;46.11169;4.72924
9158352877;-20.89331;55.47148
9158361925;44.09567;6.16238
9160150656;45.1141;5.60878
9160622533;45.40514;6.26739
9160978398;45.41943;6.26938
9160980646;45.54224;6.31469
9161451560;42.3546;9.44853
9162055024;43.9321;4.29634
9162055025;43.93529;4.32198
9162055026;43.81627;4.3269
9162326773;47.22662;-1.55469
9162479590;48.02924;7.09898
9162479591;48.02874;7.10011
9162719687;41.71111;8.79637
9162758869;42.52311;3.08937
9163041817;44.65641;-1.14707
9163319642;42.33163;9.48977
9163444967;45.47128;6.41336
9165360042;44.3991;2.59835
9165735974;42.33141;9.49155
9165739583;42.33127;9.49188
9165764721;41.73613;9.3362
9165890925;42.70189;2.89452
9166597962;42.33206;9.49079
9166616626;42.30516;9.15094
9166995321;47.39523;0.67881
9167715879;43.39778;2.8898
9168113586;47.68316;7.06177
9173302726;45.60513;6.53143
9176161642;45.35433;6.3121
9176413595;47.32871;0.99634
9176535837;47.32748;0.99615
9176546543;47.32772;0.99617
9177349959;42.40856;9.41366
9177548572;48.79283;2.33224
9178141917;46.00387;6.92322
9178397701;42.10035;9.24306
9178440284;48.01432;7.06913
9178800370;48.79051;2.34272
9179483142;-20.96732;55.33582
9180203848;-20.93898;55.33088
9180357504;49.17639;4.21728
9180865004;48.81962;2.35447
9183443413;46.26498;6.11032
9183443414;46.26519;6.11007
9184265270;48.79865;2.32869
9184265273;48.79859;2.32934
9184265274;48.79911;2.32956
9184265277;48.79812;2.32925
9187384861;44.14617;2.23041
9187459013;42.53251;1.94406
9187793319;45.53681;5.81851
9187929140;45.99117;1.27576
9188382126;46.79484;0.50971
9188480814;45.80773;4.79815
9188677175;48.86519;2.33791
9193563317;48.68635;2.17322
9195748995;43.51772;1.49438
9195860414;44.95934;6.54659
9195978602;48.29945;1.24441
9196004471;44.04413;6.02999
9196693117;48.80271;2.33043
9197007410;48.57996;7.74471
9197793924;48.80681;2.06735
9198039388;43.9681;1.79009
9198090286;46.30201;4.83267
9198096286;44.28466;5.669
9198283522;48.27092;7.05326
9198455909;48.78683;2.34024
9200265322;49.11337;6.2029
9200905017;48.38202;-4.49932
9202152375;43.23759;2.23262
9202855507;44.40059;1.9804
9203025513;44.40192;1.95801
9204346250;44.57257;2.08416
9204346278;44.57219;2.08396
9205136890;45.77639;4.81058
9205205938;45.77169;4.8063
9207195432;42.87248;1.27182
9207339161;45.74838;5.17129
9208117770;43.98714;6.87542
9209210539;44.65898;-1.15641
9209717645;45.14045;5.19133
9210068569;43.19913;5.61695
9210168933;45.78747;4.72759
9210192174;44.78815;5.69558
9210319018;48.87146;2.39296
9211762786;45.53772;5.81297
9211821629;45.5372;5.79379
9211932363;45.55674;2.85766
9213837491;45.22322;2.17228
9213939409;-21.25468;55.52245
9214316617;45.94605;6.87786
9214461444;47.36759;4.8575
9214628674;47.38784;6.65052
9215835551;47.74747;7.37339
9215835566;47.74704;7.37316
9215835572;47.74698;7.37255
9215835583;47.74661;7.37127
9215835586;47.74652;7.37199
9215869172;45.11018;1.82976
9216120630;42.69444;2.76932
9216120635;42.69493;2.76999
9216295363;45.77966;5.54855
9216339362;48.89991;2.32131
9216407966;46.19924;6.49793
9216408710;45.04241;5.47656
9216614017;44.81511;-0.19374
9216614018;44.81515;-0.19324
9216614019;44.85893;-0.0339
9216645817;45.2056;5.74295
9216867288;43.67647;3.7657
9216867294;43.67745;3.76641
9217135857;44.81904;5.79306
9219067468;43.3272;-1.03235
9222061182;44.9818;-1.09761
9223040202;48.35032;0.36981
9223097369;43.21421;5.63208
9225645799;-21.00374;55.69987
9225753155;43.73702;5.68749
9226023141;44.14313;5.06414
9228342917;42.68753;9.41306
9228798371;47.86408;3.55502
9230377036;44.36341;3.74469
9230377608;44.36369;3.74502
9230987932;45.20504;6.66526
9231258849;45.2683;6.34483
9231606501;-21.37328;55.58928
9233824237;46.19477;4.60448
9235227317;43.2905;5.36582
9235681607;45.7589;4.81574
9238523325;50.95998;1.82528
9238529932;44.02407;6.80941
9238580151;44.72499;1.87484
9240468816;42.65569;2.95853
9243010859;44.4105;0.21965
9243011570;48.79142;2.42848
9243895189;47.24391;-1.56786
9244020904;44.60328;2.07951
9244089752;44.83675;5.60399
9244319720;45.481;6.06384
9244319768;45.48165;6.06551
9245830583;44.38592;0.69104
9246149270;43.24734;1.98206
9246152818;43.24763;1.97948
9246152826;43.24717;1.98175
9246706213;45.20182;5.83934
9249000094;43.63674;5.63535
9249000096;43.59167;5.84943
9249000097;43.69465;5.91513
9249000098;43.72589;5.81196
9250291893;45.80508;4.72202
9250317206;45.80655;4.72121
9250325761;45.78944;4.71231
9250353039;45.8046;4.71978
9250841892;47.25272;-1.59678
9250874782;48.91666;2.35316
9250955069;47.24157;6.02783
9250955094;47.22996;6.03485
9251479146;45.01436;5.61356
9253970417;47.39819;0.92075
9261731485;48.83631;2.22989
9261911721;45.62499;5.84869
9266409302;44.17514;2.73471
9267233841;-21.37781;55.677
9269459856;47.07981;2.40291
9269522196;46.21114;6.48423
9270178335;43.92679;6.99491
9270178336;43.92726;6.99792
9270535081;45.17511;6.49383
9271436216;45.24875;0.33819
9271962318;45.19527;5.7136
9272849872;48.67189;6.166
9273227026;48.75249;2.30401
9275078486;42.65418;2.95441
9281527402;45.63261;6.80269
9282818783;45.80342;6.26463
9283202149;47.24294;-1.5536
9283204936;45.64356;6.18674
9283552244;44.5687;5.27696
9287663095;46.02678;4.55677
9288069942;48.57138;7.8001
9288147488;48.7472;1.41966
9290355250;45.79994;6.01008
9290694386;44.63983;5.84882
9291103162;41.90203;9.32876
9292587317;42.65575;1.83431
9293470968;48.87016;2.32383
9294625232;45.37298;6.34432
9295869198;43.04666;0.54504
9301467438;42.62604;2.95106
9301467470;42.62491;2.95355
9301467496;42.62586;2.95165
9301467562;42.62767;2.95876
9301467563;42.62673;2.95752
9306496276;45.21958;6.45781
9306894806;48.86312;2.39996
9310559976;45.31646;6.25994
9311862721;46.73463;5.52514
9311932591;44.29477;3.42376
9312274857;45.54391;2.97792
9312513295;45.21357;5.777
9312513306;45.20477;5.75474
9313231500;44.86325;-0.5608
9317582517;-21.19997;55.57953
9319523623;46.36995;6.48013
9322264165;42.65032;2.94672
9324896417;49.29624;5.87809
9325819536;44.17696;0.66479
9327993739;43.92479;2.0752
9330410068;48.59932;7.7205
9334727993;43.3237;-0.39678
9343886701;42.87441;2.18647
9344985401;44.66461;1.95134
9345810036;48.56155;7.7592
9346189499;45.7901;4.4666
9347122374;43.29245;5.56809
9347377427;45.24278;5.88696
9347447844;44.79471;6.56188
9351369897;47.98069;7.22058
9351369898;47.98019;7.2203
9352141971;43.09875;-0.62251
9352500868;49.08922;6.18256
9353776566;48.91209;2.28744
9355964696;44.88834;4.39818
9365256161;45.31424;5.77638
9365508807;44.99189;4.97965
9366783637;46.14163;5.90578
9366919630;43.53849;1.33913
9368113832;47.95275;1.87346
9370800656;48.87767;2.36737
9370942464;45.08563;5.52488
9372153173;-21.24843;55.48808
9372797402;44.75387;5.377
9372802056;45.03255;5.52631
9372803530;45.45902;5.96413
9373733335;46.18323;5.97712
9373858184;48.87828;2.36641
9376539069;-20.88508;55.46062
9376652439;45.05933;4.30266
9376654836;45.05802;4.30158
9379021080;49.04305;2.29822
9379264639;-21.23841;55.47168
9381496914;43.67558;4.62893
9381631316;44.71437;2.00533
9381653794;48.07177;6.88047
9381843196;47.73579;-1.01423
9381858517;44.46188;6.05523
9381941472;48.63211;2.09254
9381941473;48.63263;2.09294
9381941474;48.63207;2.09281
9382007431;46.19321;6.2336
9382030550;-21.30136;55.49287
9382068910;48.63174;2.09239
9382602045;45.76796;4.81606
9382626346;49.73911;4.16019
9385398018;43.47064;-1.42808
9385446918;43.23397;5.55315
9385588017;-21.32127;55.44578
9385769926;49.61046;-1.56757
9386215187;42.96983;1.68596
9386215194;42.95719;1.76268
9387789922;-21.36876;55.54782
9387789923;-21.3684;55.54749
9387789924;-21.3681;55.54712
9387789925;-21.36781;55.54677
9387789926;-21.36747;55.5463
9387789927;-21.3673;55.54607
9387974933;-21.08057;55.74588
9388001617;-21.07988;55.74326
9391412703;-21.38538;55.60962
9391498000;44.08415;-0.71836
9391707664;44.1001;-0.40553
9392038394;45.73393;4.87541
9392556194;43.43766;6.89245
9393253427;43.7378;5.46379
9393493681;-21.38295;55.61917
9396052984;45.01675;5.44141
9396186818;-20.90147;55.60181
9396204417;-20.89526;55.5383
9396559419;43.96507;1.43119
9396726721;-21.07792;55.22152
9397325547;44.63562;1.7728
9397634410;43.93042;4.79743
9398451017;-21.00397;55.27454
9398452417;-21.00506;55.27328
9398495817;-21.0063;55.27185
9398557819;-21.00365;55.27478
9398677480;43.08153;0.9519
9399211270;44.13948;-0.89675
9399292754;48.64853;2.07686
9399292764;48.64777;2.0768
9399292766;48.64818;2.07693
9399297094;48.64875;2.07708
9399297096;48.64858;2.07716
9400453144;43.35914;1.28035
9400514634;42.94899;-0.44336
9400514636;42.99412;-0.1242
9400742891;45.40146;5.29241
9403176858;44.66044;6.64997
9404261288;-20.91544;55.43434
9404423704;46.16142;6.34542
9404762117;-20.96086;55.64909
9404762217;-20.89548;55.54608
9405756575;46.38699;5.88315
9405756593;46.38687;5.88353
9407231102;-21.34405;55.4751
9407299692;-21.34395;55.47347
9407337627;-21.34393;55.47042
9407350899;-21.34308;55.46736
9407367627;-21.34256;55.46752
9407532092;47.63541;1.40787
9407609971;47.61349;1.41693
9407609973;47.56376;1.45713
9407609976;47.55075;1.53974
9408857487;48.86214;2.34601
9410353375;46.20774;-1.04846
9410425874;46.31416;-1.00459
9410935130;44.64723;1.84263
9413938694;42.65482;2.95374
9414196720;46.4509;4.72027
9414757804;-21.13248;55.62137
9415809664;44.59993;1.91842
9418389767;43.48893;1.47321
9418773045;48.81849;2.35595
9420968390;43.59693;2.28725
9421273817;42.67896;2.93715
9421381711;48.65043;6.19999
9421598119;43.75156;3.9571
9421848868;48.29501;-4.18484
9423166989;43.944;4.82663
9425818863;50.16835;3.86156
9425818865;50.21269;3.92456
9427782924;45.61993;4.67223
9427846689;43.57626;7.12563
9433656960;43.80539;3.58678
9433723895;16.25458;-61.52482
9434052437;45.03001;5.97323
9434052438;45.03006;5.9735
9434052439;45.02929;5.97309
9435134184;45.76218;4.79625
9436462152;43.08001;0.97419
9437171684;43.67057;-1.34851
9438059385;48.81652;6.0981
9438144650;44.5472;1.92388
9438792580;46.32767;5.78835
9440321315;42.04797;9.22709
9441957335;43.68899;-1.37333
9442294549;48.87272;2.2187
9442320647;44.57973;2.10829
9442703046;48.89251;2.31078
9442866046;43.20549;-0.2588
9443479353;45.77318;4.83785
9448453898;43.89469;-0.49955
9455465795;44.51833;3.49808
9456093682;47.49068;-0.56695
9456500061;45.06948;2.65758
9456500062;44.92523;2.44171
9457437648;42.70865;2.53082
9458436467;48.85427;2.36946
9461690006;41.7008;9.06664
9466854293;43.61389;3.87303
9472143467;44.65456;1.91793
9472143468;44.65475;1.9177
9472376880;-17.75102;-149.54766
9477255308;48.87113;2.3733
9477345032;44.09932;6.01022
9481058362;49.92779;1.08702
9481058363;49.92796;1.08714
9481225430;46.9021;5.90957
9481710716;44.69868;1.85939
9482224822;43.58128;7.12397
9482718494;47.90579;7.20335
9483151363;43.65645;-1.37464
9483924033;45.17003;5.73836
9485607873;47.81272;-3.70667
9485614548;45.14151;6.05189
9485619042;45.13828;6.05077
9486168013;46.23574;6.32142
9487191242;47.21429;-1.5743
9493713630;42.91877;1.6486
9494002259;42.91984;1.6478
9494833808;45.5869;3.13131
9494857377;45.65891;3.08372
9494861111;45.56659;3.10719
9494871234;45.47653;3.0897
9494875196;43.8707;4.20991
9494886395;43.85676;3.38623
9495804356;43.45476;0.19697
9497774596;44.55384;1.77199
9498712533;43.09759;-0.05956
9498951419;47.46565;-0.49749
9499049152;43.59916;3.89758
9501420891;45.85224;4.87248
9501712960;50.57137;2.47289
9502031679;42.30366;9.14903
9502432914;44.35698;2.55275
9502449286;42.25802;9.18657
9502449305;42.25846;9.18713
9502449308;42.25878;9.18686
9502449309;42.25912;9.18696
9502449311;42.25825;9.18633
9502593135;44.83606;2.81266
9503133707;49.10495;6.16071
9503240182;45.66129;4.96977
9505391738;45.82663;6.22143
9508230330;45.02945;3.87874
9510504912;45.65419;4.90706
9511960430;46.19015;6.31822
9513056436;43.1654;6.047
9514211267;43.79249;7.18799
9517234719;43.61182;1.32109
9517774997;42.63991;2.9811
9518451550;43.48892;4.4052
9518969718;45.18533;5.74477
9518985868;43.43751;1.6013
9519021871;46.72001;-1.94574
9521629124;47.10649;6.14601
9521896035;41.8366;9.37235
9523748979;45.79906;6.23032
9524005155;47.91705;1.90387
9524690452;47.8485;3.81271
9524744012;47.8458;3.81014
9529294120;43.82577;7.12373
9530562748;46.4658;-1.62164
9530603548;48.44509;2.74692
9530732623;48.83194;2.31292
9532439270;45.94222;-0.88986
9534211821;48.07706;-4.33047
9534236382;47.9973;0.25482
9535032121;45.86342;6.18745
9536752709;45.76135;3.08479
9536931484;45.52736;4.87509
9537483315;45.80132;5.12279
9537660509;48.73055;2.28562
9540397210;43.29484;5.38649
9540445030;45.71688;4.89607
9542941916;45.74603;-0.61869
9543493566;45.33759;6.3614
9544736177;45.01515;2.6647
9544844087;43.57616;3.35956
9545785354;45.71668;4.89543
9545785386;45.71635;4.8947
9545785529;45.71839;4.89315
9545785530;45.71841;4.8932
9545850229;45.72042;4.89429
9546958822;44.59261;1.84022
9546958824;44.59218;1.83998
9548242817;45.18125;5.7176
9550611039;49.18352;-0.36708
9552077819;45.39222;6.7148
9552115916;48.41084;-4.45075
9552569110;46.36666;-0.36455
9554178716;43.89447;-0.14074
9554202339;43.85808;-0.18299
9554285415;45.79894;4.94055
9554822704;46.45331;-1.16405
9556065923;45.58657;4.51966
9556077166;45.38029;5.57888
9556219080;48.75435;2.32275
9556535634;48.77118;2.30239
9556957705;45.7254;4.77885
9557307422;42.92034;0.78879
9557322882;-21.13082;55.49605
9557349850;-21.13149;55.49567
9557411843;48.75171;2.2826
9557538973;45.98672;4.82548
9557648023;50.51144;1.6449
9557648024;50.51255;1.64492
9557648025;50.51226;1.64543
9558937200;45.5514;5.78386
9559151090;44.65401;-1.14445
9560642630;50.42578;2.70518
9560664281;44.797;-1.14876
9560664282;44.79669;-1.14822
9562859561;44.09989;6.97767
9562995344;48.8216;2.32853
9563763019;47.76373;6.9763
9565561817;46.03237;1.34053
9565839317;45.94804;1.49883
9566000471;43.63309;-0.69438
9566923615;45.83259;6.15829
9568445293;42.69163;2.91638
9569069838;45.33912;6.30157
9569313452;16.41791;-61.53284
9570226342;-20.90854;55.42347
9571246722;45.56005;6.52262
9571281818;48.87804;2.3659
9571282017;48.87097;2.37691
9571331015;44.47646;6.79711
9571669350;48.09764;7.13751
9571853001;45.71759;4.90449
9572985982;43.70998;7.25103
9574007262;43.21081;-0.36174
9574064809;48.79134;2.33435
9579012230;42.91031;1.63512
9580806434;43.99647;6.19773
9581746420;48.57572;5.85489
9583296024;44.77594;6.55467
9583296033;44.77507;6.55548
9583681954;45.222;5.95625
9583682009;45.10309;5.86056
9584066516;48.37366;-4.26116
9584769560;45.30733;5.49493
9585742360;44.78643;6.56521
9585742361;44.77897;6.5478
9585742364;44.78517;6.55354
9585742366;44.78705;6.5537
9585927717;45.96531;1.53281
9587206152;45.30408;5.49329
9587524948;44.77634;6.55421
9587524955;44.78193;6.55767
9588653907;43.24527;0.36255
9589453094;48.8306;2.3053
9591901544;45.23555;5.50909
9591919241;44.02649;4.07886
9592199499;45.63204;5.80046
9592255292;43.69922;6.84818
9592362613;45.29075;5.8589
9592573878;47.24388;-1.61015
9594363117;45.76714;4.85791
9594530078;44.77562;6.55572
9594530087;44.78208;6.54945
9594530526;44.78795;6.54253
9594530531;44.7989;6.56452
9594952015;46.05476;6.18282
9595093678;44.36926;6.69125
9595594745;48.8768;7.41727
9598288890;46.97434;5.61544
9601871371;43.69834;7.28509
9602531610;43.72055;4.80636
9603670470;44.04279;2.15243
9603678817;45.19987;5.74049
9603685218;44.04296;2.15242
9605879503;43.78979;-0.80002
9605987694;43.99635;6.1967
9609169884;47.2272;-1.50946
9609172461;44.0014;5.14555
9609468687;-20.98816;55.44406
9610335526;48.84547;2.35905
9610502790;48.68036;5.89433
9610726213;44.52766;6.40487
9610875617;48.67922;2.16621
9610896662;48.10101;-2.03023
9610936600;47.23499;6.02552
9610945717;43.12968;6.24352
9610945817;43.12835;6.24322
9611415552;45.83082;4.9977
9611419962;46.2552;4.59629
9612485417;47.32554;5.03884
9612859450;43.56111;7.1309
9620951314;47.33166;5.00687
9622051454;43.00325;-0.09035
9622056260;43.54273;5.04232
9622438584;43.52488;6.90163
9623449958;43.70112;5.08451
9624031763;44.80192;6.56577
9624065705;46.62771;5.52901
9624125293;45.72171;4.91384
9625937858;45.23311;5.88233
9631114220;43.84932;5.63567
9632536973;48.89008;2.481
9634032893;43.43579;-0.35908
9635221304;43.22821;0.23577
9635616905;44.94036;5.7955
9635618864;44.94164;5.79555
9642832317;46.75654;5.62561
9642937418;45.18836;5.74353
9644971073;43.7179;4.00429
9645939076;45.34031;6.27927
9646167075;43.44872;-0.61441
9646679951;45.3253;5.93894
9647855421;47.58122;6.79203
9647996830;46.11432;5.2919
9648072011;45.75225;5.10998
9649637364;46.46734;-0.8079
9651049376;48.28542;-1.8886
9651624071;46.19302;6.65275
9651750659;44.79832;6.56432
9652088271;46.36146;5.55383
9652319005;43.37197;-1.78323
9653634517;43.53677;7.03824
9653940386;47.62466;7.43019
9654617828;46.27047;5.36742
9654998486;44.98635;5.25269
9655937138;43.23608;5.37063
9657591733;45.43778;6.2943
9657898163;45.20222;5.70587
9657898165;45.20237;5.70657
9657898166;45.20257;5.70681
9659199657;43.52262;5.45629
9659268817;43.09019;2.6199
9659269017;43.09039;2.61917
9659269117;43.09088;2.61839
9660976235;43.49465;0.08806
9661152388;45.78301;4.82066
9661152389;45.78211;4.82021
9661152390;45.78201;4.81786
9661234527;43.68055;6.96098
9661537202;44.09138;6.85191
9661998286;43.45934;5.46133
9662587563;45.85268;5.339
9662834666;44.77864;6.58192
9662901917;43.14721;5.77374
9664009258;43.70719;4.64439
9664136343;44.69982;0.36572
9665716358;45.34492;6.28524
9668230317;47.39791;-0.31626
9668832313;45.53545;-0.90683
9669798097;44.2857;3.59333
9670257602;42.56626;2.90367
9670484573;48.60518;2.29804
9670484581;48.60523;2.29733
9670514116;46.29685;6.45419
9670939217;43.09137;2.61872
9670939218;43.09159;2.61867
9670990917;48.29185;6.41158
9671585517;48.48384;2.70785
9671776292;45.7326;4.8249
9671982942;45.99354;-1.08489
9672007620;49.06294;1.70187
9672188957;44.8374;-0.5903
9672208617;45.76633;3.11445
9672229598;43.22132;-0.8904
9672878282;44.86976;-1.09552
9673767617;44.7693;0.76699
9673872356;45.52161;4.8695
9673897828;43.88597;-1.31972
9674301617;45.19108;5.7065
9674457803;43.36824;-1.77192
9674586984;47.21937;6.01169
9674833889;49.10126;6.16567
9674899538;46.58127;5.45006
9675524406;44.1147;6.59444
9676938069;44.40551;4.13092
9676940882;45.1104;5.75619
9676962297;44.4874;3.73557
9677193123;48.08955;3.73756
9677401982;43.0059;9.38557
9677450197;42.70698;9.45321
9677583517;46.76022;5.60011
9677843777;43.16497;5.60501
9677858594;48.47523;2.69182
9677913014;44.403;3.58165
9679314396;43.0477;6.14975
9679314397;43.04774;6.14973
9679878498;43.94223;7.51661
9680092320;43.65183;7.15398
9680096417;48.87391;2.32341
9680961917;45.42361;6.27826
9682595785;49.94274;4.08695
9682659330;44.53906;4.19354
9683676928;43.88947;4.68032
9685400736;45.9902;4.90356
9685739217;43.37421;-1.76929
9685739218;43.37467;-1.76708
9685739219;43.3754;-1.76402
9686378471;43.21416;5.53948
9687781347;49.17264;1.33126
9688150105;45.04755;5.64943
9689665891;48.70318;2.4968
9689869517;47.26778;0.84063
9691464931;44.83054;0.67581
9693309717;48.72743;2.29606
9695000293;48.58912;7.6631
9695009517;45.16296;5.72656
9695043317;45.16321;5.72794
9695445657;48.89966;2.38125
9695472842;45.08743;5.8483
9695792831;44.40609;1.86231
9696294837;43.66436;0.5952
9697800487;45.78953;1.23186
9698172423;42.41244;9.40194
9698848783;48.60599;-2.18925
9698860917;44.87675;-0.18956
9700761617;42.8879;9.33471
9700891218;43.73499;3.54751
9702203310;43.45969;3.42336
9702847870;44.76255;6.57354
9703370082;44.44412;4.54007
9703442639;43.29168;5.64453
9703458184;43.64414;4.72089
9704733317;42.57144;9.0097
9704733518;42.57325;9.0006
9704759317;42.5649;8.98607
9704784066;48.594;-2.22394
9704789517;42.54337;8.94323
9704817217;42.5454;8.91355
9705414131;47.47393;-0.57707
9705655517;44.89262;-0.15834
9705832224;47.45709;7.26676
9706106682;48.76542;-1.23613
9706902117;43.10196;5.88463
9707102407;45.30408;5.95255
9707606574;45.45415;6.29703
9707832933;45.8041;1.32783
9708641338;48.83883;2.44049
9708641347;48.83931;2.44082
9709612089;43.7292;6.7929
9710027303;45.31862;6.29236
9710079373;45.29704;6.24783
9710115046;45.97226;5.90688
9710850117;42.19415;9.22889
9710864921;45.31571;6.25831
9710965996;45.30759;6.24796
9710971217;42.1781;9.24544
9711193518;45.16158;5.72612
9711193719;45.16246;5.72027
9711268117;42.10338;9.21169
9711479703;42.7179;2.10122
9714249317;41.96867;9.18411
9714529235;48.87898;2.44783
9715155321;49.31929;6.37086
9715387569;49.39419;6.28302
9715417906;49.3797;6.32767
9715887623;43.41956;-1.06119
9716252226;46.15824;-1.16044
9717542182;48.77374;5.94041
9718122384;42.60392;1.86833
9718470813;43.98945;7.55157
9718525718;43.98782;7.55114
9720630261;43.50364;-1.53832
9721265342;43.72281;4.71038
9721359832;49.16712;1.32186
9721731916;46.14655;4.10018
9722227459;45.29823;5.6366
9723658450;44.70504;-1.04692
9723714665;42.4209;9.47307
9724210669;42.37085;2.00115
9724668962;44.76753;2.12224
9724874123;44.73528;-1.0844
9724893859;46.3541;5.5321
9724925729;44.08552;0.7939
9724925748;44.08553;0.79382
9725192327;44.57651;2.23912
9725198829;43.16766;1.12015
9725205338;43.61962;2.09048
9725569017;45.15693;5.82318
9726062293;45.20214;5.83839
9726065317;43.54701;5.03105
9727507602;43.64621;4.7226
9727765204;43.79928;-1.30318
9727836859;42.64153;2.87034
9727944161;43.67295;3.11819
9729288629;42.71777;9.4305
9729415658;43.6775;3.09735
9729415712;43.68084;3.09279
9729418913;43.68332;3.0864
9729945613;48.26152;6.9403
9730915203;46.15867;4.17901
9730923927;49.04669;2.1191
9730935645;44.79728;2.07466
9732271361;43.78961;-0.92478
9732818365;48.83662;2.23254
9734162131;45.16234;5.71865
9734203261;48.5892;7.73487
9734634871;48.63593;2.14681
9734898305;46.20681;5.22357
9735227275;44.48065;2.25829
9735428114;47.86283;2.05253
9737100248;45.29797;5.63341
9738141061;48.77489;2.45374
9738296419;45.55655;5.79024
9738336117;45.55646;5.79126
9738367618;45.55595;5.78999
9738367719;45.55601;5.78989
9739775130;43.82066;6.09693
9739824143;43.82077;6.09332
9739963208;44.74849;2.02185
9740096969;45.41733;0.60045
9740656302;46.2052;6.25271
9740856852;42.96338;2.49526
9740910117;45.55707;5.78918
9741004393;41.7066;9.06977
9741158422;43.29893;-1.44692
9741159185;48.87339;2.50119
9741187917;44.15741;0.71944
9741347141;48.85494;2.38802
9741505434;46.31487;6.38106
9741654969;48.79894;2.23098
9741680440;48.79996;2.23258
9741879377;43.05553;-0.43104
9741879964;46.01032;4.37597
9742145316;45.93885;6.10648
9742247032;46.50424;5.90455
9743275918;48.85455;2.33101
9743530065;49.00014;2.222
9743860884;45.28813;5.64364
9744079297;49.49064;0.68577
9744960904;43.62337;2.60285
9748529668;44.94505;4.83987
9749223907;44.19093;0.62024
9749223908;44.19115;0.61831
9750199304;43.36964;1.91383
9750680996;47.63115;6.12877
9750681009;47.63096;6.12907
9750681025;47.63109;6.12782
9750681026;47.63148;6.12815
9750681027;47.63151;6.12876
9750681028;47.63205;6.12908
9750681029;47.63198;6.12966
9750681030;47.63136;6.12934
9750681031;47.63094;6.13035
9750681032;47.63062;6.12969
9750681033;47.63035;6.12919
9750681035;47.63084;6.12838
9750681036;47.63111;6.12961
9751536108;43.24371;2.11302
9752885717;45.67002;6.30734
9753063417;48.54543;5.71717
9755252225;48.83557;2.31517
9755479019;48.85103;2.36274
9756415688;45.33967;6.30316
9756458717;44.76924;0.767
9756469251;44.76748;0.76726
9756771517;44.2091;0.62396
9757313914;46.69838;5.73287
9757387448;43.56194;2.06595
9757482897;43.7675;3.30466
9758830672;44.46082;6.16544
9758833571;45.79932;4.83217
9758833750;49.15692;1.39917
9759474886;46.01509;4.61037
9759521562;46.4247;0.86796
9759585981;43.57242;1.47683
9759585982;43.57285;1.47601
9759585983;43.5735;1.47779
9759585984;43.57166;1.47894
9759711211;49.16987;1.32821
9760023834;45.03361;5.86897
9760283463;45.47889;5.97007
9761366657;43.80675;1.0291
9761393233;46.56231;3.28993
9761801417;43.6143;3.93551
9761801418;43.6136;3.93338
9761869717;43.61365;3.93543
9762001318;48.70647;2.19441
9764535386;46.10608;4.78
9764535387;46.10557;4.78014
9764651217;45.01295;5.61324
9765123973;47.89111;1.89707
9765755614;43.36603;1.78794
9766500897;46.38935;5.64752
9766653208;48.46705;6.29134
9767103374;44.59838;-1.20022
9767907541;43.83309;1.77453
9768048895;43.3074;3.12799
9768567655;47.62976;6.12971
9769032527;41.98366;9.33948
9769072398;43.45892;3.41763
9769145084;41.98554;9.33587
9769454018;42.69225;2.89594
9770635517;44.10185;3.88447
9771249270;43.94146;6.17349
9772980504;43.51223;-1.49975
9773067131;44.67465;-1.2396
9773119449;43.29659;2.31408
9773261615;46.08873;4.64684
9774616417;44.79594;-0.67329
9775054241;45.04532;3.88112
9775304919;45.67495;6.3926
9775468530;45.76785;-1.13552
9775773782;44.03062;2.54214
9775773940;43.99738;2.56143
9775798397;48.51255;0.35333
9776353323;43.27467;5.44174
9776851125;43.59847;1.23564
9776871079;43.28889;3.40414
9777620019;46.81215;1.6912
9777793417;43.76242;1.58204
9777986663;44.4334;3.59513
9779099473;48.82801;2.23168
9779113330;43.07992;5.81033
9779371618;45.67388;6.38672
9779477796;43.80717;4.6387
9779711599;44.1066;6.20634
9779751775;48.87795;2.21498
9779843999;49.39166;3.32018
9780271534;48.39957;2.47912
9780993781;43.53703;7.03655
9781092772;43.8959;5.56657
9781240158;44.10864;6.22604
9781286926;45.46867;6.55965
9781286927;45.4687;6.55895
9781286928;45.47086;6.55943
9781286930;45.47126;6.56144
9781286931;45.47153;6.55976
9781373413;45.03432;6.01796
9781530534;46.89025;5.86843
9781617160;44.59335;5.60029
9781716468;43.44902;1.88795
9782999688;48.90598;2.34888
9782999690;48.90545;2.35027
9782999698;48.90658;2.35099
9782999705;48.90417;2.35135
9782999714;48.90463;2.34983
9783157835;48.91669;2.35321
9783306187;45.46122;5.98925
9783526564;48.63808;-2.06918
9783920807;48.84759;2.24685
9783944114;48.84784;2.2456
9783988857;42.74392;2.46012
9783988858;42.74395;2.46109
9784537365;47.36829;-3.2214
9785398464;47.36939;-1.18688
9787150083;47.82201;-1.82403
9787520318;45.2125;5.7899
9788163292;45.82821;1.2669
9788369900;43.86221;7.1862
9789042827;44.73465;6.65459
9790564918;44.95389;5.7772
9790957217;44.08749;6.22842
9791107756;45.2058;5.76784
9791944754;43.89345;3.85631
9792327939;47.86248;2.0514
9792379606;44.67584;6.63378
9792387867;43.94754;4.80928
9792414855;43.11053;1.7253
9792636464;48.6071;2.16372
9792940553;46.55967;5.42346
9793414364;45.82762;4.87551
9793670415;46.03261;4.07935
9793868110;42.10448;9.51177
9794271827;48.91038;2.34556
9794271828;48.90943;2.34466
9794272219;48.90773;2.35099
9794272222;48.90896;2.34579
9794272424;48.91041;2.34989
9794521660;43.42967;6.80365
9794689654;45.83843;6.21155
9794928276;42.81633;0.61469
9795481058;42.90546;0.80802
9795519331;42.9077;0.80768
9796146319;49.19506;3.9976
9796157562;45.79301;6.21893
9796268550;48.94265;-0.21751
9796576517;44.76292;1.61796
9796610392;43.3414;-1.47372
9796883786;44.73636;4.59847
9797124234;44.70389;-0.55069
9797332105;44.71667;-0.54239
9797333154;44.70564;-0.55117
9797354417;48.9421;-0.21984
9797976171;49.00554;2.57492
9798002496;42.32391;9.39678
9798094145;42.73645;9.43778
9798141869;42.63505;9.35636
9798232066;42.5167;9.12248
9798591361;45.80724;6.25874
9798941817;46.9915;3.05037
9799064047;43.98102;-0.64548
9799064053;43.98123;-0.64456
9799095382;44.79778;1.35029
9799127022;48.84219;2.27375
9799273819;45.17667;5.70563
9800675517;45.17327;5.71147
9800675518;48.83091;2.29937
9800952814;45.69572;5.88805
9801239680;42.87006;1.75713
9801627972;44.44541;1.44005
9801774889;43.64455;-1.43415
9801801947;43.63121;1.13469
9802156772;41.87311;8.98084
9802327203;43.3876;-1.66979
9802327205;43.38749;-1.66972
9802600619;44.16478;6.46195
9802600810;44.15245;6.41974
9802635872;45.34476;5.81688
9803520339;47.12072;-1.63728
9803536557;44.95554;5.58839
9803544912;45.0154;5.61471
9803549992;44.95506;5.59054
9803793327;44.94236;4.88684
9804053463;43.7372;6.76184
9804094314;41.61875;8.9709
9806049714;44.89623;1.4778
9807341850;45.19056;5.72791
9807355743;43.18628;3.00316
9807840622;43.39117;-1.68944
9808654193;42.76712;1.85369
9808674660;44.54169;6.49489
9809425330;42.7571;1.84878
9809571645;48.73118;2.3622
9810509136;44.18131;6.62699
9810581648;42.86534;1.37456
9810974343;42.86031;1.38364
9810974344;42.86175;1.38042
9811184362;44.34186;4.46864
9811188019;45.08135;6.05749
9811902214;43.88215;4.60236
9811997480;43.60159;2.26494
9812169018;45.64431;6.31714
9812244902;46.83474;6.1568
9812256422;44.81643;5.9321
9812427095;45.29205;5.63435
9812952115;43.60814;1.45186
9812955205;43.82785;3.61734
9813063658;43.11302;-0.41191
9813228515;45.3165;5.94473
9813856304;45.83619;4.61594
9815695606;43.85298;4.30882
9815695607;43.8061;4.24556
9816423669;43.60645;5.064
9816863921;48.91237;7.41504
9816966454;45.83536;4.61772
9817326366;48.83329;2.35005
9817340817;46.67846;5.56187
9817340818;46.67865;5.56077
9817346152;42.84348;1.53134
9817360800;46.67976;5.56248
9817360802;46.67958;5.56359
9817360803;46.6801;5.56363
9817360806;46.67952;5.56074
9817360807;46.67913;5.56158
9817360808;46.67919;5.56225
9817389149;48.83892;2.35381
9817423517;45.17218;5.68983
9819978217;45.19029;5.73617
9822231775;44.12004;6.57951
9822537576;48.67875;6.18774
9822537581;48.70162;6.17486
9822591162;48.83128;5.91436
9825173679;45.12699;4.068
9825665776;44.60456;2.01942
9826056909;46.48072;3.97249
9826470997;46.10559;-1.13467
9827326017;42.80936;9.37159
9827851697;43.61336;1.34928
9827882536;45.95963;5.83563
9828069809;47.33994;0.65899
9828143603;46.62663;0.31107
9828441684;44.46908;6.78555
9829202781;47.62855;4.58332
9830621217;43.76906;3.85788
9831072258;42.97152;1.38879
9831083548;43.93293;4.7961
9831233890;42.75102;0.08696
9831246277;42.56023;2.2308
9831260417;42.95305;-0.43937
9831359332;47.98534;7.21693
9831359334;47.98756;7.22163
9831359335;48.00332;7.16009
9831359337;48.09677;7.23788
9831372466;47.6355;7.11566
9831408282;45.19503;5.7862
9831570417;45.64971;6.1712
9831768930;43.46672;6.51147
9831768951;43.503;6.4834
9833423255;44.69352;5.48086
9833674843;49.44472;1.0951
9833831104;46.13537;6.75253
9834622716;47.07788;-1.39762
9834637310;44.31912;5.87439
9835177110;44.33976;5.91399
9835582924;43.53409;5.46
9835582925;43.53428;5.46681
9836105735;47.19708;-0.20929
9836105741;47.2349;-0.15799
9836444291;44.92265;-0.24178
9836959742;44.17573;5.44042
9836980515;44.17557;5.43825
9837004244;44.17586;5.43724
9837010003;44.17654;5.43977
9837038117;44.84397;-0.78002
9837260021;48.87802;2.34502
9838311649;46.15365;-1.1559
9838389124;43.42673;1.89827
9838791870;43.55657;2.913
9838830474;43.88362;6.86169
9839059517;46.97477;-0.21486
9839326769;44.4788;6.3152
9842025918;46.50512;1.30879
9842077231;48.66252;6.18665
9842233876;43.65116;7.15311
9842535264;43.9952;5.1482
9842769523;43.61179;3.86186
9843381996;43.95071;4.8085
9843689978;45.8554;4.68038
9843791510;43.12348;6.36064
9844614088;49.07983;1.67202
9845791470;48.80678;7.40254
9846209458;44.69712;2.08968
9846312893;44.91521;-0.23471
9846603221;48.6806;2.16959
9846650074;48.50126;0.27362
9846787164;44.03405;6.48341
9846787165;44.06996;6.41133
9847124074;48.03358;6.9608
9847593663;43.75881;1.14031
9847784677;44.65888;6.63904
9847785118;45.66303;0.25761
9848188867;42.2123;9.32483
9848677418;44.30787;4.02712
9848677479;43.81571;4.32924
9848677480;43.82285;4.35621
9848677481;43.82341;4.3562
9848756275;42.62615;2.81335
9848935125;48.7278;2.29707
9848935127;48.72455;2.28665
9850561125;48.85837;2.35336
9850608017;45.91613;0.65437
9852953022;44.27307;6.89063
9853163937;48.80633;2.37276
9854264681;44.91436;-0.23112
9854328944;45.16692;5.72331
9855424944;45.1973;5.73412
9855498515;44.88982;6.57435
9855556270;43.52269;1.35574
9855704217;46.4461;0.66409
9855985617;48.91462;2.34306
9856179617;49.77949;4.72011
9856460229;44.43397;1.10655
9858126999;48.6931;2.30306
9858434535;46.04262;6.6326
9858803905;47.57629;7.52456
9859042539;45.61458;5.18443
9859713613;45.38228;5.68847
9860755017;42.84017;0.14333
9860876854;47.21442;-1.52645
9861686565;44.52164;5.06669
9861826807;46.20561;5.21989
9862381190;48.76421;5.8838
9863457755;49.41313;1.08604
9863465043;44.9071;-0.24026
9863600969;49.24857;3.90791
9863629524;42.62346;2.81171
9863690086;44.55268;4.74792
9863750052;43.60078;1.4351
9863755345;43.60172;1.47303
9863779439;43.27603;-0.71359
9863945817;48.92629;2.03869
9864010501;44.9083;-0.24875
9864067334;42.79275;0.4261
9864102622;42.95811;1.76308
9864120804;47.41375;0.65584
9864163830;43.86409;3.31726
9864182328;47.41311;0.65667
9864215029;43.83194;4.4863
9864261825;45.85439;3.81071
9864308006;43.2577;-1.23123
9864337233;44.62438;2.31321
9864574091;43.59278;1.31622
9864608042;43.59791;1.33599
9864830321;43.23349;5.37039
9865294296;43.92376;5.40243
9865880858;42.91021;-0.57023
9866054719;49.04411;3.95923
9866495605;42.79304;0.42572
9866815452;43.12086;0.99031
9866815453;43.20607;1.08658
9867485406;48.34671;1.35075
9868438246;48.38196;1.40574
9868441142;46.55885;3.29126
9868461504;47.46323;-1.28098
9868722065;44.71486;-1.06045
9869708652;48.92599;2.34368
9869934848;49.03367;-0.12177
9870234526;44.67481;6.61554
9870675817;42.81559;0.34597
9870732887;45.76058;4.83384
9871836157;44.91555;4.87607
9872130211;43.72289;7.2624
9872130212;43.72354;7.26248
9872130213;43.68459;7.21005
9872544185;44.73573;3.85802
9872590631;44.68535;3.82614
9872596439;44.76781;3.88284
9872676914;48.97793;2.28338
9872927138;43.18735;3.00798
9872982054;44.12902;6.59311
9873673888;44.76313;5.28677
9874118615;44.3712;4.64562
9874162882;44.8955;-0.5661
9874594742;45.18256;5.79271
9874826103;43.93172;4.23461
9874924050;45.58542;2.74373
9875007550;44.59175;3.9053
9876527023;45.61768;6.27753
9876535160;45.82773;5.48112
9876986806;49.04135;3.9521
9876988666;45.02409;5.6457
9877411672;45.05961;6.03806
9877462061;48.67552;2.31347
9877511679;44.06271;5.83544
9877579876;47.41545;-0.61458
9878462224;44.90782;-0.24107
9878508863;45.86878;4.19084
9878652525;45.34191;4.3135
9879244973;43.11489;1.60642
9879244974;43.11598;1.61012
9879298342;44.15312;3.25775
9879315824;42.76574;1.48014
9879328243;45.43876;5.77356
9879393564;48.88127;1.92925
9879469575;47.40868;0.7174
9879634908;45.15848;1.53304
9879639845;44.1082;3.26494
9880396895;48.62407;7.10243
9880407559;43.03079;-1.36542
9880526718;-22.28168;166.44169
9880526719;-22.28252;166.4411
9880723605;44.12786;3.37938
9881321938;44.18545;3.29953
9881737037;47.18575;5.95324
9881781407;48.54066;7.49405
9881812583;43.33118;3.20064
9881900573;44.82701;4.7965
9881937641;43.97188;4.27811
9882571437;48.77286;5.9386
9883393462;45.40132;4.98635
9883429990;43.69997;1.374
9883530064;48.52636;7.71454
9883823695;45.06231;-1.12869
9883823699;45.06207;-1.12726
9883871304;45.06307;-1.13133
9883871508;46.59157;-1.83444
9883874331;45.06388;-1.13305
9884386742;47.70528;6.82171
9884582347;45.9238;6.8687
9884927017;47.35777;1.7456
9885174497;43.25778;5.39413
9885322068;45.83223;5.80123
9885322070;45.51295;4.85345
9885322071;44.86066;4.83676
9885511513;43.7277;3.35412
9885560633;45.21743;6.47461
9885561293;47.22943;-1.59776
9885580417;47.22324;-1.58135
9885739334;48.69754;2.49798
9886762823;45.18561;-1.05772
9887065021;41.9159;8.91527
9887065022;41.91509;8.91261
9887065023;41.92489;8.96949
9887229303;44.596;2.29532
9887500385;48.70674;7.07809
9887635372;43.67723;3.17954
9887759382;45.21032;5.40492
9887769231;42.56948;2.25412
9887789145;45.21114;5.40517
9887809405;44.83768;-0.55765
9888031606;44.73798;6.56685
9889094211;48.91618;2.36398
9889222164;43.25667;5.38256
9889289838;45.21749;6.72318
9889601995;43.23694;5.40329
9889605585;45.08271;-1.18781
9890055067;47.49953;4.58115
9890055068;47.50027;4.58102
9890077417;47.32993;-0.2007
9890522530;44.1753;5.13434
9891252467;44.13649;0.3386
9891494834;44.74716;5.76863
9891508843;45.58616;4.91149
9891616335;44.2363;3.54511
9891616337;44.23929;3.578
9891908216;48.79855;2.14791
9891952562;45.06635;1.16222
9891959107;44.4834;4.68708
9892428298;45.50168;6.23747
9892444261;45.4769;6.21057
9892501494;48.94488;2.40162
9892848124;44.15598;3.68348
9893109606;45.04323;6.28316
9893336348;43.20254;5.77591
9893496865;42.5231;2.22266
9893631224;44.34109;3.57151
9893664224;45.14937;5.77673
9893672046;48.36177;-4.76749
9893867319;46.99781;2.0958
9894023753;45.32828;6.12321
9894628946;45.56086;5.94242
9894722704;46.1256;5.82838
9894804702;48.89504;2.37117
9894854668;48.8785;2.27077
9894892909;43.10062;-0.16513
9894903331;44.41324;0.21804
9894929935;42.86564;1.18727
9895291616;43.51735;7.05494
9895563391;42.85342;1.14551
9895871577;46.41177;0.58869
9895975639;45.92974;5.35184
9895975640;45.78672;5.4436
9896395565;45.24005;6.95135
9896395566;45.25201;6.9175
9896924134;47.36406;-1.01421
9897223788;44.46653;3.22532
9897351697;43.26052;-1.61867
9897451998;45.05466;6.03165
9897497917;46.06645;6.37817
9897533817;47.67209;2.25575
9897541817;46.4782;3.98095
9897595813;48.59635;-2.29239
9897621503;48.50738;-2.6144
9897661508;45.0672;6.04422
9897691117;45.0688;6.04588
9897833184;43.7645;3.32409
9898151048;45.6383;5.64275
9898654617;47.24303;6.02521
9898961523;45.37474;2.17236
9899108956;43.0677;-1.37597
9899482573;43.53395;1.22912
9899600398;43.31339;-1.40131
9899775196;45.21109;5.89806
9899792421;45.22706;5.89762
9899792422;45.22572;5.89811
9899879518;48.47068;0.01941
9900781911;45.19232;5.96771
9901487317;43.18133;3.0057
9901598718;43.18227;3.00621
9901769114;43.50053;3.0278
9902119434;45.02823;5.75996
9902917330;44.14723;3.77264
9903142546;48.7185;2.45086
9903669630;43.46884;-0.32075
9903711576;45.55803;4.91782
9904046372;44.17886;3.42942
9904046373;44.17962;3.42857
9904077840;48.5574;-0.41841
9904077852;48.59159;-0.6293
9904191559;45.81875;6.02161
9904511523;48.45734;-1.82885
9904511535;48.38381;-1.97938
9904511541;48.51308;-1.66083
9904647015;44.95933;5.77994
9904782409;42.9081;1.14553
9904790069;43.79498;6.94341
9905508413;44.2455;3.65281
9905526900;44.24424;3.65449
9905603853;45.62099;4.91798
9905727983;44.56362;2.27729
9905738598;44.55909;2.27731
9906199579;43.52747;4.14041
9906252197;43.89491;-0.47899
9906307404;48.1519;-2.66566
9906308421;48.34779;-2.01159
9906308427;42.78527;0.60061
9906362049;48.54504;5.64024
9906436951;48.49032;5.39115
9906537900;48.85779;1.74175
9906558686;49.01399;1.38785
9907272161;45.78239;4.85696
9907363409;42.45294;9.43436
9907367817;48.58976;7.78094
9907369671;45.16396;6.42624
9907447429;47.58679;1.34481
9907534826;44.68702;5.59629
9907538802;46.29081;-1.10054
9907555598;44.68798;5.59813
9907622317;44.98829;3.74457
9907713551;42.77286;0.60659
9907749988;48.68963;6.18311
9907805417;48.64273;5.93522
9907805423;48.69976;5.70548
9907990417;44.81237;4.39859
9908027220;42.84218;0.40739
9908027354;42.81043;0.40252
9908027355;42.81002;0.40306
9908027358;42.80908;0.40169
9908107939;48.81198;1.89374
9908145817;45.96069;5.49969
9908195294;43.62792;3.11465
9908314544;46.10826;5.42402
9908923857;47.20514;0.18284
9909206121;43.47368;-1.20554
9909206122;43.47328;-1.2065
9909231717;47.20993;-1.57807
9909384118;42.81326;2.74855
9909537329;43.27056;3.21375
9909615583;43.17873;5.68907
9909615584;43.17906;5.68898
9909810494;43.95788;2.88328
9909822384;44.95305;6.09734
9909822385;44.96501;6.14934
9909822386;44.96831;6.16464
9910011088;42.81177;2.37516
9910183306;45.86116;6.54422
9910595845;44.77461;5.90132
9910923245;46.77808;4.86053
9910973169;45.83115;6.58108
9910973170;45.83965;6.5655
9912780018;45.90161;6.70672
9912785459;48.87818;2.36599
9912836318;45.90136;6.76448
9912991608;44.99835;4.51299
9913010421;44.9984;4.5128
9913040754;44.59864;2.39464
9913395157;45.86779;6.21313
9913817062;45.19804;6.42681
9913980017;-21.01383;55.2902
9914278786;48.88058;2.40049
9914278787;48.88282;2.39978
9914428096;43.29767;5.37074
9914461195;43.62396;3.09647
9914744506;43.54967;7.00975
9914760612;43.49756;-0.07253
9914793224;47.66348;4.96411
9914923904;45.26927;5.93198
9914926399;45.01453;4.65238
9914929646;47.28816;-2.51313
9915051989;45.51611;3.58814
9915120750;45.05353;5.85472
9915183779;44.07276;0.21014
9915667936;48.93772;2.03215
9916277470;45.05936;5.24335
9916288489;45.5245;6.79366
9916629979;43.55652;2.91578
9917202717;48.85802;2.34831
9917464894;43.99117;3.60637
9918003636;48.45259;-4.14227
9918003641;48.39391;-4.13228
9918352184;44.90437;6.33245
9918427655;44.92364;6.30139
9918636224;45.00025;3.93631
9918779830;44.24383;3.65535
9919133027;44.57447;2.27082
9919185418;44.57802;2.27281
9919333618;46.78762;1.70492
9919394317;45.75055;6.5819
9919952912;44.76713;6.7385
9919974458;44.76652;6.73914
9920031189;47.48859;-0.53928
9920095268;46.66868;3.25522
9920572611;48.20718;2.94087
9920757521;42.38414;2.61604
9920889449;43.47079;-0.9248
9921073984;49.54619;0.70459
9921148945;48.79015;2.39171
9921191649;43.47655;6.18016
9921270855;44.87602;6.48025
9921296394;45.74616;6.29438
9921406212;45.74655;6.29363
9921417122;43.65091;3.03984
9921442745;42.69422;2.9076
9921442746;42.69456;2.90608
9921463321;48.19735;7.22152
9921558321;46.0731;6.24038
9921558322;46.15906;6.26449
9921858881;43.82198;2.87944
9922171032;43.45123;4.43195
9922171033;43.44929;4.42706
9922171036;43.44929;4.42728
9922171037;43.44978;4.42837
9922171038;43.4511;4.43161
9922425091;45.08529;2.73397
9922492056;46.32266;-0.45873
9922500366;46.2294;0.65056
9922554498;45.46191;4.76964
9922560118;44.96551;5.72164
9922560317;44.96409;5.721
9922739904;46.43334;4.6587
9922831487;44.09308;1.40772
9922840782;43.8811;-0.53765
9922869077;43.92699;-0.64058
9923017656;48.43681;-4.2356
9923017684;48.43689;-4.23572
9923229988;45.39209;6.07655
9923825716;44.89284;5.76402
9923921219;44.88257;6.40567
9923937255;45.69435;6.25269
9924259548;43.42545;5.58659
9924278222;43.42563;5.5878
9924303137;48.79749;-3.23817
9924305438;48.82477;-3.20885
9924455013;48.88306;2.3702
9924624542;48.84088;-3.18401
9924663471;43.48828;5.34637
9924684377;48.83317;2.23625
9924685569;46.38702;5.86328
9924689705;44.12324;3.22186
9924785869;45.877;4.64543
9924824749;47.59249;-2.79499
9924855682;43.7768;4.83148
9925315649;43.69551;0.41784
9925451633;43.57234;2.94505
9926209278;43.89444;3.51138
9926439917;43.20674;2.35671
9926476017;48.03587;6.97571
9926651017;45.68596;6.56847
9926799383;45.49232;6.58506
9926917169;48.822;7.79536
9927043028;48.78667;-3.10488
9927114698;48.82651;2.36375
9927566464;45.55741;6.76315
9927566492;45.53462;6.77346
9927589015;45.16802;5.72558
9927829519;45.45129;6.10349
9928001200;44.19673;5.93869
9928001231;44.19764;5.94387
9928459684;48.82459;2.27467
9928928017;46.47974;2.03
9928967061;44.5913;5.5685
9928969946;44.52313;5.74916
9929022179;44.52122;5.75203
9929270003;45.47687;-0.79506
9929361728;45.32824;-0.71568
9929362506;45.57014;-1.06346
9929386617;43.6012;1.43122
9929530776;45.1492;5.69969
9929679091;44.90129;6.49308
9929742090;48.07534;7.35319
9929873946;48.85908;2.39711
9929902423;48.76967;-3.02591
9930206564;43.72225;1.10024
9930274517;46.535;6.13819
9930314517;48.85994;2.29348
9931384118;49.77392;0.95566
9931423127;49.02553;2.22501
9931435440;44.23747;6.62864
9931583628;44.49129;1.08539
9931736193;43.70727;3.83332
9931774617;43.60357;1.4356
9931901117;42.81334;9.42418
9932287331;45.07485;5.55479
9932394001;46.35079;6.76535
9932416799;46.24819;6.77929
9932417803;46.26963;6.80882
9932426638;46.28358;6.80421
9932435668;46.37656;6.80371
9932553156;45.10193;2.5834
9932574661;44.90365;2.44741
9933083249;43.47377;2.71331
9933110428;45.92556;5.39398
9933283220;48.81988;2.33198
9933335121;45.77446;-0.14128
9933446404;43.71157;2.8047
9933465585;48.14017;-3.60832
9933719596;43.52374;2.83009
9933736039;43.73792;3.19411
9933810361;42.30425;9.14889
9933811022;43.9252;3.72303
9933824026;44.33919;4.15298
9934057217;42.89843;9.38471
9934187372;45.59492;6.86308
9934187373;45.593;6.86702
9934187380;45.59116;6.87182
9934326081;49.17145;1.33991
9934555784;46.60285;6.00358
9935097246;45.91865;6.87405
9935100706;48.82531;2.32201
9935109322;48.82506;2.32314
9935119338;45.93112;6.88611
9935199854;47.9655;-3.83006
9935331005;48.86262;2.39316
9935392452;46.61401;4.66469
9935469899;46.00872;3.93596
9935469900;45.99718;3.98018
9935469901;46.65338;4.65472
9935482707;44.6146;-1.04401
9935487292;48.23732;-3.70457
9935582645;43.06571;0.14394
9935589324;44.44494;1.43805
9935637249;44.44482;1.43949
9935656153;43.58186;7.1275
9935678577;44.44509;1.44072
9935690134;45.66052;4.63265
9935775690;49.39839;5.88946
9936088226;42.57092;2.96098
9936593617;42.46516;9.30336
9936623331;46.44107;-1.66301
9936893890;45.38034;6.72646
9936946064;45.07059;5.5515
9936966779;47.8941;-4.03872
9936979817;44.9371;1.60911
9937017457;42.84581;3.03862
9937174817;47.69027;5.18269
9937203948;44.31362;0.68371
9937279800;43.33905;6.54746
9937283189;43.22942;6.14161
9937293128;46.3258;-1.31475
9937556918;48.83182;2.486
9937617918;43.61597;6.74628
9937955306;47.79619;5.27937
9938001765;43.68972;6.71283
9938090811;44.65213;-1.14206
9938127874;44.71672;-1.07004
9938554653;49.4953;0.09268
9938554654;49.49529;0.09268
9938554656;49.49602;0.09207
9938554658;49.49798;0.09048
9938554660;49.49923;0.08947
9938561084;49.50107;0.08778
9938624912;44.52337;1.66264
9939232905;46.39266;6.79471
9939711417;46.15563;-1.15941
9939752600;46.35437;5.90689
9939760695;46.66057;5.97655
9939760696;46.66008;5.97363
9939760697;46.63818;5.94277
9939945129;45.53937;6.7164
9940981541;44.62342;5.08584
9941112022;45.95974;2.94011
9941154209;47.73412;5.06709
9942251110;44.49209;1.08232
9942341773;48.52025;0.54539
9943033854;44.3225;3.06897
9943098187;45.16512;5.73543
9943098188;45.17023;5.73484
9943177533;48.87341;2.77439
9943177534;48.87268;2.77539
9943503657;47.58871;-2.89854
9944407672;46.14618;6.58249
9944448855;44.4262;4.7862
9944553115;43.92203;-1.24601
9944663130;44.86052;1.36271
9945096740;43.52813;5.44706
9945110117;46.02293;-1.17513
9945177861;48.38941;-4.49997
9945213817;45.0429;3.89258
9945584700;41.6293;8.81676
9945617417;43.53303;5.45537
9945803303;47.54983;-2.90728
9945863799;43.74332;1.18168
9945869129;43.78041;0.98913
9945897305;43.09332;-0.05078
9946321604;49.64849;0.15426
9946321605;49.64849;0.15424
9946321606;49.64848;0.15423
9946321607;49.64848;0.15421
9946838017;45.07209;3.53285
9946920450;43.49343;6.49494
9947199348;46.81158;1.67931
9947244417;42.58813;2.1167
9947268197;42.51894;2.88053
9947363917;45.55091;3.10637
9947483066;44.03279;-1.25789
9947734055;49.24017;4.05538
9947869202;42.5174;2.88031
9948185751;46.94161;4.31293
9948459473;44.88951;4.85164
9948708692;48.51238;-0.41457
9948780597;43.35878;2.11088
9948961817;47.22831;6.03581
9949191506;48.63629;-1.51093
9949223318;47.23113;6.01976
9949479524;43.05834;0.05649
9949484552;43.10587;-0.07818
9949513908;48.58104;-0.84253
9949540347;48.64304;-0.94131
9949604317;43.43832;-1.58806
9949669011;47.24063;4.96587
9949964135;47.14245;4.94512
9949976036;47.10288;4.92026
9950037577;46.75119;4.68029
9950085731;45.59495;5.77043
9950487094;44.52271;1.66291
9950533232;45.20383;4.0324
9950623311;44.36252;0.71381
9950707566;44.33187;0.71779
9950751362;45.27366;5.75794
9950767635;48.63726;-1.21656
9950809309;45.23992;6.08221
9950844918;43.21816;6.6119
9950852866;44.90698;5.78937
9950865817;44.46443;1.66972
9950901099;45.57497;6.74322
9951023480;45.62301;6.75825
9951023481;45.62648;6.74767
9951119278;48.69913;2.18896
9951310651;46.14991;6.76466
9951377568;42.59903;8.90242
9951416531;44.69521;5.2408
9951416595;44.69508;5.24115
9951416612;44.69624;5.2427
9951416613;44.6952;5.24143
9952132475;47.16839;6.8255
9952290017;45.69625;-1.23305
9952291275;45.59851;-1.00751
9952462717;42.95549;1.076
9952519218;43.01701;1.84372
9952593202;43.35507;-1.55083
9952712127;43.8803;0.99063
9952734594;43.75463;1.1
9952743052;43.7931;1.07838
9952807637;43.71916;1.29644
9952843350;45.26182;5.73475
9953068064;42.45391;9.03503
9953224562;43.86318;0.8114
9953281249;43.77424;0.92902
9953303090;43.79624;0.82085
9954017735;45.27127;6.09593
9954058378;41.38636;9.15078
9954281411;45.05048;3.88363
9954692809;44.70124;3.3883
9954716513;48.55386;-1.50973
9954759684;43.59141;1.44002
9954759685;43.59126;1.43987
9954770047;44.03818;4.99966
9954782664;43.64628;6.065
9954805697;43.62696;6.22364
9954820841;43.56875;6.49698
9955036812;43.7738;0.92964
9955051274;44.82235;4.7661
9955061862;46.5353;5.66332
9955084606;43.79306;1.15979
9955122201;43.72823;1.04848
9955293581;47.98979;0.18769
9955396710;48.39882;6.67175
9955408371;48.38719;6.58483
9955408372;48.38616;6.58413
9955800155;45.28121;6.07299
9955801866;45.17098;5.74908
9956249745;45.94507;3.13922
9956265279;45.95977;2.94005
9956313752;43.02276;1.96842
9956669293;48.9521;2.33205
9956748009;42.86223;0.60253
9956797054;45.61117;5.1577
9956897612;45.04118;6.47853
9956897613;45.02565;6.53167
9956904618;45.0464;6.54392
9956904623;45.05774;6.53004
9956904624;45.08096;6.508
9957029654;44.88816;1.21951
9957045844;42.7039;0.50801
9957067769;49.91666;0.9822
9957173517;44.41245;2.87706
9957173815;45.37459;6.05587
9957303885;44.21935;1.9678
9957354850;45.99962;6.12986
9957398114;43.68112;-1.42756
9957407148;46.10279;6.77193
9957575124;44.66125;3.63132
9957652688;42.93154;2.91029
9957652689;42.92411;2.94317
9957888136;42.76515;2.8752
9958667201;48.64928;5.97404
9959194234;48.07578;7.36105
9959236942;42.98242;2.00599
9959380978;42.99077;1.14833
9959381013;42.97629;0.66481
9959427352;42.79408;1.1841
9959737688;45.55097;6.75323
9959737689;45.55069;6.75365
9960132418;43.41161;1.30976
9960381412;42.89746;1.13044
9960390463;50.25698;3.99073
9960390464;49.83484;3.48834
9960390465;49.10519;2.68488
9960917433;43.60677;1.44983
9960974117;43.461;1.32382
9961181928;47.49809;1.26354
9961337178;43.4928;-1.47627
9961363151;45.20273;6.44482
9961440968;43.42207;3.16844
9961535462;43.21515;5.34583
9961630473;47.20645;-1.56439
9961662337;45.16599;5.73705
9961662342;45.16531;5.73766
9962627692;46.71009;6.19238
9963636317;43.12119;6.12646
9963655056;44.55543;1.3385
9963677428;45.24472;6.78108
9963727618;47.86261;6.85054
9963801617;47.27146;-0.08355
9963891223;47.11445;5.05758
9964021417;43.12167;6.12528
9964047619;48.91436;2.33837
9964109218;48.9145;2.33984
9964109617;48.91416;2.34075
9964109717;48.91336;2.34058
9964241006;50.84971;1.63923
9964276818;45.21449;6.4734
9964277926;45.21617;6.47535
9964288217;45.21904;6.47276
9964302322;45.21948;6.47162
9964362019;44.56971;2.15908
9964363317;44.62625;2.31386
9964670660;49.14151;0.02233
9964745058;44.71551;6.75074
9965583826;45.06948;-1.14943
9965885645;43.98162;-0.2308
9966363473;44.83136;4.67515
9966541768;43.57154;1.47962
9966837352;45.97507;6.80061
9967065716;45.31856;6.08588
9967081679;45.33281;6.11033
9967107032;45.31411;6.13533
9967225017;44.41729;4.02318
9967237365;45.07818;2.83294
9967260047;45.07607;2.83369
9967512080;-20.93645;55.33472
9967544519;47.29369;-3.08186
9967559164;43.23656;1.38483
9967796821;45.21933;6.46982
9967824763;45.99203;6.83117
9967879013;44.90707;4.43113
9967946612;43.40165;2.22686
9967976217;43.94625;-0.11929
9968241438;48.64547;1.53243
9968309689;47.15312;-1.1622
9968375726;44.93822;4.36926
9969144090;46.14338;5.3537
9969290449;45.82189;6.02322
9969547010;47.08571;2.39842
9970684682;43.98413;1.19012
9970795527;44.02254;1.34399
9971543711;47.88959;-0.23736
9972381344;45.71593;5.23616
9972726721;45.14782;5.74546
9972774259;43.66696;3.86137
9972974260;46.81161;1.69197
9973596094;45.71316;6.27625
9974142733;49.44916;1.66326
9974275519;42.77011;2.41394
9974346874;44.51982;1.93991
9974407317;42.76987;2.41442
9975118017;48.93933;2.36454
9975118018;48.93943;2.36332
9975118117;48.93881;2.36417
9975118317;48.93918;2.36576
9975118417;48.93902;2.36697
9976428787;48.9327;2.36242
9976459181;45.0875;6.43623
9976481635;49.10726;6.4058
9976536455;43.31553;3.47153
9976566516;44.12764;1.2407
9976587450;42.16795;8.95449
9976650202;44.44511;6.37199
9976655712;48.87406;2.77663
9976768852;45.56189;6.72912
9977022850;45.34355;5.52739
9977171027;43.43302;2.02539
9977298994;47.21403;5.85472
9977370681;45.9194;3.0533
9978568573;45.16829;6.44308
9979285497;47.41982;-0.43673
9979319059;45.73747;3.2177
9979516455;43.60222;3.87653
9979516456;43.60149;3.87546
9979676462;48.11622;-2.83445
9979721509;47.25093;1.92179
9979727947;46.84525;2.75292
9979766983;47.32003;-2.30352
9979816871;45.74634;5.95834
9979968952;45.75731;4.83064
9980022870;45.86525;6.49047
9980022873;45.86695;6.49832
9980024675;45.7779;6.15038
9980271923;43.82543;3.61791
9980581819;44.47707;3.93452
9981277143;44.43857;3.93353
9981303757;46.55521;3.33194
9981316835;46.65613;6.00093
9981445511;43.95237;4.79512
9981493015;43.50645;1.39077
9981698619;45.58088;6.18432
9981830852;48.60813;1.5186
9981960901;42.84347;1.53267
9981961026;42.84315;1.53174
9983106517;48.88748;2.09324
9983131466;44.57139;6.48369
9983166721;48.90518;2.33969
9983249041;44.61074;4.47319
9983444638;48.51374;2.21802
9983597398;48.65074;1.55018
9983597399;48.65084;1.5508
9983597406;48.65098;1.5511
9983605085;45.93617;6.67731
9983645238;45.7686;4.85267
9983700240;42.78459;1.68554
9983728291;43.93006;3.59204
9983768289;48.67408;2.31563
9983801674;43.20424;2.54155
9983813922;43.31488;1.95434
9983836378;43.26855;2.71996
9983851893;42.84263;1.53288
9983914388;44.61311;4.47374
9983992161;47.26876;-1.69644
9983992162;47.26784;-1.6973
9984078226;43.2089;-0.61013
9984078228;43.20898;-0.6102
9984078252;43.20957;-0.61241
9984100627;43.63988;-1.43143
9984711548;48.90881;2.26032
9984724949;48.93266;7.667
9984909052;45.76028;4.89545
9985905284;48.36067;-4.77002
9985945437;44.98715;6.11584
9986014546;45.22363;6.0207
9986077782;45.30075;5.99982
9986290838;45.64193;6.25983
9986296917;48.90696;2.34823
9986336817;48.90666;2.34682
9986336917;48.90707;2.34701
9986336918;48.90982;2.34856
9986337218;48.91066;2.34775
9986337417;48.90838;2.34782
9986544371;48.47883;2.68367
9986544372;48.47348;2.70474
9986547229;47.3069;4.99781
9986793297;48.90659;2.34919
9986793298;48.9081;2.34935
9986793299;48.90891;2.34928
9986793300;48.90934;2.35121
9986941845;42.54694;2.58856
9987100145;45.81272;6.26123
9987447083;43.1044;-0.42883
9987849274;48.87197;2.40563
9987864060;44.47809;3.2987
9988372630;43.35602;5.19141
9988635564;48.90785;2.36073
9988672906;44.08615;7.48062
9989146188;46.65189;5.82071
9989877464;46.28585;5.84796
9990454800;43.40133;3.6964
9990627949;48.44643;-2.04474
9990627974;48.44641;-2.04533
9990650005;48.5602;-2.53403
9990663017;48.95389;4.36166
9990682522;48.56063;-2.5341
9990763202;49.21416;-0.36934
9990777919;43.78302;4.30798
9990929819;43.7782;4.19051
9990970758;48.49268;7.32459
9991445233;43.2146;5.53743
9992794293;45.71644;6.57358
9992796174;44.79931;4.78104
9992874815;42.96391;-0.93686
9992967045;48.65755;6.16257
9993054899;49.4383;1.09439
9993560676;42.49503;2.74397
9993670069;42.55969;2.7514
9993670081;42.55977;2.75154
9994354939;48.5713;-4.52187
9994851629;48.62441;-4.55039
9994861691;48.63195;-4.53587
9994900137;48.63165;-4.54601
9995070438;48.64448;2.27374
9995209157;48.60517;-4.50765
9996781246;48.70019;6.02494
9996848398;46.6416;5.49497
9997215918;43.10951;6.12489
9997471883;48.44731;2.55017
9997715571;44.60407;2.2467
9997898632;45.31235;6.34087
9997977117;43.59079;3.84231
9998432416;48.84885;2.37815
9999538827;44.09839;3.4456
9999578322;43.22767;5.41583
9999753507;47.28408;4.76047
9999761417;47.284;4.75926
9999761420;47.28407;4.76201
9999793377;41.38711;9.15109
9999793378;41.38669;9.15117
9999929686;48.70646;6.08002
10000111349;48.86201;2.33308
10000227589;45.62776;4.82891
10000241895;47.20942;-1.52728
10000251764;45.62939;4.83363
10000423647;49.41461;2.82661
10002020629;44.80138;1.21479
10002131112;45.19259;5.75604
10002903287;44.51598;6.75759
10004182169;43.23928;6.07286
10005040482;48.81611;2.37426
10005116506;44.95134;-0.24713
10005336006;45.47171;4.50666
10005368229;45.4707;4.50637
10005368249;45.46968;4.50614
10005371886;45.46597;4.50565
10005404126;45.46459;4.50655
10006186634;46.29185;4.82896
10006573834;46.98766;5.50218
10008717035;45.53934;4.85374
10009133974;45.7995;6.72322
10009144793;45.93906;6.70852
10009774220;47.39395;0.68055
10009897418;48.62661;-4.46139
10009901149;48.62079;-4.50124
10010806554;45.22109;5.79441
10011038589;47.20496;-1.60334
10011137321;44.94136;4.88709
10011271917;44.81123;0.87334
10011271920;44.81194;0.87104
10011301363;47.46341;-0.56751
10011301364;47.46141;-0.56869
10011308345;43.3722;3.62405
10011357774;47.24776;-1.51787
10011429872;48.85039;2.38376
10011770821;47.67495;-0.88081
10012703568;48.19307;-3.98188
10012760293;43.663;-1.43177
10012828217;45.11985;5.67258
10012830208;43.43978;-0.69292
10012847964;43.23495;0.1974
10012866263;43.1751;0.01979
10012871167;43.22822;0.23593
10012871265;43.18554;0.35634
10012871266;43.39842;-0.62378
10012871433;43.47202;-0.92583
10012964825;45.11919;5.69245
10013290021;44.97396;1.32305
10013386960;44.43781;2.51389
10013386961;44.46377;2.55874
10013386967;44.40686;2.63081
10013461843;45.12064;5.69237
10013525891;45.44443;5.96377
10015154416;42.76522;1.48064
10015169194;42.71685;1.44993
10015176188;42.83055;1.03333
10015297517;48.88841;2.24031
10015398873;43.59955;3.85887
10015571668;48.83901;2.49134
10016059451;45.1182;5.67296
10018110401;48.85773;2.40589
10018130868;43.90186;7.1144
10018202928;44.64897;2.21846
10019051342;48.79867;2.1627
10019332084;49.92558;1.07057
10022605150;45.18577;6.48092
10022700641;43.42476;2.89064
10023595825;45.64138;2.09456
10024661470;43.21965;2.3486
10025027538;43.8523;7.1647
10025346100;45.56084;6.90924
10028226712;48.69072;5.95917
10028883322;47.57123;-2.04599
10030901767;47.87131;-3.91681
10030901772;47.87327;-3.91347
10031387402;43.93045;1.08698
10031416401;43.09992;3.11025
10031590064;43.70775;1.36145
10031666186;41.70405;9.12339
10031741894;44.41182;2.52106
10031770864;41.70161;9.12554
10031790411;41.70146;9.1226
10031861117;44.34147;3.22722
10031861573;41.70522;9.12532
10032361254;43.99292;4.13638
10032409518;43.79995;3.21341
10032438457;45.03876;3.88261
10032491455;44.84378;3.82973
10033149917;47.2141;-1.55089
10033505940;44.49712;0.15964
10033776519;44.65154;4.44257
10033867545;45.97291;5.40186
10033959417;44.79931;-0.64224
10034444796;43.59051;6.87553
10034681324;45.23148;5.33846
10034721471;43.72331;7.10989
10034722071;45.16996;6.42932
10034731180;45.58423;4.77571
10035007218;48.99732;2.19378
10035018736;48.41046;-4.44955
10036686517;44.87805;4.33154
10037536883;43.35916;-1.39947
10037872314;43.46652;3.46382
10038521416;43.86326;6.12703
10038546588;42.50393;3.06544
10038937731;-20.89184;55.47214
10038937732;-20.89208;55.47216
10038937733;-20.8927;55.47223
10038937734;-20.89741;55.47196
10038937735;-20.89582;55.4711
10039097419;46.21041;0.16316
10039946999;48.79292;2.49742
10040184576;42.69369;2.89486
10042279377;45.89176;6.10283
10042584888;44.78449;1.98505
10042584894;44.78455;1.98473
10042584895;44.78463;1.98453
10042606746;46.22748;-0.9424
10042607791;45.15042;5.72285
10043343905;48.69067;5.96538
10044488014;45.82165;6.02121
10045838709;49.1575;1.33625
10045868134;49.15797;1.33563
10045868135;49.15737;1.33564
10045934440;48.52683;5.97278
10046765950;48.02992;2.72506
10047030812;49.44184;1.08778
10047164389;43.806;3.5869
10047425464;43.91905;2.16886
10047603517;45.1924;5.72783
10047988074;44.81224;-0.13995
10048137802;44.84523;5.58041
10048720917;46.49545;5.31629
10048724561;45.16158;6.43714
10048827792;46.32454;-0.46933
10049061861;49.10923;6.17153
10049558773;42.93405;1.11509
10049558774;42.93231;1.11365
10049558775;42.92224;1.12477
10049558777;42.89334;1.15266
10049606391;42.87288;0.33735
10049606394;42.79103;0.22771
10049606395;42.98435;0.22694
10049606397;42.87225;-0.00183
10049606398;42.83283;0.00065
10050996065;44.49131;1.08491
10051644475;42.50615;3.05573
10051993454;43.8947;-0.50184
10053069235;45.6894;-1.16815
10053069236;45.68672;-1.16452
10053069237;45.68663;-1.16641
10053581586;45.19955;5.71426
10053948652;42.93896;1.06471
10053948653;42.93845;1.06476
10053948665;42.94677;1.05823
10054141947;46.37061;6.32581
10054197342;45.68287;4.859
10056543499;46.32466;1.90924
10056748170;46.35373;5.45429
10057014436;48.59405;2.44252
10058150879;48.34427;7.30488
10058362102;47.31196;5.11582
10058505826;48.39003;-4.50115
10059493324;46.24306;3.80723
10059573850;46.34216;2.60439
10060693713;48.95489;7.94066
10060900860;45.47465;4.5324
10062283028;48.44746;-4.46922
10062482907;42.07051;8.78813
10062519762;48.36375;-4.53033
10062528569;45.47518;4.53383
10063892317;45.92281;6.87146
10064648210;43.49459;-1.47742
10065554222;45.46986;4.53283
10066656283;44.50444;1.13961
10067088822;47.50858;-2.80655
10067420095;43.28151;2.45869
10068567695;43.53467;-1.01546
10068698760;44.35607;2.55782
10068847893;44.83575;-0.59854
10068863212;44.83505;-0.59808
10068894224;43.49168;-0.77019
10069025372;43.89517;-0.47877
10069084750;43.89645;-0.48013
10069159171;48.89916;2.37059
10069173577;42.97808;0.70585
10069174093;42.9775;0.70704
10069223492;48.90022;2.36605
10069282104;45.8959;4.82717
10069511811;44.65999;4.70809
10070027836;48.97368;2.32679
10073127759;45.19398;5.72012
10073443024;47.38649;-1.55993
10073468846;48.33759;-4.41432
10075182735;45.91055;6.13092
10076258383;47.54625;0.32017
10078447311;42.8908;-0.42831
10079263672;45.17721;5.55134
10079818263;48.55642;3.71254
10079837746;43.22317;-0.38807
10080593658;48.37713;-4.40946
10080596837;43.89464;-0.50782
10080596886;43.89492;-0.51835
10080596888;43.89447;-0.51857
10080596890;43.89352;-0.51891
10080673960;43.88359;-0.52013
10080673961;43.88347;-0.5204
10081921317;47.47332;-0.54509
10082214433;44.95477;4.89745
10082762303;45.19097;5.71436
10082762304;45.19106;5.71447
10083314399;43.60169;1.46347
10083586403;45.66063;1.70825
10083908602;44.57036;4.3892
10084037666;43.48429;-1.14064
10084198940;44.10247;4.75372
10084203775;42.68287;9.44162
10084637720;48.79532;2.29468
10084680019;48.791;2.45623
10086649058;44.59032;6.58328
10086887481;48.92397;2.44533
10086903050;48.9247;2.44511
10086907954;48.92446;2.44547
10086909754;48.92549;2.44545
10087009344;48.92615;2.44368
10087125062;48.45419;2.19352
10087142309;47.32153;5.04131
10087143779;16.41355;-61.51555
10087552766;44.81412;-0.59711
10087843164;45.75717;4.76779
10088653493;43.09528;-0.71477
10089628603;43.71127;-0.83852
10090181834;-21.37212;55.58351
10090411069;46.21268;4.01869
10092601628;45.16069;5.73236
10093317051;43.61785;1.03066
10095936272;44.31285;3.33693
10098323255;47.8312;2.36144
10098553370;48.89689;2.3576
10102811220;45.57072;2.8975
10102861719;43.42609;2.17081
10102881600;49.2792;-0.70849
10103289750;44.64374;-0.99926
10103420688;48.95523;2.8996
10103689755;45.16064;6.44223
10103730875;42.59491;2.45254
10104436913;44.82324;-0.56284
10105928119;44.80815;-0.79991
10106068417;48.98484;2.24423
10106068717;48.98487;2.24411
10106096007;48.61001;7.76026
10106096008;48.61042;7.76126
10106103712;45.94495;5.80282
10106276333;44.81222;-0.78031
10106485019;43.56796;6.18182
10106498820;47.98464;0.24971
10106541826;45.76558;5.60994
10106668617;45.07104;5.24373
10106713971;50.2977;2.77956
10106808944;45.21617;6.4163
10106808952;45.19615;6.40603
10107159621;48.89702;2.36218
10107394056;43.44985;4.41638
10107394061;43.56071;4.18397
10107394062;43.5519;3.77644
10107588967;45.88664;1.39774
10108544044;43.38252;3.46637
10108544045;43.3911;3.49413
10108544046;43.36154;3.42778
10108544047;43.3615;3.42803
10108596542;44.36999;3.53626
10108596543;44.37095;3.53391
10109752683;43.20355;-0.21656
10110827585;42.97752;-0.60042
10110827670;42.99516;-0.61695
10110973995;45.21423;5.78146
10111266665;46.31864;-0.73321
10111269964;48.56099;7.77156
10111340530;43.56069;4.08804
10111657973;42.91986;-0.61498
10111704545;43.26444;-0.84957
10114532841;42.57854;2.92817
10115132813;48.19315;7.32575
10115213909;45.14592;6.41973
10116878481;44.84637;-0.52828
10117236703;42.66775;2.89107
10118208216;48.414;7.215
10118208462;48.40985;7.23221
10118879067;45.1068;5.67283
10119100330;43.61426;3.82228
10119188749;48.83232;2.11581
10120508039;42.31423;9.49064
10120589750;42.3154;9.4839
10120633312;42.31351;9.47989
10120649149;42.31481;9.47626
10121080746;45.93656;6.64266
10121197791;48.72589;2.12594
10123122720;49.02579;1.1559
10123454045;43.68295;4.27225
10123454059;43.68236;4.27211
10123467842;44.62044;4.38701
10124001753;45.18464;0.72345
10124016076;48.59517;2.17616
10124723417;48.90332;1.61924
10126118318;45.20609;5.77292
10126374994;44.42919;5.71789
10126554562;43.44712;5.63911
10127517618;43.18153;2.41533
10128383310;45.73791;4.87961
10129862066;44.45931;5.83063
10130357220;45.66526;1.54217
10131109193;45.50128;6.03205
10131129030;45.49906;6.03271
10131269787;44.42378;2.21896
10131972838;45.16132;5.70725
10132148994;44.49557;5.84531
10132693219;43.55102;7.01083
10135145409;48.83949;-1.56
10135279917;43.62662;7.10011
10136317477;44.86348;-0.72541
10136364607;42.95847;1.1826
10137680975;49.28204;4.01756
10137743917;43.49168;-0.77013
10137744017;43.47799;-0.8144
10137797097;43.55508;1.42909
10137927744;45.46584;5.97262
10137927745;45.46652;5.97265
10138059132;43.6081;1.45264
10138460129;45.5574;6.66369
10138545393;44.801;4.78037
10138545406;44.80066;4.77898
10138677769;44.74484;5.7669
10139329719;45.24887;5.82862
10139431628;44.89827;4.23993
10139521346;48.37596;2.79296
10139588317;43.59304;5.81067
10140035108;48.35378;-1.20414
10140279446;45.43395;5.51717
10140288322;45.75744;4.83131
10140338040;43.08474;2.95999
10140493417;45.18779;5.72724
10142256813;47.33259;5.0464
10142319072;43.66368;7.03853
10142690562;43.48199;1.07143
10142731817;47.33055;1.06455
10142783305;43.67998;7.0348
10142791073;46.78818;3.96975
10142791074;46.67449;3.91144
10142791076;42.78536;1.87737
10142824052;48.87728;2.27008
10143150655;44.30256;4.55663
10143392310;47.9104;-2.98372
10144711675;44.47614;6.76186
10146999834;43.60804;1.45206
10147221783;44.70974;5.40166
10147250518;48.87185;2.37249
10147421014;43.06619;2.96621
10147524736;43.00068;1.13768
10147543065;46.64826;5.677
10147627199;43.85437;1.8113
10147734764;48.90517;2.31717
10147787917;43.61447;3.92898
10147929559;44.54736;6.61421
10148258769;48.76946;5.83536
10148394089;45.66195;6.25936
10148405766;45.65116;6.20689
10149268651;43.81674;4.36583
10151514393;43.38506;2.61967
10151997119;44.09845;5.2418
10152349254;43.12419;6.0096
10152350021;43.0877;6.07758
10152357922;43.10304;5.89922
10152363825;43.0869;6.08426
10154012007;43.84852;6.51204
10154472972;45.1464;5.69788
10155010666;43.41545;3.67269
10155879885;45.22686;4.65494
10156773818;46.2578;5.57954
10157307641;43.60217;3.92563
10158139316;42.79283;0.98623
10158179470;42.80526;0.99004
10159197726;43.29591;5.36212
10159214408;44.49297;4.05086
10159278151;44.49325;4.0511
10159331605;43.84606;4.34484
10161492532;45.49346;5.59228
10162389883;49.10735;6.1679
10162475800;44.33613;3.50473
10162543043;43.83516;1.02354
10162543044;43.84394;0.9123
10162543045;43.90289;0.94073
10162543047;43.95194;0.98625
10163963894;43.59043;7.00407
10163963895;43.5906;7.00474
10166228020;-20.89058;55.45355
10169278635;45.55352;6.01375
10169451292;47.9252;6.48346
10172176225;48.03059;7.14604
10173062826;45.16329;5.72248
10173069527;45.16316;5.72438
10173590621;43.51912;-1.48158
10173785911;48.82261;2.26842
10174249017;44.3713;1.54506
10174374465;48.82211;2.41353
10175385506;-21.29866;55.45802
10176004017;46.76817;5.62141
10176102984;44.15519;2.92071
10176596118;44.38849;1.40061
10177333410;46.91542;6.26912
10177333443;46.92149;6.26725
10177767110;42.17317;9.24671
10177870366;47.47415;-0.56223
10178017053;42.16163;9.23292
10178278855;45.21297;5.69626
10178279760;45.21553;5.69108
10178434196;46.22856;-1.53917
10178553969;44.21693;-1.29478
10178777877;44.21687;-1.29467
10178796225;44.11849;3.76271
10180526496;48.8274;2.28021
10180544017;42.99773;-0.08151
10180544317;43.00418;-0.0959
10180597236;43.55086;7.01009
10180938105;47.91819;-2.3634
10181000801;43.55124;7.00998
10181084054;44.15471;2.92195
10181129002;46.87217;5.6257
10181949624;43.55309;7.01639
10182540913;45.7543;1.43364
10183427051;45.76881;1.53659
10183427082;45.65909;1.71134
10183427089;45.66453;1.64943
10183433427;45.71589;1.60327
10183525436;44.06398;6.12942
10183526511;44.05222;6.14934
10183539334;45.90005;5.34222
10184149608;44.5522;4.41341
10184152945;49.57121;5.27537
10184518005;46.58183;1.98341
10184642667;46.21489;1.16629
10185636105;45.90621;1.60923
10185945085;45.47242;6.19063
10186883921;46.15159;5.71447
10187048987;42.93587;0.91517
10187839074;48.75928;4.54458
10188259186;46.43223;4.47244
10188261570;46.43359;4.47517
10188744012;48.9116;2.35979
10195441116;43.56675;7.11537
10197206869;45.79543;1.6279
10197206870;45.79582;1.62664
10197206874;45.79745;1.63129
10197335511;45.63277;1.58273
10197524062;43.36957;5.3565
10198195041;46.65904;5.73001
10198283717;42.99574;-0.81013
10198394283;45.89618;3.10647
10199070519;48.87755;2.39526
10199344618;43.20782;-0.90638
10199464548;47.47409;-0.55837
10200119883;43.54632;7.03974
10200224833;46.15579;-1.15204
10201421277;45.06201;5.82395
10201526834;45.06303;5.81899
10201726936;43.34398;6.70137
10201970544;45.76397;6.02944
10201975132;45.76442;6.02941
10202185454;45.07497;5.84594
10202295502;45.83792;4.50895
10202328735;45.0649;5.8156
10202328736;45.06501;5.81627
10202354618;48.87942;1.92628
10203158159;44.28834;5.95792
10203161223;44.30409;6.03368
10203161529;44.45199;6.12774
10203639400;43.22939;6.58553
10203664723;43.22856;6.58552
10203664748;43.22937;6.58502
10203723370;45.49801;5.48343
10204071471;43.76319;1.77375
10204089617;46.67126;5.53666
10204449568;45.1856;6.4822
10204865205;43.98791;6.87377
10209049059;43.66363;-1.44271
10209049060;43.66283;-1.44326
10209049061;43.66219;-1.44346
10209049062;43.66089;-1.44381
10209049063;43.66369;-1.43176
10209049064;43.66165;-1.42822
10209197611;45.17312;5.71507
10209335917;43.19621;-0.96582
10209627088;45.15454;5.71718
10209742834;45.15469;5.72314
10212132089;45.21588;6.72048
10212855601;43.4941;-0.40882
10212855609;43.49702;-0.4056
10213840628;44.8261;-0.55756
10214372078;45.15928;5.76412
10214372079;45.15891;5.76463
10215277232;48.80998;2.50662
10216994174;45.90692;6.13336
10217166265;43.11822;6.12854
10217166267;43.12106;6.13449
10217326609;45.53494;5.89575
10219142304;45.19135;6.47761
10219224510;48.8771;2.39367
10220198672;48.79658;2.29617
10220434656;48.8106;2.36483
10220434658;48.81025;2.36608
10220434659;48.80928;2.36667
10220434660;48.80955;2.36805
10220434661;48.81063;2.36733
10220434662;48.81084;2.36826
10220434663;48.81179;2.36652
10220434664;48.81237;2.36892
10220434669;48.81162;2.37092
10220434670;48.80949;2.3726
10220434671;48.80864;2.36992
10221543672;43.73931;0.00885
10223319043;43.30652;5.45979
10223319044;43.31069;5.44945
10223337401;42.52638;3.08271
10223382519;43.37773;-1.73892
10225131817;45.62891;4.8246
10225845895;42.76786;2.87022
10225849103;43.02998;2.97585
10226203662;45.16437;5.72529
10227883614;47.73438;-2.58732
10227883615;47.73433;-2.5864
10228517898;48.39418;-4.489
10235957088;50.49388;2.8895
10235957105;50.4934;2.88928
10235957106;50.49446;2.88973
10236031773;50.4955;2.88924
10236077202;43.01125;1.49742
10238264209;43.36263;-1.69885
10240687827;48.01857;7.52837
10240742146;42.54859;2.11345
10244298015;49.15468;-0.28863
10247429482;43.39262;3.68655
10247499337;43.94905;7.00791
10249595067;46.22206;-0.49123
10250740941;-21.18157;55.535
10251773623;44.04577;4.44046
10252521705;-21.06598;55.5243
10253208651;43.26403;-0.58697
10253618430;48.90682;1.84863
10253769398;48.51031;0.63572
10255150860;48.62909;-4.5264
10255830738;43.0343;1.41939
10261201685;45.76549;4.89906
10262558909;45.08593;5.47334
10268077172;43.14692;2.97199
10271181214;45.71752;4.88589
10271714323;45.70501;4.90076
10271926473;43.26055;-1.61862
10272030439;43.30461;-0.22904
10272136284;42.94728;1.47823
10272136343;42.94433;1.47689
10275581551;43.19885;2.14062
10276841599;42.94104;1.48539
10278825529;48.67077;5.91279
10279858905;48.74344;-3.54891
10279935640;43.27795;5.30362
10280122503;45.47474;6.52744
10280255900;47.82848;2.365
10281195854;48.88514;2.53576
10282681547;47.91099;1.52953
10282683175;47.91156;1.52296
10282685074;46.16231;-1.15376
10282766913;49.52434;0.72639
10282968166;46.16517;-1.15674
10284410998;43.4363;-1.45484
10284767776;46.16142;-1.14895
10285727076;42.78527;0.63457
10285831954;46.54962;1.15728
10286092395;46.15561;-1.16103
10287257978;43.67238;7.00192
10287313584;44.90561;4.32713
10287593039;46.1556;-1.17124
10287878645;43.30921;-0.35768
10287945347;47.90987;1.52828
10287945355;47.91104;1.52746
10289640493;47.98273;5.6274
10290050517;45.56971;5.98175
10290223198;43.22255;-0.47662
10291151166;45.55873;5.99713
10291234588;45.22522;5.65394
10291954728;42.80077;1.17566
10291960732;46.25475;-1.02197
10292937512;43.14746;-0.45584
10292973039;43.47505;-0.75805
10293495831;45.71694;6.57543
10294218685;42.86045;1.08516
10297234809;42.92658;1.62394
10297402164;45.25895;5.3711
10297407319;44.57637;2.16338
10298234389;43.22514;2.95382
10299251878;45.91802;6.1279
10299261783;43.19322;-0.83998
10300957499;45.1757;5.74242
10301039544;42.75726;2.06404
10301250980;46.6732;5.55505
10301375842;42.75996;2.05398
10303060882;48.6983;6.06089
10304396389;45.77354;4.86622
10307435036;43.97885;7.05317
10308189244;-21.38438;55.60968
10308189245;-21.38531;55.60863
10308719643;45.43226;5.97666
10308823816;43.82889;5.40394
10308824210;44.16334;5.00272
10309144022;45.86903;6.18929
10309264277;48.46455;5.95132
10310394690;43.62964;2.49374
10310413402;47.75677;6.66027
10310438419;47.81566;6.68349
10310439879;48.43749;7.40445
10310440343;43.48984;2.75656
10311001566;49.34081;-0.89696
10312924209;44.99515;5.67568
10313377497;45.52413;6.01137
10313443479;45.52392;6.01314
10314778532;46.10848;5.91686
10314829603;43.98563;2.13944
10314993122;45.08759;5.46744
10315124665;48.90345;2.32335
10370485422;45.43775;-0.43623
10537982859;43.628;3.81194
10539179736;48.86084;2.4107
10539179737;48.86091;2.40993
10554243114;48.87123;2.38459
10554755171;48.86283;2.34527
10557086221;48.84553;-2.99963
10561803277;44.67129;5.47621
10561869086;45.59645;5.84804
10561869088;45.5954;5.84542
10563529796;42.56157;2.82521
10563529804;42.56169;2.82633
10565040181;47.47408;-0.56257
10566103559;46.0826;6.72246
10566103560;44.73321;0.35162
10566103561;46.11006;6.74606
10568319178;46.0527;6.32954
10568319179;44.77635;0.37354
10568319180;46.11859;6.35794
10570291012;43.3211;-0.0067
10570637546;44.76797;4.44466
10570688265;48.96266;2.49353
10571610436;45.85765;1.26442
10576694808;48.96155;2.50131
10578511589;47.27059;-1.62321
10579673743;43.82316;4.27925
10580135119;42.58797;2.84174
10580135121;42.58783;2.84141
10582465920;46.13299;6.43025
10582881005;48.7558;6.9816
10583971785;42.3045;9.05627
10583971791;42.12399;9.13747
10583971793;42.11901;9.13317
10583971794;42.09901;9.24372
10583971797;42.53919;9.1445
10583971798;42.51802;9.16766
10583971799;42.29015;9.07189
10583971800;42.54097;9.19558
10583971803;42.26852;8.69276
10583974405;42.5061;8.85535
10583974406;42.31781;9.07651
10583974408;42.27341;9.10311
10583974411;42.12464;9.12286
10583974412;42.25081;8.99684
10583974413;42.10815;9.11537
10583974414;42.02605;9.20128
10583974440;42.3544;9.04195
10584492356;48.78902;2.23144
10584492357;48.78558;2.22617
10586074218;42.57725;2.84744
10586391984;45.73772;4.83663
10586592206;48.82258;2.29047
10586592208;48.82245;2.2918
10586592209;48.82257;2.29229
10586592210;48.82226;2.29216
10586592211;48.82191;2.29183
10586592212;48.82198;2.29237
10586592214;48.82481;2.29192
10586592215;48.82473;2.29594
10586592216;48.82538;2.29967
10586592217;48.82979;2.2824
10586592219;48.82392;2.27829
10586592220;48.82608;2.26968
10586592221;48.82703;2.26472
10586592223;48.81813;2.2581
10586592224;48.81745;2.25958
10586592225;48.81734;2.26091
10586592226;48.8168;2.25872
10586592227;48.81553;2.25794
10586592228;48.81675;2.26093
10586592229;48.81577;2.26016
10586592230;48.81614;2.26085
10586592231;48.81555;2.2609
10586592232;48.81599;2.26172
10586592233;48.81515;2.26144
10586592234;48.8155;2.26222
10586592235;48.81471;2.26203
10586592236;48.81517;2.26338
10586592237;48.81504;2.26336
10586592238;48.81496;2.26295
10586592239;48.82041;2.26801
10586592240;48.81974;2.25208
10586592241;48.81883;2.24849
10586592242;48.83357;2.25201
10586592243;48.83447;2.25609
10586592244;48.83337;2.25784
10586592245;48.84035;2.2512
10586592246;48.84065;2.25118
10586592247;48.83662;2.24824
10586592248;48.8391;2.24462
10586592249;48.83881;2.24471
10586592250;48.83834;2.24461
10586592251;48.83816;2.24406
10586592252;48.83815;2.24463
10586592253;48.83757;2.24446
10586592254;48.8378;2.2445
10586592255;48.83598;2.24259
10586592256;48.83363;2.237
10586592257;48.82982;2.24157
10586592258;48.82824;2.2412
10586592259;48.8257;2.23657
10586592260;48.82353;2.24163
10586592261;48.82415;2.24054
10586592262;48.82433;2.24016
10586592263;48.83226;2.24621
10586592264;48.83218;2.24627
10586592265;48.83075;2.25082
10586592266;48.83159;2.25418
10586592267;48.83176;2.25303
10586592268;48.83117;2.25287
10586592269;48.83038;2.25349
10586592270;48.83032;2.25333
10586592271;48.82996;2.25228
10586592272;48.83129;2.25535
10586592273;48.83081;2.25443
10586592274;48.83028;2.25558
10586592275;48.83001;2.25496
10586592276;48.82887;2.25327
10586592277;48.82956;2.25405
10586592278;48.82905;2.25464
10586592279;48.83999;2.22909
10586592280;48.85067;2.22961
10586592281;48.8492;2.23167
10586592282;48.81999;2.20121
10586592283;48.81464;2.23944
10586592284;48.8151;2.23899
10586592285;48.79986;2.23206
10586592286;48.79951;2.23268
10586592287;48.79955;2.23164
10586592288;48.7992;2.23235
10586592289;48.79859;2.23167
10586592290;48.79814;2.23137
10586592291;48.79817;2.23053
10586592292;48.79853;2.23053
10586592293;48.79869;2.23311
10586592294;48.81368;2.2076
10586592295;48.81453;2.21045
10586592296;48.81428;2.20956
10586592297;48.82669;2.17676
10586592298;48.82694;2.17662
10586592299;48.82776;2.1768
10586592300;48.82743;2.17683
10586592301;48.82741;2.17648
10586592302;48.8269;2.17653
10586592303;48.82661;2.17619
10586592304;48.82627;2.17585
10586592305;48.81508;2.22583
10586592306;48.81162;2.23751
10586592307;48.79085;2.22241
10586592308;48.82469;2.2169
10586592309;48.81218;2.19219
10586592312;48.80475;2.1904
10586592314;48.80833;2.18866
10586592315;48.80851;2.18866
10587373953;43.5004;3.0287
10589181657;49.03468;2.07287
10589428348;44.61767;2.25998
10589557124;42.72035;1.84041
10589557133;42.71983;1.84186
10591641132;45.13996;5.79161
10591687368;45.11886;5.81123
10593081673;43.56545;3.44943
10594563396;43.95426;5.93042
10594597537;43.95493;5.93101
10597020206;48.51163;2.12361
10598334618;43.79438;7.03965
10598593656;47.23951;-1.55506
10599705192;48.72273;2.26773
10599971918;43.25583;-1.07148
10600960219;46.34281;6.47928
10602771582;46.00262;0.84993
10603779164;44.52933;1.80096
10606216197;45.98759;5.37474
10606709753;43.52756;3.86725
10607067075;48.52061;2.69689
10607145518;48.53039;2.68147
10608508709;45.20869;5.70352
10609165644;45.68484;6.58075
10612722456;48.94386;2.3477
10612748902;48.94408;2.35014
10621297879;44.17825;5.13052
10621420267;45.73803;4.83531
10629618808;48.94204;2.35169
10633382500;44.62577;1.98733
10647280127;44.6423;1.99629
10648353397;46.1945;6.2245
10649887853;43.35124;-1.40827
10649975370;49.02182;1.14076
10651449258;49.21436;1.78398
10652400479;48.70589;2.32341
10652864374;43.2767;-0.18178
10659605023;46.12873;6.5427
10659718862;48.62757;-2.05481
10661215965;43.30851;-0.36872
10669099241;-21.12598;55.47926
10669145338;-21.13106;55.49553
10669151444;-21.1371;55.48509
10669830085;45.21291;5.89307
10675836734;45.58596;5.2771
10678662427;43.24874;-0.30441
10678747139;45.07352;-0.63324
10678774658;44.87856;-0.46542
10678779460;43.56712;1.37093
10678947521;48.23442;5.71632
10679134105;47.21482;-1.53678
10679413724;43.69669;7.27715
10680021245;45.91247;6.31796
10680026232;42.85734;0.65224
10681397136;45.91393;6.34809
10681397144;45.90637;6.34434
10681451245;44.22779;4.62064
10681659361;45.49613;5.53669
10681718040;45.5533;6.531
10682579717;44.21692;5.08443
10683781418;45.34227;6.00862
10684315958;44.87132;5.02167
10685030349;48.407;5.94792
10685030370;48.40704;5.94692
10686461018;49.02228;7.15259
10686948864;43.39602;1.71849
10688565691;43.54909;3.70331
10691938807;45.15208;5.74239
10693648622;45.75485;4.90776
10694869698;45.09457;5.67658
10695060892;42.81981;0.32015
10695607961;43.21434;-0.36064
10699811207;47.89501;1.94041
10700096238;45.53637;5.58597
10701447102;45.82908;6.18032
10701449005;45.82944;6.18045
10701449014;45.82935;6.18017
10701503228;45.82888;6.18085
10704608352;-21.01485;55.26118
10705154114;47.23909;6.00519
10705291581;42.81429;2.74697
10705291590;42.81339;2.74565
10705391705;45.00686;6.4684
10707622694;46.19641;6.22254
10710953790;42.57067;2.85955
10711017219;43.32033;-0.22765
10711085864;43.3162;-0.18374
10711724910;45.17681;5.7362
10711754616;45.18923;5.71307
10712073044;48.28384;2.59704
10712805709;45.23537;5.67691
10712902918;45.58526;4.87825
10712995461;45.61939;6.77468
10716069831;44.83262;6.51253
10716069832;44.82504;6.53527
10719129819;44.09494;6.2317
10720022024;45.21304;6.69078
10721197613;42.57152;2.90204
10721202782;45.79441;4.84871
10723142083;47.90693;-1.39948
10725978088;45.8339;1.57134
10725978089;45.83291;1.57164
10725978090;45.83267;1.57087
10726061629;47.21619;-1.54161
10726063051;45.90626;1.50711
10726063052;45.91082;1.51425
10726110405;49.09598;6.24314
10727254890;-21.37786;55.62068
10727315051;-21.29677;55.45305
10727620827;43.85496;4.43189
10727620829;43.82908;4.37231
10727660905;48.48516;3.25388
10730388824;45.88943;6.02665
10730714064;49.03568;7.68732
10730729580;49.03705;7.67772
10730757359;49.03702;7.68228
10731075012;49.03556;7.69284
10734133852;-21.04043;55.42617
10734626810;42.43934;3.17306
10735187705;45.20329;5.71802
10735939878;48.70093;6.07057
10737027604;48.83257;2.39683
10737178209;46.68087;5.56587
10738086232;43.56589;7.07379
10738618689;45.78142;4.86266
10739839565;47.91493;6.57963
10740302405;47.82395;1.69196
10741045315;45.87884;1.56381
10741045317;45.91513;1.4392
10741045318;45.79598;1.48211
10741045319;45.70778;1.47397
10741045320;45.70798;1.47501
10741045322;45.78225;1.54183
10741045323;45.78601;1.54516
10741128731;45.76869;1.53932
10741285948;47.27498;-0.11083
10741711957;48.86309;2.18015
10743120630;43.23351;3.05633
10743135354;43.3876;-1.66979
10743240996;48.80931;2.21712
10743274146;42.61141;2.80804
10743514745;44.63057;-1.20326
10743707805;43.6452;3.38962
10744768768;45.52013;-0.3047
10744889526;43.16498;-1.19422
10744889842;45.38142;5.54166
10748443588;43.76064;6.44216
10749103223;48.69239;6.20173
10750314400;43.20945;2.36449
10750834278;44.67528;6.67013
10751009436;44.62589;1.98762
10751513496;48.75413;2.22274
10751613143;46.22256;4.67433
10751794548;43.65577;6.13087
10752690120;43.88869;1.43988
10753256654;43.54273;-1.369
10753282148;43.56806;5.35638
10753326304;43.56838;5.35451
10754380947;43.24425;-0.66884
10754426182;45.1693;5.74342
10759959036;44.13162;3.34863
10759959037;44.12998;3.35024
10759959039;44.1312;3.34894
10760064941;47.34377;1.17792
10761108519;44.04615;6.02948
10763348595;44.26537;5.85759
10764351498;48.88067;2.22816
10766101087;43.70092;7.27181
10768626806;43.73241;-1.04519
10768943497;48.89469;2.24993
10769680629;45.76466;4.85065
10770639253;43.49019;-1.49914
10771319182;45.79013;3.08326
10771340805;44.47098;1.3604
10772678550;43.2675;5.39436
10773210544;46.20677;5.22351
10773485046;45.27525;5.64685
10777353705;48.53615;3.26368
10777585938;43.61856;7.04728
10777620808;45.24343;5.49881
10779293819;46.32919;6.37565
10779668992;48.83478;2.40631
10780255662;48.90447;1.88767
10781147837;44.00572;2.69551
10781150305;43.97878;2.79819
10781378526;45.92976;1.03799
10784284495;45.73035;4.87772
10785134557;45.05473;0.40124
10786990638;47.43259;0.70355
10787119959;45.07209;5.55149
10787187747;45.12976;5.52894
10787282274;46.1796;5.32394
10788130594;45.04217;3.88744
10788130601;45.04128;3.88766
10789796013;45.17573;5.74814
10789796015;45.17728;5.74984
10789819005;44.43714;1.44069
10790553706;43.55545;5.19419
10791144774;43.62391;6.69663
10792970686;48.01283;7.07231
10793715903;49.01564;1.38672
10795709477;46.80836;1.69373
10796550499;43.27946;5.30657
10796563939;43.27053;5.36382
10796708462;43.72993;6.5719
10796930535;48.63591;-2.08181
10797220713;45.76389;4.8661
10798048616;43.87663;7.4527
10798824899;44.85682;3.4937
10798865893;44.50998;1.32845
10799402366;43.77506;-0.23448
10799582108;45.67528;4.90052
10799694269;48.54541;5.35094
10799825295;47.7346;3.60056
10799855066;46.75389;5.81428
10801389707;45.8804;5.84306
10801673092;45.30078;5.62887
10803942279;45.87644;4.83964
10803943015;45.8564;4.8079
10803976524;44.79783;1.35027
10803982318;48.4783;0.84734
10804402541;43.19215;3.00272
10804459835;43.17703;2.78466
10804504859;43.23765;5.40325
10804824097;46.79897;2.78522
10805180182;45.81859;4.18386
10805180184;45.79889;4.23165
10807040241;48.6998;-1.43773
10807058654;45.48308;6.23011
10807769394;48.63582;-1.51016
10808437654;45.2385;3.35275
10810974368;45.75978;4.27392
10811034980;44.26333;6.26774
10811572288;43.95387;4.80126
10811572289;43.95322;4.80644
10812254075;44.73689;2.06072
10812254076;44.73665;2.06071
10814626845;43.61493;1.45782
10815811983;48.65188;-4.30376
10815854134;48.6572;-4.20829
10816310334;47.40067;0.70838
10816453308;47.88742;7.00242
10816899827;43.58376;3.83076
10819102906;48.38335;-4.51732
10819102907;48.38335;-4.51733
10819158795;43.94752;4.81499
10819518487;45.40459;6.07327
10819674399;47.96677;3.53202
10819885458;43.93941;4.7995
10819885459;43.93639;4.79945
10819885460;43.93522;4.79636
10820230089;44.02895;6.86642
10821592481;42.56817;2.90616
10822041078;43.9294;4.80492
10822041079;43.93457;4.80586
10822041080;43.93625;4.80997
10822076268;43.26094;5.38318
10822133751;43.93217;4.81274
10822133753;43.93278;4.81543
10822133754;43.93084;4.81133
10822133755;43.93628;4.81786
10822133756;43.93779;4.81931
10822133757;43.93807;4.81885
10822160172;42.02938;8.76199
10822167288;43.94386;4.8244
10822167289;43.94458;4.83051
10822167290;43.94316;4.82779
10822167291;43.94482;4.83392
10822167292;43.94616;4.84602
10822167294;43.9524;4.83917
10822167295;43.9515;4.83911
10822167296;43.94968;4.82741
10822167297;43.94923;4.82311
10822167298;43.94778;4.82595
10822180130;45.84823;1.42911
10822209810;43.94482;4.85508
10822209811;43.9428;4.84153
10822209812;43.92783;4.81681
10822209813;43.92753;4.81548
10822220360;43.92668;4.82423
10822220361;43.93113;4.83351
10822220362;43.92872;4.8417
10822220363;43.92906;4.8442
10822220365;43.92982;4.84443
10822220366;43.93026;4.84341
10822220367;43.92901;4.84562
10822220368;43.93261;4.84311
10822220370;43.9314;4.87182
10822220371;43.93181;4.8718
10822220372;43.9354;4.87105
10822220373;43.9369;4.872
10823617993;43.11503;5.79901
10823627036;43.1187;5.79814
10823978797;47.95554;3.53662
10824107272;43.84904;-1.35843
10824181792;45.46933;4.73409
10824235815;48.8221;5.9788
10824421624;43.33165;5.21816
10824442968;41.91088;8.64373
10824671787;43.22814;1.97511
10825018458;48.86111;1.78918
10826302935;43.31325;1.53249
10827436217;41.84255;8.767
10829169181;44.09547;1.88671
10830386905;45.78358;3.0841
10831389536;44.61574;5.45176
10831633685;43.22553;0.64873
10832042765;48.48089;-3.7949
10832441682;43.30072;-0.36841
10833560507;44.31779;5.54979
10833606838;43.06379;2.96086
10833644386;48.8155;-0.1941
10836677974;44.54114;6.51946
10837141910;50.65357;3.1949
10837141911;50.65182;3.1927
10837141912;50.65233;3.19175
10837141913;50.65261;3.19212
10837141914;50.65292;3.19254
10837141915;50.65326;3.19308
10837141916;50.65383;3.19373
10837141917;50.65291;3.19466
10837141918;50.65242;3.19419
10837141919;50.65164;3.19357
10837199551;45.83069;1.47916
10837199557;45.84058;1.49102
10837883396;43.77592;7.50763
10839876278;45.78427;4.85693
10846088305;47.31205;5.11542
10846089037;45.62603;4.45807
10846089038;45.62644;4.45727
10851997885;42.3884;9.35371
10852612526;42.37621;9.36824
10852665194;43.96557;4.80071
10853279392;45.28556;5.64579
10853279395;45.28515;5.64619
10853951235;48.81777;6.0972
10855982949;43.95287;4.76677
10856037306;44.50469;5.57731
10858002398;42.81108;2.50521
10858045119;47.26037;-0.07782
10858124683;43.50321;-1.46582
10858124684;43.50332;-1.46504
10858126538;48.85224;2.36909
10858164264;46.43412;1.61175
10858218858;42.98482;1.14437
10860119305;48.87225;2.413
10860586735;45.79562;5.11663
10860586753;45.79549;5.12025
10860686025;46.48256;0.45401
10860797034;48.88658;2.37713
10862311684;45.13457;3.81297
10863723091;43.43238;1.44197
10863736028;43.53326;1.41449
10863989074;42.67434;2.90165
10863989075;42.67456;2.9037
10864326868;45.49471;4.90745
10864367140;-21.38093;55.61363
10864641124;46.35484;0.46146
10865105105;43.84494;6.72901
10865352699;48.82469;2.22549
10865899303;42.62496;3.03637
10865941205;42.62503;3.03635
10865941208;42.62602;3.03619
10865941209;42.62609;3.03617
10865941214;42.62724;3.036
10865941218;42.62731;3.03598
10867431294;49.06487;4.02778
10867928416;48.60587;0.17175
10869357705;46.29752;4.02761
10870578404;46.22272;5.23481
10870607675;43.48748;-1.53577
10870807995;43.31542;5.42249
10871044093;45.77716;4.83999
10871133656;45.77848;3.11096
10871517406;43.97738;4.16852
10871673524;43.43871;1.59362
10871699135;43.49768;1.43495
10873253005;44.44235;1.44232
10873561606;44.54966;-0.86806
10873743939;-21.00937;55.27338
10874946251;43.73453;5.17893
10875473675;43.86479;6.75753
10875543127;45.56128;6.02056
10875727974;48.83479;2.31387
10875970993;43.42369;1.75548
10876000372;45.39151;5.73426
10876000385;45.39055;5.73541
10876034305;44.4481;1.4428
10876117392;44.5452;0.00017
10876156705;45.97518;6.92217
10876308092;-21.37797;55.61518
10876357767;-21.34059;55.47478
10876505830;45.07098;5.77211
10878036711;43.58232;7.12256
10879263888;43.59987;7.09095
10879320794;45.22096;6.42064
10879416445;48.68885;2.29702
10879520589;43.3367;5.48621
10879520783;44.51685;1.72411
10879608101;45.20572;6.41931
10880259617;44.271;0.52526
10881113783;43.96312;6.51206
10881258412;43.49446;-1.50371
10883135856;49.00197;2.57572
10883135857;49.00217;2.58066
10883781839;50.63667;3.09346
10884028548;45.44423;5.89991
10884271569;45.31782;5.6561
10884310880;43.59832;7.06734
10886328893;45.76701;6.34395
10886419572;45.77026;6.34514
10886421721;45.7978;6.36391
10886435461;47.91709;7.56762
10886474920;45.46877;6.28598
10886479117;43.4935;-1.51086
10886798601;45.74915;6.32589
10886866225;45.67513;6.33641
10886868109;45.71043;6.38026
10887174119;44.60624;1.89595
10889192210;45.32071;1.12638
10889619474;43.72335;4.80407
10889975258;43.47725;-1.51738
10890175095;48.54869;5.9981
10892567068;44.60384;5.92896
10892567069;44.60452;5.90991
10892567070;44.60471;5.91009
10892567071;44.60124;5.90159
10892621244;46.21087;5.23147
10892930005;44.60523;-0.9421
10894037726;48.8347;2.33078
10894062952;44.2409;-1.1212
10895541226;48.73577;-0.86186
10895805211;45.50322;4.74521
10895805225;45.36759;4.52975
10895929620;42.63702;8.93777
10896317245;45.39841;6.49394
10896555965;48.83031;2.27006
10898529847;43.72896;5.18067
10899051907;43.61098;1.45332
10899311937;45.1724;5.76211
10900146963;43.0489;-1.43071
10900385588;42.99553;1.61695
10901418755;43.18556;3.01027
10901499205;43.6752;4.4307
10907368097;43.76097;4.08121
10907494156;45.2232;5.8152
10907695978;45.53886;1.79529
10908302067;47.95456;6.96101
10908302076;48.42346;7.01474
10908302077;48.42579;7.01743
10908302078;48.42609;7.0177
10908302079;48.42987;7.02221
10908302080;48.43063;7.02447
10908302081;48.4346;7.0292
10908342043;48.81976;7.28042
10908721534;46.64163;1.82262
10909817328;44.20283;5.53781
10910668320;44.53582;1.88564
10911172827;44.70228;4.7993
10911474243;45.73066;6.00524
10911700565;50.1425;4.82027
10911749110;43.59848;1.23376
10913736200;45.24876;5.66887
10913736201;45.24461;5.67495
10914306295;45.73095;6.00629
10914350750;45.12764;1.30617
10914488140;45.43301;6.02454
10915921560;-12.7818;45.22682
10915921561;-12.78255;45.22674
10915921562;-12.78255;45.2265
10916065451;47.18134;-2.14888
10916080908;47.18108;-2.14818
10916096854;45.57999;5.09215
10916096855;45.58034;5.09242
10916096863;45.57876;5.09001
10916096869;45.57841;5.08969
10916239157;45.31075;5.87731
10916363636;48.8715;2.41032
10916642235;44.55881;4.75039
10916728686;44.64699;5.3917
10917663321;44.12546;3.63408
10918188114;44.20733;2.71057
10918373967;42.92604;9.45273
10919502665;43.39943;2.42793
10920257156;43.10027;-0.14073
10920674118;-12.78245;45.22629
10921087740;43.63249;-0.48513
10921388407;45.06894;1.4515
10921414306;43.57187;6.22464
10921433605;43.57086;6.22359
10921667102;49.10136;6.18687
10921812473;47.16846;0.25359
10921857001;49.18015;-0.37117
10921879901;46.91745;0.80569
10922065183;48.67599;-1.96704
10922087097;45.43886;6.03034
10922363865;44.55555;6.36214
10923493705;-21.06024;55.39545
10925037046;43.62905;1.43636
10925037047;43.62902;1.43636
10925037048;43.62899;1.43636
10925962705;43.58738;1.46295
10926250746;47.51908;4.71788
10926355184;44.557;6.44584
10926355185;44.55676;6.43589
10926470881;48.8802;2.7069
10927944199;45.87864;4.55766
10929342014;45.54552;5.98993
10931107387;45.86128;6.32867
10931475499;45.73593;4.96973
10931542092;48.30134;-1.78169
10931653122;45.52742;6.03685
10933662074;43.06919;-0.09099
10933699459;43.03618;-0.16154
10933783005;44.50103;1.22326
10933886985;49.18094;-0.3568
10933904905;43.31028;3.11352
10933905105;43.3103;3.11557
10933983399;47.58393;3.15693
10934190952;43.6046;1.44446
10935135403;47.32427;6.42485
10935337044;48.69089;2.16195
10936322226;49.10318;6.15814
10936602509;42.82426;1.57441
10936615103;48.89738;2.31479
10936658305;48.89914;2.31948
10936668659;42.75583;2.85475
10936763094;45.37222;5.95102
10936902531;49.26096;-0.45766
10936919335;45.211;5.79926
10936953161;45.27644;5.88535
10937101970;43.19003;1.01692
10937114495;43.18991;1.01672
10937114496;43.18999;1.01645
10937117023;43.18986;1.01622
10937119004;43.18981;1.01642
10937119027;43.1901;1.01725
10937123480;43.19094;1.01707
10937130329;43.18982;1.01653
10937134593;43.19089;1.01727
10937981256;46.29927;4.77591
10939789052;43.7759;6.2428
10939789053;43.77589;6.24275
10939789054;43.77357;6.24278
10939789055;43.76374;6.24682
10939789056;43.76379;6.26869
10940137176;42.42544;2.78458
10940673132;42.54301;2.92661
10940673162;42.54797;2.9217
10940673166;42.54273;2.92246
10941356325;43.59878;1.54523
10941592407;46.66591;-1.45473
10941993534;46.05668;6.5801
10941996005;46.31509;6.591
10942151912;47.38463;0.68265
10942462405;48.56109;3.2903
10942462482;48.56303;3.28522
10942555505;46.71796;2.81611
10943948291;48.58824;7.74858
10945920052;43.65547;6.13226
10946775467;43.61572;1.39823
10948470329;43.69543;1.73275
10948564136;48.86576;2.77967
10948633736;44.55586;6.36026
10948633737;44.47803;6.24779
10948832605;43.12295;5.93467
10949030506;48.77549;1.80701
10949153951;47.99793;0.2559
10949218317;48.75367;2.46345
10949221211;48.75315;2.46648
10949445641;43.3114;2.56422
10950086817;48.85287;2.26133
10951200830;48.58319;7.74632
10951538044;45.64215;-1.08807
10951706763;44.45616;6.29463
10951714677;44.54358;6.32645
10951733748;44.56042;6.48643
10951736231;44.54989;6.47942
10951852520;47.6897;-0.05326
10956774004;43.5756;1.26061
10956803005;43.57584;1.26075
10956957800;43.25567;1.11877
10956965541;47.288;0.71428
10957454424;44.44938;1.44178
10957615987;47.08033;-2.03665
10957624505;47.18125;-2.14883
10957625730;50.71652;1.60386
10957698928;48.4064;4.69072
10957788241;43.70303;6.09023
10957877393;43.9014;1.49687
10957961513;43.71615;6.13443
10957961522;43.71691;6.13432
10957961524;43.71709;6.13464
10959088658;47.11369;6.14235
10959434712;45.09099;-0.41871
10959743750;45.5692;6.15793
10961107945;48.58156;7.75002
10961283372;48.24532;7.18322
10961490818;44.36601;3.41152
10961960846;41.71511;9.40241
10962023267;45.70906;4.58256
10963555398;46.10108;4.49759
10963755507;45.50189;-0.83401
10963755508;45.50109;-0.8349
10964217787;45.55094;6.28401
10964358898;45.90953;6.76221
10964829813;45.82269;4.90936
10964829814;45.81991;4.90307
10964842205;45.81449;4.90223
10964842206;45.81179;4.90398
10964842207;45.81695;4.89336
10965342552;48.58288;7.74097
10965477783;47.89919;6.96166
10965667708;45.01773;5.44562
10965795026;45.09148;5.3826
10966116419;48.75001;2.30543
10967964205;48.75163;2.31668
10967964305;48.75165;2.31669
10968757453;44.55493;1.3369
10968762458;45.65778;0.08514
10969266988;44.44809;1.43757
10969304351;50.49829;3.251
10969337041;43.56996;2.96485
10969598881;43.55876;4.40992
10969716459;49.65205;2.57076
10970117105;50.56339;2.44926
10970249221;43.23317;0.087
10970332305;-21.06593;55.52475
10970347457;45.87459;-0.96581
10970382153;45.50128;-0.83452
10970492779;43.94667;4.77699
10970763143;50.03986;1.98253
10970888189;45.89892;6.2736
10970901017;50.05351;1.91303
10971318458;48.86141;2.39252
10971395757;45.95531;4.69262
10971532324;48.6168;-4.5646
10971602305;47.72609;2.48908
10971973801;43.96044;4.76913
10971973802;43.96385;4.80109
10972143618;45.77288;4.83524
10973368768;48.92058;2.35332
10973450549;43.58735;1.4161
10973497048;49.17256;1.33038
10973505768;45.67732;6.39278
10973505769;45.67742;6.39276
10973597664;45.7463;4.95496
10973621705;46.44304;-1.02202
10973622008;47.17792;-0.87972
10973854869;45.9224;6.87673
10974080292;44.00864;4.32616
10974309453;47.1989;4.96209
10975271682;46.31872;-0.28992
10977330120;48.29782;5.14817
10977721048;45.90383;5.97704
10978349372;43.61524;6.74523
10978536060;45.93831;6.64391
10979224650;42.52456;2.83189
10979446414;42.87618;2.3515
10979467828;43.01722;1.37308
10979472166;42.99664;1.23692
10979473119;42.97628;1.80926
10980457657;45.41116;1.93838
10980457658;44.59698;4.26088
10980482076;43.59446;1.44943
10981128586;47.28909;6.13408
10981545226;46.32259;-0.03384
10982194342;45.05185;0.3911
10982255020;47.6898;7.40337
10982329409;43.32451;1.7561
10982364710;44.95684;5.43694
10982805493;48.62143;7.75531
10983289680;47.60207;6.77988
10983539339;43.65242;6.16685
10983581583;49.16238;1.34978
10985264080;48.82679;2.48855
10986260312;45.94799;-0.9884
10988900805;43.00674;9.38871
10988906899;48.74733;2.26952
10989026237;48.85735;2.35495
10989208440;48.97069;2.30528
10989395069;43.27831;3.36202
10989795049;47.79665;5.70408
10990004943;43.64224;0.58743
10991525608;48.04179;5.21532
10991525609;48.04163;5.21498
10991526994;46.18993;0.68732
10991539903;44.97832;1.83752
10991546810;48.38663;3.03437
10991568296;45.02563;1.83926
10991574459;44.83578;0.73915
10991592375;44.56229;-0.25883
10991604032;44.39665;0.49409
10991637918;46.99508;6.54408
10991814642;43.73987;6.62864
10991816432;-21.12652;55.63646
10991920953;45.58599;5.27663
10991925300;45.25883;2.80266
10992217131;48.86694;2.58689
10992357086;44.44671;1.44249
10992374096;43.29559;5.3635
10992666398;45.20406;4.03317
10992707989;45.44075;4.77426
10992723273;44.32272;3.06964
10992750422;43.44034;4.94451
10992765776;43.43841;4.9457
10992765777;44.38138;2.82416
10992766815;43.44013;4.94453
10994142197;44.85366;-0.58855
10994338796;47.07161;5.36469
10994520507;47.10249;5.5416
10994617517;46.95437;5.82156
10994617518;46.94741;5.84252
10997300687;47.13951;5.73065
10998552854;48.82654;2.48178
11001126594;42.61497;2.97673
11001390036;42.78656;2.7719
11001407316;46.3225;-0.89125
11001764308;42.29429;8.70168
11001766640;41.75801;8.7369
11001767024;41.74495;8.87031
11001838391;45.5881;2.99238
11001894909;48.88152;2.14892
11002027961;44.05765;5.23394
11002044095;45.17206;2.97028
11002077833;45.18679;3.90966
11002386565;43.84012;1.53971
11002776788;43.56746;1.82428
11002783006;45.75742;4.81587
11003052126;41.52986;8.96179
11003067284;45.45992;3.06083
11003103174;48.58466;7.74327
11003168584;43.39432;0.96758
11003218826;48.83086;2.33376
11003313493;48.84787;2.32223
11003420503;46.54583;4.68228
11004106613;45.4368;-0.42669
11004272798;47.20193;5.68809
11005283210;41.4925;9.05134
11005353569;41.67267;8.91771
11005611452;43.70448;1.19895
11005611453;43.70461;1.19956
11005715638;46.42346;0.188
11005721153;44.18748;0.6997
11005812896;43.70074;7.28308
11005864614;45.67727;5.96311
11005930781;45.92303;3.14595
11006337298;45.7694;4.82391
11007149105;44.12869;6.27612
11007212094;49.14697;1.32868
11007262223;45.89409;0.01004
11007368506;45.43442;4.38795
11007745966;45.95708;0.07857
11007881849;46.05087;0.07376
11007881851;46.05383;0.07509
11007909311;46.08042;0.08376
11007920655;44.60984;6.68851
11007929112;45.90188;0.22882
11008079928;45.76933;4.82378
11008649742;43.17647;-1.3439
11009906414;45.78299;0.1239
11009906416;45.90789;0.23726
11009997558;46.00096;0.11531
11010079053;45.9395;0.31539
11010113107;45.97112;0.05847
11010199183;44.72329;-0.622
11010368751;46.06595;0.23315
11010368758;46.05082;0.03568
11010368759;46.0493;0.03898
11010368762;45.93439;0.0678
11010527932;45.7613;0.12714
11011196698;48.57307;7.74593
11011243251;48.57269;7.74269
11011842376;46.04448;0.16651
11011858319;47.04968;4.15838
11011971389;45.77192;0.2063
11011971393;46.04508;0.13563
11012625111;48.08495;6.30459
11013755324;45.83348;0.11916
11013755328;46.0147;0.07905
11013776782;46.01392;0.07965
11014128503;43.80022;3.23744
11014301186;47.39474;0.67925
11014493375;43.69682;7.27372
11015234348;45.9647;-0.96036
11015520321;43.69749;7.27152
11015646250;44.39485;1.77301
11015682075;46.04869;0.10721
11015691796;44.46468;1.73418
11015709474;43.57987;7.12376
11015815887;43.57977;7.12544
11015899969;49.45126;2.09343
11016213997;48.81332;2.37436
11016213998;48.81001;2.37364
11016256862;46.02221;0.0356
11016674643;42.95544;-0.21172
11016690719;43.16939;-1.29531
11016695268;42.98979;1.13978
11016698636;42.7701;1.47254
11017975205;45.18907;5.72479
11018372208;49.52259;0.07901
11018665216;42.48474;2.65487
11019497165;48.80805;2.34499
11019693100;43.69704;7.27835
11019861683;42.95881;-0.7051
11020918920;42.4755;2.66303
11020922658;45.78835;4.85459
11022402662;50.57508;2.97864
11022402669;50.57419;2.98211
11022901810;48.81781;2.39319
11022901811;48.81399;2.3999
11022901812;48.81022;2.38387
11022994789;42.70176;2.9002
11023173497;48.71223;2.1678
11023176064;43.66503;7.21372
11023462688;48.88066;1.85878
11023620466;44.64425;5.0597
11023697950;46.11451;3.42331
11023697951;46.11433;3.42339
11023788978;41.84216;8.87104
11023847236;42.70007;2.90341
11024690746;43.80215;5.06711
11024690747;43.80206;5.06703
11024945888;48.5349;7.43416
11025716421;43.67319;4.63615
11025907083;43.47201;-1.50117
11025907084;43.47207;-1.50123
11025907085;43.47191;-1.50162
11025971111;45.70405;4.57876
11025974664;43.48539;-1.52026
11025995005;44.36068;5.14268
11026386146;43.21867;2.50771
11027957914;43.94624;4.79799
11028214605;44.36083;5.14036
11028243224;48.57836;7.78101
11028246951;48.57015;7.76645
11029643206;47.3718;0.70949
11029879506;43.7292;7.25627
11030042881;48.59093;7.77862
11030102648;48.57712;7.76841
11030102650;48.59039;7.77996
11030121164;48.59046;7.77798
11030122492;48.59161;7.77275
11030135794;48.59122;7.75894
11030672976;46.67358;5.91608
11032293825;45.70926;4.46724
11032842907;42.95668;-0.20985
11032843006;42.95337;-0.21489
11032927202;42.76974;1.47387
11032962702;42.47846;3.06252
11032969747;42.57909;2.42571
11032971371;42.77424;1.67155
11032972529;42.81007;1.59085
11032979542;42.46468;2.85987
11032985712;42.60684;2.41726
11032985823;42.7934;1.58146
11032990418;42.48091;3.13676
11033007862;48.57659;7.72028
11033840761;45.7078;4.5257
11033853406;44.67944;1.99464
11033871485;45.76323;2.89486
11034588189;44.81088;0.82406
11034676046;48.89727;2.30401
11034762692;44.59241;0.92633
11034762693;44.59196;0.92756
11034790431;44.59076;1.01271
11035007659;48.908;5.96087
11035258307;48.86454;2.42487
11035356269;44.45857;-0.37146
11035470237;45.46379;5.86441
11035565420;43.21657;2.34967
11035653262;48.76374;6.41655
11035730309;48.78638;6.46328
11035738535;48.78858;6.60629
11035742962;48.85089;6.65004
11035745106;48.78679;6.46312
11035912952;45.11814;6.37534
11035977403;48.83566;1.67449
11036014519;47.00027;-2.24453
11036072322;43.11365;0.38263
11036224410;45.76068;4.84933
11036769901;46.14764;-1.16552
11036811959;45.20898;6.95871
11037006405;45.95343;0.98621
11037109505;48.71762;7.16331
11037528958;43.60619;1.44111
11038003619;47.62165;4.33465
11038805479;45.95678;5.83421
11039463684;45.68496;6.56977
11039645962;49.53844;5.05753
11039738105;45.92145;4.88351
11039743591;44.62562;-1.03279
11039750170;44.63238;-1.14979
11039890543;45.79213;4.99031
11039953059;-21.35444;55.56475
11040312245;48.38829;3.09117
11041878471;43.80048;3.87177
11041964990;47.89948;1.88628
11042034444;45.45412;6.146
11042171064;46.19132;6.22821
11042171069;46.19102;6.22863
11042365534;45.44937;6.1433
11042365600;45.44222;6.12094
11042373922;45.42222;6.1522
11042476005;45.33439;6.17025
11042927777;47.3962;4.65433
11043547105;44.40392;1.49666
11043578399;45.09834;-0.69443
11043658802;46.17278;6.63379
11043690705;42.96585;0.57068
11043864104;48.82721;5.53708
11043981446;47.02806;4.11496
11044308843;46.84144;4.43217
11044382393;47.31107;6.25871
11044436537;48.6017;7.78573
11045410858;47.32706;6.76903
11045511841;48.43438;0.25764
11045511885;48.36796;0.17874
11046235465;45.07007;4.82993
11046319105;43.42128;1.35422
11046342600;46.25581;4.3454
11046781624;48.16334;5.57446
11046781664;43.63342;3.8397
11047053261;45.16943;6.43105
11047102103;43.33022;5.09989
11047594489;45.6225;5.56755
11047812631;45.26647;0.17451
11047814762;45.71993;1.3744
11047885052;45.29337;6.53071
11047956819;47.34733;0.74687
11048090805;50.85429;2.43945
11048094305;47.65199;7.37812
11048141446;45.63976;5.64741
11048163871;48.84412;1.46557
11048163880;48.87335;1.88037
11048334620;49.76675;0.37308
11048515666;48.09189;-1.69892
11049007790;49.05104;2.0936
11049336506;45.85208;5.33721
11049394070;45.59179;2.81059
11049473562;49.05109;2.09491
11049555497;45.58196;5.72058
11049639805;48.5611;3.28127
11049659420;49.45597;2.05996
11049850841;46.72704;3.5992
11049955654;45.32063;6.22867
11050017815;45.6581;0.08091
11050077487;45.46034;6.73014
11050464914;45.92924;-1.00708
11050610091;-21.38252;55.6086
11050789414;43.53119;5.45465
11050911260;43.54145;-1.36981
11050915340;49.2145;1.17933
11051065514;46.76144;5.33309
11051200142;47.11183;-1.73546
11051287022;48.99331;2.09805
11051416874;49.15879;1.94184
11051416875;49.14475;1.98298
11051458519;49.15534;1.78692
11051699113;45.92689;4.57731
11052135602;45.04606;6.12649
11052282235;48.56846;1.62338
11052525574;43.52318;5.44741
11052605994;45.0834;6.45254
11052941686;44.50605;5.43815
11053074705;45.61019;2.95156
11053224200;43.86711;5.14678
11053593034;44.81121;-0.54673
11054221150;45.79868;-1.16441
11054224706;45.90431;-1.03671
11054243405;47.49744;-1.92327
11054586543;44.58145;6.05899
11054880417;43.61244;3.92952
11054959505;48.84989;2.42789
11055006921;46.16731;6.30873
11055162105;48.84269;2.41462
11055162115;48.8423;2.41461
11055165393;44.50822;6.31308
11055356653;48.56713;7.76397
11055468322;46.55227;5.71052
11055515159;49.19379;1.31508
11055515160;49.19412;1.31502
11055603180;49.30271;1.20944
11055603182;49.30227;1.21433
11056547063;42.57991;9.17557
11056556803;43.92599;5.25402
11056754866;46.29481;4.31957
11057109492;45.89415;6.71109
11057259041;48.73464;1.36605
11057333632;46.24513;6.38604
11057531056;44.20677;5.02277
11059133512;46.31641;3.48033
11059380111;-21.13509;55.62861
11059601131;46.01902;6.10429
11059758734;46.98502;3.1574
11059804388;46.4503;4.12081
11059874047;45.43486;5.75516
11061280037;48.03815;-4.4859
11061298792;43.26118;5.39524
11061453643;47.34037;2.86648
11061631605;44.02756;6.81893
11061823650;48.32857;-4.2437
11062540179;46.20136;-1.20162
11062561421;46.15951;-1.15019
11062865921;48.10819;7.28501
11062971923;43.24994;2.65961
11062999391;44.51394;5.6385
11063014627;49.09277;1.47054
11063014628;49.09233;1.46908
11063014629;49.09176;1.4674
11063193748;43.22298;2.62668
11063322709;44.47296;-0.73438
11063513468;43.69624;1.22429
11063732807;47.48542;4.1588
11063789792;47.81367;5.98389
11063876384;45.0586;6.02851
11064404705;46.92549;5.78902
11064503395;43.4684;-1.54823
11064662193;48.12454;-1.20904
11064844902;45.49206;1.06093
11064908784;46.1403;-1.15533
11065218812;46.93879;5.0949
11065429320;44.08216;5.54822
11065544226;48.68329;6.14335
11065595659;46.15544;5.60431
11065660332;45.9828;5.60406
11065822570;46.14165;-1.16395
11066000034;48.81829;7.78655
11066515385;45.8267;6.72662
11066718829;44.81986;1.79868
11066776909;44.79301;0.59542
11066777409;44.793;0.59542
11066826269;46.59756;0.96153
11066866988;43.10439;-1.19574
11066874338;45.15348;5.7299
11067203422;45.67183;5.52288
11067322113;44.81508;4.4883
11067455031;43.28625;5.56131
11067481605;44.96792;3.64305
11068833833;45.89945;6.64273
11068833834;45.88164;6.60327
11068838265;48.87901;2.30637
11068876455;44.08997;6.85423
11068936484;47.68903;-0.17045
11069274578;48.70261;2.46796
11069370142;48.85187;2.35193
11069750211;48.87127;2.13815
11069767906;44.96856;3.6447
11070633641;44.78413;5.87719
11070811290;48.95567;4.36448
11070996148;42.36806;2.65003
11071321969;44.40877;1.73576
11071321973;44.40847;1.73578
11071650106;48.57965;7.66642
11071743160;48.84113;2.31893
11071794576;16.39455;-61.40613
11073251067;46.64106;1.06559
11073430908;44.96859;3.6469
11073431605;44.95764;3.59477
11073685410;45.01251;6.57078
11074198726;45.78112;6.69174
11074593004;43.72859;7.36083
11074755179;43.62725;6.22423
11074811690;45.20246;6.45534
11074820705;45.86926;1.27326
11074823305;42.73526;-0.01097
11075052405;44.88737;6.44612
11075165517;44.43149;2.96127
11075661386;44.94504;4.8779
11076561169;44.11659;1.99782
11076563837;44.10881;2.05861
11076572955;46.77747;6.37264
11076574466;44.91239;5.10915
11076577963;46.83535;6.39985
11076580964;46.78996;1.20053
11076608790;42.73893;1.21425
11076741630;45.14473;4.12354
11076959812;44.05372;2.15039
11076974505;44.84377;6.48472
11077166323;48.48398;0.70475
11077225476;48.10108;7.31299
11077306616;43.87642;7.44779
11077310917;45.55643;6.76229
11077325705;49.88688;4.38882
11077408680;48.08705;-1.64122
11077511558;46.15804;-1.15304
11077549716;44.32816;-0.94798
11077561476;49.11246;6.16396
11077576721;42.96559;0.57032
11077680344;48.79925;2.31045
11078271295;43.84543;6.223
11078290907;49.01849;5.53847
11078347287;50.3387;1.5497
11078379984;49.12735;6.12439
11078409965;50.94717;1.85054
11078600262;44.74116;1.19506
11078711749;43.844;4.35787
11078792983;44.82772;5.60807
11078855239;46.44511;3.63225
11078904341;45.96047;3.47296
11078906152;43.51709;1.90979
11078976567;43.88816;6.86338
11079011161;44.54357;1.98053
11079015492;44.56532;1.98744
11079032906;43.53766;3.45888
11079042327;43.30414;5.37489
11079042328;43.30326;5.37469
11079050451;44.67489;1.87656
11079100705;48.83771;2.32569
11079143699;45.57146;6.83331
11079195747;45.55471;6.83651
11079199868;43.53621;5.41682
11079473194;45.12523;1.30091
11079478766;44.9727;5.95892
11079487688;44.65851;6.62633
11079624879;46.18463;-1.39284
11079662791;49.03478;2.07479
11080442020;48.03595;7.2813
11080635867;42.87434;0.00651
11081003114;47.32667;5.04969
11081413469;47.74804;7.3441
11081676978;48.0917;7.06869
11081770507;45.55136;6.26366
11082730505;43.647;1.4998
11082879011;43.96389;4.80008
11083037973;45.513;6.19963
11083068158;45.50181;6.28666
11083144627;45.28326;6.38228
11083188980;45.24694;6.30096
11083712072;47.0365;5.81405
11083863394;48.63116;-1.35199
11084034449;45.79658;5.27653
11084080030;46.06079;6.37539
11084084991;47.7752;6.77915
11084298864;44.67932;6.60333
11084298865;44.68067;6.58262
11084413734;43.18022;2.11065
11084914796;-21.02572;55.28446
11084949741;-21.01525;55.2918
11085217623;46.96616;5.4199
11085225491;45.90782;5.42929
11085232420;46.91881;5.45661
11085643819;48.823;2.2115
11085699633;47.60128;7.22133
11085868308;45.57448;6.77962
11085983196;47.47694;1.18285
11086081313;47.6219;6.15541
11086129105;44.59984;1.31654
11086508853;44.94546;4.84331
11086508854;44.94248;4.84155
11086757905;45.91435;6.86143
11087434341;44.90955;6.0542
11088601056;47.48497;1.1945
11088680282;43.38059;2.39452
11088687886;43.38087;2.39421
11088729699;43.44233;2.25856
11088742418;43.43914;2.26037
11088747066;43.39803;2.23998
11088771324;43.39754;2.23315
11088780025;46.83555;5.95973
11088792132;43.23638;0.07526
11088842792;48.84325;2.42003
11088888505;45.88953;6.79764
11088897699;43.33105;2.35554
11088901691;43.87879;7.44987
11088919077;46.35833;6.45226
11088953752;47.29416;-1.38841
11088960915;47.31833;-2.06733
11088961306;47.3394;-1.5252
11089034234;43.16183;-1.23897
11089106205;46.74345;4.64263
11090073751;43.89031;-0.47258
11090409208;43.43344;6.14257
11090568387;47.47062;1.26754
11090990224;49.48578;0.10077
11091118330;-21.37331;55.62649
11091118331;-21.37317;55.62662
11091118332;-21.37424;55.62634
11091169792;45.19089;5.70564
11091234505;45.92105;6.6739
11091461111;43.31728;1.95324
11091704040;49.42577;2.8112
11091808808;47.21709;-1.56318
11091839354;46.04566;5.42195
11091842463;46.00616;5.42536
11091842464;46.00431;5.41383
11091843857;45.879;5.49179
11091846575;46.04458;5.41268
11091846583;46.0257;5.40413
11091852150;45.90268;5.45787
11092283786;47.84078;7.29783
11092402840;47.71857;7.29677
11092408319;47.90451;7.25016
11092432085;45.30185;5.90834
11092455313;45.30054;5.90846
11092460787;48.08502;7.28252
11092473556;48.03883;7.20416
11092485669;48.44752;7.54094
11092492279;48.25377;7.39833
11092499384;48.25405;7.39859
11092525150;48.51522;7.64018
11092967414;47.38197;0.42017
11093002647;48.7994;7.98612
11093008353;48.89611;7.98013
11093515707;45.69537;4.96428
11093587578;45.34714;0.53874
11093836627;43.65155;3.04062
11093836821;43.65364;3.12941
11093837358;43.6544;3.04149
11093838545;43.66329;3.0573
11093838546;43.65211;3.13096
11093845104;43.66318;3.05719
11093847622;43.65708;3.03972
11093854313;43.65754;3.03894
11094122999;44.51942;5.69495
11096413306;44.33421;2.5766
11096528632;44.69273;6.36864
11096528633;44.69312;6.36949
11096762310;45.46395;2.77011
11097133779;47.59481;2.75751
11097197002;45.92445;1.17153
11097269345;46.70466;0.95393
11097422940;45.03435;3.08827
11097446107;45.77492;3.06903
11097454678;44.98686;4.58137
11098086097;47.61015;-3.16113
11098844599;43.10216;6.17232
11099125086;47.2248;-1.61371
11099149205;49.31715;-1.22701
11099285758;47.68265;7.50347
11099399972;43.99766;2.62352
11099517857;45.59168;6.87355
11099517862;45.58897;6.88383
11099517874;45.6269;6.8122
11099629306;45.50905;1.83441
11099702629;44.82658;-0.55616
11100067448;48.56741;5.74334
11101022922;44.0858;6.02256
11101025578;44.07984;6.02247
11101025579;44.07992;6.02251
11101367252;43.40235;2.43898
11101379133;45.60887;1.88429
11101473586;45.76012;5.25882
11101480229;44.92925;0.66275
11101713318;45.7712;4.87029
11101797635;48.07705;7.35786
11102148789;43.87417;7.00386
11102156073;43.7313;7.34222
11102224210;48.86314;2.34183
11102544005;47.57872;-2.70445
11102618482;48.36346;-3.7154
11102635742;48.36362;-3.71554
11102814206;49.00173;2.57349
11103298661;45.91306;2.93849
11104148147;45.18727;0.70799
11104151517;45.50311;6.04301
11104258145;46.56253;0.3902
11104307353;46.87263;0.8571
11104446154;44.82444;-0.5548
11104570330;45.40637;1.94053
11104939230;44.65145;3.83645
11105000889;44.6513;3.89093
11105723508;44.8042;1.62192
11107082121;44.59597;2.93896
11107418608;44.34713;6.35844
11107442833;48.70069;2.15934
11107523387;44.48009;6.35506
11107538630;45.40791;6.34693
11107538811;48.57937;7.73939
11107662259;48.35804;0.37255
11107678991;46.14523;-1.17239
11107760129;42.93473;1.18938
11107880905;44.5206;1.67651
11107985896;45.59481;6.86365
11108077167;48.39579;-4.95827
11108079134;43.61023;1.32906
11108148123;48.39847;-4.95779
11108549653;45.19683;6.75523
11108572268;45.18968;6.74589
11108699749;45.20302;6.7891
11109592730;47.30262;-1.5241
11109650956;48.06364;0.949
11109934504;45.84605;5.22689
11110064906;48.89332;2.40272
11110087305;43.52249;7.04927
11110188377;43.95868;2.69423
11110305233;48.90594;2.45763
11110319626;43.48932;1.48113
11110410908;44.32851;3.59134
11110439737;43.85503;4.62639
11110613859;48.78031;2.25084
11111158904;45.42082;4.39533
11111216942;49.24543;4.03246
11111323546;44.75247;5.37132
11111599481;45.74369;-0.62881
11111646034;43.19581;5.81296
11111646035;43.20294;5.77703
11111724019;46.79587;-2.04911
11111878370;43.60849;1.38221
11112315113;44.71695;6.22236
11112345298;44.72444;6.24824
11112345729;44.72018;6.25738
11112358372;44.71947;6.34196
11112361482;44.71713;6.22237
11112363405;44.72024;6.26084
11112375424;43.65337;3.55119
11112657562;48.6033;-4.59825
11112657563;48.60358;-4.59822
11112854380;48.58198;5.73453
11113903215;45.05006;6.14276
11113903536;45.04869;6.15097
11113926442;49.25914;4.02745
11114256461;46.94047;6.3236
11114591251;48.85319;2.3596
11114958071;48.1339;0.39692
11115017687;48.6312;-4.30819
11115072105;42.79286;-0.1413
11115103272;48.68781;-4.16809
11115139638;45.90453;6.42302
11115139639;45.90493;6.42813
11115322310;43.41209;-1.61444
11115800478;43.08771;6.0796
11115858951;46.32496;-0.46759
11115911542;46.65287;2.38601
11116039172;43.4595;6.48561
11116039173;43.46002;6.48662
11116297605;45.41618;4.00996
11116430224;46.56223;2.20122
11116437871;44.60117;6.34611
11116458347;44.59492;6.36529
11116468178;45.4632;4.7663
11116482371;43.16497;5.60565
11116482373;43.16519;5.60554
11116572123;45.46448;4.76627
11116593050;46.15938;-1.15254
11116750590;43.50043;-1.18461
11117097077;44.26312;6.9345
11117129047;44.41329;5.35576
11117174859;43.59591;-0.32732
11117220863;45.59722;6.23913
11117232963;45.59765;6.23925
11117235224;45.59673;6.23906
11117242878;45.59588;6.23915
11117360458;45.42957;5.23098
11117453040;45.29869;5.63897
11117465692;44.66639;4.11082
11117764322;45.58543;5.24491
11118398410;44.90886;6.05437
11118398414;44.90749;6.05424
11118398415;44.90747;6.05425
11118504202;48.53241;-1.29065
11118536968;45.90537;6.43188
11118600109;45.92256;6.87698
11118611006;45.92212;6.87632
11118806675;46.77931;-1.06248
11118871995;46.76716;-1.51732
11118914171;45.92165;6.87646
11118914172;45.92148;6.87713
11118914173;45.92149;6.87744
11118932171;43.25538;2.94817
11118978406;43.23877;2.37589
11119091983;44.41191;3.18933
11119091984;44.41173;3.18878
11119129559;42.83437;-0.13882
11120023691;48.3103;6.38757
11121207803;45.25705;6.73084
11121357363;45.11446;6.00376
11121453808;42.76319;1.48287
11121521971;46.83781;5.95837
11121566567;43.11009;6.12232
11121630348;44.47083;2.98228
11121630351;44.47089;2.98284
11121630353;44.47086;2.98254
11121664813;46.75273;5.81168
11121861386;43.11021;6.12435
11122098033;44.90086;4.95549
11122134447;45.01473;4.83956
11122144733;44.76456;4.91537
11122803862;44.87772;-0.53201
11123053481;45.09662;4.86338
11123517036;44.91311;5.20839
11123554887;42.69125;1.39652
11123585100;45.23621;4.18255
11123686737;45.92662;5.40956
11123692992;45.88595;5.34696
11123692994;45.82878;5.47024
11124441858;44.61441;4.01442
11124604569;44.16618;0.69786
11124924545;48.09755;4.78181
11124981301;45.44567;3.17789
11125292512;43.69518;3.16739
11125582341;42.94652;1.8601
11125823805;44.63794;-1.07429
11125823905;44.63793;-1.07431
11126100553;45.84661;4.35208
11126104906;46.02955;0.9593
11126119471;43.50904;1.45678
11127186901;45.31855;3.04405
11127296668;45.49985;2.62895
11127324260;47.27736;-2.2128
11127471858;45.2749;5.92612
11127594898;45.16432;3.18631
11127599605;48.86051;2.29753
11127619406;45.1332;3.25887
11127619418;45.14806;3.40325
11128404205;45.86733;6.76111
11128404305;45.86559;6.77027
11128404405;45.86483;6.77034
11128404408;45.8731;6.75007
11128767140;44.91599;5.65725
11128771142;45.703;3.93132
11129214222;45.13279;2.74537
11130634700;47.73072;-1.83569
11131422104;43.72331;7.11343
11131445743;45.93803;6.85071
11131795751;49.08183;3.79757
11131944910;43.52302;-1.49099
11131962338;47.75091;0.62177
11131972214;47.51797;-0.87574
11131980629;47.518;-0.87658
11132008112;45.57142;6.7786
11132131983;47.27499;-0.11058
11132279502;45.56616;-1.06427
11132284639;47.25661;-0.0741
11132311153;42.54908;2.38874
11132321947;48.73707;1.35732
11132396578;44.35048;5.41866
11132442155;44.32129;5.52453
11132470209;48.88559;2.37733
11132689964;47.33099;-1.6238
11132777713;44.8985;5.65139
11133402798;45.79308;3.0653
11133526981;45.12332;6.59977
11133542024;49.24051;4.04341
11133542025;49.24008;4.03939
11133566050;49.23797;4.0323
11133571045;47.9278;2.13753
11133603837;44.33863;1.21252
11133624605;44.72323;1.61659
11133951307;46.97073;0.69587
11134048287;43.59427;1.45255
11134668734;44.94045;4.84011
11135140455;48.39359;-4.13172
11135147695;44.4706;5.45124
11135657981;44.15766;0.56424
11135803555;44.79105;5.88469
11135920727;47.20057;4.17654
11135920728;47.2026;4.17534
11135925729;43.79362;3.91273
11135938935;43.57312;2.96796
11135973002;47.26937;-1.58388
11135973003;47.27137;-1.58488
11136029807;43.98876;3.60811
11136029905;44.31018;3.39499
11136078712;47.33099;-1.6238
11136295966;44.49488;6.12536
11136593333;43.18507;5.80499
11136616205;46.76558;2.71406
11136643233;47.68619;1.55732
11136741642;45.84727;5.25658
11136751784;45.93022;5.35469
11136751785;45.92892;5.35415
11136784059;42.85002;-0.47923
11136784072;43.00603;-0.38629
11137114651;44.15303;1.75585
11137265686;44.87761;5.07679
11137288409;48.33577;-4.36752
11137724805;46.72336;2.51654
11137768247;48.84977;-0.48046
11138173480;47.38849;0.82724
11138335505;44.58674;1.1675
11138726807;46.37871;0.21156
11138726808;46.37921;0.21122
11139192305;47.33895;-1.52806
11139278605;46.60097;1.90445
11139311304;44.9267;4.87574
11139441405;46.56939;1.77914
11139668831;48.41503;-4.17104
11139689785;49.24411;4.04191
11139742141;44.00346;3.05349
11140153495;-21.0094;55.28206
11140237894;48.8045;2.11836
11140297206;45.45757;4.41282
11140297207;45.45837;4.40951
11140309605;45.45758;4.41284
11140309606;45.45753;4.41089
11140317305;45.4582;4.41174
11140377997;49.25296;4.03563
11140516206;44.48048;3.29683
11140520760;45.01502;4.83983
11140531361;47.14087;3.03131
11140590205;46.38799;1.62277
11140622019;43.09632;-0.04617
11140923008;49.86776;1.17818
11140997154;43.93869;4.15103
11141094255;42.9559;-0.21411
11141611267;44.92573;2.42921
11141788405;46.16713;-1.2018
11141799805;46.11922;1.63643
11141816976;45.79788;5.29285
11141816977;45.79745;5.29245
11141884288;43.59903;1.43035
11142256647;45.22327;5.92676
11142477155;48.29812;-4.17843
11142477171;48.29855;-4.17891
11142819046;47.885;7.06087
11142998724;45.68483;6.56405
11143083745;43.60336;3.8798
11143110825;45.05651;1.24376
11143540105;45.1559;1.53419
11143576881;46.17893;6.70833
11143882787;48.1915;-2.84732
11143882791;47.90632;-2.19677
11143975729;45.06555;1.16109
11144107927;46.35032;0.71051
11144260328;47.86192;-4.2164
11144263969;48.07494;-4.51258
11144283807;43.77235;1.56387
11144365991;44.4706;2.98135
11144365993;44.47069;2.98166
11144365994;44.47076;2.98193
11144420138;44.47015;2.98371
11144420140;44.46936;2.98189
11144420141;44.46921;2.98202
11144420143;44.46958;2.98206
11144420144;44.46953;2.98182
11144420145;44.46943;2.98214
11144570984;43.92856;4.84237
11144599027;44.46977;2.98267
11144618405;48.76637;-1.56644
11144626618;43.4242;6.76892
11144808051;48.48399;-4.24571
11144808059;48.50414;-4.25433
11144876517;48.48392;-4.24517
11145679841;44.47028;2.98135
11145984677;42.88837;-0.54538
11146234796;45.40674;6.08536
11146277506;48.75895;2.28492
11146348675;44.93426;6.72966
11146499018;50.1898;1.62685
11146523159;47.34029;0.61303
11146547164;46.18113;6.70349
11146578300;44.97303;6.50629
11146587948;45.94221;6.42902
11146829845;47.63649;6.85537
11147041524;43.33055;3.20014
11147045638;48.35516;2.14819
11147702068;48.87087;6.04098
11147806001;45.14222;4.12465
11147844983;44.9037;5.68859
11147844984;44.91407;5.68889
11147920185;48.87696;2.24291
11148138686;47.33627;5.9402
11148144371;48.8626;2.30231
11148202966;49.2467;4.02013
11148227816;47.77434;-2.18045
11148235069;45.749;4.89875
11148261669;46.2534;6.10647
11148362321;47.53434;1.80572
11148390135;47.7585;-3.31485
11148409361;46.94548;4.29935
11148431468;45.19036;5.7058
11148496784;44.91796;5.66344
11148757424;46.32908;-0.46397
11148784665;45.69377;6.71697
11149157116;45.34734;6.70163
11150679008;46.0087;5.8407
11150705495;45.95964;5.83511
11150966306;44.89682;-0.50369
11151744038;44.39146;5.47114
11152029524;46.5734;-0.77165
11152347661;46.08764;6.58312
11152347662;46.13297;6.52304
11152347663;46.14545;6.51371
11152347664;46.14604;6.51253
11152347665;46.14654;6.51233
11152397663;47.34361;0.61355
11152454425;46.30682;5.06071
11152575518;44.83076;-0.52596
11152853685;43.24259;2.9225
11153547487;46.55149;2.35096
11154284106;43.09262;-0.04592
11156042796;42.87204;-0.55439
11156144313;47.58723;-2.89794
11156491905;43.95324;4.76507
11156504369;47.44296;-1.56037
11156567129;47.43232;4.37449
11156567131;47.47069;4.15467
11157354295;47.54624;4.03647
11157811959;45.83982;1.26028
11157927396;43.69841;7.28497
11157963228;48.32899;-4.16567
11158967217;43.31938;2.87055
11159137308;47.8858;-2.73405
11159143807;43.09107;-1.42113
11159147746;43.18056;-1.24567
11159354478;44.19242;3.21108
11160257653;43.31769;2.87128
11160266715;43.31955;2.87327
11160542454;46.55652;2.07357
11161738128;43.58283;7.12359
11161805784;50.86684;1.63076
11161870721;45.8786;0.95373
11161879942;45.86145;1.28165
11162527071;45.44467;-0.43671
11162540961;-20.88532;55.47541
11162555011;-20.88666;55.45073
11162600007;48.39017;1.89039
11162604568;48.39003;1.89036
11162765664;46.00642;5.42414
11162825013;45.95953;5.47418
11163020459;46.80718;6.18217
11163077684;46.69378;0.88421
11163289690;47.41313;0.98661
11163300661;48.84106;1.93314
11164484236;48.60166;7.78566
11164700974;-20.87259;55.44728
11164980307;44.4128;1.37815
11164993110;46.18339;5.31226
11165027982;44.81896;5.94758
11165038923;44.81825;5.94623
11165041579;44.81935;5.94694
11165042228;43.81809;1.67267
11165043826;44.81951;5.94743
11165051434;44.95401;5.80642
11165149105;47.24574;-1.57952
11165166043;44.30702;3.24546
11165193403;48.73111;1.79846
11165222606;48.07572;7.35975
11165277521;44.96774;5.41551
11165307895;48.83804;-1.22235
11165337905;44.30853;4.13095
11165341531;48.82757;-1.20926
11165527662;-21.02561;55.28418
11165663880;49.01663;2.37916
11166236786;45.7952;6.61053
11166491008;45.03345;3.08758
11166492366;45.06751;3.04093
11167032106;47.89137;1.6282
11167335580;46.6182;5.88079
11167353880;43.64683;1.48252
11167458061;44.39743;0.49478
11167471505;47.26421;-1.67168
11167511929;45.29952;5.63925
11167715786;45.29951;5.63951
11167715787;45.29898;5.63918
11167729864;45.29843;5.63953
11168083815;45.46351;4.76811
11168886513;-21.346;55.48687
11169386420;45.69884;5.70583
11169677315;43.57967;7.1263
11171549044;44.87776;-0.57934
11171955105;47.2962;-0.32543
11171971877;45.27989;5.64888
11172244299;45.18155;4.17574
11172647913;46.06395;6.36482
11172647922;46.07181;6.24012
11172647923;46.08886;6.50602
11172647924;46.09145;6.50383
11173480010;45.40971;6.45752
11173619097;49.44025;1.78331
11173768909;45.70781;6.57774
11173772934;45.7073;6.57864
11173811259;45.23582;6.70502
11174901713;47.35926;4.06078
11175078325;45.49066;6.47064
11175085052;45.48827;6.46568
11175085075;45.4852;6.46263
11175377186;45.52801;3.34139
11175960237;45.67516;4.759
11176331087;43.83458;5.78324
11176331088;43.83351;5.78154
11176547537;45.75256;3.96588
11176844637;45.73349;3.83557
11177202709;45.47626;6.4555
11177202842;45.47906;6.44708
11177202856;45.47901;6.44674
11177323178;45.70324;6.45331
11177325052;45.70764;6.46152
11178276739;45.71819;6.46165
11178398773;45.73505;6.45436
11178437037;45.23264;5.68036
11178523038;45.23201;5.68148
11178530978;48.47033;-4.52876
11179606343;45.2117;5.7865
11179606348;44.61302;5.45297
11179606349;44.56486;5.74188
11179606350;44.41564;1.41806
11179606352;45.65992;2.93833
11179606355;43.70082;7.26364
11179606357;45.17521;5.73862
11179606369;43.1774;3.1902
11179606370;43.56871;6.96574
11179606371;45.0393;-0.55875
11179606372;43.09743;5.81591
11179606373;43.24908;5.58413
11179606376;44.07768;0.9072
11179606377;43.73364;3.31859
11179606378;44.52052;0.03844
11179606379;43.80631;1.03086
11179606380;46.37754;-0.06805
11179606382;43.92122;5.04919
11180503790;48.5705;3.73704
11180512928;45.77403;-0.42097
11180566018;46.41253;-0.89544
11180566021;45.80822;4.93691
11180566036;47.47536;-0.54503
11180577632;45.47009;6.45013
11180577637;45.47105;6.44353
11180593439;47.52631;-0.60642
11180593469;47.53887;-0.6162
11180756937;46.51602;2.27784
11180883721;48.86122;2.35795
11181163437;45.22697;5.69291
11181235311;49.25883;1.21293
11181446453;48.86001;2.35726
11181458296;48.45615;5.38878
11181627175;44.11376;0.85136
11181698934;47.54979;-2.90776
11182813537;48.00923;7.05483
11183116840;45.65841;5.9361
11183558237;45.61322;2.5534
11183622865;48.16848;6.30261
11183680954;43.33958;1.78197
11183764575;48.89259;2.38837
11183989017;45.94203;5.35853
11184160733;46.41062;-1.5311
11185666842;45.1479;2.76712
11186669825;44.26683;5.84665
11187474438;46.38396;3.39903
11187689861;46.40859;-1.56592
11187759766;46.41565;-1.57417
11187823814;46.42137;-1.57391
11187824938;46.42164;-1.57383
11187850200;48.91176;2.36678
11187996937;43.38345;-1.31027
11188935637;43.6559;3.15104
11189246041;48.85715;2.19085
11189679757;45.88455;5.37164
11190643050;47.62297;7.05611
11190681715;45.6862;6.16841
11190699666;45.7375;6.14227
11190719077;45.68665;6.16905
11190930001;46.06796;0.67368
11190932893;45.68679;0.56749
11191701181;44.94401;4.84457
11192421623;-21.06285;55.51631
11192811337;43.77679;4.83152
11192926145;46.56549;3.34974
11192926146;46.47492;3.26443
11193553637;44.46904;2.71589
11193553638;44.47122;2.72241
11193687695;50.62486;3.03917
11193946960;45.84843;5.78355
11194261452;43.30854;-0.35821
11194525945;45.56389;5.93492
11194595068;44.8862;4.38679
11194895661;44.88984;-0.66632
11195641119;49.09781;6.88735
11195644109;48.65361;7.15027
11195667225;48.743;6.9423
11196378873;44.15721;2.28383
11196406079;48.84785;1.81601
11196525470;47.74754;7.33955
11197377142;45.86356;4.83249
11197441837;46.45838;-0.81123
11197546219;46.04541;3.87316
11197548261;43.23283;5.37269
11197877460;45.95968;5.83543
11197941971;-21.02998;55.47625
11197972034;43.46861;-1.42294
11198336137;45.2798;5.64959
11198361401;44.95561;4.10016
11199369708;50.62176;3.03053
11199569711;43.45674;3.41149
11199574834;50.62043;3.04977
11199642954;43.32126;0.37289
11199794501;50.63623;3.04465
11199832597;45.64797;2.85176
11200036179;48.07687;-1.71318
11200036688;48.08058;-1.71309
11200036689;48.09121;-1.69846
11200047974;48.06724;-1.71712
11200050567;48.08032;-1.7141
11200072992;48.08114;-1.71399
11200074664;44.26093;1.14563
11200076629;48.08414;-1.70477
11200076630;48.08498;-1.70442
11200100217;43.30737;-0.35828
11200100221;43.30717;-0.35861
11200750822;46.15913;6.66944
11200987270;47.76721;3.61356
11201826038;43.45821;-1.50193
11201869939;43.31479;3.13919
11202142501;45.69129;4.93761
11202171667;43.75524;0.37253
11202202991;43.30766;-0.35778
11202216225;45.28884;5.64629
11202286979;44.8443;-0.6204
11202900120;43.80594;0.42747
11203138912;44.33773;1.20937
11203165034;45.3159;4.76809
11204094198;45.24494;4.66893
11204604337;44.76792;5.03301
11204838323;48.63579;-1.51173
11204844295;47.39691;4.65338
11204942037;44.11346;4.83037
11205123596;44.68123;4.26801
11205320324;49.42382;6.29764
11205631126;44.44924;1.44213
11205631131;44.45193;1.44028
11205769538;46.24173;3.1513
11206166989;47.8295;7.24499
11207250897;45.20381;5.76579
11207888072;45.74355;1.73814
11208012126;44.50355;1.19164
11208432092;43.28381;5.39073
11209036647;46.66593;-1.42771
11210195385;48.84467;2.37338
11210240071;46.65817;-1.42356
11210283960;45.22985;4.39928
11210298054;45.23289;4.40051
11210298062;45.23163;4.40136
11210365502;48.99527;2.16085
11210387467;48.99096;2.1674
11210443641;44.38682;1.39872
11210863625;42.67606;2.90436
11210863626;42.6771;2.90361
11211024131;48.86322;2.39115
11211162737;44.81091;0.82406
11212039898;45.04408;5.82669
11212067325;44.73752;1.38486
11212693342;45.76042;4.86134
11214150752;47.80279;0.18023
11215125209;44.823;-0.55481
11215468237;49.56545;3.60294
11215541389;45.34129;5.5777
11215541390;45.34151;5.57782
11215712509;43.64521;1.02091
11216074528;48.72026;7.02023
11216080046;48.73893;7.36941
11216086959;48.73178;7.06233
11217401409;45.18482;4.21716
11217603615;48.87318;2.48974
11218156634;45.62624;5.80018
11218193836;45.63358;5.80079
11218510837;45.11187;2.86808
11219318098;45.18436;4.18242
11219318099;45.18852;4.18301
11221274655;47.09252;5.49306
11221811715;43.62532;3.90859
11222028772;43.69621;4.0351
11222233990;44.09782;4.15132
11222366629;47.85059;5.25485
11222481393;44.27808;3.83726
11222484816;45.12657;3.94774
11222714703;44.29941;3.66431
11223399610;43.60252;6.65198
11223417078;43.63158;6.67816
11224356975;43.65333;1.47746
11224453707;46.66611;0.3671
11224463961;43.66295;3.91123
11224546769;44.33677;3.50369
11224631635;45.61945;4.6719
11225113394;45.0524;5.83632
11225174514;49.31851;-1.10253
11225687619;42.85957;1.08417
11225792537;47.71304;-0.99901
11226417838;45.60132;6.25426
11226458895;44.3188;3.23111
11227668531;48.88856;2.24811
11228002761;46.40983;-0.21274
11228087108;43.9488;6.8133
11229118882;48.70461;1.98594
11229143096;41.69676;9.06269
11229516225;45.44308;-0.43056
11229516348;43.45923;3.41888
11229516349;43.4582;3.41942
11229613088;48.86189;2.38833
11229779312;44.60803;5.29164
11230010135;47.56644;3.96904
11230020338;47.56622;3.96749
11230070169;47.32655;6.76791
11230699409;48.83327;2.36189
11230758239;49.08332;1.65798
11230764670;43.6153;3.87414
11230781937;44.0289;5.97851
11230918638;43.38403;-1.30484
11230996963;42.76013;2.05367
11231121337;43.60517;3.88017
11231246037;43.38261;-1.30648
11231246038;43.38254;-1.30642
11231258682;48.24724;-4.1307
11231277674;43.66871;1.49951
11232461516;45.24434;4.2307
11232461517;45.24483;4.23112
11232548006;48.9185;1.76618
11233102119;44.32316;3.82913
11233131666;43.59439;6.92744
11233222773;44.72938;6.84626
11233435439;46.78826;1.70637
11233567056;45.7007;1.09398
11233972823;-20.88431;55.44301
11233992095;44.36297;3.74504
11234038815;-20.94975;55.41138
11234466751;44.07531;3.27355
11235207011;49.44932;1.09396
11235236611;47.74452;3.65276
11235274601;47.68448;1.78335
11236009169;42.87321;1.21477
11236921113;45.23239;4.40061
11238202039;48.52891;7.31712
11238390502;43.6616;3.91119
11238532337;43.64838;-1.42877
11238555095;48.66277;6.21524
11239926639;43.30376;-0.35659
11240545846;45.20945;4.14614
11240876620;46.151;6.66052
11241066792;48.09113;-1.79379
11241332369;48.88736;2.34354
11241903735;48.73196;2.3272
11243330504;47.39152;3.63935
11243666954;45.83235;1.57121
11244236278;48.86562;2.39415
11244393026;47.64186;1.44462
11245064860;45.9648;5.58399
11245322989;42.51428;2.80489
11245364133;45.92836;5.35778
11245397566;45.93007;5.36002
11245551987;48.32977;1.65615
11245852938;47.46983;-0.56933
11246832137;44.90637;4.15492
11246904292;43.01582;2.48398
11247481037;45.10929;5.72623
11247495479;43.59274;1.48966
11247888122;43.57592;1.47403
11248160645;46.66116;2.55605
11248438873;45.05556;5.56762
11248448415;48.92272;2.18715
11248469537;45.12229;6.02358
11248504003;43.57238;1.47881
11248765530;48.90802;1.88519
11249163091;48.81748;2.1964
11250483716;44.00895;4.86769
11250696231;42.85596;1.22005
11250953437;43.95054;6.81199
11251326337;46.5371;-1.77659
11251575839;46.53655;6.01573
11251931249;44.88282;4.58078
11252266788;44.14135;0.60938
11252759374;48.30224;-3.89425
11253004215;47.13354;-1.75032
11253398346;48.87077;2.77725
11253398349;48.87194;2.776
11253832378;48.63173;0.19086
11255048900;44.69548;6.10664
11255048901;44.69592;6.10702
11255048902;44.69522;6.10587
11255048916;44.695;6.1057
11255823132;47.20555;-1.56413
11256879502;-22.28172;166.44148
11256879503;-22.28341;166.44188
11256954738;49.21141;-0.33126
11257106729;48.23778;7.1758
11257812663;43.4077;3.25032
11258368273;43.89514;-0.49978
11259834702;45.08326;6.19394
11259963246;45.08232;6.17712
11260033235;43.93473;5.59057
11260381342;44.60643;3.96964
11262439075;43.59827;1.36811
11262877287;45.7188;5.07991
11262986774;44.86969;6.57406
11263110487;48.8079;2.22152
11263126952;47.664;0.23641
11263794237;43.72251;7.25047
11264008155;48.11482;-1.2493
11264478844;46.45487;5.35962
11264630012;43.58624;7.12106
11264737901;46.45571;5.3572
11264779688;45.22335;5.77956
11265222349;45.50289;6.22968
11265228223;45.55544;6.19853
11265501359;46.2982;1.73247
11266462648;49.14334;1.98015
11267146807;45.14311;3.66878
11267539925;48.91182;1.78881
11268741480;44.44397;0.61771
11268976889;44.4438;0.6178
11268985840;45.64858;1.11952
11269449242;45.45826;4.77027
11269601057;45.4962;4.82253
11271080776;45.41614;4.39387
11271164669;43.26538;-1.34814
11271265179;45.73629;4.85326
11277110082;45.67281;6.39086
11278376695;48.8586;2.27126
11279976045;45.7571;4.85329
11279990960;44.10098;1.83492
11280004327;44.0983;1.83525
11280011585;43.8975;1.32673
11280052087;45.87757;4.03547
11280264949;44.00912;4.86964
11281125547;45.95565;5.37304
11281506061;44.10755;4.22309
11281893962;43.53547;3.45974
11281904987;45.0672;6.629
11282127689;47.2117;-1.72742
11284740678;43.59001;3.92402
11284740679;43.59014;3.92539
11288176637;44.05446;5.23672
11288590940;48.44587;5.14988
11288845070;45.39467;5.24974
11290505298;44.75794;5.67846
11291230702;45.22353;6.21674
11295292003;44.07111;0.89931
11296151015;45.22448;4.55125
11296195043;45.76053;4.91975
11297534639;45.70661;5.83565
11297534640;45.70612;5.83678
11297553429;44.4887;4.183
11298217696;43.41848;3.36501
11299624698;45.51807;5.86752
11299624725;45.51565;5.86988
11301119506;43.31988;3.27948
11301791926;45.99077;4.7247
11302070803;45.94551;4.73075
11303498494;43.12783;2.29799
11304172279;44.3582;2.58675
11304193869;44.35872;2.58868
11305477362;47.59263;7.57019
11306620544;46.16849;1.87078
11306874024;42.81529;0.41376
11307051958;49.46056;0.99497
11309011868;45.63276;3.5599
11309428132;48.87365;2.22368
11310807188;43.65563;3.15029
11313879757;46.35078;6.2916
11315903125;48.30477;0.42216
11321823783;48.87693;2.36014
11321823784;48.87729;2.35869
11323341984;48.9177;2.35118
11323341985;48.88553;2.76027
11327520240;44.14161;4.13687
11327990209;49.3721;-1.79426
11328249994;48.88264;2.24987
11328250001;48.89272;2.23984
11328868194;43.94687;4.93097
11328973606;48.5596;-3.14876
11329129632;48.54869;7.75981
11329129633;48.55078;7.7596
11329272369;44.65607;1.39406
11329935932;45.84656;5.33218
11331973749;46.61984;4.81565
11335874976;48.02794;-1.77262
11336434311;43.67231;4.637
11337782563;49.91695;0.98116
11338117814;43.41866;-0.66966
11339321059;42.30472;9.14941
11339681209;43.19177;-0.21241
11339784206;43.04127;0.16893
11341363554;43.13019;5.93609
11341402334;43.70262;1.47646
11341429320;49.86017;2.39353
11341431031;43.13071;5.93418
11343183734;45.57708;6.16028
11343377109;45.89143;4.66786
11343564179;45.75474;4.91666
11343653498;49.35481;0.96122
11345070548;47.8268;-0.38893
11345266571;44.56525;6.2916
11345821369;44.84671;-0.55688
11346237969;45.7694;4.88868
11346348207;49.35485;0.96227
11347795703;48.7259;2.26162
11350741171;43.74639;3.13384
11350841633;45.69624;4.92993
11352279377;44.37919;2.04478
11353560551;44.54482;4.79601
11358163098;45.80329;4.83457
11359871734;46.58151;1.98323
11360333080;45.70539;5.88778
11360365207;45.49885;6.23077
11360399069;44.47222;1.36047
11360915689;45.71042;4.80903
11361614431;-21.29933;55.45707
11361997581;48.35432;-4.56749
11362164111;47.39367;0.69858
11362453153;48.75206;2.31494
11362818637;45.27952;5.64888
11363926619;45.80986;5.3702
11364125570;44.96083;4.44812
11364125869;48.4375;7.40456
11364126069;45.56256;5.89519
11364126169;45.53095;6.3561
11364126171;45.05934;6.03839
11364443926;49.18895;2.4635
11364443953;48.52576;2.75496
11364931185;44.63207;1.77332
11365012669;45.56377;6.69141
11365983480;45.73475;4.87914
11366291336;43.60147;3.90336
11366337519;43.59804;3.89793
11367104721;43.60413;3.89645
11370920844;45.70084;-0.49418
11371354905;47.43991;6.49632
11372945186;43.94375;1.16719
11374704174;45.78656;3.08477
11375026644;44.96936;5.80258
11376050947;46.97097;6.42372
11376051041;46.97036;6.42429
11377421832;45.66738;6.3789
11377422200;45.32308;5.93152
11379128526;49.47993;0.95105
11379645343;45.66693;6.37857
11381195477;43.59833;3.92341
11384226045;48.38723;-4.49349
11384226046;48.38285;-4.48972
11385558975;45.11301;2.79074
11385611689;46.38824;5.67724
11385611694;46.66768;5.82243
11387448669;45.96603;5.54261
11387448672;45.95173;5.61166
11387448673;46.02171;5.59856
11388571735;49.16356;6.5976
11390157367;44.08313;3.64276
11390197266;44.12594;3.63386
11390275371;44.09464;3.6361
11390290677;44.08129;3.64233
11391735103;48.70376;7.07702
11392166176;45.74853;4.82563
11392284559;44.39718;4.88259
11393732684;44.39108;4.89593
11394936450;42.65364;2.8305
11394936451;42.65349;2.83061
11397567907;43.31633;2.87035
11401864586;47.39117;0.68869
11405430087;45.57998;5.90675
11405938435;43.55186;7.01531
11406422577;45.41786;4.6811
11410729262;43.51221;5.73333
11410788628;44.10203;4.75611
11413015481;43.38479;-1.65992
11413138911;44.44722;4.41719
11414416539;46.30138;6.31452
11414457245;45.46084;6.74253
11414457246;45.46025;6.74572
11414457247;45.44952;6.77739
11414469968;46.29827;3.81528
11415129867;46.27089;3.80785
11415133702;46.27111;3.80202
11416769182;46.61515;5.55426
11417405932;46.27093;3.80308
11417480552;48.88444;2.24323
11419501962;47.40811;0.59957
11419864004;46.32576;3.62974
11419879837;46.32554;3.62892
11420080711;46.77813;0.80682
11420770351;48.87314;2.37986
11422412273;43.42282;3.02787
11422708732;45.0445;5.0558
11425059892;49.30546;5.9072
11425166465;43.38071;2.91476
11425398755;43.42672;2.84403
11425702739;-21.20285;55.28228
11426658636;43.3027;-0.3525
11427794447;48.37002;-4.30641
11428280060;48.39166;-4.48496
11429331965;45.27173;5.86874
11431883931;-20.8834;55.46677
11434603585;43.11235;5.93837
11434793481;45.22033;3.94014
11435779422;46.20356;4.37612
11439381039;43.94028;4.63843
11439382630;43.88998;4.6805
11439414630;43.89119;4.68086
11443028468;-21.00273;55.27538
11443348369;45.36403;5.5913
11444859458;43.55205;6.03342
11445911299;46.20684;5.2276
11446092035;43.06292;0.1483
11447430062;48.49959;6.07163
11449643828;45.76646;4.85256
11450363853;45.44628;4.38301
11451628215;42.94187;0.2855
11452293269;48.63421;7.7367
11453130702;48.63367;7.73622
11453148856;43.95866;3.80666
11453853524;47.59835;-2.09886
11453916145;44.83534;5.96136
11455200591;47.69218;-3.35374
11455654986;43.52939;1.34675
11455761972;42.84317;0.3395
11456198120;43.07781;0.56609
11459042914;45.17923;5.74793
11459180945;43.96642;3.8563
11459326683;46.5699;5.75272
11459833653;44.82488;-0.5566
11459850913;45.4667;5.96519
11462754603;43.18653;-0.94374
11462754656;50.02107;4.78969
11462948280;48.86171;2.43058
11463213702;42.99567;2.25557
11463213703;44.9639;3.08388
11463237754;43.9558;6.68655
11463237755;47.55976;2.44858
11463237756;42.85745;1.63802
11463237759;44.37583;5.16247
11463237760;44.12942;5.42757
11463237765;46.55096;3.13528
11463307195;42.78387;1.75578
11463307205;49.5425;5.41475
11463307208;46.29104;5.81507
11463374536;47.76425;3.61827
11463440582;45.61305;3.23705
11463440583;45.6902;3.25327
11463440601;43.89047;5.14894
11463631315;44.50293;2.18046
11463636588;44.49516;2.14105
11464367133;46.02467;0.65383
11464367134;46.02469;0.65394
11464367145;45.21382;1.69163
11464367146;45.37172;1.87395
11464367148;45.86765;2.36909
11464367149;45.87006;2.36822
11464382873;45.39241;2.1127
11464420757;45.65117;6.16686
11464420758;45.40622;2.04692
11464442369;42.88575;1.89968
11464477076;43.86318;1.89742
11464477124;44.52624;1.23221
11464477130;44.77196;2.88196
11464477132;44.77051;2.88286
11464487382;49.56693;3.59845
11465263001;45.68195;6.13714
11465263002;45.70127;6.12286
11465263003;45.51517;1.87386
11465263006;44.88293;0.88941
11465263009;42.77612;1.75483
11465263010;45.93383;3.01333
11465263011;44.47578;1.28538
11465263012;45.37427;2.45978
11465263013;43.37435;2.34555
11465263014;44.4119;0.21811
11465359289;45.7022;3.42748
11465359307;45.35832;-0.57255
11465359308;47.19606;5.52398
11465359309;49.88386;4.73161
11465359310;43.0644;0.41661
11465428870;49.22343;3.13547
11465512033;44.0259;5.93557
11465512034;45.96255;3.61576
11465512039;42.83196;1.19843
11465581068;43.86998;2.75577
11465609969;44.07556;5.62601
11465638596;44.9863;3.64856
11465638604;44.4308;4.80259
11465638605;45.00741;5.30101
11465684596;49.44214;6.35299
11465684597;43.98084;5.56318
11465684600;46.535;3.19253
11465684601;48.87761;7.41619
11465695680;49.45809;5.4506
11466092395;48.8802;2.35551
11467076062;43.04127;2.29098
11467194517;45.69788;0.2487
11467282714;43.01341;1.61063
11467329108;44.83296;1.23074
11468428287;-20.88693;55.45008
11469890376;43.42013;-1.46711
11469986743;43.47395;-1.4526
11471018121;42.77139;2.69415
11471307595;45.77416;4.82328
11473287928;45.62081;6.9205
11473287943;45.62054;6.92084
11476298855;48.87263;7.44102
11476347215;48.87063;7.44054
11476867378;48.65292;2.6399
11477198869;43.34572;-1.61955
11478544797;44.18507;2.30647
11478660779;42.7744;1.67353
11479449276;43.50618;6.94545
11482445455;43.93964;4.35118
11482597760;48.95303;2.57127
11482600796;48.95424;2.57136
11482749329;49.03696;7.94334
11483224269;44.8912;6.63492
11483371469;42.51145;2.12865
11484277300;48.31799;-4.28335
11486229416;47.61518;1.32488
11494455677;44.9204;2.93446
11494870324;45.58243;6.87966
11494887118;45.54439;6.90215
11494887126;45.54489;6.90182
11494887145;45.58202;6.87427
11494887146;45.58237;6.87452
11494887147;45.58325;6.87417
11494887150;45.58332;6.87367
11494887154;45.58353;6.87386
11494887204;45.59288;6.86649
11494887205;45.5932;6.86723
11496218933;45.20826;5.76647
11497144690;45.32548;5.93882
11497434524;48.88706;2.32889
11497434527;48.88796;2.33012
11497816943;48.53486;7.4332
11498342901;48.88644;2.33268
11498342902;48.88541;2.33176
11498342903;48.88626;2.33178
11498342904;48.88635;2.33179
11498342905;48.88833;2.33107
11498342906;48.88851;2.32946
11498342907;48.88973;2.32908
11498342908;48.88796;2.32875
11498342909;48.88701;2.33016
11498342910;48.88624;2.33007
11499494337;46.44933;2.17623
11500352569;44.8865;6.63698
11500726821;45.59055;6.87546
11500726823;45.59158;6.87445
11500737700;45.59656;6.86696
11500737705;45.59961;6.85131
11500737706;45.59969;6.85229
11500737707;45.60223;6.84771
11500737708;45.60397;6.84457
11500737715;45.60378;6.84367
11500737722;45.60344;6.85343
11502833407;45.50859;6.91885
11505617031;47.73809;7.31879
11505956745;46.18871;-1.06431
11508204418;48.12475;-1.21035
11510649722;45.28257;5.88361
11512091734;44.41633;3.03502
11513565330;47.58666;1.33391
11514044261;42.0115;9.32199
11514116606;42.0096;9.32335
11514286284;43.70242;3.50731
11516654573;48.9194;1.66751
11516832938;48.86423;2.36676
11521971360;47.34259;1.16494
11524623882;44.09483;3.02223
11527855243;49.01045;6.0275
11527880390;48.97448;5.99406
11527905349;48.91396;6.00763
11528250854;44.25756;6.92495
11531187370;46.16819;-1.18071
11534590141;43.87586;4.59175
11536420097;46.83767;-0.77607
11537615970;44.11974;4.08871
11538014243;44.84403;6.81683
11538241822;47.25451;-1.52024
11538349359;42.89595;1.21917
11545589282;46.35476;3.58871
11545653206;46.35276;3.58997
11546637638;45.44345;4.39932
11549258869;41.84565;9.05551
11553350867;45.53878;4.87172
11553362274;48.39514;7.4447
11553364909;46.33636;5.12645
11553369303;48.31049;-0.43257
11553369970;48.80356;7.40278
11553989787;44.86367;6.58465
11554379853;45.18787;5.78728
11554780317;45.81034;5.27486
11556191644;45.80802;5.2376
11556700727;43.95224;-1.36302
11556700728;43.95239;-1.36008
11556972938;45.83963;5.35482
11559170877;43.95122;4.81883
11559230817;45.8344;5.34932
11559809724;45.01051;5.69847
11560772663;41.95963;9.25597
11560778260;44.65284;2.8658
11560796454;44.6527;2.86571
11560822380;44.65194;2.86508
11561111132;43.8709;4.42358
11561111133;43.87371;4.4296
11561111134;43.87352;4.43253
11561239805;45.74081;4.85937
11563919664;48.66108;2.54769
11564240744;48.81273;2.29263
11564720639;48.91184;2.38298
11568505462;47.54162;2.98819
11568933458;45.27239;5.92234
11568960174;45.2586;5.90901
11569581744;43.89333;7.26171
11569581746;43.89495;7.25791
11569581747;43.89588;7.25666
11569581748;43.92006;7.26487
11572544952;48.38982;-4.48597
11572871287;45.73241;4.99679
11573558379;45.27814;5.64768
11576021637;42.78669;1.848
11576274450;46.36337;3.65839
11576450533;45.78103;4.86401
11576699118;46.4035;3.70224
11578352866;43.87105;7.19787
11578870355;47.30226;5.05706
11578967839;43.72524;7.24961
11578967848;43.7175;7.23665
11578967851;43.6849;7.23607
11579053057;42.79016;0.5892
11579176061;44.26473;4.68011
11580219032;46.08461;6.58346
11581644600;47.90241;2.02785
11581844971;-21.034;55.26382
11583991392;45.50454;5.70206
11584175323;45.50797;5.67413
11584377565;43.39556;1.26188
11584749570;45.57282;5.42941
11584786698;45.54125;5.39196
11584794288;44.82071;-0.55025
11585312667;45.75957;3.08405
11586460031;49.04561;6.15706
11586570926;43.69857;7.28483
11586841844;45.43881;5.81282
11586911924;45.43107;5.82684
11592847890;45.58722;6.02928
11592988762;47.41562;6.78542
11594142043;49.2072;-0.38358
11598159520;45.73783;5.01568
11598531773;45.1561;1.53535
11598548252;49.17745;-0.3867
11601651488;46.13971;6.16155
11601867431;45.48851;4.80877
11603112879;45.48684;6.46464
11607408522;45.62177;6.76944
11607643520;46.26204;-0.21108
11607962725;43.95057;6.81058
11608059557;47.51238;4.09191
11608732441;44.8786;4.57505
11609662197;45.76533;3.30847
11609713132;45.60765;5.97043
11610032287;45.3924;5.29599
11610696987;45.73489;4.87934
11610717632;47.38601;0.7236
11610775949;43.62433;1.34006
11613375743;45.7494;4.82778
11613375744;45.74998;4.82597
11613658801;45.77314;4.8419
11613745679;43.95889;4.74257
11613769770;43.95376;4.76869
11613793880;43.85097;4.77261
11616892846;48.89709;2.35787
11620121414;44.46612;3.21592
11626574655;47.21369;6.54084
11627968305;48.83097;2.37011
11629574952;-21.37628;55.6177
11632044761;48.85897;2.38473
11634168626;43.78148;4.72621
11634168627;43.77531;4.72797
11634168630;43.85099;4.77412
11634637469;44.06188;5.83452
11634637470;44.06152;5.83401
11635177194;43.58091;7.12771
11635425151;46.07427;5.9753
11637290752;45.42625;4.40476
11640507863;46.56168;2.20577
11640507864;46.56089;2.20573
11640633318;43.67989;3.14749
11640895549;47.24018;5.86822
11640895554;47.24107;5.86933
11641128443;47.61462;6.304
11641428606;43.65;3.79144
11641428607;43.60469;3.89828
11641428608;43.61642;3.88042
11641492132;45.49109;5.97618
11642461739;44.87624;4.57482
11643170500;48.9339;5.97027
11645992027;43.28242;5.37818
11645992028;43.28208;5.37888
11646135009;43.03906;6.13171
11646614284;45.99203;-1.09912
11649409069;44.26827;4.02596
11649970082;45.59891;6.77638
11650020244;45.17423;4.07039
11650598795;44.87994;4.57665
11651987526;43.33314;3.53262
11652210763;49.33348;-0.4464
11655989044;47.18402;-1.56193
11659319834;43.30244;5.75636
11659641076;43.8896;-0.74121
11659758040;45.96045;6.04343
11662725058;45.38057;5.9668
11663124710;46.51459;4.67645
11663281512;43.288;5.35487
11663281513;43.27895;5.35422
11663281514;43.26605;5.37263
11663281515;43.28325;5.36871
11663281516;43.28985;5.37122
11668513633;45.20112;3.98538
11669567471;45.23975;4.8
11672406399;46.06403;6.36574
11672516245;46.0636;1.89927
11677550863;48.27291;7.03979
11681366682;48.56059;6.96515
11681723177;46.16519;-1.13065
11681737306;46.16577;-1.13174
11681746857;46.16456;-1.1337
11681779042;47.53256;6.89558
11682006931;43.28564;5.56019
11682521438;45.20318;5.70379
11682711441;49.10527;6.15537
11684504201;46.33444;6.67708
11688002694;47.38814;6.65082
11688748004;45.19284;5.39201
11688938173;43.33679;2.85436
11691552370;47.37405;6.84187
11691641277;45.79329;3.10918
11692064417;44.41657;6.33792
11693573219;44.44883;4.59826
11694380076;46.36144;6.46904
11697019821;45.73623;5.67322
11697090403;45.27606;5.62311
11700337410;44.89696;6.6257
11700429290;45.76784;6.26048
11704356403;43.22917;2.11572
11705002573;48.57088;-2.57936
11708417736;44.59532;6.36485
11708638337;44.58551;6.38324
11708717351;47.88063;0.22673
11708773873;47.87862;0.2277
11709458454;45.72898;4.88423
11709459189;45.72037;4.89428
11709459190;45.71958;4.89647
11710679318;45.20702;6.47291
11711203619;44.48251;4.6905
11716992758;44.63747;4.65123
11717152731;45.69522;6.15123
11717375651;47.37139;6.87931
11717544295;43.95088;4.80832
11722272197;48.60539;2.29681
11722492396;48.84731;2.38645
11722682599;45.47982;6.17219
11724229636;45.52888;6.67515
11724229638;45.52952;6.67463
11725884779;50.14116;4.83391
11726450513;44.95575;5.77134
11727841796;45.43233;6.02008
11732297089;44.62264;6.20438
11733424001;43.3417;2.36111
11733543632;44.36637;4.64629
11733646059;43.3148;-0.3627
11733646060;43.31395;-0.36378
11733820686;48.94032;2.56684
11735007627;45.89605;5.84411
11735129652;43.88855;3.62319
11736182095;48.22752;-2.85485
11736474598;47.7795;1.63669
11736742462;48.02817;7.50287
11738306575;44.02761;1.92875
11738473221;46.8329;-0.86063
11738679343;43.98837;6.90848
11738691582;44.00064;6.82784
11739188917;43.13597;0.53211
11739204022;43.13622;0.53229
11739788103;45.45166;6.13578
11740735901;45.60745;4.0829
11740840726;47.65522;0.39583
11740843356;44.22988;3.04002
11740843357;44.22979;3.04112
11740843358;44.22974;3.0397
11740861619;45.68153;5.85549
11741906270;44.49456;2.57868
11742109102;48.81699;2.31519
11743536632;45.52347;5.92403
11744856947;47.90704;1.91071
11746365745;43.73447;3.49145
11746530798;48.92964;1.8385
11746530821;48.89683;1.86358
11746650761;44.08355;4.97118
11747634331;43.31897;5.37212
11747822167;45.2816;5.8849
11747982712;43.61134;1.43844
11748588377;47.34176;4.87161
11749014725;44.53599;2.56465
11749882256;46.43072;3.81646
11749915884;46.56871;2.18875
11750112087;43.62198;1.47789
11752354886;45.56524;4.70133
11752393021;45.62898;4.60184
11753413506;44.79236;-0.62518
11753585277;43.71046;3.48593
11753585490;44.81706;-0.57499
11753585491;44.80933;-0.56937
11753698239;43.45592;1.83764
11755404669;47.24896;-1.48888
11755826798;45.48008;4.43595
11755896897;47.93979;1.9327
11756682075;45.636;5.64109
11758431761;43.59174;1.42882
11758453754;43.59188;1.42981
11758486306;43.59186;1.42822
11758503754;43.59192;1.42942
11760234221;49.23593;4.0328
11760523631;43.66081;3.97365
11760719816;43.94061;7.51319
11760838879;46.51993;3.6834
11761629497;44.36076;2.55751
11762182160;49.08375;1.64074
11762197583;44.15386;5.09834
11763875158;47.40655;5.01697
11763919196;45.16402;5.73548
11763964148;47.40574;5.01155
11763964752;45.16448;5.73485
11763981500;45.16405;5.73548
11764064640;48.59048;7.7488
11764175349;47.90046;1.90212
11766078739;45.73029;4.99423
11766316617;48.1508;-1.67895
11767192656;47.92944;2.13984
11769191052;47.51385;0.11741
11771120561;48.70444;2.36127
11771198456;48.85716;2.78959
11772118869;43.84326;4.32648
11773100824;46.35415;2.80475
11773476251;44.36592;5.77022
11773596298;43.34263;1.16299
11773957499;42.91576;0.63945
11775113375;44.27614;5.27642
11775203912;44.27551;5.27548
11775203913;44.27555;5.27267
11775338818;43.52054;0.98079
11775501656;45.19471;5.74163
11775526899;45.19859;5.74142
11775547054;45.94028;3.60372
11775593319;43.93418;-0.03143
11775593321;43.93391;-0.03167
11775728969;48.67989;2.02243
11775996984;44.46436;1.66813
11777754090;47.99596;-4.10624
11777857003;48.63659;7.51123
11778615150;45.39814;4.22691
11779023498;43.36851;5.62272
11779931038;45.1782;5.74716
11779979288;49.0597;1.81587
11780050399;46.66833;5.58234
11780932957;43.45783;-1.50242
11781249320;43.86361;3.31201
11781270088;43.97978;3.18667
11782515609;48.84474;2.37621
11784700054;46.23734;1.48634
11787104953;50.62987;3.04743
11787440334;48.58884;2.2492
11789259354;-21.37341;55.66757
11789259355;-21.19713;55.82055
11789462173;45.76976;2.98431
11789505605;47.44931;4.92709
11789561775;43.48494;-1.32143
11789727824;44.89391;5.76735
11789750858;43.64011;1.16649
11791002531;43.66511;2.29186
11791832482;44.11129;2.53542
11792800451;46.6723;5.56045
11793359639;45.28794;5.88585
11793872483;43.22628;5.41647
11794070039;46.75228;2.41922
11794975318;43.99793;4.77984
11795281260;45.81205;5.3722
11795715141;47.38448;0.6854
11795826069;47.14776;5.72542
11800327468;45.19508;5.73583
11800627605;43.55084;3.22302
11800646453;48.69112;2.16153
11801633941;46.17726;4.81477
11801838989;43.84451;3.51498
11803316954;47.18439;6.72305
11804336979;44.40277;4.25319
11804512612;44.93761;4.87078
11804512643;44.93173;4.87507
11806726392;43.86375;-0.59262
11808045863;43.66256;-1.4204
11808120361;45.83528;5.53882
11809163211;48.87534;5.95793
11809172116;43.48548;6.08082
11809275372;48.91417;2.30698
11809521671;44.7289;6.56929
11809543170;44.72394;6.57167
11809619816;45.66699;6.15755
11809638192;45.1781;0.70804
11809689726;43.97893;4.9093
11809693131;43.9789;4.91021
11809766636;41.63768;9.01016
11810609396;44.50302;3.41024
11811439526;45.74342;4.83449
11811759264;43.52824;5.4535
11812295308;47.47035;6.96352
11813421212;47.23977;6.02262
11813884854;43.03553;0.92377
11815405098;42.70121;2.9022
11815905963;-20.98015;55.33903
11816173483;44.28628;5.52529
11816209095;47.25987;0.46433
11816246520;43.48168;-1.51443
11816296976;41.64602;9.00858
11816307859;47.90026;1.98668
11816498366;44.75311;5.37126
11816502808;47.22895;-1.5406
11816573634;47.18081;0.04728
11816756348;41.64817;9.03392
11817001669;45.91265;6.12201
11817055566;43.20552;1.08655
11818268997;49.08427;-0.37955
11818281190;49.09714;-0.28785
11818513807;42.95115;2.97196
11818551625;46.56823;2.18862
11820034786;44.1909;4.84778
11820044618;44.19097;4.84809
11822646943;49.39647;6.27992
11823067637;45.27232;5.61455
11824425089;44.33872;5.77531
11828057897;43.57323;1.47544
11828324772;43.92627;5.4107
11828614736;45.91521;-0.96066
11828647176;43.31104;5.39206
11828786437;43.4085;5.05644
11829103790;42.52578;2.90184
11829103863;42.52814;2.90548
11830975196;42.52977;2.94807
11830975197;42.52978;2.94809
11830975198;42.52982;2.94889
11832599655;43.3041;-0.35029
11832665632;46.24054;4.78117
11832729777;43.48743;-1.53681
11832753923;43.48666;-1.54451
11833387592;44.66741;6.22812
11833788789;43.34113;5.35069
11834862316;46.00346;5.39238
11834954171;44.07969;6.21283
11835062881;42.79212;2.38062
11835081168;45.22055;5.81503
11835164864;44.26122;4.42078
11835803931;43.98286;4.22892
11835803932;43.9808;4.22424
11836753533;43.48177;-1.14308
11836753534;43.48138;-1.14326
11836753535;43.48137;-1.14333
11836785001;43.48065;-1.47324
11836785002;43.47974;-1.4736
11837144139;44.48357;-1.07593
11837287154;49.19118;-0.34061
11837287155;49.19195;-0.34099
11837287156;49.19275;-0.34137
11837289155;49.17328;-0.35303
11837301022;49.19411;-0.33933
11838889529;45.9359;-0.9576
11839125157;48.88334;1.82722
11840619258;44.54785;6.61944
11842393757;48.64226;2.29192
11842922307;-16.13095;-146.33281
11843355061;48.81317;-1.57205
11844451708;43.44888;3.75147
11847033279;46.24132;6.02464
11847054607;45.55403;0.12384
11847989769;44.26458;6.26988
11848284010;43.92166;4.78577
11850786201;47.9478;1.87703
11853949048;47.95136;1.89969
11853980291;46.80963;1.69958
11853980292;48.88933;2.33933
11854096338;43.58382;7.12742
11854210239;-21.37135;55.58698
11860312574;48.77033;-3.58299
11861660345;45.0502;5.26687
11862297625;49.2031;-0.37062
11862393423;43.53491;5.45123
11862637077;43.62242;6.51854
11866522609;44.44217;-1.24313
11866522610;44.44421;-1.25168
11866522611;44.30821;-1.18201
11866522612;44.32919;-1.14708
11866556850;44.01607;1.34484
11867208779;43.79381;6.39838
11867363801;43.69125;7.10542
11867397735;43.69088;7.10521
11867787263;-21.34897;55.49874
11868688720;42.65914;2.92689
11868795524;45.73852;4.8779
11868984903;43.63763;5.09329
11869592734;43.85114;4.30673
11869760357;44.00968;5.7934
11870309816;45.03915;5.74485
11871563183;47.68278;3.69073
11871660180;45.70965;5.53617
11872143642;45.92513;6.27581
11872581855;44.09862;3.07687
11872678421;49.11153;7.0653
11873469338;44.19367;4.51996
11873587996;45.10665;5.75125
11874282561;46.60445;0.59733
11874947697;44.04463;5.77491
11875930017;48.59118;7.72166
11876220922;43.95375;2.17025
11876483413;46.67401;5.55954
11876671794;48.41175;2.69469
11876962005;45.94311;-0.95914
11878626887;44.41863;6.15872
11878677448;48.89113;2.19647
11878701670;48.89165;2.19727
11879651298;45.32021;6.34288
11880556197;48.83839;2.37287
11880926551;43.92032;2.14354
11881079357;44.82433;-0.5504
11881328222;43.7647;2.28853
11881439986;45.88424;6.05253
11881600466;48.75919;2.3054
11881823857;48.78118;2.31988
11883169501;44.34089;3.60524
11883169502;44.34268;3.60727
11883927857;44.54825;-1.24647
11884008028;44.59918;4.9833
11884109553;46.01046;5.84206
11885769409;49.39135;3.32695
11887134462;44.44321;4.9791
11887516635;43.20247;1.08538
11887614580;45.81497;4.84437
11888460076;44.60166;5.10365
11888518292;49.02108;2.01405
11889026884;-21.251;55.49659
11889184824;49.00994;2.56046
11889291740;42.84788;2.78113
11889382504;42.53272;2.39542
11889385610;45.37631;6.05251
11889804748;42.56185;2.41007
11889813154;50.52954;2.9315
11889842480;44.60628;1.8959
11890697196;45.17877;0.72176
11890876680;43.99965;3.88506
11891343065;45.74777;4.82487
11891369672;43.46492;3.68946
11891461427;43.19579;6.66536
11891490154;-20.89584;55.50018
11891528446;43.19625;6.66494
11891528447;43.19632;6.66569
11891528448;43.19657;6.66568
11891528449;43.19663;6.66511
11891660244;46.17424;5.515
11891779543;43.19558;6.66403
11891790682;43.19585;6.66414
11891918713;47.34538;5.04346
11892011988;45.9184;6.3616
11892149106;45.54253;6.30363
11892385633;47.72043;6.73234
11893051926;49.34834;-0.8054
11893485517;47.31933;4.9109
11893721889;44.65688;-1.18251
11894165089;44.9012;-0.56324
11895203398;44.74288;1.44767
11895223475;43.43919;5.05188
11895647000;49.0251;-0.25979
11895756547;45.28246;6.2991
11896366313;48.90609;2.43965
11896550163;50.20925;2.55052
11896631617;44.79216;-0.59254
11896720983;45.67244;6.39639
11896766425;44.09386;-1.32458
11896854353;44.69044;1.6881
11896884904;46.64575;6.0811
11896887536;45.9829;5.63467
11897006198;48.3499;-0.0797
11897046400;43.60896;4.01146
11897046402;43.60956;4.01184
11897046432;43.60977;4.01146
11897056961;48.15967;2.33127
11897097271;43.3449;-1.62096
11897111208;45.56935;5.91758
11897275445;43.6538;0.51356
11897294306;43.58623;0.41224
11897437140;45.96147;5.83183
11898200756;43.65817;4.65578
11898213504;43.55745;4.7287
11898224942;49.37269;-0.90451
11898226616;45.31874;6.0868
11898226998;43.41424;4.73241
11898227107;43.6582;4.65494
11898233606;43.56997;4.50488
11898234545;47.59003;-2.72017
11898236369;43.56988;4.50492
11898260178;45.94757;5.72293
11898263970;49.37707;-1.00065
11898263971;49.29794;-0.77658
11898263972;49.18482;-0.82704
11898263973;49.17697;-0.83605
11898263974;49.24006;-0.7513
11898263975;49.18871;-0.76163
11898263976;49.208;-0.68423
11898263977;49.22056;-0.67706
11898263978;49.28349;-0.59474
11898263979;49.27219;-0.6186
11898263980;49.28414;-0.76391
11898263981;49.33833;-1.09946
11898263982;49.38129;-1.05546
11898263983;49.38806;-1.03162
11898278734;45.32104;6.08654
11898390249;44.15487;3.68639
11898398888;44.15254;1.75202
11898399729;46.95076;1.86337
11898711998;44.21765;3.32451
11898918285;45.89634;6.13203
11898924749;44.84583;-0.61407
11900291667;49.07925;3.93857
11900509490;49.31892;-0.35142
11900992703;44.45588;6.17639
11901047986;44.35046;6.35609
11901060662;44.46971;6.10555
11901070487;44.48422;6.04975
11901415829;47.74947;7.33883
11901984621;47.12381;2.61978
11903429405;43.57686;1.40132
11903519663;44.29585;5.21838
11903519664;44.29371;5.22058
11903519665;44.29358;5.22045
11904495568;45.66811;0.49794
11904869241;45.93758;-0.96715
11905089017;46.88752;-0.92696
11905089018;46.88798;-0.92966
11905089019;46.88908;-0.93075
11905089020;46.88958;-0.93175
11906461993;45.19302;5.73975
11906502996;47.68291;1.78285
11907189639;44.13521;6.34317
11907649904;45.7562;4.86228
11907704858;49.17739;-0.83712
11907704860;49.17679;-0.83688
11909696981;46.35263;5.65949
11910067717;48.4708;2.69592
11910171405;45.65165;5.63964
11910453860;50.53139;2.93624
11913875859;44.36041;4.23372
11914000326;48.81174;2.32879
11915688736;46.54708;2.53426
11916094589;48.88379;2.22918
11916302005;43.65356;7.15543
11917854313;46.40387;6.68659
11917905076;44.69301;5.48533
11917923351;48.82963;2.37123
11917923357;48.83289;2.32635
11917962653;43.57221;7.10681
11918180464;43.67611;4.62997
11918479443;47.12934;-0.1538
11918482573;44.67505;5.70249
11919906234;44.86158;0.22316
11920169484;45.92739;-0.95442
11920202400;43.88231;4.85719
11920202463;43.37619;3.24901
11920229772;43.19993;2.76911
11920310855;43.54374;0.87716
11920351264;43.09851;-1.42766
11920351265;43.09617;-1.42601
11920575763;49.50685;-1.84712
11920618525;49.63611;-1.84498
11920630586;49.56352;-1.8445
11920664515;44.01112;4.41826
11921628185;43.48045;3.48329
11921679029;48.84591;2.37782
11921767738;46.77209;5.60307
11921777820;46.44304;5.85126
11922515426;48.91881;2.31594
11923557165;50.63597;3.07089
11923557166;50.63663;3.07142
11925250630;43.44133;6.74481
11925250631;43.44294;6.74523
11925583254;48.74419;2.39249
11925694320;47.88001;1.87009
11925842677;45.26267;6.30307
11927567519;42.95635;2.56496
11927571853;48.87052;6.11546
11929106629;48.9681;2.25325
11930271801;43.55951;-1.27402
11930303478;43.54989;-1.30363
11930634548;46.69746;-1.94896
11930736248;42.97094;9.35909
11932358292;49.27944;-0.35649
11933662781;44.31181;4.55466
11933677516;45.59378;4.8554
11933901464;50.52525;2.94248
11933901465;50.52446;2.94262
11933901466;50.52458;2.94344
11933901467;50.52486;2.94414
11934369269;43.50601;2.79421
11934401359;49.33632;-0.6207
11934433966;49.62432;-1.64228
11934566748;43.88777;2.10915
11934666869;43.71056;3.48522
11934773543;45.56654;0.56556
11934780954;44.53748;1.42839
11934793712;43.19093;3.00625
11934804721;43.65466;3.92872
11934912201;43.0435;1.30588
11934973815;49.20944;-0.43004
11934973869;45.09674;4.86344
11935112869;45.77076;4.87084
11935179999;45.53611;6.19536
11935202065;45.04;-0.18803
11935578746;43.6511;3.08169
11935578794;43.65116;3.04074
11935582247;42.74988;2.23507
11935585264;43.65219;3.04087
11935598262;42.82139;2.02113
11935619292;45.76514;4.86726
11935637673;42.84948;2.34161
11935640381;43.10833;2.02032
11936530268;44.31094;4.5552
11936623202;49.22978;-0.1856
11936626669;43.72296;3.40307
11936637869;43.12369;2.99247
11936842398;48.84016;2.32101
11937086164;42.55367;2.98128
11937186215;43.98132;3.71801
11937375821;48.92479;2.27273
11939144354;43.96499;1.82109
11939584845;45.89062;4.30591
11940069224;44.86111;-0.56045
11940251145;45.38717;1.44192
11940301893;49.02378;1.15964
11941548905;42.50298;8.79046
11942561788;43.21908;2.34975
11945024543;45.93329;6.72794
11945026691;45.91213;6.77107
11945026709;45.9096;6.76313
11945204228;45.87938;4.2749
11945598482;43.60837;1.34162
11946228345;48.19712;7.32532
11947556089;45.87208;6.76046
11947642713;42.32807;8.98489
11948517317;47.95025;1.89824
11949552413;45.44468;-0.43638
11949672679;43.69497;3.99386
11949672681;43.69357;3.99375
11949730711;44.18118;6.62538
11949916929;42.93164;2.49257
11949938269;42.96242;2.49424
11949957018;43.59783;1.36877
11950038313;45.20426;2.53176
11950202875;44.19051;2.66029
11950545323;44.94383;4.7349
11950545324;44.94408;4.73495
11950697880;49.49354;0.13677
11950840763;43.8099;7.16877
11951426444;47.26848;-1.51879
11951453902;45.43225;5.44157
11951688709;44.13782;4.07758
11951866732;48.86798;2.22181
11951976145;46.22362;-1.43769
11952194458;49.48356;0.87994
11952301265;48.89763;2.37521
11952307266;43.55139;3.48487
11952367282;47.21283;-1.56701
11953472307;48.49813;7.46806
11953560429;45.84775;6.59024
11953921122;44.87284;-0.51699
11954115659;44.59967;1.94834
11954297829;43.65363;7.15542
11954297831;43.65349;7.15559
11954340203;48.7231;2.28953
11954580820;45.88231;6.05338
11955093390;46.68252;5.56182
11955277869;42.71298;9.43203
11955960871;49.89093;2.30327
11956249307;44.53745;1.88344
11958407102;44.17671;3.4304
11958513440;45.64672;5.00192
11958590544;47.21192;-1.56632
11959730603;44.69311;5.6933
11959730604;44.68907;5.69194
11959731862;44.6629;5.71755
11959731863;44.66296;5.71689
11959856920;45.67114;-0.65343
11960062442;49.00645;2.59039
11960856399;42.3558;9.38112
11962062464;45.4956;2.84919
11962862730;45.84779;3.79411
11963106585;45.19129;5.71494
11963283374;45.13713;5.71383
11963283381;45.13734;5.71603
11963514194;43.59577;6.933
11963985827;47.44993;4.28
11964199024;45.94744;6.03421
11964642735;45.9475;-0.89595
11964709177;43.69716;7.28162
11966031469;43.65383;0.51355
11966125064;47.38801;0.67837
11966136313;49.18942;-0.37211
11966242350;43.58944;1.38453
11966242352;43.59041;1.38438
11966242353;43.59007;1.38475
11966242354;43.58965;1.38501
11966242355;43.59192;1.38923
11966327355;46.29146;6.02123
11966756680;43.86481;7.38019
11966775085;49.11573;6.16687
11968956269;45.77217;4.87321
11969202109;48.52753;2.65558
11969234124;48.84628;2.27698
11969253491;48.89639;2.37421
11969257391;48.80975;2.13498
11969333454;48.85729;2.29089
11969349210;48.65351;2.39575
11969349221;48.72606;2.2581
11969359763;48.79898;2.07313
11969360858;48.80212;2.42693
11969386487;48.83948;2.27091
11969395020;48.87419;2.58439
11969396238;48.92;2.18516
11969396481;48.93063;2.42355
11969410341;48.68958;2.38308
11969410477;48.88542;2.2979
11969426677;48.93492;2.34521
11969442497;48.95677;2.87352
11969446307;48.87829;2.28502
11969448260;48.72979;2.44665
11969456384;48.86258;2.31401
11969457350;48.86106;2.12314
11969466734;48.84283;2.13837
11969472108;48.76446;2.41083
11969482214;48.95987;2.36786
11969484509;48.85656;2.27516
11969486618;48.91816;2.36262
11969497482;48.89778;2.40046
11971538008;44.93913;6.60739
11972063716;43.53299;5.25284
11972397848;49.11675;6.16737
11973784255;44.6539;5.72652
11973784256;44.66209;5.71854
11974711907;49.29124;-1.02343
11974720444;48.86062;2.32579
11974734885;48.85324;2.28032
11974750477;48.94685;2.25725
11974755621;48.8943;2.47952
11974760261;48.90509;2.26867
11974770881;48.87499;2.63997
11974771930;48.89406;2.31477
11974778777;48.78702;2.04501
11974782769;48.86249;2.30073
11975157659;43.78013;5.49714
11975495044;43.75596;2.86568
11975495045;43.7563;2.86562
11975770120;43.78406;5.49867
11976132999;48.83699;2.31847
11976627687;48.96797;-0.23955
11976627688;48.96869;-0.16095
11976627689;48.985;-0.13806
11976627690;49.00321;-0.06449
11978143488;50.63944;3.07526
11980427156;43.12185;6.12934
11981224121;44.61982;2.10776
11981453248;45.93547;-0.9619
11981820833;45.82908;4.84047
11981820834;45.82909;4.84054
11982465590;48.89942;2.8519
11982495401;45.40515;4.36175
11982607665;44.84923;-0.54565
11982610186;49.3842;3.33037
11983689717;45.11556;5.39987
11984876101;45.20628;1.0341
11985711917;42.70596;1.82112
11987164368;49.28747;-0.31247
11987397669;43.3359;-0.40738
11987614883;43.48905;4.40507
11987875728;47.04493;2.988
11987875731;47.04569;2.9147
11989567901;48.83889;2.38269
11989749760;43.58853;-1.4478
11989749765;43.59014;-1.44811
11989756763;49.32028;-0.35461
11989772172;43.59018;-1.44888
11989773869;45.69753;2.13034
11989773870;45.69441;2.12014
11989777471;45.58641;1.9808
11989854198;45.93116;1.04058
11990036321;44.05669;7.5845
11990054970;43.20375;-0.5877
11990233030;47.50939;1.55006
11990449265;45.90861;6.10469
11990924006;43.88414;7.36085
11991363521;49.31321;-0.511
11991363522;49.32933;-0.52727
11991729805;45.71892;5.81007
11992152850;44.93912;4.38935
11992353061;44.9687;3.64398
11992458056;45.13312;4.05488
11992458063;45.13271;4.05502
11994604385;48.83755;2.44788
11994841189;45.23479;5.67737
11997639466;45.19652;5.69313
11997639467;45.19619;5.69355
11997660855;43.57;7.08564
11999144192;44.80803;4.35187
11999185320;46.74736;5.66549
11999213886;46.71175;5.63874
11999328476;45.71061;5.11781
12001115597;44.02642;4.78967
12002232547;45.31784;6.08723
12002327404;48.88952;2.36293
12002470903;43.67;4.47689
12003233514;49.18861;-0.37819
12003392686;49.1925;-0.37886
12003392687;49.1918;-0.37806
12003392688;49.19126;-0.3789
12003392689;49.1907;-0.38032
12003392690;49.1902;-0.37799
12003392691;49.18966;-0.37793
12003433065;49.19679;-0.40816
12003433066;49.19596;-0.40563
12003433067;49.19549;-0.40559
12003433068;49.19499;-0.40658
12003450669;49.19543;-0.40703
12003450670;49.19467;-0.40912
12003450672;49.19632;-0.40678
12003450673;49.19571;-0.4066
12003450674;49.19654;-0.40757
12003450675;49.19646;-0.40879
12003450676;49.19574;-0.40837
12003450677;49.19578;-0.40745
12003450678;49.19483;-0.40736
12003450679;49.19499;-0.40794
12003450680;49.19573;-0.40971
12003450681;49.19525;-0.40945
12003519778;43.29454;5.37397
12004879065;48.84474;2.32926
12005877490;43.27178;5.39208
12006254595;47.76541;5.77695
12006735110;48.8558;2.24287
12007612239;43.46096;6.48186
12009015921;43.3041;3.3299
12009573341;45.15983;2.70581
12009649793;47.41863;1.42873
12009905996;47.58717;1.32176
12009905997;47.58815;1.32152
12011755861;45.76704;4.65119
12011793969;45.6261;6.59247
12011913724;49.291;-0.43227
12011986837;44.59386;4.57754
12012001916;43.2042;2.5397
12012012469;44.59256;4.57786
12013331078;42.66801;2.34705
12014512734;48.97829;0.78641
12014640931;48.60027;5.84308
12014747968;46.99542;6.54607
12014791089;43.25496;2.12603
12015172940;43.59515;3.92409
12015217669;45.47346;6.22676
12015290068;47.97286;-4.09792
12016444169;44.66998;-0.12118
12016583676;48.98255;2.19808
12016592577;48.98233;2.19782
12016669569;43.62668;3.84125
12017242517;43.93686;2.19133
12017284250;44.64312;-0.50452
12017330463;45.74864;4.86044
12017343063;45.74711;4.86016
12017416847;43.58926;3.89462
12017507969;45.44048;6.48284
12018181927;46.09254;6.07863
12018435176;42.73195;9.36258
12018465659;42.37003;9.50016
12018585604;46.25524;6.10465
12019700585;43.62436;6.69693
12019710376;43.62432;6.69694
12020108321;47.2152;-1.55683
12020233518;46.24091;4.75033
12020247632;47.25328;-2.25398
12020470272;48.82303;2.36403
12020485971;43.41898;0.49386
12020549891;45.75355;4.86684
12020670349;47.91444;1.97978
12021254572;48.08934;1.32573
12021287751;46.37338;-0.4707
12021300520;46.39307;-0.42018
12021319016;46.38998;-0.41579
12022259292;47.62743;-2.73961
12022610527;44.11636;0.85707
12022772469;43.07953;0.37874
12022836190;47.34309;-0.23147
12022842990;47.23807;-2.28009
12022888463;44.86791;4.44211
12022902423;45.4447;4.3631
12022949322;48.89542;2.41972
12022998069;45.77461;4.8516
12023020750;49.17809;-0.34955
12025270297;45.51798;6.28784
12025293391;48.88038;2.35487
12025293595;48.84463;2.37644
12025293596;48.84394;2.37577
12025293783;48.87684;2.32616
12025293784;48.87642;2.32395
12025300523;48.84137;2.36776
12025305263;47.8733;7.10447
12025305264;47.87376;7.10513
12025318446;48.84082;2.32001
12025318447;48.83908;2.31872
12025686875;44.41186;0.2175
12025796355;48.83591;2.36176
12026432846;44.84623;-0.61504
12026715808;48.45917;1.52343
12026808196;45.29025;3.38618
12027789251;44.28509;0.31565
12027949053;44.32273;0.28316
12028703834;50.63634;3.04051
12029448448;49.89473;2.30407
12029807052;43.68387;5.71104
12029895999;44.44535;2.94903
12030766394;44.56105;-0.02279
12030873069;42.79924;2.06956
12030873269;42.79835;2.06966
12031647796;47.37251;0.69367
12031679191;44.45888;-0.37648
12033394910;47.02015;-1.39564
12033450105;44.87246;-1.09286
12033493203;49.0037;2.5713
12033530112;42.30403;9.14684
12033622684;48.8814;2.35727
12035580366;44.60373;-0.941
12035672073;44.60408;-0.94144
12036115727;48.61866;2.02325
12036364253;45.1606;4.02156
12036546182;43.90274;6.67495
12037479770;45.47263;-0.15815
12037484403;45.37941;-0.23502
12037484657;45.30594;-0.23098
12037493021;45.59845;-0.04388
12037546687;45.6061;0.024
12037569152;48.12639;-1.64012
12037609595;46.45767;-0.41828
12037645570;45.93668;6.62615
12037659069;45.9367;6.62587
12037755448;48.85757;2.43544
12037916637;44.82537;-0.5341
12037929036;43.59947;-1.47265
12039261252;47.36612;0.68301
12039386294;46.24457;6.48204
12039508519;44.83717;5.18748
12039750576;45.7375;4.81747
12040041677;43.89981;4.74684
12040097515;45.72103;0.6144
12040113188;45.72896;4.88125
12040187405;45.11242;5.76638
12040203769;45.93583;6.62864
12040211569;43.53885;1.4562
12040215569;45.93543;6.62824
12040417869;43.5295;5.41417
12041972322;48.87782;2.26525
12042141343;45.84765;-1.14797
12043019978;48.88917;2.15966
12043432530;47.27008;-1.5861
12043432531;47.27088;-1.58436
12043821055;48.93192;2.49486
12043839158;48.94674;2.25728
12043849772;48.82903;2.37735
12045459557;48.05938;7.09563
12045459558;48.06053;7.0951
12045459559;48.06074;7.09505
12046453536;43.61067;1.57459
12046678957;48.87516;2.32915
12046980040;44.71226;3.2343
12046985566;45.08749;3.74792
12047362138;48.84079;2.32346
12047477220;45.67498;4.75649
12047479729;44.14642;-1.21923
12047481362;45.68419;4.78739
12047481869;45.67233;4.75403
12047528171;44.87392;5.07817
12047535672;45.75734;5.02306
12047689869;48.44704;1.49197
12047749411;48.87306;2.39413
12047804248;49.20712;-0.43229
12047804249;49.2075;-0.43614
12048715445;47.14262;5.7274
12049153260;42.33608;9.01375
12049377070;47.2457;4.96658
12049424248;48.98064;2.27106
12049426715;48.92398;2.25938
12049455230;42.34422;9.0048
12049483884;48.7954;2.13599
12049514476;48.87999;2.35777
12050616598;43.06951;1.19224
12050620969;48.44413;1.49326
12050679095;45.78295;6.49866
12050707970;43.51584;1.51207
12050757912;42.98105;-0.40158
12050828617;44.81387;6.50913
12051568164;45.55845;5.345
12051764809;47.39047;6.84542
12052530013;45.08944;4.1723
12052775068;48.89576;2.35896
12052952048;43.18147;5.70608
12053029397;43.1778;5.70225
12053060221;46.59074;-1.64767
12054383056;43.12882;5.91565
12054628170;49.1142;6.3036
12054704333;43.51585;1.51207
12055136629;44.70019;-1.04375
12055326474;45.35113;6.46816
12055327743;48.90948;2.36672
12055594718;47.21218;-1.55316
12055633385;45.40465;6.18148
12056156021;45.48481;6.53246
12056157830;44.09968;3.07928
12056157831;44.09684;3.07912
12056157832;44.09298;3.08032
12056157833;44.09494;3.07812
12056157834;44.10231;3.07457
12057118628;46.9522;4.31194
12057260854;46.63396;1.36215
12057270442;46.54412;1.59169
12057292531;46.8318;0.96417
12057319295;46.92055;0.79661
12057512481;43.27919;5.38727
12057604369;43.60132;1.40265
12057604469;43.62027;1.43533
12057991568;46.80312;4.42298
12058035095;44.82206;4.65702
12058754958;44.75749;5.6753
12058774748;46.64101;5.90576
12059000451;45.70763;6.11143
12059144401;47.65501;1.48773
12059384363;49.50559;1.99862
12059402566;46.28368;6.09249
12059428117;49.50547;1.99913
12059505777;45.83523;1.49015
12059514319;45.5385;6.37267
12059561067;45.1957;5.67371
12059878655;47.49731;6.32132
12060006269;48.96103;2.51767
12060445240;44.58069;1.95291
12060627869;48.93549;2.35857
12060883525;43.25169;3.00249
12060977193;49.44403;1.09357
12060995841;49.95775;2.54587
12060997946;49.95805;2.5903
12061046139;50.62979;3.07065
12061067469;48.90685;2.33401
12061082942;48.6023;2.53012
12061088910;46.12783;6.53554
12061411216;50.1667;2.6374
12061664869;48.93013;2.3563
12061666466;43.06292;1.67907
12061696868;43.0633;1.68057
12062683042;45.36838;1.69227
12062791664;44.95163;4.26499
12062933719;42.9128;1.14542
12062935090;44.87187;5.60726
12063026356;50.4562;2.84868
12063198167;45.57289;6.88546
12063386894;45.57145;6.88626
12063498793;48.36745;1.38107
12063651969;48.9183;2.35474
12063920017;44.35054;3.72769
12064284606;46.20673;4.53675
12064385285;48.89549;2.36
12064399533;43.32165;2.87497
12064967714;43.14332;5.91013
12066169721;44.09394;6.9759
12066264946;45.01885;6.61672
12066406916;48.07026;2.43117
12066482672;48.09759;2.31634
12066792469;45.7185;6.07318
12066799869;45.69557;6.03437
12067634043;49.02902;2.05702
12067967005;44.97308;4.85374
12067996669;45.86985;-0.80749
12068180839;44.73467;6.83489
12068270569;43.48749;-1.55577
12068270669;43.48251;-1.56735
12068270770;43.4672;-1.55285
12068412869;43.53865;5.41329
12068439869;43.46834;-1.54929
12068440069;43.46594;-1.5493
12069575759;45.7552;4.86209
12069860106;43.85353;4.60547
12070434569;48.20536;3.16387
12071089534;46.26462;1.6335
12071106237;48.31657;2.69749
12071111194;48.3166;2.69667
12071111902;48.31607;2.69712
12071116380;48.3174;2.69856
12071276894;45.67493;3.74232
12071295902;46.762;5.44816
12071300545;43.62144;3.86733
12071300546;43.6219;3.86702
12071679142;43.60693;3.83174
12071683677;43.5947;3.85889
12071732369;43.40406;-1.6499
12072153914;48.90591;1.85975
12072938252;45.82968;1.26288
12073226866;45.65127;0.17778
12073281592;48.7725;2.38334
12073476625;48.34639;-4.76234
12073476627;48.63383;-4.40989
12073476631;48.62903;-4.30177
12073548616;48.80243;-3.03194
12073548620;48.79446;-3.41109
12073806486;43.44201;-1.39934
12074266097;44.77909;5.78445
12074367587;44.93992;3.99546
12074685775;48.92549;2.36452
12074982190;43.54631;7.03282
12075118869;46.49;-1.7955
12075237336;45.26733;6.78925
12075437359;43.65495;3.82933
12075765596;46.00417;6.39429
12076009674;48.8089;2.19148
12076418287;44.90108;6.64266
12076897719;47.48117;1.18924
12077161670;47.21734;-1.54243
12077185152;46.1028;5.93448
12077255531;45.65494;0.97878
12078040169;46.02965;0.95946
12078261380;44.9438;4.88632
12078573115;44.45239;3.74808
12078652881;47.21858;-1.60144
12078674996;44.50604;3.00763
12078678969;47.26147;0.46692
12078791520;43.80141;2.36569
12078837400;48.92108;1.76939
12078837401;48.92138;1.76988
12078860596;49.61771;0.75445
12079004790;45.3461;2.87363
12079004792;45.30786;2.82754
12079004793;45.30599;2.82745
12079004794;45.30498;2.82815
12079004797;45.2679;2.92456
12079492056;44.82977;-0.55401
12079551322;42.70023;1.81496
12079563470;42.87408;1.5616
12079563791;43.40861;2.44565
12079854569;43.55223;7.01281
12079862869;43.55151;7.01344
12079891180;46.52196;3.58723
12079952026;46.51461;3.6798
12079953054;47.49098;-2.37414
12079953055;47.49129;-2.37387
12079953056;47.49107;-2.37337
12079953057;47.49065;-2.37336
12079953058;47.49033;-2.37347
12080057852;43.5659;-1.17883
12080322570;43.54998;7.01024
12080614903;45.03987;3.89758
12080707474;45.03998;3.89955
12081329143;44.09588;3.0223
12081623113;45.21484;6.26011
12081637809;48.93652;2.30947
12081782269;46.23818;1.4862
12082635369;47.23938;6.02754
12082635370;47.24797;6.04082
12083028140;42.61344;2.35622
12083171477;44.34433;4.3018
12083263332;50.96916;2.42563
12083264706;50.9814;2.58609
12083269681;50.82667;2.20838
12083300624;50.88973;2.41246
12083609956;48.3613;-4.26183
12083674584;43.58603;3.8528
12083744920;48.52942;7.72823
12084911553;48.57717;7.76969
12084948420;45.29142;5.85887
12084960712;44.93594;1.60661
12085023832;45.46155;6.51034
12085025375;45.58794;3.86619
12085393490;48.5748;7.77395
12085398847;43.30006;5.36787
12085912318;48.17952;6.20987
12085920490;43.14649;6.39534
12086017999;47.27282;-2.426
12086269124;48.06404;6.95758
12086526443;46.09456;6.10013
12086571910;44.86494;3.92281
12086590596;44.86673;3.90816
12086682409;49.38107;1.1553
12086810915;45.29239;4.81138
12086953169;46.77316;-1.22625
12087006729;49.45074;1.11791
12087229569;47.75084;7.32973
12087258942;45.61834;6.77775
12087321322;46.20323;4.07836
12087325905;45.61844;6.77881
12087355044;44.13773;3.2031
12087371110;45.62077;6.7823
12087375741;44.13772;3.20326
12087413430;44.13792;3.20369
12087418665;44.13638;3.2032
12087426110;45.62276;6.78015
12087589639;44.3084;4.34665
12087625496;48.57603;7.77693
12087690886;43.57475;-0.13793
12087704672;44.71149;4.20737
12088365269;48.82075;2.30187
12088479957;43.41935;-0.86084
12088612198;45.06511;1.1626
12088721370;49.37216;6.14276
12088721371;49.37031;6.13577
12088741036;45.82927;0.10148
12089078069;48.87169;2.42826
12089467809;48.81311;2.19268
12090077986;44.70643;6.60613
12090195609;48.58549;7.74234
12090336609;47.33601;6.73767
12090336610;47.25675;6.70137
12090336612;47.15769;6.60544
12090336613;47.13249;6.52948
12090361119;46.73682;4.48546
12090376296;44.84273;3.83485
12090392496;44.89564;3.84698
12090451550;42.87164;-0.00348
12090457372;47.54844;-2.90933
12090611272;48.91226;2.33376
12090623911;49.00552;2.60204
12090809369;45.59037;5.27991
12090824652;42.76745;0.57632
12090921192;50.52569;2.93514
12090921194;50.53133;2.93507
12091283447;47.05307;6.49063
12091526364;44.4811;3.29858
12091564867;42.90683;1.82174
12091639783;45.14546;1.31063
12091639784;45.14514;1.31026
12091639785;45.14562;1.30946
12091639786;45.146;1.30993
12091665376;44.73266;3.85737
12091666907;48.8714;2.77523
12091669132;46.85235;3.38422
12091669133;46.85241;3.386
12091688469;48.87616;2.15831
12091795115;47.24354;6.02189
12091832822;43.88027;7.43178
12091840823;48.87239;2.77793
12091891670;44.5601;-0.02322
12092007605;49.89045;2.30828
12092025358;45.37166;7.0467
12092046812;45.29463;6.94935
12092076645;48.57286;7.76872
12092149966;46.50809;2.31732
12092150644;48.9054;2.37831
12092168171;48.90743;2.37701
12092183306;42.94327;2.00008
12092189274;44.58189;-0.03765
12092206717;42.94309;1.99963
12092226433;45.6206;2.82021
12092262848;47.6241;-0.27889
12092307297;45.6168;6.76898
12092463307;48.25468;7.45244
12092954469;43.27419;5.42065
12093008899;44.37067;5.90624
12093100013;45.01048;1.09366
12093100600;46.83177;6.42675
12093442738;42.89266;0.19756
12093480742;45.95703;2.17549
12093519065;44.87459;5.82443
12093680764;49.4407;1.07328
12093722661;42.77365;1.27991
12093779201;48.91356;2.3734
12093848172;46.53481;5.92128
12093849416;46.52365;5.94219
12093858144;46.53429;5.92155
12093885259;42.7883;0.01929
12093930571;45.48047;6.83887
12093947007;45.43173;6.71115
12093947203;45.39197;6.79089
12093947566;45.52365;6.89987
12093947567;45.54442;6.89888
12093972962;43.17516;-1.379
12093973052;44.09382;5.95011
12094038000;44.42223;5.71155
12094049297;44.4272;5.70932
12094242989;43.95304;0.1974
12094774973;46.72009;2.39518
12094785986;45.02706;6.27118
12094874442;45.21857;6.31912
12095022051;43.2972;5.62706
12095141965;42.91034;0.17012
12095315992;46.37948;3.39473
12095398335;47.14849;5.72366
12095406800;41.38691;9.15
12095521246;43.5976;1.33385
12095566566;45.21826;6.23145
12095614806;45.94257;1.28299
12096359098;45.22138;6.2298
12096520313;42.90793;0.68799
12096526415;42.7861;0.02042
12096528092;45.22095;6.21998
12096648223;47.55382;-2.88299
12096648224;47.55388;-2.88377
12096648225;47.55434;-2.88278
12096648226;47.55475;-2.88272
12096648227;47.55533;-2.88266
12096648228;47.55569;-2.88346
12096648229;47.55571;-2.88278
12096648230;47.55522;-2.88356
12096648231;47.55454;-2.88383
12096648232;47.55407;-2.88425
12096655501;44.93761;3.52854
12096734134;44.89483;1.21179
12096800689;47.31526;-3.19276
12096800690;47.31553;-3.19233
12096800691;47.31546;-3.19209
12096978069;44.09323;5.32458
12097028884;42.79779;0.28891
12097031703;46.05251;2.25126
12097078496;43.58971;-1.40844
12097091960;43.80741;-1.14564
12097097533;43.85357;-0.99361
12097107571;43.45841;-1.55595
12097281020;-21.25483;55.52226
12097576301;42.09109;9.06461
12097693735;44.0555;4.83421
12097698435;43.6048;3.88084
12097698436;43.74456;4.52067
12097712233;45.52404;6.79321
12097712247;45.52435;6.79063
12097712257;45.53526;6.77176
12097716699;43.7445;4.52041
12097726544;43.77776;5.41236
12098443635;49.25518;0.11377
12098567039;44.59587;6.22837
12098661710;45.14494;6.04401
12098831222;48.57519;7.6916
12099338496;43.40676;-1.63742
12100510710;44.45246;2.25253
12100549226;44.1514;1.75925
12100970101;48.93209;2.27129
12101101544;43.58577;1.49252
12101322017;48.57445;7.77225
12101359855;43.57327;7.10918
12101359856;43.57277;7.10912
12101452925;43.60691;1.45956
12101833049;44.19522;3.4543
12101896601;44.97321;6.50142
12101967301;43.25825;1.19625
12101988127;43.07441;1.94632
12102013647;42.90562;0.35827
12102018126;43.08541;0.81258
12102018625;50.63562;3.05728
12102209548;43.20689;0.50279
12102471094;48.87168;2.77517
12102700700;43.4069;-1.63768
12102706643;44.29097;4.83873
12102748563;48.87121;2.77932
12102844501;48.46402;7.48213
12102912377;44.99973;5.77283
12102940311;43.97376;3.13484
12103034231;44.9104;6.59186
12103068938;45.00042;5.7732
12103077916;44.89861;6.59889
12103087113;48.48497;7.72173
12103146920;47.0439;6.24975
12103322801;42.60271;9.371
12103341772;45.06989;5.55302
12103741973;47.32448;6.85771
12103840865;43.98039;4.72182
12103864411;43.97994;4.7216
12103988444;45.28501;-0.70105
12103992117;46.57556;5.75015
12104089201;48.59698;-4.56134
12104156439;43.09885;-0.00382
12104205809;44.05711;7.44553
12104206027;45.42909;-0.75626
12104213794;44.1082;7.4468
12104246947;43.09434;0.06938
12104248768;47.28674;3.91795
12104306528;48.6395;-1.89957
12104327525;47.39676;0.69373
12104424827;49.29758;-0.30296
12104607980;44.56974;3.75792
12105269960;47.05901;5.34791
12105777921;48.48536;7.72163
12105810405;44.8139;-0.54277
12106054484;43.87822;7.44533
12106065359;49.26071;-0.45687
12106091101;44.51648;2.81592
12106294083;47.93547;2.147
12106408535;49.11945;-0.17352
12106704536;44.06763;7.25581
12106729639;42.96338;2.86066
12106773405;45.73557;5.31665
12106784704;48.52792;2.66524
12106790746;42.54825;2.74597
12106801712;48.915;2.37238
12106801737;48.9145;2.37267
12106935145;47.85695;-3.90353
12107056182;42.98403;2.00621
12107727480;44.82037;-0.43306
12107727481;44.83037;-0.36293
12107754790;43.0881;0.13346
12107888135;44.41402;5.75582
12107917896;41.91817;8.73848
12107931635;45.40754;2.82763
12107945066;45.03853;3.88391
12108136878;45.04133;3.88485
12108192684;44.41202;5.75018
12108508453;43.97324;7.31306
12108586036;43.97317;7.31342
12108586037;43.97359;7.31295
12108664209;45.55028;3.37094
12108664211;45.5453;3.36314
12108734161;50.15605;1.61721
12108734184;44.10712;3.08775
12108850847;43.97423;7.31233
12108859990;45.588;6.68283
12109086701;48.83554;2.25524
12109752701;45.01949;6.69929
12109841449;44.48514;5.6614
12110033930;49.53796;3.55341
12110143135;44.90125;3.9012
12110143141;44.90031;3.90001
12110257269;45.3804;6.73355
12110299572;45.24264;6.64537
12110310935;45.22731;6.65315
12110351650;43.02896;-0.11962
12110375390;43.02776;-0.11923
12110385345;44.65059;5.45655
12110417712;45.07064;5.55732
12110488501;48.3915;2.8422
12110521664;46.31941;-0.45469
12110689533;44.75421;5.37412
12110739611;44.75403;5.37218
12110742936;43.79237;-0.92397
12110786066;44.81409;-0.54379
12110810045;44.44385;4.70868
12111213779;47.55966;2.8392
12111231440;47.44589;3.0074
12111250173;47.36966;3.11431
12111778394;43.27253;6.63961
12112294068;43.4071;-1.63713
12112294070;43.4063;-1.6365
12112380671;44.06345;7.11713
12112462636;47.3852;6.84991
12112490242;44.84165;6.47162
12112514868;48.1185;-1.67059
12112544203;44.82664;6.26064
12112552181;44.77509;-0.25797
12112572449;42.96504;-0.20048
12112682128;49.21353;3.51751
12112753529;48.9168;2.36825
12112956310;46.67462;5.54927
12113243796;45.15439;5.31889
12113243797;45.15629;5.32361
12113316672;47.10773;3.51451
12113319910;47.64989;-2.23456
12113335960;42.82179;0.60602
12113424614;48.95803;2.31447
12114093815;45.05597;5.403
12114185655;42.82129;0.60572
12114300006;46.17513;1.35362
12114580371;45.25972;4.09951
12114591522;45.40911;4.25012
12114753801;45.04367;5.04893
12114929331;45.7575;6.53826
12115061577;45.71514;-0.61579
12115202844;43.30871;6.64078
12115418103;47.49182;-0.56077
12115418906;44.97166;6.50792
12115427568;43.30758;-0.40694
12115432410;43.82253;3.6189
12115526908;45.55668;6.76343
12115528642;43.40739;-1.63779
12115577280;43.52402;4.14767
12115949505;44.6099;2.03436
12115953444;44.62631;1.82065
12116349786;42.8764;2.3516
12116541375;42.79836;1.71212
12116631477;45.60699;6.77772
12116742384;44.49331;-0.79144
12116882101;46.37053;6.32714
12117042254;42.72123;0.65449
12117297383;49.11448;2.39363
12117400492;45.6946;6.65624
12117585213;48.81023;2.3704
12118264636;45.43281;5.70885
12118358684;44.9011;5.90724
12118401206;44.90321;5.83586
12118516911;43.65653;7.17958
12118680403;45.17307;5.71257
12118690990;45.17242;5.71349
12118816572;43.80289;2.35256
12118900359;48.10345;-1.67248
12119641011;45.20484;5.77782
12119833504;45.207;6.83493
12119962664;44.25128;3.40202
12120001652;44.7169;6.22215
12120001653;44.74696;6.12263
12120071280;44.51774;4.78325
12120509859;42.52974;3.0304
12120514727;43.53255;5.24988
12120612192;45.02381;6.47161
12120702849;45.93168;5.15393
12121227033;45.05226;6.30718
12121227040;45.04951;6.29524
12121514363;46.32907;5.43683
12121797973;44.46722;2.33969
12121921909;45.18504;0.71616
12121979163;43.73658;7.23712
12122233785;44.48674;5.38121
12122246573;43.75864;5.88524
12122426765;48.97448;7.06435
12122455661;43.82158;7.23912
12122615587;4.91988;-52.3028
12122655401;44.94731;2.22917
12122762089;45.28504;-0.40797
12123039789;44.54938;4.747
12123039790;44.5525;4.75024
12123741021;45.189;5.7434
12124034888;42.82008;-0.19441
12124048843;43.89392;3.51183
12124090701;45.29973;3.64731
12124253397;43.28988;5.35592
12124253398;43.29799;5.36196
12124253399;43.29761;5.3611
12124254301;43.30184;5.37998
12124459717;42.91028;-0.04353
12124924582;45.60952;6.74257
12124924583;45.60996;6.74212
12124925267;45.58237;6.71319
12125082116;45.07916;2.09692
12125089150;45.87735;1.23865
12125483589;44.71521;6.9147
12126184521;44.43449;5.91898
12127392332;43.3208;0.37047
12127939762;43.47635;2.37889
12127970246;45.56991;6.73715
12128358617;42.86323;0.81022
12128362936;46.20318;4.07827
12129107473;42.82222;0.60593
12129376746;45.3148;5.80944
12129425079;45.31616;5.80874
12129963065;45.33659;5.81287
12130022957;48.63623;-1.51119
12130946819;44.76828;6.87691
12130946820;44.76808;6.89722
12131188101;43.3243;-0.39595
12131200601;43.52775;5.45022
12131880689;43.15078;6.34433
12131962173;43.95136;4.81614
12132083155;45.25821;1.21778
12132288817;44.43182;0.12371
12132305529;48.86674;2.41115
12132453401;44.54164;2.70356
12132485713;46.93905;5.87603
12132489594;47.88867;-4.00957
12132820001;44.50997;2.36914
12132967474;42.8222;0.60588
12132967475;42.8222;0.60582
12133395033;43.81243;3.59017
12133535408;44.39603;6.33746
12133625673;45.92835;6.8765
12133632696;45.08656;1.29666
12133695328;47.79339;3.57306
12133704717;44.42627;6.0033
12133715947;45.92742;6.87393
12134172270;43.93703;4.87178
12134330073;42.47524;3.12476
12135551804;43.36838;-1.39968
12135675593;45.44894;5.54975
12135803866;42.79723;1.91711
12135921673;46.77292;-1.22389
12135929228;45.19422;5.73807
12135929229;45.19482;5.73707
12135929231;45.19549;5.73846
12135929232;45.19519;5.74062
12135929234;45.19616;5.741
12135929235;45.19457;5.74046
12135929236;45.19378;5.7401
12136077385;44.96138;-0.88271
12136143505;44.36641;2.55749
12136143506;44.35095;2.57584
12136499178;48.84395;2.39
12137359134;43.43992;3.26281
12137401020;45.57813;2.94611
12137442242;44.01489;7.32076
12137541299;43.63509;3.96603
12137710404;43.79415;3.73714
12138091201;47.91243;1.53349
12138360503;44.80507;5.04294
12138418973;45.98413;6.92695
12138610655;45.98486;6.92884
12139263925;49.29372;-0.06761
12139885613;45.74895;4.88704
12139895026;42.82726;0.16919
12139929120;44.34022;4.50202
12139957130;48.48129;2.70637
12140011286;49.06924;0.08256
12140306325;43.91273;3.99405
12140489757;44.20449;5.53775
12140520224;45.91272;6.84702
12140865810;45.4401;4.38825
12141461415;49.29287;-0.06618
12141756467;45.47591;6.45545
12141943824;46.69507;-1.93395
12142215762;45.19323;5.74098
12142215763;45.1939;5.74127
12142215765;45.19399;5.739
12142244775;49.44225;1.07622
12143857704;43.27207;5.3904
12143873202;43.26677;5.38266
12144406241;43.51611;1.50011
12144775551;43.70245;1.61291
12144942794;47.58719;7.58569
12145495341;49.13825;-0.3857
12145805971;47.418;0.98795
12145961156;47.36825;3.99656
12146096709;45.78208;4.86814
12146096710;45.78253;4.86794
12146096711;45.78234;4.86803
12146520177;44.69765;-0.42902
12146612996;46.53857;5.39952
12147282383;49.19589;5.8657
12147412734;45.12072;6.02007
12147509432;44.35039;2.57397
12147515322;48.86032;2.40412
12147547010;43.5232;1.29332
12147623364;48.80667;2.18747
12147947471;44.08994;6.96458
12147994783;43.07287;0.52021
12148047053;43.89044;-0.47512
12148047502;43.02245;0.65027
12148047504;43.06854;0.44349
12148065176;43.07823;0.50512
12148125338;44.09547;6.98893
12148433336;43.54249;7.03851
12148453117;43.88966;-0.4705
12148495343;49.06139;6.5014
12148606214;45.61236;5.39429
12148687308;4.91634;-52.31286
12148687324;4.91736;-52.31427
12148687325;4.91758;-52.31475
12148687327;4.91742;-52.31523
12148687329;4.91778;-52.31562
12148687330;4.91774;-52.31566
12149399293;44.46503;1.06874
12149481199;47.40219;0.70578
12149643101;46.36624;5.99603
12149731147;47.39699;0.68555
12149818778;44.09277;7.05067
12149824210;47.39579;0.6857
12149831492;48.85791;2.44791
12150010502;46.31336;-0.46922
12150157214;43.35651;1.62297
12150238419;48.6954;2.35924
12150238422;48.6957;2.35881
12150238424;48.69502;2.35887
12150238426;48.69516;2.35826
12151267741;43.54369;7.03826
12151267742;43.53936;7.03766
12151427981;45.32048;5.52235
12151704202;45.21076;5.66975
12151867242;43.30557;5.39729
12151919428;48.2462;-4.31695
12151919435;48.36214;-4.26435
12151919444;48.58366;-4.60211
12151919466;48.72348;-3.98127
12151919467;48.68061;-3.9829
12151920771;46.13244;6.43401
12152101120;43.84198;5.13652
12152205980;44.18665;1.87729
12152240926;48.8885;2.24897
12152240927;48.88838;2.24887
12152253376;45.24797;5.82571
12152425062;48.84969;1.9172
12152503382;49.29226;5.40081
12152503383;49.25289;5.32461
12152642374;46.1317;6.4314
12152648918;46.12676;6.34234
12152761832;45.45608;6.90097
12153060516;49.29246;-0.06786
12153078949;49.29346;-0.06691
12153127477;49.29218;-0.06848
12153218458;44.27717;6.42896
12153742201;47.84482;1.16579
12154037139;46.10093;6.1179
12154116750;45.46794;6.90723
12154130327;45.46624;6.90827
12154392256;47.60432;-3.11826
12154726710;45.66058;6.36891
12155062974;47.04642;6.24424
12155161426;43.70696;3.31014
12155502044;45.9104;6.85254
12155531605;45.06351;5.95461
12156115765;43.53962;7.03542
12157107878;45.61828;6.27825
12157155215;46.04004;6.12145
12157343273;46.03752;6.12362
12157742954;45.72538;4.85904
12158253794;46.26107;6.11846
12158640324;46.38992;5.84558
12160147201;45.80848;5.79061
12160689983;44.85172;-0.58383
12161489270;46.00723;-0.18485
12161515233;46.27239;-0.87333
12161775107;48.87649;2.2818
12162068003;4.9401;-52.32587
12162068011;4.93953;-52.32613
12162068013;4.94033;-52.32453
12162068014;4.9394;-52.32401
12162068016;4.93896;-52.326
12162068017;4.93981;-52.32455
12162068018;4.93877;-52.32428
12162068019;4.93848;-52.3248
12162068020;4.9383;-52.32545
12162068021;4.93911;-52.32494
12162068022;4.93978;-52.32503
12162068023;4.94021;-52.32515
12162068024;4.93927;-52.32553
12162399214;43.96572;4.79623
12162477808;48.64218;5.82672
12162477814;48.64295;5.82472
12163158797;46.06729;6.08669
12163265765;48.93651;2.39452
12163278384;48.93619;2.39065
12163618175;46.14414;6.42315
12163757645;43.61289;1.46063
12163835278;46.19379;6.23439
12164260925;48.9014;2.29359
12164260926;48.89782;2.28886
12164269786;45.56667;6.33351
12164360634;43.91001;-0.45571
12164360635;43.90957;-0.45635
12164360636;43.90978;-0.45603
12164360637;43.90969;-0.45531
12164360638;43.90948;-0.45563
12164360639;43.90926;-0.45594
12164362717;43.36029;2.1656
12165309301;45.2528;5.71809
12165764704;48.83575;6.01187
12165821370;47.83172;1.96781
12165840022;47.82704;1.96839
12165946669;45.11155;5.87493
12166514033;42.44207;8.85456
12167976716;45.16173;1.9037
12168249838;46.47799;4.71493
12168340123;45.75583;5.87965
12168463145;45.16991;4.87359
12168502155;48.8664;2.34057
12168509278;45.12085;4.98415
12168521872;44.87346;5.0778
12168558756;45.14829;5.01568
12168566793;45.08086;4.91957
12169580187;48.89567;2.35819
12169916723;45.97482;4.70752
12169982301;48.92796;2.35581
12170676255;49.20176;-0.38484
12170756288;43.5617;7.05997
12171300101;-20.89375;55.56907
12174261875;45.09037;6.06498
12174261876;45.09421;6.07134
12174342863;43.10452;2.76955
12174398289;48.84186;2.38947
12174778377;47.38948;0.68279
12175082966;43.6462;1.65345
12175143278;45.2635;3.59218
12175464297;45.78617;0.33924
12176488606;46.13391;6.37517
12176528307;46.14747;6.35471
12176544925;45.3411;5.71771
12176895254;47.84214;-1.68054
12176897939;46.74353;5.67326
12176905183;45.06827;4.11783
12177097403;47.49335;-0.56954
12177896231;48.57715;7.7684
12177925084;46.62062;4.02341
12178192443;43.93172;3.71094
12178390074;48.13232;-1.64359
12178405296;48.85643;2.44537
12178502287;49.76785;4.72511
12178503641;45.18084;5.691
12178641970;43.66907;1.42921
12179616806;48.87594;2.35439
12179836677;47.76018;7.28168
12179866649;43.40313;2.53667
12179982694;46.24629;6.64411
12180233301;42.92441;0.41008
12181037735;44.39231;6.62783
12181757257;48.91242;2.48033
12181757258;48.90165;2.48891
12181796501;49.13631;-0.34516
12181914180;47.51171;6.19716
12182037361;49.10138;-0.46665
12182089551;49.11798;-0.51306
12182219924;43.49588;5.88363
12182219925;43.49579;5.88492
12182219926;43.49805;5.88129
12182295635;47.47573;6.02486
12182360226;46.30806;6.3032
12182404112;48.79938;2.32892
12182404113;48.79901;2.32879
12182492133;48.84293;2.43351
12183619237;45.55109;6.78754
12183702941;43.49624;5.88366
12183705466;47.10303;5.88196
12183741931;44.66599;6.59331
12183805538;43.59153;5.85029
12183969355;43.36893;5.78261
12184378568;43.98073;2.98213
12184378569;43.95785;3.06062
12184479302;46.82123;5.70824
12184479666;46.80247;5.58983
12184895585;47.01224;5.85283
12184909828;43.5072;3.30737
12184953932;45.32189;-0.82075
12185709308;46.86097;3.94151
12185731006;48.85068;1.98896
12186475736;47.20738;5.54998
12187133280;45.80052;3.73739
12187295411;43.7569;-0.03593
12187516669;47.14094;5.49536
12187598732;43.94996;4.90261
12187639867;45.75182;6.24652
12187935753;47.12077;5.37009
12188547318;43.61119;1.45377
12188734695;44.3891;5.09918
12188827356;43.99664;5.14631
12188980190;43.99605;5.14672
12188995142;43.79505;6.94248
12189618134;45.62882;4.60226
12189675745;44.43585;3.12677
12189791055;43.48079;-1.48121
12189796194;45.15468;5.31774
12190069525;50.01786;4.78878
12190069526;50.01884;4.78947
12190127905;47.069;5.01192
12190148558;44.58571;5.13371
12190151082;44.55212;5.13488
12192685768;45.28452;-0.69942
12192849601;48.90103;8.10977
12192966452;46.99874;4.78411
12193041051;43.9499;0.20037
12193055023;42.77241;2.84187
12193055036;42.77057;2.84399
12193398320;42.75931;2.05357
12194148348;49.26974;6.30946
12194362080;45.91809;6.13513
12194650669;43.60617;5.75549
12194650670;43.60649;5.75774
12194650671;43.60514;5.75732
12194650672;43.60508;5.75662
12194650676;43.6066;5.75805
12194820327;43.48291;5.82887
12194826598;41.7441;8.9126
12194843359;48.7415;0.5515
12195036181;48.45502;6.9478
12195547750;45.62019;5.22504
12195547764;45.62015;5.22802
12195547795;45.62004;5.22506
12196442374;44.15149;1.74777
12196669019;46.77258;4.69663
12196736996;46.75641;4.68761
12196751144;46.75766;4.68796
12197205380;46.68474;4.66534
12197237608;43.59294;5.81115
12197237610;43.5998;5.79608
12197723915;45.73741;4.818
12197770476;48.86974;2.37866
12198045913;45.10357;-0.64722
12198045914;45.10318;-0.64757
12198557880;48.84093;2.30027
12198626296;44.88026;1.56463
12198663686;44.98201;1.83505
12198787801;48.88837;2.2489
12198984226;46.51313;4.67746
12199072851;46.48208;4.43937
12199289324;48.89237;2.24011
12199715795;43.94005;1.61524
12199721693;43.43715;-0.69279
12200261243;43.37184;-0.72513
12201164316;43.39022;5.84811
12201217054;43.51726;6.24128
12201217057;43.5111;6.24139
12201270067;43.24783;5.39613
12201953049;43.38583;6.09695
12202172938;44.71436;3.52092
12202603969;48.87812;2.28304
12204664663;46.07212;6.02568
12204677524;46.02735;5.98207
12204883034;43.90097;1.13291
12206459741;45.99503;5.88878
12206688413;46.25604;6.11027
12206737701;47.66877;-3.2216
12207255581;45.74967;4.82678
12207322947;48.83346;2.35715
12207329160;48.86548;2.31334
12207408416;47.89439;5.93474
12207537501;43.09472;6.0749
12207584202;48.73547;1.35632
12207888526;47.83645;5.7966
12208616767;44.34234;-1.09842
12208814601;44.44075;6.86398
12208934921;44.4561;1.51128
12209037358;43.04497;0.40173
12209109785;43.08494;0.56473
12209251248;44.18755;0.62348
12209344896;48.88816;2.4288
12209930946;49.23433;-0.32599
12210713140;46.38164;4.35178
12210725915;42.44455;9.01459
12210799773;46.49244;4.27664
12211820825;46.40321;4.39727
12211890642;45.62011;6.78278
12211972933;43.9166;7.04283
12211981463;47.42021;0.6996
12213509701;44.92602;6.60542
12213509702;44.92613;6.60646
12214746210;45.61886;6.77312
12214929405;43.72208;7.10379
12214929406;43.72188;7.10394
12216096736;45.61849;6.76951
12216156338;45.61683;6.76688
12216226623;48.39176;-4.43504
12216379632;45.61884;6.77468
12216991484;48.82812;2.26851
12216991485;48.82945;2.2701
12216991486;48.83123;2.26947
12216991487;48.83228;2.26971
12218151176;43.56586;1.44599
12218340887;43.29311;1.78668
12218367554;43.292;1.78794
12218507291;43.65786;-0.51727
12218890442;47.2337;-1.54759
12219049923;43.6373;3.96673
12219943907;45.6009;5.21782
12222211171;48.57427;7.76084
12222315690;43.65784;3.96899
12222315691;43.65722;3.96917
12222621561;49.11561;6.16698
12223054903;45.74963;5.79512
12223054904;45.73788;5.79962
12223085777;43.8499;7.16208
12223090126;43.85015;7.16158
12224152085;43.27036;5.40056
12224155801;43.10731;6.02167
12227847901;43.33255;-1.41097
12227853753;46.02146;6.282
12227943601;43.11021;6.13438
12229238552;48.8829;2.46014
12229608695;49.76779;4.72521
12229626624;45.50051;4.26017
12229731592;45.49974;4.26035
12229763532;47.45349;-0.55658
12229968844;44.84447;-0.55908
12231610494;45.54848;3.26242
12231718711;45.66904;3.17041
12231729920;47.3208;5.03686
12231774707;47.98292;-4.07095
12231774708;47.98247;-4.07078
12231774709;47.98243;-4.07002
12231774710;47.98226;-4.0698
12231774711;47.9822;-4.06958
12231774715;47.98202;-4.06981
12231774716;47.98173;-4.06982
12231774717;47.98175;-4.06966
12231774718;47.98172;-4.06996
12231774719;47.9817;-4.07012
12231774720;47.98194;-4.07051
12231774721;47.98146;-4.07034
12232456006;43.2606;5.39666
12232662697;47.99958;-4.10304
12234450251;46.74904;3.48386
12234467058;46.89093;3.46584
12237474484;47.66156;6.02665
12237723516;45.39028;4.32001
12238486560;45.18417;5.7552
12238486584;45.18553;5.75665
12238486586;45.18485;5.75626
12239248536;43.16538;-1.23173
12241700608;44.00408;4.9272
12241725296;44.3797;1.44634
12242075351;48.85498;2.5322
12242075352;48.85376;2.53782
12242308754;45.4179;5.85461
12244027868;48.85266;2.53882
12244356965;45.18617;5.75634
12245201540;45.59062;5.27399
12246105277;43.7325;7.10301
12246405604;44.00029;3.88633
12246405609;43.99882;3.88406
12246412786;45.62483;6.79673
12246446832;43.54445;1.22454
12246551477;47.79382;1.06551
12246723484;44.45299;1.43944
12246723490;44.453;1.43948
12247648006;43.94237;4.80548
12247736081;48.7645;2.28871
12247960811;44.10318;3.88574
12248159001;42.37131;9.32966
12248485004;45.62035;6.80532
12248485731;43.52618;-1.52333
12248896575;48.85558;2.28987
12250194351;48.96685;2.32135
12250538516;47.53041;-0.61266
12250795348;45.61792;6.76942
12251219901;43.30987;5.38782
12251307997;45.14119;6.05169
12251356722;45.16828;6.09425
12251356723;45.16719;6.09379
12252506293;44.12241;1.71662
12252644027;44.99029;6.11691
12252881818;49.11619;6.17446
12253063153;43.25554;-0.28668
12253581259;43.28627;-0.37022
12253581260;43.28534;-0.3707
12253581261;43.28589;-0.37049
12253795555;47.54202;-1.88483
12254657173;42.52811;3.08603
12254683248;45.40105;4.86538
12254837189;43.49483;-1.48926
12255081283;47.4529;-0.52897
12255083768;43.48291;5.82996
12255083769;43.48264;5.82975
12255459422;45.26832;4.88338
12256418110;45.89445;4.48162
12257907848;45.88303;4.51793
12258169175;47.39554;0.69822
12259045031;-21.03079;55.39321
12259237544;-21.08459;55.62591
12260882770;-21.12319;55.48206
12260996537;46.23323;6.65523
12261105513;46.23301;6.65628
12265696049;45.75977;4.85896
12265732647;47.35577;0.69121
12266083148;48.1096;-1.65313
12269775835;48.86701;2.36361
12270443900;44.74883;4.92014
12270539527;48.91309;6.78734
12270735670;48.86548;2.47328
12270881881;48.83093;2.32103
12270897561;47.37065;0.69829
12270911134;48.8321;2.31952
12270929102;48.83187;2.31998
12270955192;47.1956;-0.27618
12271033539;45.19011;5.82042
12271077901;45.19166;5.82328
12271173702;45.17671;5.72435
12271461230;43.54504;5.0328
12273087943;45.395;4.32782
12273127068;45.55721;6.25089
12273247862;44.14869;1.98011
12273279992;45.64302;6.06227
12273334580;45.65925;5.73482
12273621716;42.90725;-0.57212
12276805954;49.45531;2.05333
12277280689;43.18309;3.00292
12277565465;45.73275;4.91978
12278031182;44.04522;4.44063
12278112754;44.19155;3.20623
12278120905;44.72724;3.85561
12278120906;44.72686;3.85515
12278121294;43.48911;2.75968
12278123093;43.58777;3.07902
12278144427;43.40213;2.70502
12278509560;44.652;5.13447
12278625077;45.32669;6.00066
12278648872;45.32745;6.00123
12278797371;43.18672;3.20239
12279150120;43.65418;3.82992
12281525553;47.9255;1.91977
12281537814;45.26275;5.56113
12281827073;47.48064;-0.54737
12281967721;48.88068;2.4664
12281967734;48.88261;2.46294
12282062538;48.91634;2.48778
12282444439;45.6334;6.76548
12287517223;48.41023;3.23567
12287792260;45.78175;4.82236
12287817910;44.71454;5.58768
12287817927;44.71415;5.587
12287931009;43.22873;5.34967
12288325268;45.78113;3.07504
12290272949;48.92369;2.25708
12290277938;45.78366;5.5739
12290291439;44.47121;2.98865
12290400085;48.87473;2.58218
12291395264;48.884;2.22662
12291493301;45.07425;5.28368
12291570909;50.9947;2.41666
12291743901;-21.05692;55.40289
12291749990;47.34721;-3.1568
12291978077;44.89384;5.61434
12292183192;48.77388;2.26828
12293530801;-21.0945;55.42637
12293981123;47.66807;-0.24336
12294191271;43.09894;5.80991
12294257804;46.17883;6.70814
12295736676;45.44909;4.38764
12296245164;45.93602;6.63081
12296485872;45.61627;-1.01342
12297065257;48.92575;-0.45066
12297158801;44.33161;6.35166
12297186988;45.60761;-1.00849
12297352406;44.16286;2.16879
12297376471;47.07555;-0.84375
12299137129;45.30045;5.49298
12299490719;48.67336;7.85417
12299590425;43.59664;3.85703
12299607401;44.60033;6.18049
12299620955;43.5975;3.85966
12299621153;43.59579;3.86074
12299636408;43.59663;3.86028
12299652808;43.59538;3.85944
12301439157;43.77465;6.21763
12301554698;43.70314;-0.2374
12301842210;44.46025;4.21777
12301854107;43.62306;2.28366
12301986383;45.46664;5.81973
12301986384;45.46613;5.82077
12301986385;45.47302;5.82382
12302006802;45.48622;5.82784
12302006803;45.52012;5.85427
12302063773;43.55273;7.00822
12302063774;43.55761;7.00854
12302194169;43.28364;-0.26854
12302194170;43.28365;-0.26826
12302397556;44.32275;3.59276
12303153771;45.39891;6.44104
12303960455;43.55173;7.01445
12303960456;43.55178;7.0151
12304331201;43.95504;5.83414
12306684787;43.79989;6.39863
12306776772;44.66319;-1.18094
12306807003;44.02561;5.93764
12307221433;45.14562;5.74519
12307263376;47.0372;6.12303
12307606021;43.88291;0.98859
12309041417;45.75749;4.80128
12309105495;45.58783;5.6067
12309122709;48.85439;2.33338
12309162835;45.59;5.60525
12309197784;-20.88678;55.45105
12309208378;49.18785;-0.44549
12309337982;45.17694;5.81139
12309485923;43.51372;-1.50576
12309518095;45.47444;4.36392
12309521640;43.57634;1.39633
12309557527;45.66598;6.47453
12309609525;45.26216;5.69987
12310425055;42.83898;-0.46122
12310483231;50.57432;2.23466
12310493545;50.5756;2.22594
12310528257;45.61904;6.76786
12311450516;47.24281;-1.51634
12311754774;44.94181;4.4306
12311921598;48.8376;2.31056
12312208141;48.88888;2.33918
12312752529;50.63698;3.0739
12314119676;48.86829;2.29373
12314320282;45.7859;5.94479
12315825636;47.2179;-1.54982
12315825645;47.21316;-1.56507
12319662026;43.71259;2.35746
12319662036;43.71266;2.35847
12319662046;43.7138;2.36113
12320147101;44.9675;6.65992
12320188987;48.84162;2.26886
12320785586;44.87371;4.87417
12320785600;44.87412;4.87499
12320792121;45.18887;5.75388
12321273205;16.25138;-61.59386
12323081402;43.77419;7.50743
12323112783;45.45418;6.67284
12323884601;46.28679;2.65224
12324361956;47.99562;0.19205
12324774102;47.37348;-3.22302
12327102076;48.4137;-3.95628
12327349333;49.01519;1.69546
12327418142;45.17937;5.6899
12327438998;45.17992;5.68982
12328353902;43.29869;5.37599
12328368801;44.86944;6.57439
12328437644;47.82404;1.4983
12328445549;45.88231;6.32207
12328678616;49.23253;-0.55929
12328730937;49.19483;-0.54578
12328792712;48.32029;-4.29968
12330558043;43.22841;6.58532
12331335868;45.8375;4.30751
12331379994;45.12571;5.59116
12331421325;45.06867;5.69242
12331568486;43.71444;3.42181
12332560952;45.52341;4.54156
12332783266;45.52907;4.37273
12334214912;48.82624;2.37519
12334667401;45.84618;2.06422
12334944119;45.62233;6.80067
12334962191;45.62216;6.80044
12336828840;46.46967;4.24382
12336829640;46.40287;4.25301
12336891808;46.43728;4.27879
12336891809;46.43568;4.27696
12336891810;46.43386;4.27408
12336891811;46.43262;4.27397
12336914409;46.43919;3.97899
12336981968;44.55394;1.76824
12337292444;44.67983;-1.01928
12337293914;47.73892;-3.41107
12337682401;43.68213;3.98986
12338094118;45.76293;3.64058
12339065126;46.48591;3.85789
12339142950;46.4798;3.97596
12339162243;46.47829;3.98779
12339162250;46.49262;4.02304
12339420415;45.62327;6.7712
12339517508;45.62262;6.77043
12339637922;49.21443;-0.40194
12339835491;42.67477;2.62967
12341917135;43.59579;1.43648
12343193083;45.18482;5.95904
12343224001;44.89555;6.61092
12343303299;46.56644;4.40878
12343308197;46.39144;4.01507
12343319799;46.48958;3.96946
12343336857;46.53492;3.92345
12343340266;46.5795;4.45099
12343352532;46.3993;4.30026
12343353395;46.5287;4.33536
12343353399;46.52687;4.33435
12343376458;46.41031;4.21204
12343421955;46.57685;4.15591
12343422752;46.46821;3.935
12343422754;46.46508;3.93669
12343459904;46.50618;4.37931
12343489563;46.55338;4.22165
12343489566;46.56135;4.22541
12343924845;49.18887;-0.40836
12344622123;46.14839;6.41209
12344692879;43.29435;-0.36835
12345599396;49.44038;1.07587
12345636072;44.26641;1.952
12345942801;44.85454;6.48094
12345948079;48.86811;2.31598
12346014517;47.36239;3.62828
12346059504;44.87509;4.8808
12346059549;44.87693;4.88007
12346215917;44.30437;4.68828
12348004393;47.33203;1.06588
12348587049;45.7907;4.81617
12350691209;43.26846;3.21546
12351206001;43.76129;4.31582
12351356465;45.78328;4.86824
12351476501;45.75264;5.11072
12353630645;43.00513;-0.10077
12353866742;47.37216;0.68324
12354250696;47.23877;6.01257
12356127735;43.77425;-0.18443
12356127736;43.77546;-0.18306
12356182590;43.76856;-0.18715
12357761336;46.44821;4.12092
12357776867;46.45084;4.12063
12357780251;46.45004;4.12158
12357781657;46.44687;4.12175
12358477448;43.48785;-1.50998
12362256183;44.53583;3.54929
12362697397;44.53598;3.54854
12364967234;46.38485;4.12833
12365066168;46.48179;4.43904
12365077513;46.50189;3.87912
12365087304;46.49673;4.21489
12365089987;46.52515;4.25854
12365089989;46.52589;4.25887
12365157285;46.36652;4.23152
12365405597;47.34813;-3.1569
12365541527;45.86554;5.945
12366989511;44.89528;6.63278
12367102557;43.63615;6.64698
12367105917;43.69332;6.81364
12367429455;43.61777;3.86754
12367758545;43.83662;5.45904
12368140634;46.7211;5.17993
12369215994;43.38387;4.80915
12369353536;48.88617;2.37384
12369435399;43.79025;1.8953
12369514798;44.89634;6.6337
12369559950;45.16812;5.72687
12372181856;42.79045;3.03348
12373127802;42.99932;6.20346
12373268568;43.89455;-0.73916
12373275778;46.47374;4.09183
12373282911;44.87158;4.86735
12373326255;43.83517;5.45881
12373644947;46.01231;1.43146
12373756013;46.10949;1.3697
12373811171;42.78776;1.53962
12373845336;46.53569;4.13194
12373845337;46.53392;4.12555
12373845339;46.53847;4.113
12373881592;46.4333;4.4735
12373914238;46.42926;4.02551
12373956542;46.41325;4.30761
12373956546;46.44522;4.33543
12373956547;46.44092;4.33797
12373964519;46.36214;4.06354
12373979690;46.47229;4.33429
12373981598;46.47194;4.16025
12374000395;46.45455;4.05929
12374109651;43.6121;1.45348
12375740472;45.52631;5.98637
12375825492;47.23989;6.01195
12376000011;48.87011;2.78278
12376162297;42.47199;2.85742
12376306657;46.00505;1.13617
12376421763;45.99901;1.22442
12376421764;45.99518;1.21889
12376421769;45.99993;1.21889
12376421770;45.99805;1.21849
12376444974;46.11643;1.45952
12376446530;45.99893;1.46711
12376516362;45.88601;1.39507
12378791690;43.24723;2.91874
12381938199;43.87809;-0.51181
12384167800;46.00922;1.17487
12384414793;48.51375;-2.76199
12387011004;16.41234;-61.51519
12387144625;45.27726;6.32924
12387693158;43.12694;5.92888
12388167495;49.19782;-0.34717
12388656683;46.08591;6.09535
12389139147;45.77215;4.82093
12389226219;48.51995;3.7261
12389263330;45.74782;4.80044
12389628847;43.8741;4.59021
12389630615;43.87338;4.59077
12389742840;46.03384;1.34603
12389908736;46.08885;1.42721
12390529013;45.96347;1.53394
12393384086;45.99569;1.37732
12394230758;44.77448;5.40872
12395431798;48.9425;2.32322
12396216356;49.19901;-0.39225
12397455310;49.11329;6.20763
12397456174;49.07864;6.32459
12397535801;44.87917;6.5904
12397617263;43.67461;4.1308
12398837723;47.23508;-1.60521
12399884360;49.198;-0.38894
12400364829;46.11847;1.46083
12400586903;45.75741;5.69008
12402668792;46.67181;-1.4066
12402863805;48.78025;2.2725
12406397098;44.06377;5.97027
12406397100;44.06358;5.97236
12406706752;48.18448;4.97904
12407249506;43.62706;3.86342
12407562354;44.84999;5.91115
12407589440;45.41753;6.26865
12407612362;45.46807;6.18127
12407613069;45.50169;6.24404
12407640996;44.89939;5.09593
12407647240;44.85037;5.91086
12407647569;45.39461;6.26659
12407647681;44.82777;5.84054
12407649326;48.17858;5.15172
12407650497;44.84047;5.92381
12407650673;45.2035;6.04082
12407664546;48.17777;5.1503
12408777881;48.91935;2.35427
12410343728;43.01662;0.48167
12416065813;44.57782;2.27816
12416592199;44.13605;2.43578
12417036367;46.39269;6.79543
12419323892;43.2639;5.37814
12419323893;43.26203;5.37443
12419435143;46.3943;6.80449
12420003286;43.46096;5.24915
12421024809;44.30861;4.34751
12421544433;44.57591;2.08138
12422211901;42.7394;2.61102
12422368926;44.94398;1.73398
12422850602;48.79868;2.51385
12422896543;44.87732;4.88127
12422896544;44.87732;4.88179
12422896545;44.87638;4.88204
12422896549;44.87596;4.88189
12424586501;45.90825;6.10868
12424972730;46.39376;6.80029
12425973308;44.87315;4.88324
12426904535;46.26393;6.1185
12430647980;42.65638;1.83546
12431035428;48.84392;2.26841
12431169980;43.09941;5.81023
12431832091;44.61218;2.66706
12431838926;44.60507;2.66666
12432961765;48.88175;2.35472
12432987024;43.53185;1.35019
12432988328;43.54672;1.35589
12433007066;43.52449;1.37168
12433825815;43.11811;5.80113
12433840182;43.11816;5.80162
12435290709;45.04466;6.13652
12435925361;47.47464;-0.52815
12436011451;47.4742;-0.52754
12436467974;47.47186;-0.53047
12436690497;47.47158;-0.52877
12436690564;47.47441;-0.52898
12436690602;47.47313;-0.52968
12437019058;45.23722;5.50822
12437041751;43.6286;3.90434
12437062971;44.69063;5.43308
12437062972;44.69149;5.4344
12437073224;45.07069;5.87392
12437073225;45.086;5.90087
12437073226;45.10605;5.92925
12437080688;45.56111;6.25692
12439504516;48.6868;5.61776
12439504522;48.68251;5.61883
12439636822;48.70813;1.43349
12439671026;48.62858;5.90864
12442375718;43.88125;-0.46863
12442375722;43.88121;-0.46865
12443782839;45.47356;5.55296
12443837309;44.24378;5.07238
12444132967;48.4511;6.73688
12444801959;43.43915;5.22371
12447109564;45.63952;4.84072
12447372498;47.33601;5.05205
12449599401;48.72165;-2.95067
12449624501;43.63857;0.58892
12451066057;45.54525;6.18152
12451398701;46.36208;4.70465
12453006444;44.70901;6.74584
12453006446;44.70835;6.74577
12453185937;45.90334;5.17966
12455576657;-12.91452;45.19402
12455692752;45.82967;1.23276
12456456151;44.87445;-0.19128
12457403306;43.27022;-0.4521
12458654248;47.60885;1.32849
12459253216;47.76291;-2.12966
12459380318;43.43369;-1.5515
12459380319;43.43193;-1.55193
12459380322;43.43216;-1.55137
12459402107;42.40373;2.59828
12459739922;48.17208;4.04918
12460523506;47.62019;6.15368
12460818305;43.75918;-0.0343
12461336723;42.65659;2.56085
12461441992;42.65874;2.56232
12462998105;44.64451;6.20057
12463436250;45.47364;4.36648
12463478154;44.20855;0.6325
12463482325;42.58164;2.77875
12464015918;48.39411;-4.47837
12464015929;48.39281;-4.47736
12465007401;44.57213;3.48074
12465271421;44.38127;2.48283
12466665849;43.94803;-0.39473
12467040724;48.86973;2.40209
12467485019;48.23028;4.30713
12468829183;45.24911;5.76738
12468941654;46.1091;1.36895
12469025103;43.13307;6.36009
12469308608;42.76125;2.51555
12469790986;44.89883;-0.51062
12469841156;45.50584;4.25324
12469844402;45.50242;4.25824
12470812105;44.2873;-0.22997
12470887633;44.44541;-0.24419
12471132391;48.62799;2.32953
12471891009;47.14841;5.2743
12473154232;47.46286;-0.55962
12473544807;48.98007;2.25101
12473930324;48.3355;6.6882
12474261297;48.35741;6.73427
12474347525;48.99534;2.21344
12475613938;48.83173;2.00214
12475663554;48.92761;2.0323
12476034855;45.50216;4.2606
12478241104;45.76581;5.17794
12478684029;48.66728;-2.28744
12478771781;44.37261;4.64652
12480145379;44.49488;2.28429
12480566909;43.60709;1.4791
12484082201;43.71943;1.29971
12484082202;43.72101;1.29801
12484082302;43.72089;1.29781
12486135982;43.5539;1.44635
12486308773;48.82534;2.48486
12486499409;47.12568;5.82876
12491917348;45.16219;5.73407
12492515753;47.97315;-2.09644
12492942654;48.92963;1.75663
12493086466;44.5801;5.03179
12495479024;44.09697;6.93003
12495536908;44.09125;6.94011
12499075159;45.07328;5.57833
12501030617;45.0589;5.24879
12504409386;45.79909;4.54806
12504550209;49.13925;-0.38584
12504550211;49.13988;-0.38661
12505346109;47.38194;0.69876
12506699797;45.17789;5.76697
12507201285;48.10326;-1.67307
12507201286;48.10311;-1.67255
12507299080;43.51778;1.49303
12507306316;43.51814;1.49363
12507350105;43.51818;1.49337
12507844456;49.14894;-0.37532
12507882064;49.18966;-0.26434
12508160757;49.16452;-0.41701
12508160758;49.16385;-0.41784
12509612318;47.21634;-1.54203
12509665607;45.19215;5.72337
12512547312;48.01833;5.82996
12513935684;44.02962;4.37891
12513947580;44.02966;4.37898
12514078376;42.60286;2.48509
12515887669;48.77603;2.34299
12516142854;48.86416;2.22516
12518086503;45.4416;6.11602
12520185017;45.71644;5.07756
12520295509;44.49861;0.163
12520735129;46.87452;-0.53699
12520735130;46.87447;-0.53655
12520938813;43.1755;-1.34768
12521047923;44.59907;4.98324
12521452006;48.38189;5.9356
12521558702;42.2458;9.17313
12523828772;43.59555;6.10822
12526158594;-21.37679;55.61079
12528836843;43.65167;3.82812
12528981101;46.09453;6.07639
12529080880;43.65896;6.92471
12529466169;44.65459;4.77683
12529821569;47.78871;6.31152
12530505734;43.85292;5.10961
12531736400;42.68082;2.90483
12532746284;43.61121;3.88141
12532774490;42.68101;2.90777
12534252688;45.1793;5.74376
12534856864;42.66178;2.87495
12536404220;46.39919;6.57442
12536689166;48.24961;7.02689
12539789591;45.20085;5.71389
12539810006;45.19884;5.71451
12540206595;49.14937;-0.32974
12540206599;49.14957;-0.32933
12540206600;49.14933;-0.3292
12540357801;49.14905;-0.32949
12542546262;43.58076;1.40809
12543271918;44.22429;-1.15402
12543495586;45.27148;5.32941
12547067203;48.13313;-1.64224
12547399817;42.7561;2.95451
12547399818;42.75564;2.95431
12547399836;42.75931;2.95227
12547399837;42.76164;2.95142
12549312804;47.39006;0.67719
12549312806;47.41225;0.68889
12549312807;47.3517;0.64179
12549575901;43.96089;4.74388
12549637158;48.73078;2.28629
12549663315;48.53388;3.8321
12550894138;44.48085;-1.1031
12551087803;43.06107;3.03525
12551192840;49.16421;-0.15207
12551524480;44.13699;2.53968
12551524489;44.13615;2.54254
12551613073;45.72835;5.01177
12551805970;45.72849;5.01178
12551805977;45.72788;5.01258
12551981363;47.66482;3.73183
12554307747;48.29563;7.04487
12554437241;48.17116;7.11682
12554786108;44.63568;4.26163
12554891491;47.9096;6.97558
12555850769;45.46088;4.41316
12556324740;47.23795;6.02409
12557322033;44.15742;4.622
12565590887;43.85958;5.51251
12566011885;45.91603;6.12737
12566409704;48.88225;2.25863
12567061204;45.14655;5.74677
12568339684;48.9357;2.04937
12571122901;45.27743;5.88594
12571122902;45.72652;6.52993
12571254360;45.18747;5.71276
12571708215;47.49637;4.08566
12572134596;45.04666;3.88561
12572323183;43.51652;4.98743
12572377839;43.51795;4.98962
12574345883;46.38904;4.3131
12578552089;47.82441;1.94678
12578600100;47.82414;1.94715
12578607556;47.82473;1.94646
12578609975;47.82445;1.94633
12578613005;47.82419;1.94685
12578623687;50.62999;3.06985
12579280815;45.61538;5.70006
12582349698;46.23701;5.67053
12582663241;47.46456;-0.55625
12582808601;46.39527;5.96676
12585398713;48.7738;2.44817
12586008531;46.62993;5.5726
12588482737;45.61118;6.7645
12588484362;46.31347;2.5353
12589833559;48.55494;1.93117
12589929203;45.71762;6.45766
12592536013;45.47207;6.41396
12593143972;48.12256;-1.21235
12593242085;45.65358;6.78771
12596140794;43.12367;6.13106
12598463864;48.76462;2.29045
12600372716;49.00173;2.27526
12601742368;43.30709;-0.39479
12601952740;45.72309;5.00761
12603826452;42.60812;2.80626
12603826453;42.60914;2.80584
12603946515;45.19148;5.77225
12604175221;43.67162;-1.08388
12604200656;43.68209;-1.06234
12604213633;45.59604;5.6397
12606898855;45.54548;3.25017
12606898895;45.54709;3.24957
12607039031;46.66872;5.55023
12607381105;44.39703;4.88209
12607456737;43.86421;4.40009
12608622333;42.86394;2.56362
12609595156;43.49247;-1.47897
12609736708;47.76327;3.89271
12609992274;43.25189;0.51825
12610186777;43.07885;5.89671
12612245886;45.27893;5.71323
12612717413;42.92076;1.03399
12612967201;48.78704;2.47295
12613218860;42.93559;0.9163
12613913306;45.32924;5.26967
12613913335;45.32738;5.26959
12615582304;45.92608;4.94908
12616291130;41.91925;8.79441
12616632847;48.68904;6.17518
12617829345;48.30692;1.29118
12617829346;48.30756;1.29081
12617829352;48.32132;1.21475
12618160507;48.28955;1.18059
12618160514;48.28373;1.15058
12618183469;48.30382;1.24225
12618857479;44.84084;-0.55707
12619140295;45.05211;6.02711
12620787784;45.16938;5.70906
12621178261;48.56308;-3.15183
12623552464;45.69657;4.896
12626070977;44.46342;6.05696
12626075937;48.66112;2.56446
12628111543;44.20287;6.56941
12628437104;44.1973;0.32054
12628559526;46.85929;-1.95733
12629728792;43.58785;7.0993
12630287854;45.27735;5.56856
12630457218;45.94397;6.07312
12631298713;45.15645;5.68125
12631328248;43.48353;5.62263
12631841961;46.67588;0.57603
12632567240;44.05326;4.77678
12633138943;44.49955;-0.28404
12634634121;48.70028;0.2799
12638293840;43.51952;-1.5161
12638293841;43.51425;-1.53106
12638293842;43.50107;-1.54054
12638293843;43.4717;-1.50535
12638293844;43.51661;-1.50203
12638293845;43.5244;-1.52483
12638293846;43.48337;-1.52164
12638293848;43.48335;-1.52104
12638293849;43.47167;-1.50565
12638293850;43.52555;-1.52322
12638293851;43.49751;-1.51323
12638293852;43.48291;-1.5216
12638293853;43.48321;-1.52334
12638293854;43.48267;-1.52209
12638293855;43.4829;-1.52255
12638293856;43.47168;-1.50554
12638293857;43.47255;-1.50754
12638964587;43.55137;-1.30753
12639075364;49.10956;6.17721
12639075384;49.10913;6.17638
12639168865;47.16615;-1.47986
12639630019;50.4596;1.75941
12641853487;45.7224;4.76043
12641885280;45.70155;4.69219
12645179389;43.56281;6.93909
12645179397;43.56274;6.9385
12645374775;44.4564;2.62328
12645486403;42.72622;2.98824
12645509803;42.72885;2.99166
12646510230;46.95363;5.7194
12647278601;44.8708;6.58831
12647317201;48.57084;1.93629
12647498198;42.31057;9.24657
12647736201;48.88095;2.37775
12648283902;48.76455;2.16659
12649487923;50.46222;1.7633
12649643514;48.11209;-1.65587
12650334762;48.71401;2.20096
12650747885;48.58455;7.73403
12651920801;44.79443;6.55913
12652508454;46.91988;4.67802
12656121111;45.1449;5.70224
12656248171;45.14766;5.69671
12657002692;45.17219;5.72788
12657031301;43.60687;3.86721
12657730720;45.73364;4.75246
12659200951;-21.38659;55.64666
12659200952;-21.38649;55.64681
12660001581;43.61257;1.4483
12666708412;43.36983;5.3529
12668905239;44.44011;2.03807
12668905240;44.44009;2.03807
12668917149;43.61643;1.07309
12668978407;47.02946;5.3266
12669005493;47.02984;5.32659
12669959056;43.38787;0.151
12670800601;41.78249;8.98153
12673088922;43.42937;0.30593
12673140953;43.53288;-1.26751
12673453474;43.51582;0.4108
12673722135;45.17558;5.72873
12676594090;46.26;5.65937
12676694149;43.64054;0.58495
12677016712;48.81152;2.40222
12677323575;45.74881;6.32782
12681148620;43.6404;1.46039
12681165476;43.63953;1.46333
12681167514;43.63938;1.46206
12681183744;43.63953;1.46158
12681187589;43.64021;1.46029
12682064427;45.28414;5.3523
12683543118;43.91675;-1.30653
12684542958;48.82534;2.25774
12685282220;43.69038;-1.22335
12685748727;45.77938;4.79463
12686155128;48.80486;2.50777
12686894188;45.75173;5.78788
12687060390;45.59642;5.63398
12687822438;47.21626;-1.52101
12690036105;45.05202;5.67338
12690036106;45.05123;5.67279
12690669301;44.70641;6.6073
12690979998;47.84233;1.65263
12691312098;43.61507;1.07354
12692576088;43.6406;-1.22462
12692607505;44.0071;4.41913
12692784388;48.97809;5.06026
12694620100;45.93021;5.72724
12694656789;47.60258;-0.83514
12694812229;44.01026;4.4146
12697073573;45.79729;4.84097
12698741153;46.06194;0.2425
12698741154;46.06126;0.24238
12698894394;46.03737;1.1977
12698906580;45.9512;1.49762
12699107330;43.53513;2.26981
12699153871;45.92791;1.17724
12699155922;45.92739;1.17837
12699165229;45.92368;1.17552
12699211404;46.01833;1.516
12700624983;44.35231;5.35252
12703078236;43.64317;3.46052
12703547272;47.2954;-1.39348
12704286399;45.77204;-0.8883
12704440187;43.65134;3.54352
12704483801;44.87919;6.5995
12704562752;-20.88627;55.48759
12704640282;48.91248;2.26117
12705158774;48.03313;6.96127
12705158775;48.03386;6.96258
12705158776;48.03436;6.96329
12705158777;48.03391;6.96166
12705233687;47.84906;1.93601
12705285157;47.85065;1.93774
12705328234;47.85212;1.93362
12707450579;45.81209;4.75342
12707450589;45.81183;4.75393
12707481246;44.12821;6.59884
12707681694;45.03714;-0.39154
12708074128;44.83432;-0.56655
12708590619;48.74666;6.27489
12708713931;48.75422;6.28024
12708747284;48.73224;6.23625
12709374794;43.95093;4.81981
12709404600;48.88849;2.36639
12709411706;43.89941;4.74575
12709527165;48.87686;2.38526
12709759548;43.63359;5.1511
12709854600;43.6304;5.17675
12709885262;47.21393;-1.55132
12712718774;47.94865;2.54268
12712829085;48.89787;2.08862
12712854698;43.52267;5.45642
12714001611;45.18722;5.73629
12714449129;43.38077;5.34184
12715244227;45.19762;3.06583
12715416426;48.84522;2.33219
12715850876;48.40907;0.65473
12716087801;49.44171;6.3568
12716417863;45.89022;0.24016
12716557822;43.71305;-1.06498
12716844962;46.96789;4.14301
12717076343;43.77504;7.50856
12717289577;44.52138;5.74983
12718180211;49.10774;6.1777
12718637388;44.84244;-0.58511
12722145314;49.57408;2.96398
12723179135;44.73133;4.92257
12725450625;48.83191;2.26954
12725945685;48.87263;2.77752
12726363315;44.93508;4.90184
12728792017;46.05766;1.28083
12729378404;47.37258;1.34562
12729637521;47.40946;4.94023
12730448817;48.82504;2.2167
12730477397;44.38913;5.09939
12730489933;43.61587;3.88111
12730602930;48.88273;2.23345
12730602966;48.88012;2.23086
12730613767;49.49083;0.68505
12730697803;47.93794;2.26877
12731315188;45.65416;4.98924
12732895152;43.32824;5.71411
12732895153;43.33028;5.71901
12732986096;46.86744;3.64156
12734061163;45.73937;4.85356
12734250072;44.43719;2.03392
12734412754;45.4589;4.69543
12734473949;47.89678;-1.68704
12734655601;44.3136;4.61603
12735215505;45.2946;5.23649
12736374376;45.75192;4.847
12736461357;45.29095;6.2168
12736471128;50.62209;3.03809
12736495122;48.86942;2.7799
12736576003;48.87016;2.78101
12737062350;48.86051;2.44966
12738304664;43.80459;3.64416
12740160995;47.97447;-4.09421
12740725482;45.41901;6.09602
12744026769;45.19776;5.71201
12744393681;48.43584;0.88658
12744780738;45.47241;5.3699
12745562765;46.72094;6.08022
12747347915;49.0539;2.67547
12748795543;43.6043;3.88058
12749570912;48.1976;-2.0412
12749730681;48.70429;2.04436
12749914096;45.14895;5.34131
12749979821;48.07085;-0.75486
12751834311;45.74346;4.81697
12752227879;43.52274;5.45945
12752446608;45.0561;5.66938
12752482912;43.7832;7.37307
12752654762;47.52882;5.23369
12752749288;45.90806;5.72462
12753652516;47.47406;0.15845
12753677005;42.47521;3.12469
12754644694;46.05498;5.02909
12755479975;48.69286;5.847
12757312101;49.07862;6.3246
12759219501;45.23374;5.69349
12759693336;45.94625;6.03521
12759765282;44.78716;-0.70549
12760718106;42.76621;2.60991
12761961301;43.83555;-0.49947
12762206369;44.81097;-0.62568
12762206370;44.81177;-0.62822
12762224089;47.69845;0.47476
12765828344;48.83829;2.44857
12765909807;44.0027;1.69153
12765942902;48.87552;2.36194
12766232920;44.82587;6.49979
12766271603;43.69633;7.26845
12766321164;45.43621;4.3802
12766470573;48.8619;2.29057
12766657659;49.51011;0.0794
12766657660;49.51111;0.08041
12766657665;49.50952;0.07896
12768172497;47.32306;5.0423
12768407099;48.88811;2.34351
12768656324;43.48217;-1.56028
12770064017;47.2623;1.90871
12770064018;47.2623;1.90853
12770118596;47.26903;1.86204
12770185968;47.272;1.85209
12770274569;46.88795;-0.93142
12770333047;46.67243;-1.34823
12770507355;45.29656;5.63643
12771611539;45.21217;6.47797
12772070894;48.07071;-0.77155
12772135139;44.7241;2.00179
12772768662;49.83514;2.21162
12773213606;45.77283;5.99598
12773219746;43.12814;5.9299
12775745395;43.2727;6.64419
12775974999;47.34309;-0.23147
12776169645;47.2647;1.90529
12776212415;47.25447;1.9352
12776218146;47.41769;-0.43774
12776508222;43.78776;4.09634
12776603358;43.78694;4.0977
12776843365;47.33221;1.13528
12776876748;47.3573;0.55082
12777040622;43.75972;5.15706
12777078498;43.75586;5.2032
12777083962;43.75678;5.20428
12777096103;44.86152;-0.55468
12778248880;44.47649;6.18838
12778379203;42.46018;1.90797
12778682962;43.19702;6.54803
12782173789;43.77876;7.5078
12782510123;43.92995;2.13302
12782740297;47.35084;-0.7569
12783684290;43.21849;6.61236
12785523141;43.84403;5.16903
12785682752;44.59942;2.39866
12785888053;43.82981;5.16264
12786414585;48.86082;2.38434
12786425316;42.86859;2.24582
12786802872;45.16762;5.68703
12787488880;45.1862;5.75622
12787840474;43.57478;7.0532
12787840487;43.57459;7.05341
12787850801;43.5746;7.05292
12788424832;43.898;4.80289
12788429165;43.45218;6.30264
12789021354;43.60356;1.43589
12789081576;48.65617;-3.91163
12789112739;48.65595;-3.91074
12789113948;48.65564;-3.91164
12791711242;48.85843;2.39658
12791891418;48.86013;2.39852
12793302629;16.33273;-61.34501
12794453616;48.90724;2.36653
12794813903;44.72049;4.78684
12794886001;43.33493;3.25746
12794905801;44.76448;4.91596
12795694883;48.39422;-4.47618
12795694889;48.39316;-4.47713
12795694892;48.39477;-4.4757
12795951331;48.81464;2.33213
12795993846;47.28933;-2.53756
12797505003;45.65101;-1.09249
12797756975;45.3517;4.75736
12798524424;45.58984;6.44588
12798561452;45.62476;6.44908
12801046284;48.85851;2.29568
12801047225;43.87851;4.49268
12801047340;43.83273;4.36681
12802288094;44.19478;5.94291
12802399485;48.39813;2.48036
12802572343;44.86334;-0.56075
12802757997;48.87651;2.33868
12802785553;45.55967;6.73576
12802967599;48.68961;6.17773
12803626715;44.6925;-0.0863
12803746901;45.26969;5.10151
12803758090;48.02938;7.03266
12803998480;48.6819;6.19017
12803998486;48.68177;6.19069
12804053328;44.62731;5.52313
12804168674;47.13702;6.78854
12804547429;43.78698;5.04299
12804686845;43.79549;6.94298
12805899997;44.90829;5.55279
12805917439;50.41037;2.03538
12805947382;45.13413;3.99257
12805953342;43.31032;-1.71419
12806128701;48.86586;2.36938
12806328283;43.6235;1.53131
12806494974;43.11465;1.61092
12806516335;43.11984;1.61046
12806523006;45.19432;5.8292
12806720749;45.8342;5.29161
12808895297;45.86975;0.81669
12809682601;45.74601;1.11931
12809835986;43.32077;1.95063
12809932997;47.37364;6.43068
12810075127;45.5891;5.25974
12810646032;47.72701;7.34399
12810699542;48.2634;-4.19542
12811098999;48.42759;7.15044
12811266997;46.18197;4.5432
12811403644;47.21462;-1.53719
12811632982;43.57193;-1.47183
12811752248;44.19197;3.20633
12811953374;44.12235;2.24419
12811960719;44.34579;1.79241
12811977668;44.2667;1.9983
12811979329;44.30362;1.90887
12812191437;47.74755;7.34189
12812535060;43.56773;3.90192
12814003489;43.11601;1.61079
12814732170;43.1852;-0.11496
12814820323;43.3643;2.45708
12814914801;46.16649;4.79319
12815299154;45.85771;3.83742
12815577417;48.3932;-4.4756
12815577418;48.39425;-4.47495
12815577419;48.39403;-4.47494
12815577420;48.39381;-4.47719
12815577421;48.3953;-4.47695
12815577422;48.3934;-4.47886
12816681049;46.06576;6.29425
12816681050;46.0693;6.31798
12816708214;45.37781;-1.14941
12816829066;49.81294;1.50949
12819061909;43.50387;5.73537
12819296407;43.5855;7.11732
12819301344;49.06291;1.42875
12819735969;43.36837;6.22013
12819750025;43.42665;6.22132
12820859382;49.17362;1.33861
12821080404;43.14571;0.61577
12821116752;16.41394;-61.51559
12822658855;49.24107;4.03594
12822697870;49.17444;3.96063
12823288572;49.48042;1.72586
12823397111;44.13783;4.98305
12823494749;44.43798;4.66887
12823531533;43.10283;0.1194
12823617693;48.99445;2.07079
12823631101;49.00081;2.27716
12823884545;46.69107;5.6392
12824083155;49.0429;3.96126
12824212599;48.92431;2.55193
12825304988;44.25532;5.64452
12825314151;49.05217;-1.03773
12825353832;48.9549;1.82283
12825359022;49.08117;1.62948
12825446926;49.18807;2.41439
12825657556;45.03906;3.88306
12825799062;48.84828;2.20391
12825817080;44.07986;6.21403
12825960858;49.01374;1.94417
12826033736;44.45277;4.41732
12826040837;45.57283;-0.5492
12826341384;45.7169;5.07685
12826349598;45.71695;5.07685
12826423600;46.58163;1.98638
12826685047;43.92021;5.12046
12828232204;45.07088;3.8595
12828298560;43.11164;5.93979
12828551800;48.84466;2.41214
12828581281;47.50178;-0.57064
12828587262;47.50023;-0.57046
12828773347;43.09143;2.62012
12829071409;43.01687;2.48076
12832548809;47.21704;6.76672
12832950649;44.82093;4.58416
12833106278;48.9082;2.36333
12833904628;48.83224;2.40429
12837034787;43.5969;3.83207
12837290302;45.75964;4.88344
12837662123;45.80025;3.11708
12839788657;45.78091;4.85684
12839796280;44.7835;1.78477
12840011357;46.56604;1.96044
12840145041;46.56659;1.96056
12840264756;45.61254;5.22125
12840433466;44.83495;-0.56313
12840571138;46.23065;6.52987
12841350449;47.50368;4.03787
12842057367;49.16155;5.38772
12842933281;44.36161;2.37073
12843782401;43.68675;3.74376
12843903601;45.74069;4.5704
12844019233;43.61739;3.36098
12844412591;45.65426;4.90952
12846550722;48.82992;2.35515
12846679421;44.3965;0.53596
12846852341;47.37677;-0.11032
12847393840;48.86572;1.94073
12847496403;48.8149;2.40702
12847496434;48.81544;2.40859
12847631435;43.94227;7.27439
12847679330;43.32994;-1.32664
12847715489;45.16455;5.68832
12847723529;43.92988;4.99437
12848529644;45.66203;6.36981
12848628313;42.59559;2.97271
12848628314;42.59555;2.97358
12848895841;43.21452;-0.29896
12849267628;43.95763;2.8853
12850278147;43.9634;4.79772
12850305608;43.79063;4.83201
12850497918;45.05481;5.83454
12850498791;45.09171;6.03147
12850585690;43.9751;2.72064
12850630213;44.71371;4.33016
12850680055;43.42868;1.43626
12850680056;43.43382;1.43996
12850680057;43.43384;1.43995
12851318525;48.68906;2.39444
12851353460;48.70798;5.80451
12851538094;43.9734;2.96079
12851777581;45.78692;4.79709
12851884593;48.02782;-1.77267
12853303726;48.09752;7.10546
12853921003;44.58702;4.70794
12854860194;47.25309;6.01996
12855133877;43.91951;7.26766
12855198665;44.41696;3.94863
12855543753;50.64059;3.09457
12856182674;42.72042;1.86204
12856978308;45.24157;5.82766
12856978309;45.247;5.82448
12856978310;45.24745;5.82471
12857535693;46.11957;4.95551
12857612501;44.14133;0.6092
12857853857;46.07997;5.86037
12857921137;45.56342;1.65284
12858101072;45.56264;1.6533
12858513656;42.67276;2.62025
12858977453;47.04496;2.98796
12860472432;43.59672;-0.32712
12861501481;47.697;-0.07265
12862011581;44.69784;6.86294
12862137052;48.83113;2.31447
12862143115;46.07648;3.25291
12862167501;42.73711;2.20038
12862181102;42.73921;2.20015
12862449469;45.16385;1.522
12862457489;44.15046;4.68338
12862492301;42.74524;2.19331
12862492401;42.74487;2.1935
12862658801;42.72953;2.05553
12862866190;48.97232;2.19704
12863147281;48.98826;2.29536
12863275710;48.00976;1.551
12864082364;48.87911;2.24302
12864213936;43.5048;2.79155
12864324591;43.66413;3.90342
12864744451;44.53207;4.07429
12866084203;43.69539;4.03724
12866263798;44.45585;1.44299
12866674441;44.79221;-0.62473
12867111627;44.81313;-0.50338
12869338497;45.76555;6.02209
12870163303;45.66064;5.92123
12870411683;48.79098;1.96609
12870632174;43.65991;-1.42634
12870639283;43.65994;-1.42629
12871292260;43.69855;4.03809
12871292261;43.69861;4.03797
12871292262;43.69868;4.03785
12871325161;44.95438;5.42614
12871352219;43.63968;3.92372
12871647001;45.13235;6.04271
12871666493;46.14026;6.27044
12872758528;42.44181;2.03341
12872768151;45.38516;5.61329
12872824413;47.73428;1.58964
12873112741;43.86802;-0.40777
12873183513;46.97004;-2.21188
12873328534;47.31632;6.68206
12873691952;47.86273;7.3383
12874958701;44.61565;5.45345
12875379252;47.50391;1.33519
12875509179;44.10959;4.85357
12875622291;48.80293;2.31713
12875919983;45.06933;5.76477
12875958612;45.07494;5.7723
12876542727;46.31923;6.77997
12876601912;46.33038;6.76581
12876885330;44.57932;5.03361
12876955888;46.02415;-0.54209
12876967293;46.62739;5.22281
12877040854;44.51793;-0.08232
12877102787;43.0027;1.13765
12877160688;48.88233;2.36302
12877177304;44.00667;1.21661
12877178476;43.59763;3.89741
12877320436;48.85962;2.41228
12877755119;42.78651;2.96825
12877890309;48.89832;2.33829
12878639420;44.90415;4.15498
12878707737;45.19051;5.73188
12878715236;43.8921;0.77029
12878746971;45.47811;6.43917
12878746979;45.47916;6.4552
12878746980;45.47945;6.45792
12878746981;45.47847;6.45605
12878749937;45.46698;6.44802
12878749956;45.4808;6.46689
12878796802;44.57135;5.55889
12878799175;44.6573;1.56822
12879039731;46.51303;1.59553
12879048242;46.15853;6.26413
12879286001;47.78053;4.96646
12879360016;45.58061;6.18549
12879360017;45.57759;6.18783
12879360018;45.51705;6.01699
12879360019;45.58017;6.18487
12879661973;46.70437;5.97257
12879661974;46.5523;5.71057
12879699415;46.92323;5.78112
12879701437;46.70716;5.8815
12879707989;47.09451;6.00441
12879809929;45.65286;6.37292
12880640991;48.91769;2.31265
12880640992;48.91575;2.31348
12880724477;44.70082;5.75993
12881018644;48.57434;5.04746
12881237187;45.08557;6.05927
12881306989;44.18971;1.87323
12881306990;44.18963;1.87332
12881327258;44.41909;6.43058
12881341611;45.7514;4.82422
12881352749;44.14308;6.59196
12881365113;44.26235;6.45437
12881367211;43.76016;7.17637
12881367930;44.51878;6.48726
12881368790;43.76533;7.18786
12881377902;44.32035;6.43529
12881443545;44.4681;1.23683
12881482588;43.00681;2.73402
12882769666;45.51684;5.86809
12883296755;44.49895;4.78642
12883296760;44.50199;4.78688
12883402076;49.02953;7.71609
12883413325;48.40731;2.70352
12883426186;48.58358;5.03281
12884133201;44.1708;0.28876
12886018218;47.54081;1.30885
12886152981;45.56575;5.92355
12886153969;45.90841;5.83808
12886591829;47.9167;-3.107
12886661280;43.4456;3.75706
12886686843;47.90645;-3.13479
12886764201;47.20653;-1.55976
12886919101;46.95515;4.07292
12887111185;46.31537;4.84028
12888177261;45.84828;5.78302
12888190982;46.03842;5.70012
12888195080;45.99873;5.69326
12888403301;44.9248;2.44441
12889164800;43.52849;2.06438
12889305731;46.24415;6.02574
12889380020;44.52392;1.45498
12889502764;43.48906;2.75967
12889593036;43.48912;2.75794
12890557770;43.55702;2.91393
12890593702;47.90253;-3.91282
12892591909;48.86467;2.39809
12893369999;43.71738;7.26537
12894158461;45.41635;5.55632
12894177115;45.47385;5.55087
12894183088;45.42715;5.63033
12894191700;45.44042;5.59421
12894594404;42.77362;1.73222
12894987347;43.78211;4.19887
12895175380;48.89451;2.41513
12895304353;46.20696;-1.5168
12895509928;48.58759;-4.5687
12896524101;42.67111;2.62805
12896570224;48.87132;-0.41114
12896581287;44.86112;4.83682
12896892139;45.76995;4.80944
12897310901;47.66526;-2.98222
12897331201;46.97484;0.69463
12897345357;45.76561;4.82905
12898816501;50.68299;2.71699
12898816701;43.43679;6.74112
12898912395;43.4846;5.41884
12898961701;42.75386;2.81413
12899303672;43.61823;1.07319
12899464801;43.81068;4.64773
12899479588;48.84609;2.43959
12899865353;43.08867;1.8722
12900381526;44.66386;5.46244
12900425401;42.70804;1.86682
12901337654;-20.87214;55.45118
12901337655;-20.88208;55.46484
12901337656;-20.88031;55.46195
12901337657;-20.88079;55.46305
12901337658;-20.88441;55.46933
12901337659;-20.88523;55.47977
12901337660;-20.88617;55.49308
12901337661;-20.88628;55.48816
12901337662;-20.88607;55.49143
12901337663;-20.8863;55.48915
12901337664;-20.88559;55.49259
12901375454;-20.89221;55.47188
12901509601;42.86992;2.87281
12901756801;45.35339;6.03273
12901756835;45.34561;5.98898
12901998801;43.63865;4.29813
12902078602;45.67559;4.90067
12902499145;47.63724;6.86245
12902599563;46.38856;-0.93867
12902604306;45.8505;4.86664
12905412760;47.43278;-0.49822
12905899546;43.31262;1.95552
12906308004;44.34331;3.698
12906328008;44.40358;3.74609
12906371102;43.47597;-0.93728
12906438763;48.87616;2.37062
12908145608;48.60114;1.70318
12909088982;42.90845;3.02905
12909462133;45.43126;-1.03593
12909586758;44.12581;1.24016
12909618683;48.87473;2.23062
12909648801;43.47376;-0.75783
12909652101;43.47428;-0.75752
12909724801;43.22824;3.13828
12909801401;43.47424;-0.75702
12911299201;43.10051;1.81146
12912283247;48.83566;2.39721
12912432902;47.33223;2.83762
12912871436;43.65299;1.65651
12912873401;43.31363;5.36785
12913181929;45.13029;1.30631
12913688244;42.33213;9.49143
12913843145;49.01447;2.53854
12914010401;43.45345;2.06912
12914275303;43.67991;3.00334
12914291778;43.38646;2.73293
12914291779;43.4506;2.8462
12914291780;43.45168;2.84566
12915276001;49.41675;4.25536
12915408701;47.34045;2.85282
12917145696;48.85403;2.53326
12917466593;42.66355;2.83309
12917555031;48.89157;2.34459
12917563696;47.44621;-0.56383
12917574619;44.15259;5.31895
12917662462;48.88986;2.24661
12917705533;44.73705;4.29395
12917800497;45.60616;6.46738
12917800498;45.60621;6.46729
12917866911;48.82384;2.31817
12918872206;49.17451;3.77185
12918933549;46.49097;-1.76692
12918933550;46.4943;-1.77518
12919026360;48.91768;2.34556
12919026367;48.9173;2.34553
12919406009;43.42022;3.37098
12919828607;48.32309;6.46241
12920781363;45.46701;5.98743
12920895801;43.18884;0.32606
12920921602;43.189;0.32677
12921149402;48.56653;-0.1462
12921501659;48.85257;2.36965
12921661301;41.96023;9.17954
12922825033;43.30091;5.38444
12922857864;43.32893;5.11306
12923020470;43.88798;-0.50172
12923037444;43.94184;4.80518
12923091601;43.54637;1.48226
12923091701;43.54577;1.48135
12923091801;43.54511;1.47868
12923221741;43.2096;2.44523
12923223287;48.9315;2.48636
12924088701;43.8884;4.68337
12924153262;43.33213;5.15359
12925247101;45.02885;5.04975
12925274718;47.65569;-2.75696
12925280721;47.65599;-2.75633
12925297101;43.67349;4.60443
12925470450;48.83926;2.39589
12925548511;45.35639;5.91887
12925925279;47.63668;6.85918
12926011396;47.63289;6.83779
12926033101;42.96098;-0.2566
12926164611;44.01364;1.37355
12926234550;47.66511;-2.75199
12926396444;43.67145;1.28644
12926419801;46.81091;5.67207
12926515724;44.51551;6.44491
12927358184;47.40975;-2.46475
12928013326;48.83279;2.41433
12928013327;48.83142;2.41686
12928065177;46.05334;6.48433
12933304719;43.693;3.99375
12936558208;42.93158;2.97805
12936622836;42.89445;2.98438
12937945937;48.87255;2.29953
12941992852;45.07157;5.64274
12942309201;43.73118;5.16888
12942397000;45.0714;5.55133
12942480301;43.0702;-0.07584
12943336601;45.18489;5.71341
12943363563;43.05211;2.66293
12944284601;44.91851;4.87447
12944857523;43.88838;-0.50166
12944991301;45.4052;5.8874
12945108646;44.992;1.52773
12945253860;42.86853;1.59769
12946032161;48.88358;2.23761
12946209601;43.81106;5.59541
12946339794;48.92793;2.30402
12946762005;49.04598;7.77331
12946809036;50.63103;3.0179
12946809037;50.62998;3.01672
12946931657;44.31003;3.39503
12947220602;43.83515;5.69424
12947376730;42.7878;1.89811
12947423371;42.82366;2.02105
12948860002;47.13059;-0.14932
12948860003;47.22404;-0.11752
12948860004;46.49905;-0.80651
12948860011;46.57261;-0.77106
12948860023;46.85647;-0.45223
12948987213;47.08995;-0.20146
12949047201;45.15866;5.75141
12949230717;48.85535;2.49531
12949323462;48.61234;1.68538
12949688063;45.93034;6.0835
12949694723;45.22184;6.47555
12949717545;45.44395;6.54929
12949725575;45.21135;6.46736
12949726020;47.2974;5.04377
12949732174;44.70972;6.56911
12949732745;45.23522;6.4672
12950055012;45.44572;-0.43113
12950137947;47.19952;-0.09669
12950213174;47.19666;-0.1248
12950350101;45.77229;4.82956
12950392507;43.84186;5.7762
12950489912;50.52987;2.39406
12952036393;43.56655;1.58638
12953473923;45.17983;5.61707
12954043601;47.52359;1.38602
12954235201;44.86088;-0.5819
12956131931;42.76155;2.51514
12956203443;45.73961;4.83471
12956465745;43.4355;5.464
12956587401;45.96906;-1.23767
12956911031;43.63852;4.81035
12959449938;46.14095;6.30842
12959449939;46.16646;6.30553
12959513903;45.92728;6.77623
12959589454;45.44994;-0.43294
12959599309;45.44948;-0.43253
12959673627;43.78514;5.63278
12960073046;48.51948;0.55136
12960504887;45.08205;6.05746
12960774608;44.75025;6.84271
12960831101;45.43242;6.01195
12960854500;45.46141;6.52825
12961089764;45.85476;6.72332
12961207180;43.35581;1.29821
12961221622;45.51323;4.82239
12961223710;43.48314;1.24424
12961247723;48.20422;-4.02201
12961280689;48.18908;-4.03656
12961512729;45.18292;5.71414
12961985730;44.88467;6.45051
12962064726;44.883;6.44521
12962406809;48.68972;6.1733
12963809127;47.38577;0.71462
12963927889;47.48618;-2.79204
12963927890;47.48718;-2.79918
12963927891;47.54706;-2.84613
12963927892;47.54137;-2.81703
12963927893;47.52993;-2.76841
12963927894;47.52795;-2.76868
12963927895;47.52621;-2.77004
12963927896;47.52636;-2.76763
12963927897;47.51474;-2.72771
12963933515;47.49596;-2.68216
12964065869;48.83803;2.11032
12964065870;48.82164;2.11662
12964079942;49.77396;4.74631
12964079943;49.93833;4.63523
12964079944;49.92173;4.51527
12964171885;49.16769;2.25313
12964270467;44.8303;-0.70212
12964301801;48.86969;2.3087
12964413001;48.37062;7.40267
12964442359;48.60954;-0.91211
12964451885;47.48963;-2.79277
12964451886;47.49166;-2.78731
12964451887;47.50483;-2.71026
12964476538;48.57822;2.23319
12964636901;48.90515;2.31159
12964643459;47.9785;-3.28244
12964650361;48.08885;-1.61563
12964650362;48.08666;-1.60508
12964650363;48.08656;-1.6051
12965200041;46.12425;3.42058
12965323132;48.61325;-1.10761
12965740155;47.50903;-2.68628
12965740156;47.50916;-2.68578
12965780077;47.5402;-2.81597
12965780078;47.54013;-2.81541
12965780079;47.52923;-2.76893
12965780080;47.5292;-2.76838
12965780081;47.52995;-2.7684
12965780082;47.52783;-2.76639
12965780085;47.54665;-2.72145
12965797024;45.82894;6.1828
12965833381;48.88431;2.23888
12966292395;43.27592;1.34681
12966292396;43.27793;1.34918
12966292398;43.27496;1.34908
12966292399;43.27366;1.34059
12966457136;48.58634;-1.65684
12966588751;48.90149;2.47973
12966590477;47.358;5.04861
12966626083;45.62745;6.49291
12966648949;43.28013;1.34918
12966650000;48.90133;2.47951
12967017717;46.85843;-1.95112
12967212510;47.47136;-0.54663
12968798701;45.26496;6.01546
12969150270;48.70958;7.62121
12970721255;43.10503;6.17555
12970895194;43.92638;2.14784
12971215391;46.41852;4.86593
12971453875;44.44145;3.01217
12971740291;47.21218;-1.56569
12971950945;45.01778;5.53016
12972875519;44.53069;2.7131
12973411248;44.90404;5.94774
12973897109;46.05667;1.28298
12974237858;47.20444;-1.53959
12974513043;43.84185;4.8389
12976250456;48.82429;2.41919
12976507672;-21.34017;55.66673
12976507673;-21.35856;55.76912
12976769772;45.82883;6.1811
12976804347;49.04037;1.86877
12976804348;49.15432;1.8839
12976834865;43.21786;0.8812
12976834866;43.22002;0.87961
12976834867;43.20245;0.68969
12977400802;45.68861;1.3141
12977421375;45.55304;6.41592
12977421376;45.61101;6.40028
12977433261;45.68846;1.31014
12977438986;45.65356;1.29297
12977447058;45.65286;1.28757
12977457200;49.4429;1.78108
12977623926;45.63705;1.24184
12977681933;45.69749;1.23887
12977700360;45.69865;1.24113
12977724021;45.6987;1.23644
12978301781;44.6055;2.48
12979259757;45.37827;5.64721
12979432911;43.48434;2.13968
12979641901;43.30371;2.9017
12980021655;45.4752;4.53704
12980344311;43.61931;1.39029
12980407596;48.26265;4.61363
12980580903;43.90792;2.11218
12980648688;45.59931;6.09602
12981927823;43.89481;2.33132
12982352175;48.69153;-1.94493
12982353836;48.6813;-1.97825
12982546185;47.18586;5.33472
12982555064;47.95674;0.2143
12983238557;48.5044;3.14691
12983242464;43.10302;2.81153
12983655784;47.26533;1.37133
12985253441;45.71378;1.15849
12985348398;45.67632;1.18846
12985409274;45.66983;1.1801
12985483931;45.67042;1.19803
12985564808;45.64592;1.15398
12985580299;45.62614;1.04515
12985584355;45.64721;1.12678
12985591665;45.63488;1.16175
12985596369;45.62712;1.03658
12985600725;45.6486;1.12001
12985634258;45.62906;1.03848
12985659496;45.61414;1.03182
12985787228;43.31439;-0.36301
12986327091;47.48244;1.19049
12987047056;45.69471;4.93555
12987363421;44.14952;6.14889
12987377708;44.0418;6.12565
12987395631;44.15013;6.14893
12988172345;44.70459;-0.44753
12989193779;46.36262;3.95083
12989348401;46.76912;4.52682
12989431878;46.34525;3.88752
12989768803;46.06383;3.91308
12989782635;44.5603;0.88708
12989911200;47.6819;1.29207
12991969918;46.00433;5.29084
12991981001;43.13068;5.84994
12991981101;43.13076;5.85061
12992172775;45.82966;6.18096
12992247771;44.83491;2.12242
12992284690;46.13157;5.26596
12992317301;47.82141;2.84268
12992407337;47.18168;3.67177
12992407338;47.02399;3.6524
12992407339;47.00496;3.66757
12992481877;45.05037;1.7239
12992559966;45.65904;4.56406
12992623515;47.93497;0.18521
12992623516;47.94938;0.2197
12992623517;47.95714;0.21298
12992623518;47.95823;0.21135
12993248362;43.35295;-1.78182
12993261111;44.87372;-0.54589
12993683707;45.63668;4.71728
12993922274;45.82915;1.00807
12993928174;50.61021;3.04179
12993970657;45.83452;1.00512
12993997685;45.8709;1.04448
12994003264;45.83406;1.00727
12994011006;45.83398;1.00549
12994011304;45.82848;1.01011
12994019354;45.80371;0.93452
12994039395;45.79826;0.96002
12994053975;45.80883;0.92722
12994221501;44.70331;2.05925
12994304642;45.76954;0.96332
12994315601;48.70082;2.45763
12994352427;44.27646;3.41534
12994408417;45.73393;0.86593
12994410307;45.73268;0.86579
12994454179;43.51113;5.54575
12994456460;43.66326;5.34867
12994642638;49.96728;1.1962
12994648711;42.84049;1.6709
12994742557;45.42309;6.70219
12994864443;48.63352;7.71043
12994969038;43.44246;4.94723
12995065960;48.87927;2.35234
12995457674;44.85408;-0.59881
12995499192;45.42197;6.70253
12995517351;45.42297;6.70199
12995517356;45.4222;6.70274
12995535759;45.4225;6.70297
12995580258;45.79305;3.08251
12995600111;45.78704;3.08819
12995697104;45.72954;4.86721
12995719183;48.11306;-1.023
12995719185;48.60547;-1.71938
12995719186;48.67858;-1.85607
12995793319;46.66502;5.46372
12995979426;50.705;2.84338
12995989901;45.24147;5.68206
12996046117;45.01233;-1.19543
12996100754;47.90033;0.92968
12996111150;47.89946;0.92813
12996215328;45.79804;6.26287
12996466201;43.18832;2.45475
12996783995;43.92804;2.13945
12996871850;48.89413;-0.20153
12996881198;44.30072;0.34073
12996925702;45.4137;4.72968
12996947076;42.65195;2.62315
12996959156;44.99707;3.9163
12997287889;49.11315;2.27753
12997336096;43.32267;-0.405
12997844685;48.83789;-1.60401
12997856338;48.84093;-1.5961
12997878501;43.62214;6.98029
12997952301;47.47933;6.89039
12998151333;48.97462;2.30506
12998581897;43.95506;5.02808
12998616534;43.83779;4.94501
12998636692;43.95475;5.02685
12998735801;45.92237;6.4103
12998844907;45.44974;6.77682
12999120191;47.8555;6.81889
12999248310;43.32224;-0.40536
12999256436;47.48147;6.28564
12999353514;48.60729;7.74862
12999354071;48.07621;-0.76113
12999437958;43.31186;5.51233
12999598007;48.10908;7.06486
12999627338;43.50266;-0.85855
12999941567;48.84601;6.12084
13000921588;44.04455;6.03559
13000949201;44.44016;5.79265
13001126070;45.71008;0.91116
13001149844;45.73812;0.986
13001161945;45.70586;0.95734
13001162128;45.7331;0.82474
13001218005;42.91667;0.64083
13001219471;43.12895;1.2676
13001241978;45.67913;1.18158
13001241979;45.6801;1.18364
13001241980;45.6802;1.18337
13001248702;47.31952;6.90782
13001350426;48.16959;6.44623
13001452301;45.54393;3.2504
13001772887;49.31832;3.26504
13001772892;49.53943;3.6046
13002411936;48.25578;5.99152
13002720407;42.63819;2.87178
13003847001;46.78074;4.85352
13004070745;47.82206;1.02098
13004229942;44.81338;-0.57866
13004275597;43.59802;3.89627
13004275598;43.5975;3.89696
13004275599;43.59684;3.89825
13004275600;43.59868;3.89549
13004359572;43.63988;5.9386
13004359573;43.56076;6.00455
13004359574;43.56123;6.00535
13004359575;43.55823;6.00466
13004359576;43.55742;6.00554
13004359577;43.56005;6.00993
13004359578;43.55333;6.03045
13004359579;43.52697;5.9458
13004359580;43.49715;5.88295
13004359581;43.49554;5.88546
13004359582;43.48258;5.82752
13004359583;43.46917;5.78437
13004359584;43.47265;5.78364
13004359585;43.50604;5.73273
13004359586;43.50375;5.73689
13004359587;43.50329;5.73887
13004359588;43.47271;5.94871
13004359589;43.4726;5.95054
13004359590;43.47351;6.12146
13004359591;43.52939;6.14928
13004359592;43.52664;6.15025
13004359593;43.51457;6.24353
13004359594;43.47786;6.18811
13004359595;43.47783;6.18713
13004359596;43.4776;6.18279
13004359598;43.47673;6.18208
13004359600;43.47659;6.18061
13004372901;43.4758;6.18073
13004372902;43.47524;6.18121
13004372903;43.47546;6.18325
13004372904;43.47536;6.1844
13004372905;43.47465;6.18457
13004372906;43.47331;6.18663
13004372907;43.58645;6.10194
13004395902;44.66926;3.49003
13004399938;43.60467;3.84158
13004399939;43.60476;3.83984
13004501428;48.25909;0.96084
13004522801;44.71438;3.52092
13004790604;44.36323;3.74404
13004794071;48.16813;7.01212
13004804211;48.09666;6.98639
13005075661;48.88438;2.34265
13005212401;45.54183;5.57882
13005245163;43.11422;1.60962
13005245945;43.11489;1.60777
13005917739;45.72801;4.87596
13005939041;45.7285;4.87642
13005991081;45.87686;0.17954
13006250280;45.44976;-0.43619
13006250281;45.44988;-0.436
13006251750;45.44978;-0.43702
13006262127;45.44976;-0.43619
13006276704;45.44976;-0.43641
13006278712;45.24059;5.99733
13006287594;48.90661;2.55075
13006331965;43.66265;3.07456
13006968501;44.91691;3.34149
13006970016;49.16194;5.38899
13007158340;48.87968;2.30752
13009178590;45.7527;4.92391
13009648625;48.53639;-4.31469
13011301678;44.88889;6.44691
13011510387;48.94311;2.16268
13011517702;42.48523;2.7476
13011527401;47.286;2.94918
13011601170;47.47416;-0.55506
13011781100;47.98931;0.28007
13011808218;47.83431;0.42823
13011817389;47.753;0.44603
13011831587;48.4535;0.70387
13011839169;45.22564;6.77781
13011863170;43.62284;1.47849
13011950625;45.78505;3.11776
13011963962;45.92109;0.2286
13012017463;45.66886;0.00369
13012065474;47.27416;-2.48136
13012065478;47.29202;-2.50834
13012196459;44.41602;0.66256
13013136308;45.47325;-0.14816
13013401787;49.15895;-0.45048
13013409454;49.15894;-0.44998
13013663543;43.68732;-1.22705
13013837275;43.61569;1.4179
13013935210;48.87049;2.38578
13014009801;48.77865;2.47805
13014010001;48.77824;2.47919
13014010201;48.77778;2.47985
13014027301;43.17831;6.53583
13014432297;44.23911;4.70566
13014887788;44.2411;5.06873
13014951281;43.4094;5.19213
13014982307;45.68534;6.56917
13014982308;45.55707;6.68407
13014982309;45.55645;6.68272
13014982310;45.53648;6.6726
13014982311;45.54006;6.6718
13015269492;42.78465;0.59566
13015416690;44.67433;3.19901
13015431795;43.71789;7.01979
13015437194;48.57155;-2.18246
13015548788;43.92234;2.14496
13015623189;45.2629;6.30343
13015828628;48.47742;0.20002
13016150001;43.24064;2.76574
13016777481;41.9934;9.44415
13016943690;43.45283;5.41374
13017040493;45.76097;3.08286
13017154652;48.86281;2.28806
13017178581;44.46519;3.34442
13017194753;45.07029;-1.14233
13017229787;45.0701;-1.14157
13017299849;48.8425;2.4348
13017762700;46.12265;3.42171
13017770427;43.22067;-0.47345
13017795645;43.22248;-0.47626
13017862638;48.85508;2.49356
13017903401;49.04572;5.63895
13017981247;43.11312;1.61031
13018091772;43.50612;-1.53711
13018091773;43.50611;-1.5371
13018548600;46.97974;4.12053
13018627101;44.57558;6.47811
13018790101;47.41837;3.81304
13018870301;45.86584;6.76993
13019166321;45.16811;6.09505
13019225899;44.17193;5.89063
13019251879;44.38425;6.64907
13019282512;44.45726;6.36337
13019292639;44.43067;6.37318
13019292800;44.36952;6.59993
13019297663;44.36302;6.62733
13019309480;44.32211;6.39344
13019316734;44.3279;6.32724
13019333882;44.16292;4.28203
13019385437;43.26937;5.39341
13019598423;44.77998;0.55329
13020231587;41.96949;9.18477
13020544171;43.80335;4.66282
13020564513;43.67972;4.6342
13020577629;43.94199;4.80627
13020578580;43.93113;4.8338
13020584266;43.52387;4.71695
13020587335;43.93923;4.80081
13020587923;43.85927;4.65137
13020591047;43.63509;4.79957
13020591745;43.65111;4.48705
13020591832;43.64045;4.82019
13020594144;43.86591;4.69075
13020601212;43.58388;4.46705
13020617282;43.68184;5.98283
13020617288;43.58884;5.88524
13020618532;43.63675;4.80892
13020618533;43.6376;4.80897
13020619015;43.67038;5.84906
13020619016;43.67113;5.84844
13020619017;43.67093;5.84844
13020625378;43.69431;5.9138
13020707774;43.06516;6.15043
13020734856;43.51494;6.24324
13020759463;43.51049;6.24142
13020771767;43.46845;5.96181
13020776078;43.55282;6.00921
13020780644;43.63767;5.93519
13020781630;43.47026;5.9507
13020785047;43.11633;6.2008
13020800275;43.40793;6.07658
13020800286;43.03872;6.13164
13020800335;43.10239;5.88503
13020802476;43.47601;6.18409
13020804325;43.10862;5.99813
13020804579;43.07713;5.8041
13020807856;43.32673;5.71264
13020811008;43.46024;6.16792
13020812148;43.13645;5.98284
13020812149;43.13754;5.98362
13020812150;43.13787;5.98789
13020813634;43.35161;5.92341
13020814364;43.33149;6.03901
13020814448;43.47565;6.18036
13020814450;43.47453;6.18108
13020814451;43.47515;6.18081
13020819114;43.33576;5.98635
13020819115;43.3352;5.98394
13020819116;43.33456;5.98298
13020822298;43.11768;6.0113
13020822299;43.11984;6.01104
13020825002;43.34815;5.92114
13020825204;43.30371;6.09063
13020825205;43.30339;6.08892
13020826623;43.34208;6.12573
13020826624;43.34151;6.12504
13020826625;43.3414;6.12412
13020826626;43.3416;6.12611
13020829932;43.31716;6.09612
13020836725;43.11027;6.13499
13020837623;43.08026;6.15754
13020839089;43.12904;6.01591
13020839090;43.12537;6.01579
13020839091;43.12283;6.01039
13020839092;43.12826;6.01333
13020857233;43.13314;6.0274
13020857234;43.13259;6.01719
13020862303;43.08304;6.15059
13020865537;43.11717;6.14459
13020866306;43.12099;6.13217
13021070252;48.7294;7.90326
13021410801;44.88716;5.96077
13022180197;41.97104;9.18504
13022235416;42.02564;9.19557
13022243207;41.95127;9.14766
13022243208;41.95173;9.14724
13022521475;48.37285;6.29572
13022544633;48.58096;5.46483
13022815501;47.46896;-0.57045
13022932197;46.56939;0.37531
13022966267;50.81955;2.17778
13023131901;48.90643;2.10899
13023363714;45.28519;-0.40996
13024752802;47.32436;0.40754
13025364491;45.64211;1.82546
13025364492;45.64181;1.82554
13025432707;45.653;0.97707
13026042601;44.86535;0.18671
13026165884;48.72887;2.25511
13026192253;50.62671;3.03584
13026248483;45.72057;3.12635
13026565701;44.82127;4.56727
13026788034;50.62021;3.03934
13026934488;48.75545;2.22121
13026946357;45.34148;6.30698
13026960610;45.42786;6.03699
13027018130;42.69154;2.66546
13027285457;43.59949;-1.47262
13027795954;45.12729;3.94041
13027871330;45.15822;5.73211
13027920740;42.81803;0.34057
13027995370;46.78832;3.12005
13028284159;46.97743;6.00225
13028284238;44.4381;4.5879
13028287185;43.4764;2.64105
13028288194;46.71262;2.20954
13028312489;46.71257;2.21054
13028433914;48.13356;7.09472
13028478028;44.09264;3.54592
13028538668;47.38973;0.54627
13028568973;45.07253;5.39773
13028616273;48.87443;2.58465
13030056302;44.88764;0.81364
13030217179;48.81791;2.46825
13030354539;48.10904;2.75814
13030433322;48.87317;2.4541
13030915145;43.44775;3.61589
13030915148;43.4497;3.61441
13030979801;42.50822;8.85482
13031037896;45.90543;4.43002
13031048751;48.42876;0.07775
13031719523;45.05636;5.67224
13031772382;45.74307;6.1135
13032030804;44.99405;0.59904
13033307052;46.18895;5.71431
13033646949;45.41954;4.41472
13033895973;47.61949;1.30154
13034019401;46.54376;4.68677
13034111661;44.71063;5.09236
13034295213;47.49679;1.29319
13034940303;48.89112;2.23685
13035165697;49.06102;-1.06077
13036912801;46.00852;5.36072
13036959073;44.67959;-0.01197
13037033355;42.82748;0.60075
13037227801;45.58971;5.60735
13037284901;46.55785;4.48615
13037319215;46.07634;4.76013
13037712456;44.89942;6.64248
13038010480;45.32465;-0.82038
13038030336;47.21143;-1.55964
13038059143;48.58361;5.455
13038686084;44.7435;2.45699
13038748395;43.6298;3.90701
13038784339;44.77976;2.43509
13038948885;47.76627;2.02334
13038948886;47.515;2.1519
13038948887;47.26295;2.22426
13038948888;47.07985;2.4056
13038948889;47.08235;2.73664
13039003688;47.32693;5.04383
13039129861;47.25702;4.64885
13039163748;46.12988;3.42364
13039193396;45.17314;5.2181
13039411476;47.90652;-3.13559
13039595394;42.7311;1.81768
13039642508;47.76392;-2.13229
13039668502;42.72633;1.81691
13039696556;43.29767;5.3767
13039699333;48.89248;2.24037
13039823549;45.59611;6.79411
13039882892;45.12189;4.27708
13040049368;45.90828;0.90326
13040062750;45.90857;0.90331
13040190602;47.41045;0.99193
13040585449;44.84148;2.3457
13040983402;45.53145;-0.36329
13041050878;45.95769;6.90698
13041116602;47.99476;-1.67014
13041284138;45.23134;2.93503
13041777562;43.50478;2.79228
13041843802;48.72756;2.2737
13041909073;49.23412;4.04647
13041929372;47.20425;-0.28102
13041980336;45.44904;6.06694
13042142002;47.19056;-0.26126
13042632843;47.69655;-0.07272
13042675547;45.15802;2.78998
13042703461;43.6117;1.32955
13042752784;47.69904;-0.07236
13042767792;44.67649;6.61124
13042781231;47.69873;2.94529
13042906902;45.716;6.57385
13042907305;45.71628;6.57379
13042923201;48.11462;-1.68096
13042938490;47.94643;2.85365
13043085801;43.44773;3.61589
13043216906;48.46967;-5.05575
13043458186;45.7647;4.83148
13043725008;44.50705;3.49814
13043890714;47.84148;6.72093
13045118024;48.39483;-4.95427
13045275201;44.48084;4.23832
13045317884;45.133;3.98749
13045377569;44.71082;4.76587
13045604001;48.77798;2.44549
13045792500;43.98064;4.22725
13046000709;47.50549;6.79882
13046312648;44.82325;-0.53369
13046332552;45.58378;6.76478
13046332559;45.59329;6.75937
13046332567;45.59648;6.76564
13046372549;44.84819;-0.59192
13046483522;45.21908;5.76857
13046515291;47.39266;-0.43291
13046533201;44.79416;0.49063
13046595936;48.9102;2.28558
13046707063;47.75641;6.34585
13047755139;47.07445;2.10859
13047770484;46.51534;2.58237
13047880684;47.33239;5.00458
13047999887;44.09057;-1.32142
13048007320;46.78089;4.74925
13048062053;43.51963;2.1534
13048246762;44.648;1.56822
13048302958;47.22193;-1.57883
13048451753;45.31946;6.98582
13048818354;43.79803;-1.39845
13049546213;47.45299;4.07111
13049546214;47.21186;4.5729
13049546216;47.89254;3.33895
13049585599;48.45141;2.74619
13049585600;48.43254;2.45373
13049839281;43.63565;-1.44674
13049889748;44.98803;3.67898
13050176257;47.89786;1.87993
13050237454;43.52514;0.16156
13050301222;48.26224;4.61582
13050472503;46.33806;2.59601
13050503593;43.30192;-0.36359
13050564876;43.60582;1.31865
13050622355;45.59205;6.73662
13050623501;45.26644;2.92496
13050634945;43.67278;4.63746
13050634946;43.67224;4.63698
13050736360;50.70846;1.61021
13051641644;44.15232;1.75408
13051655825;44.77925;6.7365
13051752199;45.00883;6.12301
13051863612;44.30173;4.56402
13051921145;45.15892;3.58004
13051953717;45.58631;5.99626
13052224669;44.26711;1.13806
13052306931;46.6633;-1.3558
13052336706;42.47746;2.3066
13052385139;46.40321;4.39723
13052492751;47.21603;-1.52426
13052501801;47.1707;4.15184
13054550997;44.30263;4.55683
13054588101;43.17847;5.60778
13055710031;45.17492;5.21543
13055710032;45.17521;5.21746
13055710034;45.203;5.21959
13055710057;45.08644;5.33901
13055710058;45.08419;5.33649
13055710067;45.28501;5.45599
13055710068;45.2842;5.45256
13055710069;45.2866;5.4493
13055710070;45.20206;5.48174
13055710071;45.20173;5.48162
13055710072;45.12071;5.33773
13055710073;45.06302;5.34385
13055710081;45.27496;5.38609
13055710082;45.24974;5.47203
13055710083;45.2492;5.47206
13055710084;45.14224;5.19572
13055710085;45.14088;5.19223
13055710086;45.14085;5.19201
13055710087;45.08721;5.46677
13055710088;45.0883;5.46785
13055717262;46.53931;0.11628
13055739017;44.74795;2.18677
13055754922;44.74884;2.18595
13055765629;45.14679;5.28099
13055765630;45.14727;5.28148
13055765631;45.14293;5.28366
13055765638;45.14223;5.28382
13055765639;45.14113;5.28132
13055765640;45.11911;5.23375
13055765641;45.12616;5.23097
13055765643;45.25606;5.4079
13055765644;45.25485;5.40827
13055847803;44.77646;2.153
13055929183;44.01667;1.35516
13055953941;48.60636;7.7518
13055970599;44.55019;-0.86618
13055982239;44.23745;6.12823
13055987404;44.19893;6.17332
13056161288;43.75674;3.10117
13056297799;49.91273;2.28448
13056336591;46.45928;0.36202
13056416906;47.06702;4.12367
13056443373;44.98764;5.97242
13056506401;45.59096;2.9174
13056530869;44.44307;1.43346
13056590201;45.4902;5.59212
13056602028;44.28155;6.95109
13056633511;44.26842;6.9782
13056754067;45.47578;3.27868
13057541191;44.9872;3.69315
13057977632;43.35823;-0.54153
13058007203;46.66783;0.36778
13058240301;44.01452;7.31043
13058290476;45.69592;6.73424
13058413879;42.62534;3.0296
13058631950;43.42856;0.4149
13058663554;43.4285;0.41547
13058745384;48.10952;2.7572
13058942967;41.72101;9.14575
13059112324;42.47081;9.48597
13059208458;45.74431;4.72402
13059251374;43.52308;5.46335
13059251376;43.52348;5.46323
13059275634;43.60569;2.79771
13059322102;44.81329;4.48274
13059326701;47.65114;0.34834
13059401202;44.99073;3.67825
13059522477;44.35955;1.40616
13059549334;44.26596;1.13914
13059549341;44.26562;1.13935
13059605254;43.11212;1.61198
13059617501;43.34245;3.21742
13059713001;43.3402;3.21101
13059901801;48.8031;2.4629
13060042883;44.03885;-1.34017
13060085301;44.96748;2.19106
13061440820;46.11388;3.01105
13061479736;45.69855;-0.33168
13061517001;48.78871;2.47272
13061548880;44.91856;3.67135
13061718296;47.39784;-0.31619
13061734963;45.69666;4.96362
13061781678;48.9412;2.40287
13061817001;43.76954;3.37606
13061817083;43.76964;3.37837
13061831993;43.58854;2.04706
13061831999;43.58829;2.04595
13061986876;45.58388;6.87417
13062001431;45.56991;6.75368
13062048497;43.54324;0.12739
13062062289;48.96096;2.06047
13062062572;43.79955;7.4623
13062070002;46.37011;6.32589
13062088247;48.79396;2.06144
13062177884;44.37752;4.41949
13062189906;48.27158;7.39915
13062226232;43.50699;-0.02531
13062255083;45.82831;5.80072
13062306890;45.89684;5.83956
13062350936;43.84515;3.51462
13062426562;48.85865;2.78454
13063023817;45.1986;4.53185
13063036705;44.17428;2.06102
13063038645;45.08687;5.20178
13063038646;45.08808;5.20112
13063038647;45.08562;5.18611
13063038648;45.07537;5.16165
13063039589;44.89536;5.37038
13063081401;42.81737;1.5863
13063112892;45.90341;6.83839
13063145049;43.77073;0.88527
13063195101;43.96255;5.78439
13063361701;47.29919;5.0435
13063381276;42.89841;0.41419
13063382501;45.33675;1.05094
13063450359;46.5473;2.34577
13063460501;43.31279;-1.58003
13063476099;46.54741;2.34659
13063562351;46.32696;2.96596
13063654942;43.33835;5.97692
13063655566;46.215;1.16684
13063715254;45.6218;6.78195
13063715531;45.80472;-0.84799
13064804399;44.24138;6.62306
13065092436;44.26121;4.64754
13065137755;44.95648;6.67805
13065343403;46.68343;3.10443
13065730095;48.52232;2.55652
13065780230;48.52059;2.55522
13065780231;48.52039;2.55564
13065790802;43.46654;-0.92179
13067369807;45.87298;6.75097
13068050604;45.5519;6.20998
13068148184;47.40669;0.74636
13068167569;45.10929;2.86935
13068171213;46.4762;5.89839
13068243076;45.12513;2.97951
13068269712;45.89727;6.78059
13068273203;46.46844;-1.62816
13068289137;43.20551;1.08676
13068307181;45.54642;6.91328
13068370694;45.53434;6.92364
13068370695;45.53347;6.92365
13068370696;45.53999;6.91772
13068465801;44.61178;2.11849
13068574101;48.63167;-2.46697
13068574201;48.57898;-2.55999
13068674174;44.76652;6.80588
13068745449;44.76587;6.80466
13069273281;46.37934;5.8754
13069328512;48.44837;1.48119
13069579355;48.48849;-2.00953
13069580094;49.22003;-1.09012
13069672153;48.52473;0.4341
13070198467;45.69433;4.93593
13070273157;46.08859;4.67863
13070368672;47.82509;7.51615
13070425754;47.27276;6.11511
13070454273;45.48944;6.12953
13070492859;45.57341;6.88459
13070622468;48.07824;0.19399
13070649616;43.29535;5.36188
13070723074;44.34785;4.77041
13070837901;44.90468;1.77433
13070900095;43.26933;-1.34606
13071262120;48.92321;2.12212
13071262121;48.92372;2.12185
13071447301;44.95417;2.12723
13071447401;44.93404;2.2174
13071704501;48.92177;7.4827
13072088723;45.77269;6.0392
13072098591;47.02714;4.82757
13072210101;45.5439;0.81834
13072244033;49.67493;-1.8003
13072266051;48.92805;5.75246
13072267879;48.89249;2.38839
13072284967;47.57369;4.99048
13072304802;45.79886;6.15666
13072305212;48.86594;2.15733
13072534130;42.6239;2.8209
13072544318;48.70099;6.17698
13072686745;45.95622;6.77395
13072952185;46.06481;6.48467
13073000821;46.06499;6.48478
13073033842;45.95139;6.76381
13073034246;50.70848;1.61031
13073097341;45.70675;6.1115
13073177237;43.31239;-0.37102
13073664758;42.80638;0.54949
13073773825;48.65535;-3.91097
13073817011;45.15311;6.41924
13074065040;49.69025;-1.93534
13074100601;48.80709;2.10839
13074106534;42.98387;2.0067
13074331301;46.37018;6.32587
13074576776;43.8631;5.24356
13074602212;49.03529;3.53066
13074731572;48.85415;2.4412
13074757110;48.85496;2.44294
13074757535;48.85283;2.44282
13074875602;47.03062;4.89006
13074988320;44.78881;6.5476
13075014301;43.06697;1.03577
13075574758;49.52336;0.70797
13075630724;44.91267;-0.24842
13075649595;45.43178;6.62194
13075659482;49.24973;4.01096
13075663311;44.91267;-0.24841
13075901385;43.58594;1.49338
13075937401;44.105;0.5234
13076055001;42.85335;-0.09824
13076081872;46.50777;2.23744
13076161410;46.50532;2.23562
13076193448;49.24887;4.21644
13076200942;43.33322;5.21819
13076202025;49.2901;4.23805
13076216368;49.25835;4.04159
13076216369;49.2597;4.04124
13076265696;45.55794;6.66399
13076278901;44.92179;1.73461
13076328901;44.87364;2.03683
13076496407;49.09317;1.48555
13076695701;45.2136;6.724
13077504832;42.81993;0.40381
13077560673;47.91457;1.8766
13077595549;48.94728;2.32075
13077595550;48.94834;2.31414
13077793474;50.19796;1.51666
13077793475;50.1986;1.51745
13077793476;50.19948;1.51758
13077799062;45.79839;1.62505
13077799063;45.7984;1.62506
13077993424;47.59753;-2.8428
13078084116;46.21763;6.44259
13078122432;49.33165;-1.54013
13078141384;43.15627;6.47635
13078142420;45.64656;2.70536
13078183134;44.7556;-0.52938
13078216135;46.14807;0.29585
13078217801;48.24352;-3.60562
13078222197;45.03191;6.48459
13078222199;45.04283;6.60452
13078243249;46.10706;5.83308
13078261193;47.08808;5.5038
13078319002;42.85144;-0.13678
13078457601;46.8311;2.91714
13078573730;45.57892;-0.5472
13078657593;46.8718;4.74139
13081357619;45.0815;1.90745
13081370667;45.08206;1.90912
13081632486;44.49247;-0.63985
13081663402;46.21023;6.77364
13081667762;46.25352;5.21307
13081667813;47.72107;-3.46413
13081727465;48.58933;7.66393
13081865751;42.83204;0.42315
13082075663;48.61255;1.90852
13082267431;46.39776;6.57709
13082421070;48.87368;2.38975
13082556574;46.95208;4.63323
13083909684;43.06472;6.1476
13083948884;49.18054;-0.34497
13084003482;44.22698;6.76156
13084064847;44.91889;3.67256
13084116823;48.85084;2.45939
13084129593;44.8207;6.16576
13084142725;46.5808;1.98692
13084158867;43.10884;-0.43654
13084194401;47.53751;4.49569
13084247001;44.80421;6.0962
13084247022;44.79314;6.08521
13084253469;48.92977;-0.86027
13084298401;45.07028;-1.14232
13084298501;44.44589;-1.2558
13084353839;47.7085;-3.36025
13084383322;46.15841;5.64945
13084419901;44.2737;3.21647
13084539124;42.85932;0.49916
13084539821;48.58458;7.74942
13084541601;44.27399;3.2162
13084547377;42.79262;0.61029
13084557012;48.94891;-0.93659
13084561197;48.92816;2.35493
13084564519;42.85926;0.49861
13084566772;45.21352;5.89277
13084575464;42.79256;0.60926
13084577925;42.89637;0.42512
13084585226;48.51032;-0.41419
13084759035;45.9201;6.47853
13084826992;42.79181;1.3383
13084836061;42.79119;1.33969
13084844871;42.79134;1.33809
13085044901;47.80545;-4.2528
13085495030;44.86954;5.22188
13086465436;49.25459;1.48339
13086473982;48.23034;1.36516
13086484888;48.37148;-0.02407
13086711216;47.79858;-3.58493
13086731150;47.799;-3.58613
13086739620;47.79865;-3.5856
13086964298;49.38151;-1.7893
13087002016;50.19966;1.5188
13087170945;45.00145;1.74242
13087263107;45.28264;6.20999
13087263108;45.28091;6.21139
13087628856;44.52842;6.43689
13088817166;48.22721;2.70839
13088867622;48.29164;-1.82513
13089039342;48.87554;2.3548
13089139551;47.91036;-3.98367
13089208159;44.84378;-0.56976
13089226315;46.02627;6.63838
13089349441;48.89237;2.33436
13089460569;48.55883;-0.41321
13090136676;43.56401;4.15963
13091909951;48.44646;5.14282
13091939123;48.17675;3.47002
13092020801;43.36153;5.30982
13092379001;44.09357;6.23665
13092513593;45.81686;6.51025
13092516874;43.20715;2.36144
13092642401;48.84109;1.70537
13092653101;45.3969;5.23267
13092683602;49.65151;2.567
13092740745;44.72009;3.87649
13092813624;49.41085;5.16623
13092831241;49.38345;5.1808
13092859022;49.43008;5.15402
13092861724;44.97931;1.83792
13092921673;44.58219;-0.03671
13092921674;44.58156;-0.03596
13092922935;43.8438;5.13888
13092922936;43.84197;5.13747
13092922937;46.19194;6.24685
13092926713;45.893;-0.6026
13092950679;43.8402;5.1325
13093782478;42.81065;2.59624
13093868850;45.86214;6.49509
13094011601;44.47649;3.98563
13094414679;42.54724;3.02296
13094458325;47.22944;-1.51121
13094535106;45.83961;4.09122
13094548301;47.53465;-2.28325
13094583218;42.69239;2.87517
13094696949;47.47286;-0.55631
13094783801;47.10868;4.01106
13094818101;44.43549;6.42541
13094960312;47.46894;-0.5554
13095077295;48.06613;6.9506
13095077296;48.06662;6.94988
13095320452;43.28221;5.31594
13096033386;48.77807;1.87665
13096102052;44.71571;4.11029
13096448739;43.63093;5.1526
13096479399;48.85059;2.4584
13096539401;46.05801;3.11655
13096573801;45.21516;5.85203
13096626676;43.04104;-0.05054
13096677948;49.25532;5.32516
13096843713;47.57178;4.98852
13096908147;44.33103;3.89597
13097200426;48.99159;2.09563
13097817901;49.77756;2.47577
13097827501;49.77775;2.47605
13097827502;49.77796;2.47656
13097835001;49.77827;2.47714
13098237401;43.45295;1.39945
13098311278;43.76182;4.94468
13098325257;45.03548;6.40159
13098365801;43.64997;-1.42771
13098427320;44.71383;-1.05343
13098465678;46.67927;2.1225
13098468815;46.1307;-1.11794
13098580879;46.62933;2.13986
13098631240;43.93763;7.51421
13098643622;43.93602;7.51444
13098685413;43.93593;7.51526
13098957287;50.59601;3.20637
13098984601;43.31593;5.40399
13099020422;43.29783;-0.37183
13099119368;45.73058;4.88724
13100299701;49.50192;1.30323
13100299901;49.11273;6.18003
13100317346;44.89788;6.63311
13100356425;43.8475;6.51291
13100356686;45.53632;2.1464
13100383718;43.62694;1.42088
13100996983;43.56641;4.19038
13101108620;43.83484;4.36159
13101296622;45.01663;6.63124
13101597530;45.18634;1.80718
13103136420;44.1082;7.44665
13103303396;43.98654;7.55316
13103575591;44.61684;6.19426
13103899032;50.15756;1.58397
13103988401;43.65055;-1.42768
13104036632;47.37844;-0.60763
13104078796;44.51555;6.01669
13104236825;49.3342;-0.46037
13104240285;49.33498;-0.45928
13104477179;44.89215;-0.7471
13105232691;47.26211;-2.26301
13105457709;44.75246;6.58005
13105543501;45.08477;-1.18688
13105791535;44.89351;-0.74967
13106046551;44.54761;6.48528
13106091278;45.07536;5.55346
13106403201;48.91142;2.33074
13107111119;42.60397;2.39853
13107656698;45.1473;5.81845
13107747505;44.10053;3.08374
13107748063;44.10045;3.08132
13107929229;47.44671;1.77193
13108216164;44.34627;5.77142
13108372056;49.30004;0.21244
13108372057;49.30013;0.21191
13108444738;44.56901;5.73165
13108513268;45.73373;4.8827
13108626178;49.17684;-0.32034
13108684230;43.13256;6.35605
13108784817;44.46537;6.21659
13108797202;46.25468;5.77761
13108963822;44.42899;6.4343
13109161089;48.01087;6.44498
13109161090;48.03905;6.33104
13109253055;48.75453;2.21675
13109319951;43.68468;2.85492
13110036106;47.2436;-1.56115
13110110654;47.80564;7.18361
13110122315;43.5796;3.00656
13110135082;43.67847;3.03472
13110185178;48.8508;2.55214
13110216226;48.85081;2.552
13110259875;45.90433;6.12373
13110266693;44.42772;6.43442
13110408247;47.4977;1.37088
13110485701;45.75204;3.11668
13110707079;48.1397;7.32726
13110729272;44.8645;6.79127
13110743901;44.92691;6.57667
13110775883;44.80138;6.89498
13110781304;44.85813;6.79903
13110781305;44.79559;6.92424
13110841324;43.31101;-0.39003
13110862718;45.85897;6.40699
13110974717;46.13535;4.76664
13111028458;45.68353;6.31558
13111691813;48.82111;2.34075
13111814328;47.13152;-0.14843
13111815588;47.13144;-0.14872
13111822876;47.13094;-0.14883
13111914422;45.52639;-0.09332
13111957191;43.41666;6.80765
13111986523;43.41655;6.80748
13111986524;43.4165;6.80772
13112206360;49.44906;1.09421
13112246177;44.52698;1.95378
13112319408;44.064;3.44625
13112759866;48.59657;6.50122
13112764862;48.59665;6.50209
13112869101;50.96585;1.84256
13113021440;44.96394;1.27408
13114182449;48.59645;6.5001
13114188568;48.59641;6.49965
13114240713;45.56065;5.93918
13114343757;44.44681;6.41919
13114366182;45.15652;5.76663
13114509748;48.42275;2.74795
13114562502;44.45212;6.40927
13115141984;48.94731;1.82969
13115300015;45.31643;3.69711
13115313059;47.9668;1.97295
13116475071;47.50525;6.79205
13116997120;48.88383;2.23553
13118943772;44.50137;6.44601
13118990966;47.62219;6.15962
13119016778;44.50035;6.45533
13119117465;45.90839;6.1249
13119193280;44.52159;6.45829
13119412714;46.56105;2.1947
13119473541;45.6284;6.7781
13119529307;45.73813;4.68307
13119579589;44.37978;0.51755
13119638494;48.83937;2.31909
13119794801;45.64939;5.88749
13119873311;46.10889;5.77797
13120225396;45.72293;4.70455
13121172411;43.80282;7.36595
13121472521;48.80436;2.28483
13121786714;44.5497;-0.11574
13122995062;45.72898;4.87694
13123063801;47.66712;0.31089
13123102657;47.0942;5.49888
13123108180;45.20327;4.81396
13123167008;43.60292;1.50761
13123179731;45.14002;4.81852
13123200174;43.56041;6.98237
13123351517;43.97434;5.67228
13123356513;46.99197;3.16443
13123383408;48.12208;-1.65446
13123440525;44.72108;6.69126
13123452387;44.71969;6.68913
13123498014;46.17974;-1.39702
13123661901;46.70127;5.94959
13123717299;45.75247;4.78246
13123791227;45.78341;4.70495
13124513301;43.07826;-1.1559
13124529444;46.03507;5.95864
13124710492;45.77115;3.07714
13124809801;43.05584;-1.13597
13124926411;45.06807;5.77229
13125054904;48.83863;2.5314
13125074891;45.75351;4.78273
13125216942;48.86775;1.716
13125249069;44.06017;2.98477
13127441364;45.2683;5.44581
13127441365;45.26898;5.44946
13127441366;45.26538;5.45009
13127441367;45.26495;5.44932
13127577553;44.80571;6.70223
13127815678;46.5475;2.34734
13128002342;44.84319;6.66046
13128031901;43.21098;5.63193
13128233201;43.60047;3.85388
13128271764;44.87475;6.63254
13128296410;44.87484;6.63278
13128640176;44.82535;-0.53058
13128668012;45.36118;5.61431
13128744380;43.18849;5.71247
13128828053;43.18772;5.71151
13128896970;42.95481;2.22536
13128924762;48.01202;-4.54917
13130495755;43.71561;4.78267
13130501485;43.65275;4.7887
13130556077;47.88796;-0.94791
13130726677;44.72262;6.7698
13130754321;44.7248;6.7699
13130894643;43.40807;-1.6384
13130894644;43.40817;-1.63825
13130894645;43.40828;-1.63804
13130894646;43.40832;-1.63778
13130894647;43.40817;-1.63763
13130894648;43.4079;-1.63818
13130894649;43.40802;-1.63801
13130894650;43.4081;-1.63788
13130894651;43.40808;-1.63786
13130894652;43.408;-1.63798
13130894653;43.40788;-1.63816
13130894654;43.40796;-1.63775
13130894655;43.40787;-1.63789
13130894656;43.40778;-1.638
13130894657;43.40763;-1.63756
13130894658;43.40765;-1.63739
13130894659;43.4072;-1.63724
13131060824;45.71629;5.07739
13131136938;45.18832;0.71182
13131136939;45.18839;0.71152
13131240502;45.92482;6.87117
13131381140;45.12127;6.02202
13131395198;45.12213;6.01398
13131677402;48.86259;2.30553
13131704876;45.0555;6.02783
13131898593;43.55155;5.32015
13133267147;45.74794;4.83847
13133823401;48.07404;-2.97075
13133897779;45.12139;6.00684
13133897786;44.39986;0.4945
13135060445;45.51301;2.93387
13135810401;48.87124;2.77467
13136099723;45.51143;2.93519
13136416530;43.64647;6.06357
13136453386;43.59452;6.01364
13136453387;43.64764;6.06352
13136453388;43.69849;5.95438
13136455686;44.80317;5.22056
13137595501;45.53346;6.92364
13137595601;45.49556;6.92269
13137807906;49.60987;0.44147
13138029189;45.71436;4.80528
13138111956;44.0767;1.99007
13138244910;43.66852;1.42986
13138514647;42.76489;1.56373
13140618390;41.8355;9.37259
13140644995;44.4754;5.65571
13140759837;45.33971;2.75971
13140933883;46.62134;2.26396
13141064959;48.88162;2.22928
13141097849;46.57985;4.56801
13141542102;48.85615;2.35593
13141822175;46.10148;3.71196
13142303998;43.95723;5.77979
13142360700;44.26211;5.7315
13142375288;45.78267;3.09394
13142533045;46.48737;2.07102
13142787121;48.38403;0.83278
13142802660;45.76034;4.77779
13142953983;42.50172;2.11573
13143137869;44.8385;-0.55485
13144017370;46.94043;0.72265
13144099664;46.69694;0.96823
13144108513;44.0918;5.4093
13144217601;42.72922;1.81792
13144867064;46.25716;4.69787
13144867212;48.8956;2.37631
13145028533;48.8046;2.36386
13145122602;45.31568;4.72813
13146022102;44.85067;-0.56138
13146851134;45.70318;3.00274
13146876873;44.17716;3.42971
13146884075;44.23404;1.77096
13147495303;48.90366;2.36704
13147556302;48.89923;2.37461
13147556303;48.89602;2.37405
13147557401;48.89952;2.37537
13147921044;44.25219;3.42664
13148937927;47.50725;0.11227
13149251146;43.70079;6.03842
13151570692;43.58791;1.43643
13153062979;43.60627;1.44942
13153789003;44.15817;1.75556
13153989757;44.5214;2.76817
13154649283;45.18887;5.72444
13154809632;48.941;2.31951
13154866266;48.925;2.45158
13155213152;46.56171;3.3392
13155223227;46.06033;6.52719
13155709408;44.74531;-0.0655
13155823067;43.48232;-1.56165
13155844547;45.74654;4.72375
13155964215;43.1844;5.71597
13157061134;43.60801;1.3366
13157734066;45.92188;5.50952
13158331801;43.68655;2.85272
13158350920;47.69028;-0.07836
13158537194;48.88641;2.37037
13158663851;45.6453;5.0119
13158670044;45.745;5.01438
13159346728;48.21535;6.94411
13159402036;49.07633;2.21678
13159402037;47.3972;-0.63697
13159424601;47.223;2.04855
13159589571;43.72272;7.10117
13159713701;48.7007;2.422
13159726531;45.89819;6.04189
13160086928;48.89458;1.86556
13164496745;42.77062;1.96462
13164496746;42.77107;1.96426
13164498230;42.73011;2.06902
13164718946;44.21913;3.80874
13164759757;45.77072;4.86403
13164798450;44.16788;3.84146
13164947318;50.51189;1.65136
13164947319;50.51216;1.65172
13165219038;50.19792;3.37371
13165249701;43.86474;7.29426
13165300701;43.86502;7.29296
13165334810;47.42466;0.67041
13167191001;43.60657;1.44757
13167225644;46.31025;3.40085
13167275301;44.05369;3.987
13167275401;44.24977;3.83394
13167451582;48.88372;2.24464
13167858131;45.58862;5.26195
13168126579;48.95003;3.6985
13168334634;43.57609;1.31197
13168334635;43.57585;1.31205
13168334636;43.57594;1.31211
13169347607;45.06403;5.29486
13169347608;45.0629;5.30251
13169347609;45.06356;5.30449
13169409040;44.83837;-0.58895
13169546923;44.84163;-0.59353
13171482668;45.13001;5.34047
13171482670;45.14797;5.43874
13171597370;44.79673;-0.52834
13171625390;44.79578;-0.52815
13171626475;44.79477;-0.52781
13171675816;44.79317;-0.52756
13172875456;45.35696;3.95733
13173220773;43.16911;3.18015
13173369824;46.82833;3.4616
13173707569;48.86801;2.40309
13174128001;48.84651;2.31695
13175024488;44.81601;-0.60312
13175532301;48.85767;-0.60582
13175819332;48.69224;6.18751
13175908828;48.91094;2.33153
13176667951;46.10443;3.4634
13176942201;48.86274;2.45322
13177625358;42.82943;0.55058
13178371262;45.74403;4.91921
13178550628;43.61209;1.32083
13178968069;48.92106;2.33312
13178991797;48.92064;2.33564
13178994376;48.92223;2.33329
13179004433;48.9221;2.33356
13179077704;48.9156;2.33029
13179776822;47.60077;7.22534
13179853013;48.572;-1.76906
13180304513;47.34179;-0.23159
13180340337;43.57923;1.32571
13180378161;43.58309;1.34654
13180390760;43.69555;7.2806
13180633652;45.18663;5.26218
13180633653;45.11745;5.2751
13180633654;45.11138;5.27919
13180633655;45.20197;5.46124
13180633656;45.20105;5.46019
13180633657;45.21302;5.31488
13180633658;45.21357;5.3156
13181422504;49.56364;3.63065
13181486942;49.03987;3.96638
13181486943;49.04424;3.95407
13181486944;49.04515;3.95852
13181739517;48.8695;4.08225
13181739518;48.99293;3.92764
13181739520;48.94663;4.0163
13181982237;43.63716;5.64027
13183531641;45.0797;5.77413
13183742719;44.81545;-0.60041
13184453824;44.84845;-0.59515
13184669828;47.54408;0.32553
13186164050;48.79205;2.34962
13186178363;48.79021;2.3492
13186331760;45.70497;3.85022
13186337260;44.66359;-1.17251
13186516994;46.34831;2.21471
13186906317;48.75025;2.34538
13188053745;48.71382;2.20676
13188053746;48.71454;2.20575
13188505684;46.55938;-1.23036
13188704515;43.58295;1.34737
13188717886;46.20684;6.40122
13188929810;48.76651;2.27877
13189285116;44.50026;-0.78723
13189448933;49.19278;4.04248
13189448934;49.19149;4.04273
13190252612;46.35066;2.23068
13190252614;46.35083;2.23068
13190462052;47.63464;7.47749
13190462053;47.63467;7.47747
13190625099;46.14862;6.07482
13190848163;48.80382;2.29463
13190951574;43.39226;5.85183
13190951575;43.39138;5.848
13190951577;43.40988;5.92572
13190951578;43.40667;5.92328
13191334786;47.08361;6.11393
13192014608;48.84419;2.37607
13192195700;48.84682;2.35873
13192344696;43.57759;7.11998
13192452301;43.59678;3.86956
13192605608;48.0208;7.28167
13195375227;48.30906;7.41722
13195713125;43.62253;7.04427
13195741485;44.85511;-0.58577
13195831864;43.35739;5.28704
13195868842;46.93005;5.90137
13195889785;46.47973;2.03005
13195889799;46.47983;2.03003
13196681779;48.75029;2.34518
13198175799;44.16167;3.10196
13198384302;44.40986;5.95371
13200108446;48.71336;2.19335
13200355560;48.6227;2.45059
13200367501;48.89568;2.37658
13200379712;44.26349;2.98384
13200517435;43.73342;3.55319
13200552234;43.48914;5.56725
13200990203;43.7068;7.28217
13201276814;43.49545;-1.45911
13202084742;48.71354;2.19458
13202995101;44.24135;3.24119
13203329306;43.84388;4.3536
13205030356;47.20916;-1.60478
13205392921;44.89129;1.2158
13205433097;48.70227;6.15859
13205433098;48.69857;6.13873
13205468249;48.66727;-3.91387
13206315984;43.61302;3.84992
13206506794;44.81211;0.94862
13207030971;43.66873;4.63034
13207052023;43.30361;5.37956
13207261977;44.1525;5.09833
13207294921;44.15336;5.09858
13208281592;48.39123;-4.51317
13208462355;46.69387;6.1666
13208706737;45.68065;3.85958
13208878661;45.77033;3.23768
13208955761;45.76307;4.84117
13226433642;49.26372;4.03087
13226536889;48.84245;2.38855
13226729539;49.23963;4.0189
13227245682;44.81182;5.57234
13227534582;44.07996;2.70709
13227625899;49.18706;-0.36206
13227646436;49.18563;-0.36302
13227750061;43.92562;4.94081
13228022101;43.39;-1.68379
13228022102;43.38997;-1.68489
13228393803;44.90274;4.02783
13228450789;-21.03717;55.28889
13229989138;43.60662;1.45041
13230234545;47.2605;1.19018
13230723011;45.93072;6.76529
13232698901;44.73232;6.55231
13232720596;45.24528;5.44576
13232720597;45.20049;5.26316
13232720598;45.207;5.41973
13233508256;45.19196;5.71761
13233513992;44.19975;3.12852
13234080292;43.29762;5.6305
13234171475;43.27959;5.70328
13234314988;47.22955;-1.50804
13234470948;-20.89706;55.55268
13234709327;43.71966;7.27556
13234829098;44.69622;5.19892
13236144356;48.89999;2.34529
13236456847;43.72977;5.17819
13236603577;45.76107;6.06544
13236843207;45.67588;6.3935
13237876481;48.88636;2.2334
13238748448;45.37202;5.99014
13238872884;46.72273;2.50074
13239116236;49.50469;0.96693
13240605152;49.04716;7.77499
13240785602;43.60314;-1.36982
13240945801;43.27963;5.32563
13243354637;44.82118;-0.50112
13244574381;45.61271;6.0328
13245639401;42.52366;2.22505
13245848433;45.17814;5.33797
13245848434;45.14651;5.34102
13246056736;43.48271;-1.52537
13247441977;48.84122;2.36588
13248615868;43.866;3.07579
13248671758;42.53286;2.95752
13248671759;42.5328;2.95761
13249313226;45.69061;4.93735
13249399026;43.48355;-1.52404
13249727601;42.45829;2.2317
13250062088;45.9083;5.17145
13251341526;45.92792;0.28395
13252008722;43.92145;5.0519
13252079287;43.312;6.01579
13252079288;43.32746;6.05165
13252079289;43.30651;6.08486
13252079290;43.3063;6.0841
13252079291;43.33765;6.08194
13253590814;43.35617;1.62252
13253940499;43.34205;6.12608
13253940500;43.34367;6.12658
13253959901;43.34201;6.12984
13253959902;43.40495;6.0648
13253959903;43.40601;6.06033
13253986853;48.8834;2.44067
13254029788;49.59261;-1.31048
13254416015;43.49086;-1.47841
13255439504;45.142;4.12357
13255723733;43.30203;-0.36295
13256063903;43.89389;5.86071
13256641455;43.07767;2.37811
13256657981;43.18416;2.15942
13256657982;43.18416;2.15909
13256674576;43.04459;2.42222
13256674597;42.50587;2.63553
13256785724;43.37393;2.37854
13256785745;42.64921;2.58755
13256816960;43.19993;2.14328
13256846473;42.62532;2.60409
13256849909;43.37882;2.38984
13256862236;42.77063;2.45344
13257215045;47.25845;-1.50901
13257229301;43.97663;4.89869
13257325629;48.72829;2.36483
13258039713;48.79922;2.36782
13259199385;47.82141;5.06426
13260928416;45.25382;0.49642
13261292563;43.88111;-1.14416
13261372438;43.29428;5.56095
13261372439;43.29351;5.56007
13261377659;45.72468;5.24985
13261501401;43.71271;1.16115
13261657141;49.20316;6.29663
13263804917;48.83869;1.70051
13264881601;45.9912;4.72399
13264972098;45.9912;4.72399
13264999498;49.23095;-0.04021
13265042220;49.22621;-0.04353
13266704150;47.35868;1.7478
13266934540;43.4824;5.41805
13266934546;43.48266;5.41864
13266993905;43.72324;7.25856
13267355984;45.12354;6.59962
13267606700;45.75599;4.82612
13267673901;48.90292;2.3481
13268996703;42.3853;2.61184
13268996722;42.38526;2.61185
13270517642;48.76499;3.09174
13270587899;43.70464;4.94377
13271899216;43.17852;5.60764
13272396834;44.61676;5.45092
13273675194;43.28044;5.41072
13273817953;47.25223;-1.57214
13273914475;44.58637;5.13415
13274281046;48.89408;2.20732
13274577757;44.31445;5.69249
13275398513;43.29988;-0.39608
13276058212;46.14682;6.42204
13276235725;45.72809;3.00518
13279994057;43.20338;5.77649
13282050076;44.21414;2.98857
13282850001;47.71839;-1.3779
13283177933;47.5015;-0.38851
13284144632;46.07674;5.32774
13285436016;50.60998;3.03948
13286023601;42.69528;9.44988
13288811406;47.46909;-0.55801
13289322255;48.87857;2.30673
13289338817;48.87975;2.30778
13289744163;45.68862;6.4133
13289861814;45.25035;6.47128
13290230109;45.15801;5.72992
13290459214;42.75198;2.81405
13290603319;43.65983;6.92442
13290833204;42.52618;1.82327
13290965844;44.41186;4.90115
13291200474;50.52408;2.9436
13291215277;49.08997;3.95309
13291215289;49.09174;3.94374
13291377592;43.44694;5.35254
13291377594;43.44802;5.35311
13291390137;45.22552;5.7648
13293379978;44.90097;5.89791
13294541345;43.88951;7.31065
13294565706;43.86781;7.25859
13294674201;44.82422;2.0433
13294696728;44.46284;4.84076
13294898529;43.5745;7.11611
13295100510;48.94348;1.64148
13296522085;45.88009;6.22978
13297072901;43.22814;-0.38516
13297225513;43.88876;4.68038
13299803212;44.62209;-0.43301
13300475411;48.79122;1.59494
13301178978;43.77719;7.50833
13301185303;43.77815;7.50788
13301881926;45.18149;5.3821
13301881927;45.18264;5.38095
13305996604;42.91439;0.64081
13306011140;42.91452;0.63932
13306039947;48.65181;1.86086
13306136971;45.87989;6.33846
13306141083;45.88378;6.33913
13306432145;49.30913;6.33936
13306438772;44.86994;-0.55622
13306506667;44.86971;-0.55626
13306538718;49.22362;6.33311
13307105548;48.11339;-1.75736
13307400634;44.19957;3.12887
13308159685;-20.87227;55.4478
13308336499;48.87367;2.36372
13308575464;49.04303;2.46384
13308579752;49.03115;2.45289
13308822997;44.95036;4.20275
13310729776;43.17328;6.53198
13310763466;43.17296;6.53079
13310912501;44.91555;1.83948
13311255727;45.3419;0.99288
13312162982;45.78781;4.81273
13313285976;43.47893;6.18307
13313589729;43.14525;6.07825
13315942619;42.09658;9.29285
13315942626;41.38711;9.15602
13315942633;41.66847;9.14524
13315942634;41.54806;9.1795
13316025345;48.8923;2.10994
13318023152;46.19668;6.23606
13318756043;45.77148;4.99868
13319077755;48.78213;2.03899
13320210130;43.44711;5.3514
13321807656;43.55352;6.03162
13322165725;48.66438;-2.87161
13323794801;44.69311;6.59401
13323794901;44.68876;6.59881
13323835601;44.66981;6.59499
13324032901;44.65233;6.60487
13324119902;48.77976;2.46814
13324506787;45.88809;6.30185
13324643864;43.4569;5.35524
13326365687;45.57298;6.65214
13326415379;47.24972;-1.54596
13326700933;44.14683;5.05103
13326701440;44.14632;5.05234
13326701451;44.14632;5.05156
13327964490;43.29255;5.37628
13328114761;44.64586;5.06242
13330336223;43.67738;-1.28835
13330336785;43.51046;4.98823
13333251153;44.71606;5.43393
13333431911;45.22807;5.29199
13333989579;45.9054;6.12756
13334118905;44.36414;3.73949
13334321571;43.54879;1.48097
13335540734;43.63591;3.36918
13335542401;47.20802;-1.60937
13335665535;49.19381;-0.37241
13335765565;43.51848;1.49212
13335857676;47.34512;6.82628
13336211451;45.77473;4.97628
13336285530;47.50802;1.453
13336285531;47.48213;1.18967
13336442583;43.63746;4.85999
13337976501;48.40053;-4.50121
13339209727;48.92341;2.05412
13339372016;48.86391;2.38101
13340447001;43.42587;3.59751
13340525601;43.54331;3.97302
13341109521;44.89982;4.15363
13342033282;43.88461;7.3613
13342616129;47.58707;1.29964
13343099392;43.47544;-1.56763
13344192689;45.90518;6.70088
13347613187;44.56198;4.75255
13347624768;49.00427;7.79169
13347948103;-21.25333;55.49437
13347948201;-21.25233;55.49574
13347948301;-21.25235;55.49504
13347948501;-21.25306;55.49472
13347948801;-21.25379;55.49344
13351099001;42.72351;2.87773
13351338145;43.48627;6.18655
13351985020;47.39116;0.69267
13352723074;43.57446;2.9834
13353415620;45.06623;5.55607
13353785330;44.18534;7.15958
13354283892;46.36523;6.30473
13354382209;47.20429;-1.60529
13355212442;45.58287;4.79813
13355814965;45.7609;4.85768
13357528394;45.17568;5.72243
13357541118;43.28287;5.4253
13357757526;43.60507;1.44732
13361322183;43.69099;5.90746
13362683932;42.87591;2.18363
13363477180;48.82525;2.26951
13363544994;44.60703;2.0274
13363556678;44.60692;2.03059
13363706450;48.71586;4.59249
13366738771;46.25737;6.79534
13366949633;47.41478;-1.78737
13367718127;45.1719;5.73003
13369227043;44.56245;4.75279
13369271139;48.58482;7.72115
13369283394;48.58426;7.72022
13369876985;44.84904;-0.54492
13373651392;45.78787;4.85374
13373763392;43.33489;-0.37616
13374209392;44.4988;0.1662
13374623836;46.16429;4.34668
13375287348;45.88483;4.89375
13375622997;46.131;6.76096
13375645826;46.11995;6.74859
13375686368;45.78192;4.85695
13376286198;44.28816;0.50882
13378336898;48.18183;3.51562
13378832912;44.19943;6.92675
13381069397;43.60524;1.43457
13382824763;46.04782;5.85519
13383827858;45.74671;-0.67809
13386180183;46.36878;2.59655
13389587998;42.55173;2.97325
13389615712;42.55087;2.97256
13390700161;45.8831;6.32436
13390799213;44.88189;6.44257
13390881229;45.68741;6.4135
13392605863;46.67061;5.56558
13393779932;48.71441;2.48856
13394612124;43.73572;1.51667
13394849962;47.12955;4.90716
13394869739;47.07223;4.87792
13395186559;48.66699;1.64091
13395395490;47.49907;6.85423
13395808870;42.33365;9.45753
13395837702;42.32806;9.47664
13397270922;46.1665;6.3217
13397732679;44.86252;-0.55423
13398730424;45.4658;5.55485
13399660923;45.9361;6.64552
13399773413;45.72461;5.92783
13400432818;45.72465;5.9289
13401378562;49.07815;1.15661
13401825462;45.15044;6.07275
13404462412;43.62598;1.49534
13404462413;43.62567;1.49593
13404480431;45.91216;6.34161
13408943237;43.25167;3.0031
13409431632;42.89305;2.22367
13410568652;44.91294;-0.23487
13410653493;47.23148;-1.55492
13411139106;50.16354;3.21351
13411147496;44.35687;2.57699
13412899076;45.76525;4.90094
13413499619;49.00528;2.60151
13414291866;47.65028;6.85111
13416303117;47.18374;-1.67766
13417548918;42.7392;-0.0208
13418005363;47.80749;0.99428
13419026325;49.25487;4.03324
13420775707;48.70671;1.95845
13421625253;43.35466;5.43897
13421688473;43.70324;7.27936
13428139640;44.3417;1.54409
13428622729;48.80988;2.2663
13428844181;46.19133;6.23233
13428864670;45.76766;-1.13907
13430192101;47.38701;1.37823
13430692764;49.4086;1.07255
13430692769;49.40841;1.07148
13430692770;49.41243;1.08633
13430692787;49.40896;1.07264
13431404868;42.69628;2.8797
13432177594;49.04207;2.20001
13432591679;48.98889;2.3299
13434267834;46.10711;5.83294
13439468137;46.01836;6.17085
13439894410;43.61605;7.06815
13440345601;43.4582;5.3527
13440345603;43.45821;5.35217
13440345604;43.45821;5.35176
13440345605;43.45816;5.3509
13440345606;43.45814;5.35111
13440393784;44.9064;5.78466
13441790280;47.85241;1.11569
13443121491;45.32227;5.56456
13447705804;48.83584;2.17435
13447855501;47.27292;-2.22174
13448132916;48.97987;2.3171
13448271315;49.51152;3.53528
13448523826;45.78822;4.78899
13448666509;48.92167;1.68723
13448769990;45.8948;6.11435
13449812951;43.13505;2.24683
13450822166;43.20495;2.36504
13452691608;45.61939;6.783
13452820287;45.61946;6.7715
13452895470;47.20106;-0.74261
13455700715;47.90694;7.21712
13455805493;43.20659;2.34558
13457018466;47.67776;4.14479
13457718467;48.71412;2.19586
13458154235;45.4703;4.40081
13458711010;43.97035;4.79636
13463063740;46.67377;5.55258
13464058572;47.11471;-2.09796
13464715024;44.16342;4.61458
13470498311;45.1388;5.71557
13470647133;47.91746;1.90861
13470647134;47.91861;1.90784
13470647136;47.91907;1.90919
13470647137;47.91965;1.91079
13470647138;47.91845;1.91139
13470647139;47.91594;1.91183
13470647140;47.91648;1.90964
13471664775;43.54985;6.97713
13473180651;47.26539;6.8864
13473430980;50.4478;2.81358
13473977270;47.2377;-1.55426
13477041533;43.30364;5.39346
13477326652;44.85045;0.48423
13478624689;45.87862;4.80539
13478675377;45.84046;4.83457
13478676176;45.22327;5.68779
13481635532;43.28392;5.39072
13481635533;43.28344;5.39117
13482015629;48.61248;2.36357
13483600780;48.6406;2.35987
13484106821;45.67797;6.38607
13484769264;42.61721;9.35683
13495297247;44.96476;6.14895
13495583182;47.54945;-0.2937
13495882262;48.7667;-0.11548
13502323626;46.00164;5.41045
13503762870;45.32056;4.14788
13504169775;48.86721;2.70123
13504360111;47.6841;-0.87048
13504991808;48.84527;2.42239
13506426934;-20.9849;55.38185
13506426935;-20.98465;55.38234
13506426982;-20.96707;55.33583
13509585681;45.04577;5.05457
13510606408;46.03448;5.77644
13512549188;45.03968;5.06949
13512647977;45.31697;3.17239
13514054964;44.15365;4.62163
13514132770;44.56194;-0.02316
13514411365;43.59684;1.60254
13514970650;45.12342;5.67832
13517174870;46.19419;6.22832
13520054680;43.2989;5.39772
13520069872;43.28065;5.35283
13520069873;43.23357;5.37304
13520100424;43.24129;5.36379
13520100425;43.24402;5.37095
13520100426;43.27282;5.36264
13520100427;43.2486;5.37356
13521794949;45.04569;5.0528
13523722010;45.74352;4.88108
13524063163;47.93292;1.92127
13524485991;49.3747;-1.80333
13524615940;45.44944;4.37413
13525568305;44.56036;4.74741
13526085659;44.87365;-0.54946
13526141378;48.89785;2.37853
13526651597;44.47813;5.02873
13528788319;43.36231;2.21664
13529574201;48.69183;2.61189
13530224842;48.83962;2.39511
13531867601;45.39149;5.42318
13531933201;42.68376;2.90447
13534033392;49.14979;-0.48633
13534044220;49.14601;-0.48472
13534287713;43.56087;6.99125
13535244490;-20.89333;55.47226
13535437029;43.54685;5.03243
13536144549;43.70044;1.81496
13537335116;14.77305;-61.1351
13538549822;49.47121;1.12043
13538947099;49.1225;2.06244
13541148537;45.88515;3.11155
13541149832;45.2256;6.74534
13541216396;45.88889;3.11134
13542427080;48.50796;1.61178
13545834973;48.04832;-1.73755
13547053938;46.46875;5.88667
13556153549;43.39096;6.31108
13556655820;45.05721;3.9815
13556655821;45.05668;3.97874
13556838133;45.77423;4.83634
13565408724;43.01169;-0.24899
13565436524;44.52618;5.06432
13566141404;43.53129;5.45609
13566141407;43.53157;5.45582
13566300102;47.40902;0.62413
13566666751;-20.9294;55.50636
13566965775;42.61059;3.01042
13566976607;43.59362;7.09552
13566984701;43.55163;3.95297
13567059300;42.61091;3.01084
13568964603;43.26202;5.37443
13569512901;47.87842;-4.10506
13569556449;48.84482;2.19163
13569771524;45.33647;5.80619
13570590116;46.15286;-1.14707
13570590117;46.15826;-1.16046
13570590118;46.15707;-1.15376
13570590119;46.15826;-1.14995
13570590120;46.16653;-1.12393
13570590121;46.15089;-1.12162
13570590122;46.15512;-1.15282
13570590123;46.14766;-1.20866
13570590124;46.15558;-1.17125
13570590125;46.16575;-1.20548
13570590126;46.16709;-1.20167
13570590127;46.15249;-1.15869
13570590128;46.14312;-1.14794
13570590129;46.14118;-1.17079
13570590130;46.15558;-1.16104
13571033217;48.83781;-1.59655
13571043427;43.35623;5.02547
13574000022;45.73174;4.86808
13574437405;43.2546;5.37669
13576991109;44.5242;5.06189
13578268387;48.59431;2.18606
13579958898;48.61474;2.41629
13580065675;43.12598;5.94078
13580139583;44.52287;5.04779
13580176369;47.99442;-4.09283
13583325326;47.21186;-1.56915
13584480510;45.33905;5.62934
13584824987;43.52441;-1.51497
13586438225;47.38035;0.65504
13586886822;43.56601;7.01641
13592157726;46.2382;5.4988
13593435807;43.42539;3.73137
13593478994;42.64016;3.03373
13596618001;45.75579;6.33969
13598289373;43.66419;4.48033
13598371101;16.35095;-61.72318
13598877733;47.1882;-1.68386
13602038516;48.88602;2.23041
13603139063;49.89701;2.30898
13604794641;47.34929;6.81297
13605155889;45.56283;5.49423
13605269480;47.21995;-1.55853
13606198826;47.19524;-1.52845
13606251721;43.57409;5.35235
13607166760;45.90428;5.66155
13607216431;45.97258;5.90701
13607535332;44.84777;0.1546
13607770040;45.38275;5.97269
13607857060;48.24301;3.55407
13607885088;44.65088;2.38598
13608382828;45.68095;6.13695
13609371002;43.09427;6.07436
13611204078;43.56726;-0.93068
13611221102;43.83969;4.91951
13611526070;43.39655;6.31406
13611628023;45.41395;4.39692
13612295037;45.63773;6.0902
13612295054;45.67704;6.12594
13612295055;45.67683;6.12669
13612496649;44.56016;4.72966
13612562681;47.26775;-2.22071
13614571861;45.66383;6.39036
13614686017;43.78318;6.51851
13614822686;44.83446;-0.56437
13617066876;45.95262;6.19122
13617214911;48.52024;1.8473
13617617253;48.04759;1.69524
13617868680;43.55557;7.02454
13618223763;48.0153;6.58957
13618272988;45.68147;4.64032
13618461096;45.75642;4.85324
13618521071;43.75688;7.48188
13619133965;47.14992;-1.40071
13619704543;47.9201;1.90865
13620345781;43.09834;6.1272
13620357707;43.31727;6.63026
13620747331;45.67922;4.63968
13621357883;47.7099;-2.31919
13622399573;43.61945;1.41481
13623249825;47.32787;4.82018
13623279707;43.30558;-0.3563
13623693001;45.49343;6.73554
13624110158;44.84241;-0.55988
13625022656;46.10741;4.74375
13625879127;46.3442;0.20683
13626506372;49.01443;3.02456
13626551378;43.29565;5.36136
13626625601;46.69082;-2.28285
13626779112;43.29467;5.38638
13628036048;48.92985;1.932
13628036055;48.83099;1.71865
13629422938;42.8199;0.32894
13629422939;42.8199;0.32894
13629962980;43.45695;5.86763
13630123157;44.87339;-0.54618
13630560730;45.52435;4.86701
13630916982;42.69479;2.87862
13633315547;47.91775;1.91044
13633468550;48.91337;2.36177
13633473942;47.9182;1.91009
13633996637;47.25967;2.22223
13634242679;47.31406;2.25494
13635152901;43.48897;-1.48001
13638405344;48.58527;2.30402
13638405356;48.5854;2.30338
13638476301;45.14527;5.12232
13638591974;43.53855;6.46501
13638594270;43.53982;6.46732
13640267029;45.68188;4.64031
13640638235;45.70771;5.65529
13641300645;45.3192;1.838
13641379527;43.47799;-1.52377
13643532081;48.83658;2.37244
13645206206;43.75557;7.31972
13645900646;45.75833;4.82639
13646300250;50.14203;3.25627
13646300251;50.14234;3.25585
13646300252;50.14246;3.25597
13647160218;43.77203;6.60196
13647376880;45.64825;5.62142
13647571803;49.55213;3.6198
13648553179;44.5258;5.06617
13648557093;44.52635;5.06734
13649249593;43.66455;7.1504
13649249594;43.67033;7.14422
13649369637;47.21431;-1.54142
13649405125;42.89269;1.20382
13650311594;45.68462;4.64095
13650638302;43.38062;5.68064
13651661008;45.90234;5.5349
13654437132;48.86553;2.77685
13654602903;48.13086;-1.64847
13655169850;44.90257;-0.51191
13655213503;46.08688;6.67905
13657241072;43.55447;7.04237
13657770706;46.05773;6.82109
13658378768;46.46935;3.75431
13658388494;46.35211;3.6889
13658703757;46.08407;6.73395
13659209215;42.77708;2.83679
13661245165;43.92993;4.82096
13662724182;45.7554;4.78951
13662926050;46.08587;6.71621
13662975387;46.0826;6.70983
13664541822;45.80218;6.16335
13665274922;43.70486;7.26269
13665569831;48.85759;2.2942
13666336901;43.74149;6.901
13666538390;43.64393;7.14516
13666664794;46.06401;6.74494
13668544588;44.72113;-0.40597
13668576811;43.5806;1.53489
13668687936;47.20028;-1.5647
13669286147;43.31014;-0.38728
13669289811;43.30989;-0.38747
13669308473;43.31015;-0.3878
13669323291;43.31027;-0.38816
13669716821;47.4921;4.97598
13669716822;47.49031;4.97173
13671183218;45.87255;5.94009
13671447718;48.20987;-1.62945
13671827904;48.89174;2.19578
13671828851;48.89175;2.19622
13672154841;48.95952;2.34117
13673739956;43.93713;1.61455
13673740097;43.84205;1.65925
13675925095;48.502;3.85269
13677254128;43.57163;-0.92783
13677260917;43.57141;-0.93092
13677494868;45.04379;3.88581
13678264476;48.40449;2.68323
13679271328;46.21379;4.72053
13679659107;43.89715;-0.48008
13681191286;46.15007;-1.15796
13684826287;44.57686;1.93469
13685004824;49.14397;-0.38678
13685053751;45.4353;4.38459
13685700896;46.51726;4.68106
13686102731;48.88813;2.23172
13686639574;44.78029;4.10115
13687172354;49.52603;0.36158
13687892546;47.91839;2.39868
13687902233;47.99641;2.36149
13688092466;45.73736;4.8052
13688177732;45.01711;-0.46726
13688550500;45.73278;4.86913
13688874398;47.19159;-1.53094
13689102195;43.49415;-1.46603
13689513414;43.58537;3.80065
13689513426;43.58487;3.80127
13690514380;47.92834;1.91331
13690566882;48.86643;2.77536
13691736718;43.47353;1.55466
13694751350;43.67798;-0.18908
13695596616;45.18607;5.71156
13695902222;46.67465;5.55665
13698685171;42.77581;1.75059
13698730477;42.76843;1.75582
13699899627;43.94051;7.50435
13700793224;50.82101;1.60069
13701728686;43.33526;1.24624
13703165502;43.44193;-1.05081
13703165701;43.442;-1.05094
13703240867;43.55595;7.00615
13703283267;43.55204;7.01015
13703599894;48.5617;7.72783
13704054990;47.50729;-2.68517
13705560150;43.4403;2.02741
13705709663;44.98945;4.74694
13706129970;45.18568;0.70074
13707486410;47.97767;1.85767
13707508093;43.73131;3.32142
13708220700;44.76331;-0.57017
13708267701;44.76367;-0.57052
13708691569;47.08498;2.39592
13709021665;43.55425;7.00673
13709425929;45.2213;-0.57771
13710648901;43.71194;7.26466
13710677014;42.5725;2.18409
13710950393;44.93491;5.82572
13711342001;45.12908;0.63892
13711468274;47.89948;1.88628
13711516656;47.01998;1.29112
13711748385;44.88564;-0.65828
13712490207;44.48459;4.37287
13713454729;43.59344;5.86488
13713552408;43.59038;5.88037
13713946108;43.59222;5.84723
13714105124;45.58597;6.24855
13714240720;46.15928;-1.26698
13714376070;45.93807;6.70776
13714380428;45.77076;2.79651
13715483449;43.84736;6.22048
13715512777;43.84549;6.22252
13715593932;45.06191;1.15968
13716435901;43.95195;4.80572
13716483269;44.79801;-0.61608
13716547239;44.79855;-0.61483
13716550931;43.55822;6.00876
13716820991;43.59311;6.01533
13716868325;43.59399;6.0167
13716880406;43.59295;6.01445
13717142837;44.39426;4.37851
13717989004;46.46447;4.8354
13718085492;44.23692;4.72337
13718128008;43.36992;2.28345
13718200801;44.61373;4.31316
13718209360;43.58628;5.88399
13718213479;48.0932;7.19834
13718213480;48.09335;7.19838
13718213484;48.09318;7.19794
13718213486;48.09335;7.19793
13718213488;48.09387;7.19793
13718542185;49.1233;6.17922
13718674155;43.55514;7.01227
13718959847;47.85996;2.22261
13719463044;44.76612;-0.57961
13721011666;47.23707;-1.55253
13721118705;44.04538;6.71841
13721139375;48.85999;2.29516
13721170639;50.63705;3.14973
13721495063;48.87786;2.37022
13721495064;48.87828;2.37019
13721570860;45.76689;6.34958
13722523254;42.99415;2.20003
13722816101;45.19179;5.71441
13722838314;44.31783;5.87454
13722951939;48.8696;2.78009
13722951940;48.87001;2.78077
13723189701;49.33296;-0.42535
13723222101;43.6638;3.00485
13723443788;43.62013;1.4784
13723559001;45.31384;5.77616
13723619092;45.32984;5.79691
13723619093;45.32958;5.79722
13723842701;43.58732;7.12142
13723919035;43.70489;7.28064
13724765751;42.75377;2.81445
13725027323;48.86066;2.3321
13725166709;48.77173;2.28482
13725272033;43.78011;6.34933
13725272049;43.78037;6.34797
13725272050;43.77975;6.34822
13725305865;48.39454;3.11988
13725564837;48.86413;2.32364
13726298285;44.70269;3.25348
13726825646;43.89364;4.74593
13727319989;44.09552;3.95711
13727339244;44.20593;0.61572
13727517223;43.11677;5.97497
13727517224;43.10118;5.88014
13727717429;43.82925;5.78887
13727770193;43.78418;5.49803
13727858706;43.12458;5.95302
13728451781;43.74287;4.79421
13729442122;45.4344;-1.14501
13729866024;43.66086;-1.42849
13730022229;43.95292;4.80748
13730192524;48.83013;2.45486
13730402692;42.89335;1.92708
13730518360;48.58527;1.98838
13730588971;46.1982;6.23266
13731844867;49.44469;1.09484
13732250988;43.0553;2.91498
13734509509;42.8963;0.06287
13734912974;48.77175;2.03147
13734912975;48.77182;2.03197
13735144641;45.53316;6.21478
13736800849;45.78214;4.73909
13737493301;43.96876;4.79888
13737955458;45.8209;5.84712
13738421624;45.42266;6.70312
13738421625;45.42289;6.70276
13738421626;45.42202;6.703
13739510701;43.74608;5.31527
13739724358;44.16146;1.53872
13739964118;45.15506;5.31869
13739967301;43.50173;6.941
13740249573;46.04088;1.57626
13741186601;45.77385;6.12349
13741864581;41.62947;8.81408
13741881295;45.9647;6.0352
13742010046;44.35087;4.77767
13742528401;44.91866;4.6457
13743153353;47.22602;-1.59847
13743192517;43.53988;-1.49048
13743575645;47.90782;1.90496
13743604610;43.60628;3.78479
13744187042;43.1398;5.84861
13744543474;43.6528;4.00735
13744670507;45.203;5.70558
13746288267;44.44643;0.52563
13746556448;46.13448;3.4503
13747585513;42.96619;0.37636
13747753201;43.52006;6.14669
13748189554;43.59456;6.93145
13749145001;42.6427;9.44479
13749299986;47.61633;-3.00124
13750338801;48.56633;3.28516
13750459531;46.19416;6.23523
13752009453;45.75743;4.84052
13752211101;43.53285;6.11896
13752712844;44.83356;-0.5771
13752736201;42.36582;9.36637
13752873106;45.16742;5.76381
13752963956;44.86918;5.20421
13753187539;48.74015;2.27602
13753517301;43.47139;5.49777
13753560718;45.7582;4.84061
13753560719;45.75893;4.8407
13753560720;45.76166;4.84113
13753621192;48.84343;-1.59059
13753743717;45.77126;4.84442
13754583520;44.07864;6.0222
13754637229;41.80863;9.01206
13755385948;46.45894;1.93701
13755683735;43.55674;1.38206
13758245733;47.44926;5.58724
13758543338;43.59293;5.88391
13758549460;45.57377;5.47915
13759479733;44.75419;5.26429
13760467998;45.76886;4.88793
13760701433;45.60606;0.09967
13762469628;42.94505;0.37523
13763463719;43.9994;6.1971
13763598286;46.40077;5.10853
13763631814;45.75969;4.87125
13763682651;45.53252;6.59918
13763852575;47.1717;-1.47206
13764169951;44.04216;4.82224
13764175862;44.04179;4.89911
13764187913;44.07392;4.75357
13764203317;44.09029;4.88319
13764211827;44.08214;4.88638
13764752376;45.90865;3.00304
13764884709;45.17665;5.72245
13766097768;43.33257;-0.36201
13767320674;48.77125;2.05166
13767327050;48.88233;2.22542
13767562025;44.31588;0.08824
13767675025;45.74578;-0.64549
13767684173;45.74529;-0.62892
13767873790;44.41548;5.61417
13769798680;47.65279;6.85536
13769800510;47.63958;6.86044
13769874167;47.64368;6.85585
13769981755;43.95754;4.42491
13769995850;47.63452;6.85816
13770640964;46.47033;1.60267
13771954706;44.83352;-0.59848
13772884286;48.91031;2.23669
13774029396;45.58383;6.21155
13774411696;44.91955;0.05771
13775261135;48.67243;2.55729
13775820736;43.22057;-0.47653
13776807017;42.85935;1.5758
13776811153;42.85923;1.57443
13776813073;42.85846;1.57623
13776838929;42.85872;1.57506
13776949888;43.08831;1.62525
13779113684;43.10744;5.95075
13779391803;46.05494;6.00465
13779643614;43.4495;3.61346
13779933248;46.44339;1.62343
13780916157;46.46318;1.61395
13781446089;45.20656;5.46597
13781499900;48.89429;2.2495
13782110622;42.92569;1.62466
13782125625;42.92608;1.6247
13784327092;48.51831;1.75779
13784332901;48.78001;2.44547
13784665105;45.18501;4.18379
13784823478;48.97513;-0.89053
13784879968;49.25599;4.02308
13785028000;49.08822;2.50085
13785029322;49.37964;3.32468
13785034101;48.35445;7.37826
13785098096;46.03709;6.38662
13785099539;45.6273;5.12222
13785113950;48.13961;-1.66375
13785138303;48.12067;-1.65832
13785385095;47.22019;6.63144
13785583879;45.88523;5.36725
13785626479;45.64877;5.184
13785690474;43.95338;7.32398
13785690475;43.95394;7.32421
13786142301;48.70758;1.81194
13786918299;44.18071;3.74119
13786933511;44.18087;3.74136
13786983501;45.82443;0.82031
13787484101;47.85926;3.15404
13787760860;47.51259;2.15165
13788446453;50.04473;1.32892
13788976005;43.52386;6.94302
13789540021;43.77338;0.68366
13790030809;44.72985;5.02663
13790047748;44.72945;5.02524
13790047795;44.72908;5.02502
13790257494;48.83172;2.47321
13790277691;43.83391;5.09308
13790790636;45.17675;5.73704
13791152298;43.56212;5.35326
13791189688;43.21386;5.53834
13791318636;43.57033;5.35409
13791319991;43.56229;5.35298
13791323809;43.57343;5.35304
13791457850;46.40033;6.59364
13792345185;43.45051;2.06533
13792345186;43.45245;2.0677
13792364194;43.31514;2.46396
13792365190;43.60665;3.15432
13792366492;43.17779;3.19002
13794827358;48.93846;2.01276
13795595230;44.09;4.88323
13796136046;45.83755;6.23226
13796140679;42.8566;1.55214
13796148211;42.85679;1.55326
13796223009;46.45679;4.51472
13798527601;45.76834;-1.14011
13798576980;44.84188;-0.56056
13798684607;43.70448;3.56049
13801067665;48.88823;2.31029
13802050319;45.77232;4.86643
13806258264;45.73531;4.87138
13806258265;45.7358;4.87029
13806743415;45.75861;4.79422
13806906266;46.58492;1.52269
13807183131;50.6338;3.06947
13807829303;48.71805;2.45189
13807926501;42.58577;9.11714
13807935248;44.60156;5.1027
13807936701;42.58271;9.11826
13808026825;43.25863;5.38758
13808040420;43.25862;5.38776
13808177161;45.64513;6.29475
13808218002;43.30272;5.38102
13809072178;44.82693;-0.54782
13809075855;45.98063;3.69959
13809096372;45.97819;3.69747
13809104144;-20.89794;55.48628
13809104145;-20.89653;55.48686
13809104146;-20.89752;55.48509
13809104147;-20.93835;55.48636
13809104148;-20.93824;55.48604
13809113988;-20.91516;55.50735
13809299578;45.248;5.66493
13809299579;45.25238;5.66613
13810194017;45.22468;5.69088
13810205011;45.224;5.68998
13810691897;43.62241;7.0502
13810867902;43.63971;1.45095
13810938401;45.68432;4.5269
13811068160;45.08824;5.71102
13811407995;42.99599;0.90813
13811424112;48.82098;2.3288
13812161376;46.03183;4.5542
13812353908;45.78073;4.85673
13813256751;48.52494;1.68789
13813622740;46.18017;5.47124
13814104719;44.81362;-0.56687
13814375086;48.82513;7.4831
13814515801;44.84688;3.75669
13815359135;47.2426;-1.52269
13815497330;44.69634;5.19756
13817897359;48.92391;2.21907
13818489443;48.06809;6.95093
13820269293;48.37452;-1.91649
13820904578;46.11367;2.69029
13821256727;44.08928;6.15612
13821267813;48.84028;2.36342
13821386033;46.11405;3.16624
13824797222;44.5453;2.41055
13825186454;42.80049;2.52947
13825189629;43.56488;1.41057
13825220806;42.74096;3.03566
13825378124;48.86507;2.42392
13825378125;48.86292;2.42544
13827520923;48.85075;2.34415
13827667789;45.70146;4.80456
13828558883;47.44805;-0.5045
13828813194;44.75237;5.36785
13829043085;45.37409;5.99049
13830109517;48.74965;-2.98813
13830149174;47.74256;7.34356
13830498181;48.66442;2.57672
13830581913;46.66442;2.27733
13830927094;47.07005;2.37429
13831052947;44.77981;1.72662
13831272495;48.89846;-1.51671
13831983575;45.39266;3.04424
13832140738;47.50347;-0.55945
13833583552;43.45183;4.42914
13833602001;44.4638;4.21483
13834337488;43.60561;2.24011
13834854946;44.54358;6.32645
13835301059;43.70824;-1.43199
13835621589;44.51739;2.7529
13839281581;45.76371;4.66924
13839775900;48.11914;1.38748
13840361702;43.5675;6.17995
13840492720;47.25643;6.46866
13840544602;45.78795;4.79601
13840731544;47.17793;-1.54486
13841128498;48.84878;-1.58476
13841163985;43.19049;3.0058
13841656755;43.27203;6.64711
13843358997;42.95732;1.22896
13843401728;42.99351;1.53487
13843585889;47.76797;6.74263
13843644990;43.35287;-0.37242
13844000387;47.771;2.38468
13844389179;47.51789;6.54233
13844498604;46.67553;5.55402
13846877359;45.36227;5.59137
13846900604;44.75564;4.09361
13846919772;44.72589;3.85768
13848370565;44.7541;5.37292
13848460615;48.03157;3.29605
13848528715;44.44719;4.70778
13849064610;43.97005;4.79849
13849977401;47.52473;3.755
13850476136;46.1194;6.10415
13851828827;43.50851;1.37637
13853225425;43.5808;1.25926
13857045692;45.91975;6.15976
13857242901;45.77395;4.56824
13857737700;49.44489;1.09253
13858127399;43.63958;1.45327
13858127400;43.6402;1.45249
13858818789;48.70579;2.32098
13858837074;44.80926;4.18933
13858845065;44.81089;4.18884
13858912928;44.7635;4.16218
13859593808;44.75248;5.37272
13859922776;49.43735;1.09387
13860323801;47.36337;6.12298
13860394966;43.2396;1.8409
13860394967;43.17418;1.86082
13860394968;43.10925;1.72222
13860659215;43.23004;2.60731
13860775417;49.27922;1.99867
13860956050;45.15286;2.88172
13861127626;45.17437;5.71364
13865550984;44.50096;3.75682
13865579403;44.14897;-0.74713
13866030101;48.88783;2.36688
13866422264;44.26263;2.36496
13866538202;42.86137;0.72318
13866547919;44.8652;-0.28875
13866658956;-20.93389;55.30035
13867138902;43.2984;5.49018
13867338601;43.29711;5.49123
13867367344;48.89511;2.4563
13867379007;47.39512;0.6944
13868917588;46.32502;6.61895
13869081792;46.94693;3.06838
13870723384;49.42057;1.07609
13870932002;44.03579;0.83967
13871677481;44.15266;4.61987
13871753775;49.07209;2.17726
13872046446;45.02827;0.01632
13872046447;45.02821;0.01605
13872060423;45.02521;0.03577
13872302099;49.21391;-0.39858
13872303703;43.66052;7.20608
13872474413;48.83101;2.02034
13872612571;48.30913;2.32382
13872612572;48.30909;2.32773
13873465603;47.24336;-1.46386
13874010571;48.75997;3.22228
13875255912;48.88753;2.32492
13875497336;43.81486;1.31183
13875639183;45.02406;-0.35661
13875722107;49.16043;4.04678
13875778512;45.26477;3.12681
13875880668;49.16546;4.01858
13875898036;44.69024;2.38379
13875899015;44.95541;-0.46933
13876135582;46.13701;3.21813
13876300801;43.54961;6.97365
13876341962;48.84337;2.46458
13876711622;45.39345;2.87986
13877580521;45.3536;5.6079
13877994401;43.93334;0.62078
13878285241;43.41478;6.84852
13880469671;47.60029;2.76095
13881189751;48.89377;2.26077
13881357310;45.78893;5.43497
13881467182;46.18112;4.74974
13881652501;48.23176;7.40385
13881678789;45.76076;4.85981
13882410094;44.77447;5.40936
13882410095;44.7742;5.40794
13883215557;49.14627;1.80538
13883215558;49.14751;1.8056
13883215559;49.14665;1.80633
13883691871;45.35992;1.57186
13884250413;44.1061;3.8853
13884591461;48.93809;8.01913
13884688266;44.08771;3.29688
13887019625;45.20516;5.77157
13887237007;43.79154;-0.65512
13887669050;42.40526;2.6143
13887669067;42.40691;2.61239
13887794501;46.29036;3.71605
13887935325;48.2165;2.72283
13888116269;48.89474;2.09015
13888248313;47.58113;5.87849
13888360811;42.86148;2.46109
13888367335;43.51332;2.98923
13888420195;49.42282;1.07762
13888473502;49.4208;1.07618
13888835193;43.00812;2.55101
13888883073;43.42619;2.63695
13888887283;43.60444;3.06602
13888907503;43.27787;2.65871
13889504241;43.40241;2.63046
13889653938;47.24723;-2.16866
13889687090;43.51421;2.99052
13889725787;43.61776;2.85861
13889739552;42.56731;2.52257
13890991708;43.6386;-1.43046
13890996557;43.64457;-1.43387
13891298016;50.74283;3.07968
13891595402;44.79254;4.12656
13891987949;48.30604;6.98635
13892131301;42.79598;1.59158
13892189257;47.10482;-2.09079
13893598801;45.98058;3.69959
13893749317;47.04877;-1.96162
13893749320;47.04323;-1.95313
13893862234;49.44334;1.09959
13893905415;47.91883;7.53049
13894035097;49.10417;6.15911
13895182466;45.70377;2.91634
13895624790;45.82764;4.6114
13895631901;46.72371;2.48274
13895719739;47.81085;7.17158
13895854801;49.02178;1.7133
13896512467;43.17364;5.87099
13896741677;43.1647;5.90076
13897582091;47.21954;-1.53537
13897641928;44.06972;3.86565
13897718589;45.36437;5.5913
13897844677;47.20039;-1.57214
13898059801;47.30575;4.70549
13898287513;49.00268;2.59081
13898292532;43.62969;1.43603
13898305402;49.07457;1.59709
13898374121;46.85413;2.31998
13898412387;46.85496;2.31965
13898412388;46.85532;2.31829
13898412393;46.85532;2.31823
13898412396;46.85501;2.31892
13899226288;46.99994;5.14406
13899279194;44.81516;4.48838
13899431112;45.79591;6.18875
13899465348;44.81643;4.48763
13899502010;49.00468;2.56488
13899747101;45.77092;3.08693
13900611612;46.35883;-0.4827
13900730765;44.72399;5.02605
13900771101;43.43912;-0.69299
13900831884;44.91948;0.05769
13901263602;47.26102;-1.53307
13901269301;47.26263;-1.53096
13901361447;48.26709;6.87786
13901361451;48.28322;6.91241
13901503314;44.84808;0.62597
13902111815;44.98649;6.11782
13902111828;44.98948;6.11554
13902160102;47.41592;-0.61384
13902445244;43.10256;1.65332
13903978069;47.18214;4.05152
13904218731;45.20239;5.74644
13904554154;48.89163;2.3967
13905074229;43.30139;5.37725
13905554022;44.69386;5.70798
13905720643;50.63671;3.08721
13906700753;47.2005;-1.57944
13907950302;48.40448;2.68325
13908052491;42.89937;1.24808
13908954686;43.31631;-1.35066
13908968523;43.76253;6.44541
13909782901;42.62657;1.94411
13909864871;47.30032;5.04693
13910219251;44.84057;-0.55976
13910528216;43.52594;6.81414
13911610316;45.7674;4.83596
13911937580;48.83698;2.72278
13911937581;48.85772;2.67512
13911937582;48.85956;2.67325
13911937583;48.8802;2.70772
13912060025;46.99199;5.28455
13912336719;48.78745;2.23205
13912554866;46.83376;4.84461
13912754072;45.18074;5.72889
13913908132;49.12836;5.41832
13914496551;45.37796;2.45855
13914574025;45.20406;2.28965
13914593701;45.04423;5.05187
13914761761;45.56373;6.695
13914782708;48.81004;2.19304
13914939519;46.51554;3.68046
13914943359;45.75654;4.91746
13915408209;48.80258;-3.08692
13915408210;48.69295;-2.89712
13917247978;45.73554;4.8033
13917552839;48.78403;2.012
13917654470;45.53223;4.25177
13917686713;45.74426;4.85418
13917694701;44.74512;-1.17483
13917766130;44.83587;-0.58424
13917849733;48.82036;2.27458
13917907718;44.00958;5.91678
13918420301;44.63702;0.74481
13918559480;43.04908;0.74034
13919614197;43.62912;3.81745
13920703793;42.53107;2.51902
13921045001;43.50864;3.07544
13921069881;47.29582;-1.55057
13922226956;45.68902;6.30282
13922326384;44.66956;6.21743
13923970841;44.35226;2.56248
13925436031;43.81049;5.7483
13925486672;43.7837;4.8318
13925629154;43.83382;5.6965
13925639172;50.64089;3.06629
13925722237;47.21509;-1.54256
13925737089;47.21471;-1.54199
13925808201;48.83619;2.37273
13926029316;45.85783;6.27954
13926287174;49.21102;5.3031
13926354258;48.65003;0.53626
13926609795;45.45714;4.75892
13926917320;44.05568;5.12588
13926918969;48.81772;2.35881
13926922318;44.19767;5.94325
13926924700;44.06562;6.30966
13926930830;47.65108;6.86975
13926959151;49.43044;1.08083
13928294645;49.28652;-0.71717
13928407901;42.61968;2.42385
13929038766;47.45728;2.64639
13929038768;47.45859;2.65071
13929038769;47.45707;2.64735
13929039401;41.70708;9.07176
13929040729;49.20908;5.37505
13930618084;43.03609;0.69113
13930696482;48.95541;2.17725
13930736442;48.95323;2.17529
13930896502;48.74698;1.91797
13931406544;48.68948;0.60136
13931606264;45.77347;4.80073
13931860368;43.61373;3.79841
13934881223;44.10457;5.36679
13934973815;48.51284;3.89481
13935056328;43.64777;6.7946
13935119901;45.57622;4.77792
13935121560;48.41665;2.72548
13935160301;44.3378;3.50393
13935188352;48.88459;2.42726
13935451401;45.78419;5.54316
13935595786;48.87049;2.38753
13935653602;45.98498;4.38261
13935659951;45.52514;6.20096
13935779799;44.27544;0.7653
13936423836;48.84734;2.31095
13936436229;45.14791;5.43879
13936503702;47.32607;5.07088
13936547652;43.26713;5.41647
13936568471;43.26617;5.41522
13936625968;45.59062;6.87533
13937931001;47.59805;7.52908
13938036515;48.88564;2.32634
13938197601;48.41404;-4.49311
13938259201;47.21073;-1.52203
13938259301;47.21198;-1.52062
13938910301;45.26062;0.84137
13939157560;48.61778;2.40803
13942139149;44.20439;5.02355
13942242901;45.52624;-0.09342
13942275957;45.60719;1.3536
13942571663;44.72935;5.02556
13942572379;44.72945;5.02627
13942580631;44.27805;0.88111
13942744001;49.09641;6.17362
13943135696;44.71884;4.39189
13943138301;44.76984;6.52491
13943571062;50.18265;1.61626
13943747380;48.64507;2.36004
13944841388;44.23321;4.93305
13945069108;46.0406;6.58458
13945103611;45.57003;5.84322
13945820101;42.8199;1.99449
13946164399;49.16881;2.24004
13946858684;44.75139;5.37273
13946946512;44.23183;4.80214
13946965685;48.65797;-4.17431
13947290258;45.94204;6.42906
13947447326;44.23613;4.71277
13947597261;46.19599;6.25352
13947628271;47.24346;5.73305
13947634423;48.68486;-1.34042
13947637501;43.55202;6.78264
13947706814;43.3566;-1.39434
13947837706;43.55995;5.24901
13947959900;45.14315;4.43556
13947962091;44.45754;1.5156
13947984756;43.4902;-0.54311
13948541901;43.52595;6.81409
13948717443;44.80828;4.35193
13948971873;44.28751;4.5648
13949015673;44.28785;4.56502
13949041379;44.3026;4.55677
13949671201;42.3752;9.13467
13949680401;47.23057;-1.50879
13949682640;44.09252;7.60236
13949700614;50.10988;1.84148
13950029497;50.62607;3.07909
13950029498;50.6255;3.07777
13950029499;50.62551;3.07724
13950029500;50.62609;3.07708
13950172620;45.64107;3.24642
13950191753;46.08387;6.67536
13950191960;45.19192;6.28638
13950199784;47.02904;-1.97627
13950199785;46.06184;6.72496
13950235917;45.99791;5.66425
13950732468;48.41695;2.73439
13951387009;48.85242;2.34773
13951555477;43.48946;-1.47383
13951892215;44.3902;4.26412
13951966351;43.45516;5.31688
13952433601;49.18728;-0.38647
13953281685;44.37492;4.20112
13953356753;48.2579;7.44944
13953425895;45.68368;2.90526
13953432369;45.63487;2.88858
13953450337;45.68397;2.90647
13953506890;45.70531;4.87052
13953545444;47.04517;6.24701
13953672301;44.27234;5.81318
13953841048;49.13832;2.81202
13953899668;43.94408;7.41371
13954086866;50.18194;1.61697
13954089383;48.85517;2.56743
13954231125;44.44657;4.07585
13954231126;44.44658;4.07585
13954265684;44.58102;2.06861
13954265687;44.52741;1.67512
13954265688;44.53138;1.69816
13954271501;46.9712;4.83564
13954287226;45.94423;-0.51665
13954535241;43.53406;5.43652
13954535253;43.53832;5.43784
13954835877;48.81763;2.35834
13955193394;48.66193;2.579
13955335001;44.56562;1.98687
13955335101;44.56531;1.98742
13955369274;45.37582;5.69737
13955381295;45.2469;6.35469
13955438896;49.08786;1.67546
13955485112;43.60075;6.99481
13955485113;43.60038;6.99519
13955488401;48.81532;2.47635
13955502201;48.82056;2.46817
13955614138;47.35688;5.89688
13956168811;48.81198;2.18695
13956203607;46.12592;3.41919
13956632912;43.58787;1.43655
13957000941;43.49778;-1.53054
13957436374;45.21198;2.68529
13957448104;45.53995;2.861
13957507270;44.63885;4.05152
13957697174;43.06991;-0.41675
13957876503;46.06653;6.31253
13957876504;46.06706;6.31521
13957876505;46.06256;6.3155
13957917878;46.06424;6.31397
13957966331;43.19513;5.80632
13957999510;43.19474;5.80583
13958146801;46.28758;6.54612
13958149545;45.89789;4.8197
13958283701;46.289;6.54583
13958318325;44.54493;4.93459
13958385701;43.60132;1.40269
13959282845;45.19182;5.73122
13959301913;44.69935;3.9443
13959515199;43.0789;1.36965
13959737125;44.72513;3.85868
13959794560;46.29216;5.48051
13959826069;42.70645;2.87885
13959903460;47.81356;5.455
13960104397;47.85257;5.44538
13960313830;48.07735;7.35892
13960505424;47.80059;3.56766
13960528619;47.79799;3.57482
13960535219;47.79242;3.56767
13960536009;47.7964;3.57
13960599051;45.25068;5.97117
13960599065;45.25119;5.97381
13960748625;44.53936;4.41683
13960769791;42.81402;1.89164
13960779950;48.51388;2.2199
13961071241;48.90456;2.38917
13961690386;43.60037;1.43313
13961742482;44.75314;3.72781
13961801760;43.71193;4.00515
13961835801;43.12645;5.80988
13961845814;47.49938;1.45251
13961884943;44.63722;0.74314
13961888615;45.25485;1.2938
13961921530;47.86323;5.26944
13962085783;47.44809;1.34323
13962225828;47.97069;5.16584
13962229317;45.18468;6.48099
13962532788;45.63891;5.874
13962532789;45.64749;5.8598
13962765545;48.03971;4.91917
13962779701;49.23616;6.07507
13962827052;43.53064;5.44426
13963000372;45.73718;4.76461
13963175637;45.20321;5.73811
13964461701;45.58591;2.75661
13964597588;45.74535;-0.63846
13964716601;45.75528;4.83951
13964743159;45.74563;-0.61871
13964744820;45.74745;-0.63379
13964746170;45.75499;-0.63595
13965178026;45.20166;5.46074
13965231530;45.20197;5.4615
13965692501;45.33163;5.48612
13967195201;45.34123;5.4715
13967525852;45.42318;4.39392
13967797707;50.62031;3.05353
13967797708;50.62078;3.0683
13967797709;50.61294;3.05913
13967797710;50.63719;3.03389
13967797711;50.6362;3.03465
13967797712;50.63416;3.02047
13967797713;50.63306;3.00693
13967797714;50.6387;3.01484
13967797715;50.61871;3.05539
13967797716;50.62348;3.07866
13967797717;50.63955;3.07048
13967872561;43.14982;-0.59832
13967904225;44.88788;3.31021
13967909501;43.18062;5.71098
13968250313;47.76579;-1.97595
13968370915;45.18704;5.89903
13968387697;48.44648;4.45438
13968524967;47.73314;0.51384
13968529589;48.37913;-1.88208
13968576803;47.19797;-1.67367
13968593101;48.80486;2.15226
13968621411;47.20593;-1.75148
13968883811;45.61441;3.74414
13968907669;48.17207;6.44749
13969318466;45.61934;3.74675
13969318467;45.6193;3.74665
13969331346;46.28288;6.00634
13970082936;45.01855;3.12823
13970292501;43.76618;3.34434
13970516365;44.50373;1.18834
13970667422;45.06063;3.05791
13970849102;45.7671;4.65154
13970911538;48.8753;2.42279
13970943769;48.86841;2.41684
13970986394;43.65069;-1.43664
13971034569;48.95158;4.36157
13971186090;44.87736;1.57702
13971196446;44.87739;1.57722
13971768873;45.05264;2.93054
13971797695;45.05248;2.93367
13971819636;48.85357;2.34529
13971828421;45.72027;5.42217
13971840578;46.71961;4.95387
13971854836;44.99003;4.2671
13971860780;48.90387;2.32326
13971968731;48.93748;-0.83808
13972214751;48.87855;2.41714
13972214752;48.87807;2.41723
13972238133;48.87562;2.42111
13972313805;48.88235;2.38274
13972339129;48.77849;2.26859
13972450990;48.62206;4.70825
13972802646;44.29999;5.01292
13973002336;48.5856;7.7351
13973245252;46.09205;6.02227
13973665159;48.64258;4.94774
13973983876;45.52917;5.51497
13974075857;43.58321;7.12441
13974515454;49.31716;-1.2267
13974660403;47.53074;2.53088
13974754530;42.48731;3.12717
13974894758;47.49147;2.43826
13974901120;42.48174;3.12984
13974924460;50.62898;3.04289
13974929961;44.76515;-0.61952
13975138237;49.41457;-1.17582
13975370701;45.88221;3.00409
13977244692;44.35246;6.35718
13977711182;47.64508;2.05843
13977724887;45.76073;4.86067
13978032042;45.34596;5.05141
13978033551;45.34605;5.05187
13978163810;45.33889;5.05477
13978398342;42.62577;3.03328
13978877291;47.24555;5.98568
13979015402;42.94213;2.25446
13979203628;46.04648;6.01742
13980042275;48.73549;2.2702
13980076662;45.69213;4.94614
13980081168;45.69221;4.94515
13980314239;42.87387;-0.55521
13980463695;50.62419;3.05095
13980627519;42.90794;3.0285
13980642640;42.90767;3.02784
13980794717;47.47895;6.73319
13981370608;44.79369;6.51254
13981457864;47.39104;-1.29423
13981557152;43.28017;5.30589
13982259681;43.55091;5.03056
13982441094;43.33074;6.04257
13982441095;43.30417;6.09076
13982441096;43.38466;6.09943
13982441097;43.47691;6.18403
13982507459;42.90845;-0.57242
13982519614;42.90929;0.69947
13982897249;43.48924;-1.50535
13982914391;42.91673;0.71561
13982960061;42.92231;0.71849
13984004202;46.01153;1.43031
13985027563;46.0693;6.31693
13985033113;43.48934;-1.51134
13985529901;43.74183;-0.09964
13985692902;47.95665;0.21204
13985732702;47.9479;0.20715
13985817301;47.94558;0.20872
13985817401;47.94529;0.20886
13985825407;50.43144;2.80558
13985846701;47.94476;0.20917
13985967202;47.94088;0.20995
13985967601;47.94052;0.20986
13986001801;47.93911;0.21006
13986111790;47.74164;0.55723
13986195901;47.92133;0.2175
13986361224;44.6982;5.87588
13986466696;45.83708;2.26467
13986466697;45.83711;2.26491
13986771696;48.83837;-1.59197
13986877801;47.95858;0.21242
13986900001;47.96207;0.2209
13987495143;47.96071;0.2193
13987525618;49.40063;2.18192
13987558992;47.95633;0.21738
13987625699;46.15781;4.54612
13987705901;45.6988;4.78376
13987884053;47.04384;2.02785
13988016969;43.59902;1.37234
13988041302;43.41602;-0.36894
13988067655;45.92812;-0.55146
13988115966;43.0276;0.6168
13988309211;45.79493;4.79198
13988623701;43.33097;-0.43285
13988877501;47.95577;0.21082
13988987380;48.92364;2.33865
13989004427;48.92442;2.33632
13989044989;48.92425;2.33506
13989136001;47.93875;0.21058
13989136101;47.96095;0.21984
13989144201;47.96096;0.21977
13989240509;44.80818;5.81766
13989342392;44.75754;5.36959
13989545925;44.36012;-0.76047
13989586499;48.48792;7.69173
13989586500;48.48587;7.68833
13989594024;44.89453;0.1305
13989632901;49.1397;1.65978
13989637501;49.12197;1.63996
13989677407;44.90699;5.85531
13989806795;47.6434;6.44074
13990005101;44.39891;-0.3528
13990070301;44.39877;-0.35411
13990256201;47.95454;0.20704
13990407012;45.22789;6.40485
13990515601;47.33463;5.09156
13990544352;48.83118;2.41709
13990690395;48.79829;2.23368
13990805500;44.30415;3.97306
13990824075;44.30375;3.97341
13990824949;45.51879;5.4015
13990868326;44.93459;5.86029
13991196022;42.86832;1.59758
13991788225;50.26749;2.89062
13991793341;48.88026;2.70783
13991801505;47.96921;2.09107
13991952002;43.299;5.3673
13991958108;48.57915;2.43542
13991975085;43.0927;2.62018
13992022182;48.66644;6.17775
13992162601;43.29927;-1.03441
13992363855;47.17816;2.15947
13992571762;47.71941;-1.37383
13992636858;45.08163;4.77684
13992682350;45.05456;4.74673
13992682351;45.01102;4.70222
13992682353;44.98583;4.68698
13992714784;45.06767;4.84305
13992714785;45.06805;4.84146
13992714786;45.17987;4.93031
13992714787;45.07673;4.89091
13992919758;48.8497;2.3788
13993033396;45.95591;6.63828
13993374846;45.04906;4.98434
13993374847;45.05696;4.92557
13993374849;45.0613;4.91446
13993421543;45.73262;4.85721
13993421562;45.73272;4.85708
13993543697;46.05327;6.80071
13993626908;46.05658;6.82101
13994324758;47.5254;5.10177
13994331756;47.64276;5.07918
13994345109;47.59342;5.32351
13994357940;47.47969;5.0668
13994378671;47.50578;4.78196
13994379040;47.36448;4.99468
13994458305;43.07807;0.5732
13994547927;47.71927;-0.66664
13994652697;43.57882;3.8206
13994652698;43.57749;3.82671
13994652699;43.57493;3.83383
13994652700;43.57547;3.82998
13994678701;43.57698;3.83043
13994678702;43.57752;3.81972
13994678703;43.57693;3.82456
13994678704;43.57854;3.82312
13994826001;46.59126;-1.39201
13994891928;48.80032;2.12886
13994965801;47.32322;5.02702
13994965901;47.32295;5.02817
13994966001;47.3233;5.02698
13995001109;46.422;4.82271
13995123786;45.45311;6.13767
13995166702;42.46029;3.15571
13995246465;47.6888;2.47867
13995442101;45.83834;6.57819
13995906854;44.49503;3.72775
13996071304;43.31531;-0.86856
13996207825;46.0002;6.1679
13996327583;48.8851;2.38224
13997049230;44.3367;3.44829
13997049231;44.3209;3.47781
13997049232;44.3715;3.52455
13997049234;44.3686;3.5248
13997071190;43.84096;4.3603
13997118802;47.93048;7.3445
13997388901;41.38753;9.16009
13997616825;49.09268;2.36436
13997652830;44.71633;5.88319
13997677042;44.72503;5.88697
13998036044;48.75983;2.28712
13998053689;45.53171;4.92414
13998210612;49.63172;-1.84877
13999520083;45.37967;6.07503
13999578689;43.7737;1.29556
13999984901;44.75196;-1.17422
14000155036;46.15669;6.66822
14000156602;45.06354;6.21931
14000215235;45.62;-1.03461
14000380246;46.64128;5.90523
14000657182;45.04983;6.14122
14002012261;43.49124;-1.47959
14002047480;47.19045;3.22814
14002553043;48.83818;2.44343
14002588360;44.93504;4.92291
14002737888;48.87711;2.7046
14002815002;45.28306;4.44469
14003030401;44.3952;-1.16201
14003059801;42.9348;-0.63403
14004259601;44.12133;5.02725
14004260801;44.12293;5.0305
14004406024;43.49071;3.79652
14004412591;44.96107;3.93533
14005111577;49.00269;2.36238
14005210025;47.75131;7.3331
14006115701;48.842;-3.22883
14006222301;49.43612;0.9278
14006251865;44.53099;4.39954
14006268190;44.81127;5.46066
14006282575;44.55001;4.41484
14006418872;42.75641;1.50324
14006447944;44.48426;1.84549
14006537603;50.42154;2.87041
14006537604;50.42017;2.8698
14006537605;50.42225;2.8707
14006537607;50.42082;2.87008
14006537608;50.41986;2.86884
14006955953;45.8462;4.83188
14007002622;42.82463;1.61812
14007135843;47.56274;-0.42414
14007748001;45.49644;6.50235
14007748101;45.49787;6.50369
14007748102;45.49448;6.50207
14007907101;45.18703;5.899
14008131938;47.32955;1.06684
14008188266;45.75966;5.93068
14008270552;50.65164;3.02108
14008350887;50.65699;3.02002
14008379838;48.83426;2.33135
14008427136;50.65809;3.02727
14008438405;50.65771;3.0285
14008509611;48.60663;-4.50715
14008524901;46.55841;6.0662
14009724706;45.72297;5.92006
14010765799;44.28765;2.00162
14010823465;43.91505;6.54158
14010839401;46.33519;4.61553
14010851311;44.40686;4.42814
14010911187;50.64425;3.02559
14010961755;48.97922;-0.23646
14011055711;50.2156;4.09732
14011067217;47.55024;1.5362
14011206482;48.44501;2.60682
14011217368;46.19424;6.42782
14011481827;43.12943;6.15962
14012394301;48.83565;-3.31456
14013864031;43.10035;-0.04232
14013955062;44.91019;0.24048
14013956823;44.91136;0.23622
14014165439;45.25411;3.53917
14014208557;44.95221;0.2263
14014265370;44.9456;0.1863
14014345730;42.80892;1.25841
14014385589;43.46043;1.1116
14014400575;44.94466;6.56852
14014424427;45.30821;5.95737
14014451536;45.30967;5.95775
14014546101;46.69315;6.16511
14014546201;46.69425;6.16807
14014584229;48.41191;1.59865
14014592382;47.2103;4.72582
14014614981;45.5839;4.53954
14014669069;42.94124;1.52519
14014855326;43.78381;4.09026
14014945401;49.07714;6.18174
14015235919;44.70119;4.4581
14015492705;48.92829;1.84405
14015643969;49.42857;1.08543
14015654546;49.25903;4.0245
14015654554;49.25675;4.02481
14017091802;47.77116;6.99383
14017244501;44.7249;4.30335
14017244601;44.74012;4.24415
14017476183;47.20793;-1.55838
14017625547;43.5732;2.9678
14017789476;48.07242;7.34675
14017809868;47.24494;3.22468
14017823853;47.26238;3.19069
14017823854;47.25902;3.19238
14017834952;47.23728;3.4036
14017834953;47.24661;3.36743
14017843734;47.63661;6.84507
14017844853;43.81007;7.5005
14017872901;43.62734;6.82157
14017892201;43.62823;6.8183
14017905614;49.58553;-1.26215
14017905622;49.58601;-1.26198
14018020719;43.27444;-0.50799
14018051471;47.32309;5.02791
14019500401;43.15969;1.94223
14019560163;47.2751;1.40054
14019627962;47.5427;4.44911
14019627963;47.54348;4.44862
14019627964;47.75962;4.1734
14019627965;47.19202;4.62395
14019698845;47.24016;-2.27836
14019868214;48.82616;2.25038
14019895884;47.12839;3.10103
14019895893;47.24333;3.18414
14019896744;47.28567;3.35053
14019915201;43.35112;3.22009
14019922513;47.12835;3.10265
14019938336;47.21531;-1.55025
14019942324;46.02645;0.51562
14019945595;47.6536;-2.75908
14019997308;47.23864;3.25122
14019997309;47.24352;3.25512
14020012121;47.14382;3.20204
14020012124;47.2201;3.36742
14020022496;47.18549;3.07752
14020042906;47.08569;3.19885
14020057522;47.18464;3.07201
14020076598;47.17672;3.02811
14020169902;46.75355;6.31463
14020171101;46.75442;6.31661
14020171102;46.75412;6.31582
14020224782;48.94224;2.25393
14020299206;43.1786;-0.602
14020334122;48.82851;2.29751
14020400389;48.83214;2.29875
14020408215;48.8318;2.30169
14020436010;48.94487;2.25062
14020566654;43.31537;5.42387
14020765305;43.99321;1.87349
14020860782;44.11343;3.89174
14020913001;47.38268;6.50855
14021917301;47.77176;6.99398
14021997762;47.32975;-0.18352
14022070951;47.35657;-0.25254
14022308175;46.21713;0.4871
14022425369;45.93943;-0.88206
14022425374;45.93876;-0.88105
14022425376;45.94335;-0.89156
14022633688;47.4717;0.99755
14022638239;48.40688;7.44411
14022641216;48.40707;7.44396
14022688537;44.13243;3.34765
14022813821;47.32178;5.02851
14022838712;47.34088;1.24089
14022968923;45.46066;6.74409
14023079233;45.18654;4.73656
14023672906;47.33982;1.23999
14023749753;43.69842;1.81499
14023751807;47.39176;-0.86057
14023771632;48.9496;1.70534
14023771633;45.01896;6.0482
14023933436;45.63059;-0.07474
14023940311;43.64114;-1.17569
14023999201;43.20711;2.36304
14024023592;43.93102;5.71358
14024043078;44.62023;4.38681
14024056601;44.19616;5.94117
14024077201;43.67526;4.62127
14024099882;43.23796;1.1556
14024191601;48.93579;2.2585
14024424854;45.59802;6.64317
14024681424;48.933;2.25679
14024839586;47.24541;-2.16979
14024948466;45.64084;5.87355
14024950290;49.92403;2.30914
14026354117;42.94538;0.88821
14026396463;47.20614;-1.78541
14026402867;43.86514;1.50442
14026479992;48.55433;3.01349
14026580693;46.50608;2.62998
14026872047;49.375;-1.80302
14026963963;46.78367;4.85368
14027060591;43.56985;1.48088
14027156002;45.43607;6.27676
14027175202;45.05305;2.79372
14027203570;44.18778;0.80042
14027241144;44.88026;0.9474
14027241309;43.12719;-0.30254
14027331856;47.48654;1.11435
14027381677;48.00836;0.19662
14027485998;48.30238;-4.24908
14027511726;48.83385;2.35034
14028248327;46.16056;6.20659
14028306486;48.77124;2.45225
14028322001;46.44445;-1.62967
14028456147;44.93324;4.89371
14028463245;43.68919;3.74617
14028594287;45.49111;6.63145
14028629639;47.20184;3.39863
14028629640;47.19743;3.45115
14028629641;47.21774;3.42829
14028629642;47.15727;3.38378
14028629644;47.1361;3.03261
14028629646;47.2343;3.07312
14028640500;45.34025;4.4204
14028642149;47.04868;3.19956
14028642151;47.05543;3.22413
14028642152;47.24715;3.31247
14028669322;47.17812;3.33593
14028717001;43.97234;3.03092
14028765501;45.36996;5.58636
14028798530;50.61808;3.07677
14028889301;43.11209;2.29074
14029326501;46.33058;5.67893
14030486601;43.42166;0.55803
14030650039;49.0373;2.6368
14030729976;48.63236;-2.05739
14030764462;47.41057;0.99189
14030918504;45.5031;4.68484
14031017802;47.93778;0.65733
14031655601;42.97527;9.37978
14032181767;48.39779;-4.26928
14038764501;43.26163;0.29199
14038795004;47.33144;1.24336
14038812027;47.7776;0.79787
14038819040;47.51366;0.91079
14039546601;47.14515;3.85933
14039597078;44.03076;2.1428
14039722101;42.86624;-0.17354
14040062203;43.68668;7.10567
14040082759;44.64159;-0.97669
14040800801;45.76077;4.86067
14040870401;47.14464;3.8542
14041345201;47.11949;3.99134
14041353397;45.7468;4.96474
14041367517;45.55994;6.15561
14041525077;43.09773;-0.05749
14041846237;47.30984;5.09903
14041922032;44.95912;3.78252
14042207858;46.78521;4.85862
14045260379;46.78389;4.86064
14045654403;42.76872;-0.00609
14045757923;45.35282;5.49632
14045875375;50.74814;2.25237
14045875376;50.75534;2.24846
14045875377;50.64464;2.40672
14045971101;47.69636;-2.89698
14046260035;49.31284;0.27971
14046263201;48.77682;1.80767
14046908564;45.43833;5.75457
14047116104;45.61322;5.39093
14048099687;42.81618;0.31402
14048216600;45.43896;5.75436
14048232860;45.6204;6.82006
14048232861;45.62317;6.81098
14048295508;44.85958;-0.56158
14048340140;43.70409;2.67297
14048980598;44.38938;0.81708
14049074601;47.77473;1.63105
14049115001;45.80806;6.70405
14049305079;47.81126;-1.94682
14049347801;44.06219;6.0911
14049354596;46.19572;6.25458
14049401601;48.76013;2.3008
14049413118;47.81162;-1.94784
14049478272;50.64987;3.05586
14049581831;46.69386;4.139
14050469092;45.54937;3.10695
14050469094;44.866;-0.55989
14050667091;44.32282;3.5962
14050691362;44.8947;6.709
14050747602;46.98876;1.17126
14050774614;46.55837;2.20314
14051221750;43.77313;1.52826
14051296373;43.29543;5.37554
14051611219;45.52546;6.24031
14051683981;49.32909;6.47755
14051691649;45.34025;4.4204
14051828001;46.94682;6.44785
14051842363;45.21314;5.67017
14051932067;43.58954;1.49122
14051952892;47.80585;7.17954
14051992124;45.42285;-0.64137
14052023151;45.75224;4.89776
14052031201;43.35289;1.81007
14052047953;45.94872;5.83287
14052047954;45.94873;5.8329
14052239101;45.85763;4.4768
14052502506;42.89966;1.45251
14053260171;43.47536;-1.20309
14053311696;48.75076;6.06018
14053410727;45.00667;5.69867
14053460493;47.43168;-0.5226
14053548718;46.46168;2.71507
14053721784;45.2244;4.55067
14053724189;48.83696;2.72626
14053724190;48.84618;2.67191
14054426051;43.73427;3.98033
14054769101;46.10131;6.09742
14054776334;45.75974;4.85721
14055735263;46.15122;5.14151
14055735264;46.09127;5.48313
14055803804;45.58583;2.73973
14055808224;47.06278;2.39854
14056129201;43.10124;-1.23893
14056174707;42.72393;3.01722
14056174718;42.72413;3.01706
14056174723;42.72382;3.01706
14056499197;48.81028;2.3001
14056537001;48.81191;2.47443
14057101787;47.53632;3.6331
14058091895;47.11468;-2.10221
14058286087;47.71275;2.21265
14058365587;47.68583;2.33419
14058482556;44.51548;2.81506
14058655888;45.70583;6.10448
14058684901;49.89249;4.74655
14058752813;48.0387;7.13328
14058955663;44.53894;6.49551
14058955670;44.53835;6.49635
14058964546;45.87933;6.37259
14059028599;44.9384;4.8839
14059029115;44.931;4.8799
14059037006;44.92889;4.88551
14059046501;44.92526;4.88886
14059073302;46.50582;-1.73623
14059478529;46.41395;-1.55264
14059478530;46.41366;-1.55344
14059478531;46.41433;-1.55382
14059478532;46.41463;-1.55424
14059478533;46.41416;-1.5513
14061235239;45.82159;0.81908
14061392001;42.65775;1.8385
14061401000;48.38726;-4.26844
14061418607;48.38716;-4.26817
14061421664;50.96975;2.16442
14061557717;44.93142;6.59291
14061711526;47.27731;0.62691
14061741601;46.49834;6.02738
14061779401;46.48047;6.02548
14061860161;46.11284;6.69996
14061879719;46.11425;6.71093
14061898021;48.5761;7.62908
14062074292;46.79814;5.61787
14063172862;44.16457;3.54965
14063511250;45.75807;4.89524
14063615945;46.81858;3.81373
14063715520;48.88998;2.45113
14064132101;44.99549;6.38528
14064145001;44.83452;-0.56213
14064319301;49.07635;6.07293
14064509160;44.97409;6.50535
14064533261;49.00101;2.12569
14064718464;43.47086;5.95238
14064874882;43.53774;5.29506
14065026845;44.98627;3.64798
14065608401;45.31296;3.07043
14065608402;45.33547;3.05954
14065618602;45.29287;2.87993
14065618701;45.32389;2.88505
14065618801;45.34414;2.87051
14065857601;42.33488;9.49476
14065956184;44.97287;0.03833
14066009953;44.89249;0.10503
14066350196;48.8182;2.26788
14066751230;45.67881;6.27461
14066802237;45.6877;6.28533
14067216569;49.21622;2.41888
14067668218;45.61035;4.06321
14067707575;45.37139;6.34778
14067828500;46.64388;5.17529
14067880501;45.47516;3.29861
14067912393;46.10984;6.07627
14067967401;46.48989;1.5998
14068105944;45.70742;3.04028
14068135923;47.25388;5.08494
14068696802;47.38939;0.69345
14068941106;47.34649;6.80406
14068974725;43.20687;2.36395
14068976308;43.20709;2.36302
14069070864;46.06306;6.04805
14069089809;49.56824;0.47675
14069089810;49.53731;0.50724
14069124222;48.69451;6.18374
14069965766;45.67211;-0.42303
14069992190;44.67124;6.32379
14070051601;48.00769;-2.28639
14070221065;45.87902;6.17572
14070249697;45.71545;-0.55912
14070389501;47.9539;-2.54656
14070453718;48.5941;-0.6512
14070621067;47.54535;0.74568
14070624633;47.46576;-0.54917
14070664406;47.58835;-2.71767
14070715954;45.27198;5.61327
14070822560;45.58827;6.88386
14070953446;44.25796;6.92462
14071214897;43.57327;1.4803
14071239171;43.60473;1.44125
14072263901;44.3491;6.50489
14072270591;47.22508;2.06082
14072365606;45.14525;5.47998
14072365607;45.07982;5.48459
14072431820;45.35079;2.48431
14072617998;46.08268;5.44366
14072658889;45.26705;-0.22607
14072663302;47.04098;0.90705
14072733700;47.66427;-2.98185
14072899601;46.87847;2.93501
14073174887;48.26984;4.08039
14073195971;48.29602;4.06515
14073196518;48.29831;4.07981
14073299088;47.22025;5.96873
14073455866;47.31026;4.50116
14073648901;43.69929;7.12172
14073657601;44.6055;6.08096
14074288114;46.00451;5.50976
14074312962;47.15765;3.27177
14074312963;47.12191;3.2269
14074318703;47.20298;3.18562
14074336905;47.13684;3.07673
14074336906;47.18023;3.33579
14074336908;47.28909;3.34456
14074336919;47.11263;3.05105
14074362305;47.1724;3.00659
14074362311;47.17836;3.01745
14074363401;45.95794;5.47245
14074558401;43.91648;5.92553
14074635889;48.36164;-4.26521
14074679952;45.60809;0.47572
14074719633;48.76554;4.29528
14074857150;43.70902;7.27219
14074867878;43.70901;7.27256
14074979975;47.26441;5.39191
14075017783;45.40577;1.48282
14075057514;46.39245;6.80252
14075159333;45.63326;5.1114
14075202586;45.57275;6.74232
14075239506;45.58139;6.74849
14075239509;45.59402;6.75786
14075439224;45.40775;1.48452
14075499628;43.33167;3.04295
14075568994;44.92227;-0.23626
14076094204;43.75719;4.50606
14076102401;43.75733;4.50675
14076193606;43.48541;-0.77551
14076244373;43.65422;3.64102
14076277703;48.67815;-3.57024
14076291887;45.93254;4.78443
14076335801;45.94968;-1.3084
14076341320;48.51586;7.7071
14076380781;45.64585;5.72482
14076383872;44.83042;-0.56682
14076392699;45.4074;1.48515
14076440401;45.40642;1.48579
14076440404;45.40675;1.48289
14076579801;48.80968;-3.54694
14076889802;41.64763;9.1773
14076915601;42.68515;1.78151
14077024260;44.7975;-0.63131
14077161001;43.20979;-0.36186
14077294671;43.21806;2.35195
14077338058;43.60162;1.4397
14077353818;43.59289;1.44504
14077362370;43.60148;1.43894
14077370620;43.60604;1.44565
14077452901;47.3716;4.79913
14077453002;47.32107;4.79853
14077556984;45.96025;2.11615
14077556985;45.92184;1.82077
14077556986;45.667;2.19497
14077583401;44.6579;4.41142
14077709953;46.15974;-1.15116
14078107808;45.03982;4.34979
14078207702;43.05669;-0.44966
14078280897;45.57349;2.80956
14078526201;44.99169;4.97871
14078719493;47.98119;-3.04508
14078856302;48.60113;-1.51212
14079226306;45.32036;6.99388
14079446019;46.23593;6.58245
14079831489;45.4083;1.48469
14079831490;45.40819;1.48286
14079840184;45.61946;6.0799
14079892628;-21.20255;55.57964
14079892629;-21.20218;55.57959
14079896343;44.87473;0.1533
14079901222;45.09626;4.05906
14079971609;45.77168;6.13155
14079989304;46.95452;-1.24617
14080063385;46.66538;-1.71282
14080063387;46.66318;-1.71364
14080134001;44.82482;-0.5816
14080145929;47.97666;-4.10048
14080348901;44.05234;3.98467
14080614827;50.65867;3.23275
14080632182;45.08181;-1.18984
14080828124;50.44026;3.03764
14080828125;50.43933;3.03747
14081024701;48.97777;-1.54115
14081385869;48.60291;1.64592
14081617816;43.05678;2.92231
14081625086;43.94679;2.8943
14081636584;44.48077;3.45541
14081655668;43.7349;1.51672
14081655746;43.73534;1.5164
14081685701;49.55531;-1.78509
14081788611;45.87723;4.27452
14081812256;45.87344;5.68761
14081813847;45.34509;2.43357
14081813848;45.34648;2.43493
14082032801;42.881;-0.55953
14082102002;42.88123;-0.55966
14082106201;48.51229;-1.97618
14082205191;49.68654;-1.28211
14082246402;47.31561;5.02631
14083724082;49.01109;5.69035
14084929349;48.26591;-2.14578
14084936264;49.14474;5.52443
14084955436;49.24261;5.17827
14084960157;49.85546;4.79742
14085010932;49.85545;4.79794
14085016373;49.85573;4.79795
14085182761;47.63602;-2.94409
14085325330;49.71165;-1.91527
14085397019;50.82422;1.60049
14085397020;50.84819;1.78389
14085473040;47.64104;-2.76164
14085714383;44.84471;6.14654
14085714398;44.84143;6.20467
14085737303;45.72839;5.7822
14085742692;46.35227;4.01031
14085838173;47.65913;3.73061
14085888939;45.58578;6.88433
14085888954;45.59102;6.87429
14085920102;46.43539;5.71723
14085944904;46.14299;6.71463
14085990521;49.10652;6.0929
14086068959;47.8701;-3.88173
14086068960;47.87003;-3.88184
14087019139;45.74631;4.88563
14087394257;43.49525;6.36232
14087450365;43.4454;-1.58871
14087457426;48.41634;-4.49543
14087472202;41.88519;9.14589
14087556164;46.06996;3.66498
14087556165;46.07227;3.66868
14087567358;47.32842;-0.09878
14087656747;45.94172;6.89734
14087738701;45.03101;2.25395
14087839719;45.8309;3.09494
14087901213;48.00383;6.87413
14087997302;47.98019;3.39968
14088284102;43.1111;6.13205
14088284103;43.11094;6.13202
14088419271;45.29021;5.84911
14089111430;43.80852;4.99859
14089218689;45.99457;3.13361
14089389438;47.4253;2.66126
14089529037;50.6086;3.23868
14089747606;44.83972;4.6024
14089848534;48.63143;-1.38749
14089990002;48.57475;-1.76379
14090089662;43.67567;4.62894
14090200725;43.6953;7.27692
14090220632;44.42931;5.7156
14090341071;46.59136;0.3808
14090370735;43.96756;7.48933
14090631601;49.0493;1.02047
14090631701;48.93508;1.39523
14090683623;48.28973;7.1102
14091440422;48.51592;1.5844
14091519802;44.98978;6.11609
14091640188;46.03813;2.71152
14091987305;45.57095;5.91972
14092030301;48.01172;-0.741
14092101527;44.03476;6.11869
14092182234;42.44174;3.16333
14092193001;44.97372;6.06947
14092201893;44.93212;0.61962
14092209854;44.69457;5.18264
14092647193;44.81452;5.74984
14092661002;44.056;7.58758
14093005370;45.27927;2.78801
14093005371;45.18768;2.70643
14093084601;43.5289;-1.14987
14093104924;43.79235;-1.40745
14093112646;43.7945;-1.40652
14093122835;43.79514;-1.40539
14093123904;43.79411;-1.40575
14093124402;43.79232;-1.40645
14093124613;43.79292;-1.40676
14093817839;44.94424;5.15135
14093835846;44.94415;5.15155
14093994184;44.64758;0.34092
14094105288;44.54791;0.23728
14094176348;43.63808;-1.43017
14094381223;48.83419;2.51343
14094505788;47.61109;5.15641
14094579491;48.90116;2.16249
14094726429;44.12768;1.8791
14094758927;47.1578;6.60617
14094802201;45.76646;4.82756
14094802483;47.36344;0.73056
14094945888;44.82008;5.75367
14094945894;44.82003;5.75293
14095450957;45.87441;5.68657
14095593421;47.34036;-2.50616
14096027128;48.4598;6.96475
14096167635;48.11314;-1.59132
14096178819;48.53754;-2.14248
14096209802;43.77079;3.95638
14096225780;44.79957;0.32728
14096382579;44.77259;0.32696
14096394903;44.77309;0.32673
14096395050;50.62879;2.96381
14096445259;44.82726;0.25598
14096445268;44.82756;0.25375
14096457599;44.8269;0.25565
14096505064;47.28556;2.57925
14096520344;44.82693;0.25578
14096545846;44.85097;0.25767
14096567741;47.31766;2.85912
14096579111;48.83999;2.5078
14096582601;47.53874;-0.61593
14096694501;44.35343;3.94879
14096716456;47.40797;-0.47602
14096732571;43.28749;-0.75404
14096810215;46.92747;2.79081
14097744074;45.51038;6.27991
14097928292;44.34893;6.5059
14098541402;46.76774;5.59243
14098542161;43.22808;3.13796
14098706501;42.8478;1.37821
14098791902;45.12082;5.99928
14098880002;43.89197;2.16991
14098880401;43.89385;2.16943
14098896029;50.71204;3.00471
14099015451;46.00986;6.16693
14099015766;49.13726;1.94314
14099060656;46.01914;6.16999
14099062533;46.01002;6.16847
14099062561;46.00956;6.16901
14099192150;50.71191;2.93686
14099232253;50.68121;2.99481
14099242021;43.49848;6.35244
14099261743;43.85834;5.20234
14099357337;45.95265;0.78056
14099420598;43.90954;1.98397
14099475070;43.18268;0.22282
14099601510;45.79319;6.50343
14099626515;49.21178;5.30072
14099626516;49.21183;5.30318
14099793474;48.87869;2.64093
14100328393;-21.24925;55.47102
14100651203;48.76337;4.80675
14100679970;43.57849;1.47478
14100722764;46.31828;-0.77564
14100855402;47.89013;5.98015
14100874462;47.19831;-1.42467
14100892809;47.41136;-1.37487
14101051093;44.56783;6.87101
14101646802;43.13465;5.75312
14101761497;48.95555;4.37588
14101783133;48.96526;4.38014
14101900201;47.93921;-2.56743
14101900301;48.13374;-2.65284
14101909701;47.92942;-2.9009
14102666101;45.2067;3.51478
14102695893;43.98969;2.93253
14102969768;42.93682;0.14146
14103109851;45.2137;2.94125
14103109852;45.20814;2.89927
14103207101;46.6967;-2.31173
14103231618;44.46564;6.75386
14103335901;43.69836;7.27484
14103395974;49.152;-0.64623
14103400292;48.5168;1.58803
14103442275;47.9937;-4.07426
14103589836;47.99307;-4.07375
14103911322;45.80919;6.50157
14104500536;43.03703;-1.05005
14104630395;43.03621;-1.04811
14104645008;43.03697;-1.0501
14105115601;45.45175;0.45179
14105284001;43.23487;3.0721
14105357031;47.10481;4.67085
14105573401;46.95773;4.30621
14105621701;45.69263;5.89062
14105885501;43.1308;5.75098
14105960282;42.77005;2.92378
14105999902;47.86156;2.21868
14106180721;44.06913;5.19664
14106286932;44.18799;6.74775
14106293280;45.5776;6.89428
14107146502;48.96302;7.73657
14107431437;42.69415;2.9197
14107457269;42.62659;1.94411
14107486467;47.43113;1.03271
14107540659;47.61223;-3.16376
14107541073;47.45435;1.09559
14107562710;47.61157;-3.16254
14107603812;47.24378;-1.61024
14107603813;47.24371;-1.61031
14107624329;42.51364;3.10035
14107763105;43.95951;2.88569
14107934101;43.40503;2.53775
14107959943;48.09284;6.61086
14109274001;47.94893;6.97134
14109663957;47.91699;4.07727
14109697101;47.99449;-4.09199
14109699621;43.0354;-1.0489
14109826676;44.02799;3.59291
14109851457;44.03247;3.57924
14109895441;47.96523;2.34184
14109938874;48.50017;7.52455
14110048114;46.26454;2.59244
14110048115;46.26452;2.59245
14110180680;47.99203;2.61879
14110184126;47.9931;2.61366
14110225344;42.54261;3.04832
14110313601;43.72237;-1.05544
14110313602;43.41511;-1.60375
14110388971;47.02327;-2.24905
14110638042;45.13205;3.98571
14110825601;45.571;5.91968
14111915879;43.37816;-0.37401
14112034625;45.71706;0.20385
14112054962;44.92892;0.30497
14112080183;44.93069;0.30742
14112083545;44.93052;0.30772
14112207588;46.79423;0.5116
14112314037;45.59007;6.89951
14112353441;45.58986;6.90006
14112673001;48.87963;2.13061
14112673002;48.87971;2.13083
14112775702;48.89811;2.0909
14113245926;45.85251;6.20504
14114477399;46.60155;1.97861
14114625486;45.72012;5.89064
14115250360;45.16929;5.72277
14115260874;48.65731;6.48955
14115327906;46.03902;5.40731
14115359323;45.16531;5.72196
14115396696;45.16597;5.72547
14115440504;49.92492;1.06782
14115442237;49.92267;1.07079
14115603024;43.49678;-1.47056
14115628216;46.63803;1.95971
14115826001;48.73926;1.48079
14115850888;43.16925;0.88511
14116186574;45.32148;5.51271
14116457330;50.76621;3.0786
14118532423;43.4609;6.48216
14118908736;43.64071;1.40076
14118910380;43.67667;1.19388
14118976435;47.00546;4.63011
14119365463;42.87329;-0.00301
14119450841;42.86928;-0.00323
14119528015;48.64935;5.3561
14119778744;48.59273;5.23631
14119848319;42.87525;-0.01069
14120008321;47.10471;4.6732
14120149478;42.55864;8.73025
14120214662;42.85089;0.52233
14120220573;49.03778;2.0806
14120402840;43.13656;5.75977
14121873791;47.03576;6.32604
14121873927;46.95361;6.12018
14121914771;45.25849;5.6639
14121927535;45.34267;5.81342
14122101250;45.03267;5.52649
14122307422;45.90512;6.12673
14122493851;43.73794;5.97183
14122493852;42.67121;1.56977
14122770354;43.12146;2.99057
14122777304;48.81681;2.10188
14122890001;45.45212;5.88435
14122961294;47.09727;4.87573
14123129410;44.88533;6.63941
14123693895;46.74672;5.9116
14123724796;48.97717;4.46931
14123889594;46.74049;5.91403
14124252621;46.03232;6.42687
14124383501;42.85351;0.20971
14124389088;50.64293;3.09484
14124389443;49.10354;6.19709
14124422453;45.05889;5.37295
14124503735;43.72454;7.1076
14124507033;45.01283;4.9325
14124683984;48.83647;2.57815
14124876921;49.06162;3.5727
14124908373;47.26943;1.86658
14125523287;48.83046;2.50642
14125909418;48.6391;-3.90568
14125919073;48.95049;4.33588
14127294202;42.70427;9.44611
14127663088;44.2353;2.75264
14127680681;42.90897;0.70062
14127996249;50.73967;3.08461
14128018303;48.58435;7.73624
14128472959;48.63909;7.09383
14128964024;45.30139;-0.23226
14129038670;44.51673;6.7574
14129039621;44.51683;6.75835
14129043453;44.51596;6.75692
14129079646;43.45202;6.30319
14129171727;47.16924;5.88832
14129449041;47.1237;5.56086
14129462331;47.28621;0.30662
14129532089;48.93775;4.37708
14129609555;46.18791;5.22583
14129609556;46.18905;5.22805
14129842805;42.01263;9.064
14130627816;49.18249;-1.57443
14131226816;47.88107;-0.98129
14131233001;42.86623;-0.17355
14131245932;42.9824;1.14477
14131376429;42.69597;-0.03344
14131616402;45.3533;-0.5134
14132029057;47.9254;6.47703
14132684521;50.47845;3.20554
14132763431;45.53788;5.8937
14132806767;47.2164;-1.59854
14132821347;48.86554;2.3167
14132824315;47.21637;-1.59865
14132858501;43.29947;5.39768
14132979418;48.80418;2.43567
14132987342;48.80478;2.43707
14132987583;45.8083;1.22436
14132987584;45.80813;1.22369
14133039368;45.8074;1.22334
14133098263;46.6006;5.85451
14133249441;45.35976;1.56895
14133295238;45.32912;5.90224
14133295306;43.48248;-1.55464
14133654371;45.27526;2.20227
14133696942;48.74622;6.18821
14133758033;48.85267;2.40901
14133802701;48.44889;-4.25772
14133832762;44.8099;4.6362
14133832767;44.80998;4.63564
14133832773;44.81007;4.63589
14134285623;48.84041;2.54134
