29046451;43.53639;1.51473
32459420;43.76239;1.58207
33583489;48.2135;-1.50583
35129186;42.73289;-0.009
38459142;47.65606;-2.75273
38461725;42.61738;2.42318
61762724;42.58623;2.36443
81757615;45.76946;4.83045
95122448;47.65967;-2.75726
95836798;45.76002;4.82635
104216330;43.49356;3.71853
104245748;43.54472;3.79525
104249633;43.54901;3.7965
108609904;47.66696;-2.98685
157219205;45.72675;4.89303
165132444;46.04077;4.72742
165132446;46.04116;4.72613
181792814;48.89098;2.22056
190464723;45.73606;4.76402
191874130;45.50308;6.04344
191916914;45.21939;6.47334
206945829;47.79442;1.05923
218239340;47.80205;0.99076
228451856;48.8843;2.23887
228451866;48.88358;2.23763
241928858;47.0259;2.38022
245384990;48.11388;-1.66632
245384991;48.11548;-1.67159
245490205;45.74411;4.87114
246837942;45.90505;6.15077
246837943;45.90446;6.14617
247942942;43.43671;1.61844
248854720;45.52609;6.67329
249172778;44.18952;7.14991
249498602;45.75183;4.82398
250069407;43.6034;1.43497
251009318;47.33384;5.07308
252711037;48.65975;2.24293
254117473;47.32305;5.04408
257102757;43.46783;5.65589
257109600;45.74442;4.82366
257929149;47.32517;5.0204
258311983;48.84553;2.30191
258317439;48.84983;2.32306
258325038;48.85138;2.34279
259289448;48.83718;2.2968
259289513;48.83601;2.29342
259979437;45.77762;4.91729
260232744;48.83909;2.28256
260381046;48.84467;2.31107
261600751;49.03675;7.94136
261645176;47.32487;5.03219
262552071;47.32207;5.04068
262667442;47.5682;-2.94336
262693482;47.33267;5.05446
262964096;48.84527;2.36925
262998572;45.77034;4.85688
263034052;47.33816;5.05435
264098750;48.84286;2.29782
265199930;48.07353;7.35646
266183490;47.89681;-1.68711
266630600;48.84734;2.31096
266632074;48.85162;2.32517
267983650;48.15577;-1.71596
268944831;48.0772;7.3544
268984245;47.279;-2.41984
269063413;45.81349;4.71509
269063414;45.81418;4.71554
269479076;48.53836;0.2461
270479420;49.33995;-0.6213
270482073;49.34923;-0.75677
270491706;49.343;-0.69141
271932176;43.20645;2.36597
271932187;43.20512;2.36335
272091435;42.90626;1.24917
272512678;43.09716;-0.05629
272841776;46.32862;1.9045
272843900;46.29762;1.82392
273529893;45.77416;4.82357
275323489;47.11328;-1.49178
275723540;44.81781;5.90641
276362100;47.26002;-0.07425
276372787;45.17388;5.07052
276630554;48.93113;8.15211
276683743;48.86247;2.45488
277703478;47.87941;0.8074
277770538;48.84538;2.29218
278060797;49.01109;7.9295
278234319;45.115;5.32703
278502268;45.94022;6.88317
278911326;46.17314;-1.38138
278956575;48.45399;-4.3357
279461568;44.89045;6.44623
279480468;44.88252;6.44366
279480488;44.88453;6.44735
279480519;44.88554;6.44806
279980988;47.93464;-2.62592
280127029;48.8553;2.41521
280157902;44.84055;-0.55976
280287146;44.84173;-0.54673
280390885;44.88465;6.45066
281571238;48.09821;-1.74213
282061970;48.6705;-1.85545
282274440;48.69463;-1.84943
282274886;48.7007;-1.85022
282770339;48.40835;-4.39819
286771133;44.8111;-0.54613
289137113;44.84313;-0.54549
289443931;49.03069;7.96852
289618672;47.98642;-4.46263
289644601;47.2522;-0.08062
289952826;48.76941;-3.02551
289982134;46.27203;6.09754
290072011;48.02426;-1.74892
290106128;48.02445;-1.74574
290493924;48.2187;-1.57876
290784139;48.77827;-3.04707
290835192;48.626;-2.83471
292747626;48.57805;-2.56603
292867204;48.27932;-4.59801
293491958;47.73094;0.77607
293909925;47.35616;-0.85888
294162565;48.87844;2.37395
294644976;47.79055;1.06569
295002447;47.35014;2.19571
295902256;47.35512;-0.76126
296548863;47.16764;-2.1633
296575663;48.66461;-2.29185
297029566;43.94857;4.54068
297029786;43.95243;4.53474
297191514;43.10375;5.92755
297193937;43.10143;5.89145
297517139;47.22451;-1.57018
299137547;50.95257;1.85106
300712665;43.78612;4.40027
302610927;47.36305;1.40323
302871330;48.11458;-1.67795
302945580;47.22382;-1.5981
303075984;43.95251;4.80553
303307021;43.95226;4.80831
304826559;48.64429;0.21423
304882878;45.18745;5.72387
305283679;48.58875;-2.55267
305690792;48.41528;-4.49172
306389594;44.83284;-0.59441
306651400;43.57241;3.95049
306651448;43.5721;3.9516
306651450;43.57239;3.95187
306651464;43.57089;3.95083
306654072;43.57263;3.95073
306654079;43.57107;3.95339
306684148;43.5709;3.95171
306912848;48.83966;2.30196
307922712;48.00096;-1.77686
308113484;48.84655;2.28478
308136519;48.3719;-2.04375
308210107;48.84914;2.30353
308684523;48.8543;2.3051
311476320;47.79187;1.07055
311478881;47.7923;1.06505
313602456;45.06439;0.4277
313747876;44.98053;-0.17996
313752333;44.88384;-0.26946
314452870;49.56201;3.61043
314507692;48.03325;-1.70704
314738439;48.58554;-1.50454
314918739;47.84417;-0.19934
315104569;44.97946;-0.17924
315105549;44.88643;-0.26802
316055923;47.80338;1.03468
316132301;47.98127;-1.71902
316377064;48.04238;-1.70656
318476450;49.14489;5.70838
319590133;45.18887;5.72403
319621624;47.99711;-4.10009
320952635;48.84613;2.34005
321677065;48.72054;7.11625
324253089;45.37698;6.56332
324266811;45.37248;6.65146
324385504;47.20744;-1.50509
325004414;47.98597;7.04891
325030271;43.45541;5.31697
325229187;44.09619;3.124
326257438;49.2706;1.21257
329563515;48.11806;-1.60495
330608578;47.19489;-1.53362
330952894;44.89938;-0.64022
331230640;48.01354;-1.59111
331264659;43.56764;7.11498
331636629;45.84494;4.85352
336095553;43.562;1.46675
336095562;43.56117;1.4682
336263303;42.62576;2.4283
338809416;43.77497;1.68148
338967514;45.26826;1.77192
339425486;45.37678;1.69898
339877349;46.21181;5.95415
340428678;42.60131;2.48435
343472652;43.77303;1.68685
343479065;46.42194;-0.81862
343479173;47.79611;-4.28043
343527939;43.9564;2.88662
343527968;43.95812;2.88411
344171831;47.79428;-4.28327
344384018;48.7766;2.44783
344892582;47.80203;-4.28017
346317681;45.74462;4.22029
346983179;48.10221;-3.99938
347499647;47.79262;-4.27193
351549769;47.80802;-4.26467
354043099;47.87642;-4.12182
354962442;47.80041;-4.31781
355270148;43.61102;1.33992
355958596;45.7512;4.82709
356344919;45.74895;4.84806
357439254;45.91905;6.12865
358511350;46.03246;6.42716
360882272;48.94092;2.31885
361128470;48.88267;2.33648
362182933;47.86526;-4.12113
362773771;45.753;4.85498
362797261;45.77662;4.84361
363769885;45.76207;4.83141
363769905;45.76035;4.83045
364331134;47.69559;7.01968
364331567;47.54255;6.86236
364331724;47.40566;6.44458
364403940;44.0566;4.83203
364634569;47.35294;6.36166
364790133;47.78323;-1.45582
365168512;47.02078;4.83588
365168544;47.02141;4.84297
365168611;43.97158;2.95706
365169573;43.97337;2.96078
365953388;43.58889;1.49283
366015396;48.11641;-1.60421
366326537;45.07182;4.83475
366326540;45.07132;4.83539
366326544;45.06995;4.83834
366326548;45.07044;4.82843
367580217;48.74205;7.36157
369732157;47.79755;-4.35365
369740835;47.79801;-4.35059
370323770;47.79845;-4.32713
370436903;43.30781;-0.33943
371489213;45.64216;0.19032
372966632;49.04717;7.77436
373345774;45.24842;0.3394
373412111;48.33059;-4.77155
373718608;47.02261;4.83753
373911048;46.22574;5.77403
374212695;48.28742;6.94847
374379490;48.92443;2.22964
375957265;47.51891;-2.30581
378284422;47.3279;-2.4287
378346707;45.53929;1.51046
378370682;45.03226;1.5248
379963048;45.06926;5.55594
382608932;46.32899;-0.94769
384334787;43.48344;1.54911
384334791;43.486;1.54973
384346932;43.39083;1.71221
384346933;43.39139;1.71668
384349101;43.35295;1.8036
384349103;43.35308;1.80964
385141062;46.97665;-2.2769
385304833;43.27707;1.98946
385304834;43.27681;1.99314
385685512;43.72063;7.27686
386089561;48.83168;2.29994
386420593;46.99999;-2.24758
386569609;47.5092;2.15444
386569616;47.51106;2.15329
388175504;47.27454;-1.7819
390414327;49.04717;7.77468
390526324;47.59085;-2.80253
390526326;47.60588;-2.79305
391904488;48.85834;2.41472
392107193;43.18736;2.03372
392122280;43.99696;2.62603
392757764;46.83116;-2.1381
393178427;48.85476;2.39404
393203012;47.01736;-2.29567
393467299;47.09023;1.84454
393952765;43.88698;1.31586
393965769;43.95797;1.32696
401798277;46.99987;-2.24138
403635116;45.4938;5.9882
404721668;43.64497;1.52706
405179036;48.5044;-4.25474
410296259;45.77333;4.80814
410296266;45.77411;4.78215
410296303;45.77571;4.76787
410951221;46.96724;-2.23495
411010192;44.16843;3.03177
411197717;45.75977;4.27392
411678253;47.0145;-2.29339
411678700;47.02633;-2.25059
412057011;47.00959;-2.22157
412057284;47.02155;-2.24766
414253162;49.05372;-1.16928
414266184;43.55953;1.26775
414266187;43.56072;1.26635
414573612;45.5137;2.31816
414583053;45.62209;2.45651
415400016;47.42625;6.6702
415743118;43.52444;1.51867
416117003;49.11507;-1.09043
416702901;48.8723;2.3696
417082994;44.12157;3.58174
418419066;45.90382;6.14262
418737826;44.30093;3.32051
421430698;46.90326;6.35417
423801548;48.35773;-1.71437
426979294;48.63625;-2.46809
428854450;44.6815;-0.52792
429411075;44.1275;4.08623
430284945;43.35399;3.52962
431419313;43.28554;3.44228
431580129;43.31132;3.46913
432654659;47.99526;-4.10485
433119821;48.86338;2.37104
433323483;48.87623;2.38054
433325290;48.87787;2.38124
433334751;47.877;-4.10649
433426996;48.85868;2.38394
433725637;44.83359;-0.56147
433725638;44.83495;-0.56313
433988279;48.10642;-1.87135
434018016;45.76264;4.86176
434018029;45.75691;4.85323
434444133;45.03555;6.40046
434749162;48.52028;-0.80219
435317142;47.88127;-4.11541
435925651;45.19232;5.9677
437456917;47.70099;-0.04565
437971835;45.5182;3.69432
439846071;47.85125;-3.74762
439855772;48.68955;6.17825
440751223;47.99545;-3.39298
440831504;45.56383;5.93903
440895437;43.48786;0.92844
440895438;43.48511;0.92272
441543883;45.45325;5.79174
443702827;48.70579;2.03215
445999910;44.65828;1.56981
446200992;48.3861;2.95428
446770868;50.46595;1.75999
448297501;43.66615;1.2258
448395630;43.59762;1.43077
448758963;46.87046;6.37206
448893679;47.3864;1.95839
449189820;49.69951;-1.88255
449202628;49.67746;-1.93901
451173456;48.87104;2.36107
453084784;48.47192;-4.37363
453303556;48.36714;2.91333
453487149;45.14682;5.74592
454100573;46.78082;-1.42989
454101647;50.74495;1.73107
454365225;45.7325;4.89522
454621295;48.4868;7.4888
454973216;42.72752;3.03851
455993325;48.09516;2.07146
457344606;47.81077;-3.34272
457344609;47.81051;-3.33993
457345120;47.81135;-3.34106
457366021;47.43041;6.79738
458346684;45.04419;0.34523
459672275;42.83924;2.62125
459673446;42.8704;2.55917
460006179;43.75406;4.1502
460343741;46.1586;1.37741
460344593;46.31378;1.41971
460410937;43.73427;3.54747
461184855;47.252;0.29775
461197624;47.04358;-1.95179
461306923;43.26288;3.32711
461306924;43.26282;3.32575
462741040;48.12335;-1.86623
463507433;42.55945;1.9994
463781762;46.57362;0.33198
464543537;46.23014;0.68144
467850274;43.83988;4.35054
468355000;47.22927;2.05038
469329008;45.64946;5.88737
469731669;42.9304;1.85335
469807410;46.88034;6.14748
470265423;48.8426;2.29213
471622536;43.17954;0.97245
471858877;45.98803;-1.2934
472469228;45.79204;5.4692
473131247;43.2286;2.11394
473141131;43.19127;2.36885
473147629;43.16979;2.70256
473153418;43.78869;4.40225
473658905;46.97461;-0.21451
473742991;48.62284;7.30703
474836462;43.08809;0.13344
475909377;44.21507;4.46814
476500948;48.58262;7.75717
476512534;46.62835;1.47994
476527149;45.21562;6.88316
476698886;45.61982;4.91348
476744809;43.09708;-0.0576
476886938;48.84252;2.29774
477216732;47.39248;-2.95865
478174990;46.51639;4.6787
478214418;45.61502;4.6711
478218508;43.6012;6.99444
479157111;45.07406;5.20964
479743161;48.19215;0.9355
480130643;48.10179;-4.0021
480138151;47.89916;-3.53309
480407204;45.61382;3.68119
480690091;48.82683;2.36458
480691815;48.82669;2.34181
480696998;48.83125;2.31611
480910857;43.96641;3.85636
480926876;44.51481;4.78351
480965068;48.21252;0.94094
481101012;46.61576;-1.8637
481101025;46.69714;-1.76066
482371294;47.79468;-3.77649
482709245;46.69508;-1.93392
482835494;46.24061;0.68376
484333532;47.77042;-3.53214
485325637;43.52265;1.5086
486089373;43.10539;-0.4285
487192969;45.1002;5.24723
487219742;46.90028;6.37574
487393902;45.17593;5.21583
487466607;49.01281;7.53753
488295549;47.62357;-0.27981
488450855;46.99314;-1.81528
488470516;46.99375;-1.82508
491177100;47.3482;-3.1603
491582935;48.36258;1.14059
492007400;48.62827;-3.30111
493315286;48.83257;2.31142
493332012;48.83259;2.35617
493340481;48.83964;2.36175
493342818;48.84308;2.36434
493508653;48.81979;7.27995
493872230;49.76531;0.36622
493873199;49.76353;0.36479
493873618;49.76175;0.36411
493876995;49.75866;0.36152
493947208;49.76674;0.37307
494205139;48.16658;7.29745
494205988;48.20576;7.3622
494206827;48.24959;7.34581
494282118;47.00736;6.2998
494399991;48.92083;-0.76657
495026296;42.65231;2.86051
495420904;46.61322;5.85028
495444383;46.68969;5.63728
495773035;45.58302;6.56081
496115646;48.66716;2.38636
496152263;48.8933;2.29934
496890342;45.58545;6.50874
497734944;48.88334;2.32631
498889105;45.8931;6.13686
503309658;47.23585;4.62269
503701823;48.83525;-0.89152
504223201;48.83313;2.29951
504242962;48.84903;2.28792
504729253;48.46077;6.24381
505690963;47.31531;-3.18845
506370652;41.85975;9.40364
506467833;48.88445;2.34274
506575253;43.53542;4.13546
506698490;46.29598;1.82752
507035946;48.8827;2.34339
507035948;48.88231;2.34144
507035952;48.88181;2.35323
507044324;48.87711;2.35511
507685858;48.88848;2.34943
509209925;48.89382;8.1071
510722557;44.85145;-0.61518
510722570;44.85241;-0.59984
510734931;44.39802;1.77069
512305151;50.52061;1.59194
512697513;49.34117;6.36568
512867079;45.58878;4.04033
514420786;47.81043;-3.34956
514430582;48.85398;2.36971
514440836;48.87577;2.35625
518551673;47.82416;0.94501
520747681;44.95786;6.17624
520822315;45.43697;6.21966
521703798;47.3448;1.4774
522090148;46.57467;0.37219
523893830;43.24831;2.86143
524273383;46.2095;5.13261
525348677;47.85051;-0.3033
526807357;43.55708;1.56458
528274937;48.88847;2.31581
528850317;48.0697;-1.93284
528944655;47.16777;-1.47973
529119011;48.84922;2.37116
529119012;48.85681;2.35412
529131148;45.32349;5.93064
529398556;48.23178;0.85537
529486678;45.90042;6.125
529905872;48.86021;2.35037
530732986;43.69714;7.27303
530751945;43.18588;6.59283
530882486;48.06634;-1.9786
532386784;48.88438;2.33027
534114167;45.75994;4.84559
534150082;48.43366;-4.73052
534314160;48.45675;-4.70809
534349473;43.11151;6.29642
535927206;48.846;2.36703
538487286;-22.66231;167.43989
538797968;48.58102;7.75097
538954536;48.88401;2.35292
538972174;48.83742;2.35354
538972180;48.8379;2.35563
538978000;48.83919;2.33877
538978007;48.83826;2.3418
540007510;43.42119;-0.59772
540379602;43.56139;1.46699
540379605;43.56135;1.4662
541087854;45.11121;5.78692
541416325;48.84992;2.36673
549373008;48.63184;7.78145
549581636;48.84532;2.33774
549679554;46.64628;-0.24847
549679560;46.649;-0.25229
553084002;46.64905;-0.25073
555047605;44.15772;0.61506
558580838;48.84743;2.37179
559175625;48.68557;6.17181
559546315;46.40245;0.725
559592956;49.04828;2.0996
560453829;44.51791;-0.08233
563801872;44.83498;-0.57889
564678995;46.65882;-0.23683
565423755;46.64701;-0.25234
566586927;44.99741;6.14795
566586937;44.99696;6.20439
566708924;48.90856;-1.10394
567772722;43.88629;-0.50408
567801183;45.96004;3.47449
567880559;48.89746;2.23656
569796080;48.88823;2.32594
573417737;44.84389;-0.57424
573456313;48.88627;2.34387
574734538;43.32877;5.15343
574828574;46.56131;3.32976
576263076;46.56559;3.32948
576584480;45.94359;-0.52293
577383429;48.19457;7.31862
577774068;46.12033;3.41934
579814301;47.80708;1.06566
581055087;44.10556;1.08388
581993493;44.84431;-0.57396
582882646;48.38163;-2.37455
582886824;45.64303;6.06228
588043129;48.66936;-3.60729
592350505;45.70356;4.89724
592350515;45.70501;4.90077
595258654;47.55228;-0.18638
595290405;46.63024;-0.29667
597387422;43.65685;0.59283
597407591;48.88018;2.36732
597705013;45.31941;6.55071
599099550;45.37263;6.52905
599099607;45.39279;6.56749
599099608;45.39372;6.57775
599099610;45.40579;6.57893
599099611;45.39644;6.58561
599099614;45.38221;6.61502
599099616;45.40624;6.61355
599099619;45.40792;6.60255
599099622;45.39657;6.61998
599099628;45.41485;6.63384
599099633;45.4002;6.65392
599099640;45.42196;6.64146
599392342;48.08751;7.27805
599765872;44.4405;4.71892
600147345;48.87436;2.32046
600450822;45.39256;6.07671
600452365;44.54997;-0.25233
602088137;47.21216;2.06194
602473749;45.26351;6.5597
602473754;45.31878;6.57949
602473759;45.35377;6.5533
602861707;48.67358;-0.88617
603131560;44.85558;-0.60274
604201364;48.88449;2.34467
604201368;48.88411;2.35219
605234310;45.44281;6.44086
605236889;45.43161;6.3951
605237223;45.41656;6.38484
606113801;45.29809;6.35504
606195589;48.94115;2.49888
607017188;45.33139;7.01554
609503980;45.32055;6.99421
609531384;45.32243;7.00178
609907445;48.21967;-1.7561
610300016;44.82299;-0.57723
610401592;44.8423;-0.57225
610737314;43.28539;3.51028
610845711;46.61923;0.07432
612560471;45.54773;6.15802
612582637;45.34151;6.30702
612582638;45.34076;6.30733
612584828;45.32859;5.95529
612584829;45.3423;6.30796
613413267;47.83011;-1.31725
613413620;46.68673;-0.36301
613413628;46.68795;-0.36271
615180411;48.08162;7.35712
615724984;48.07559;7.36112
617090956;45.07917;-1.04562
618396470;45.25674;5.9956
619077838;46.84205;-0.49075
619879500;49.11156;6.17732
620022334;45.07894;-1.0427
620494098;48.87125;2.77929
621170671;48.70021;2.1839
621492064;43.56464;4.15877
621492157;43.5644;4.15984
621492213;43.56507;4.16048
621887060;48.34479;6.63444
622019094;50.08892;1.42439
622639720;45.18377;6.47308
623037065;43.55529;6.93825
624030573;46.19814;5.12318
624624583;48.9891;2.26102
627816082;47.81458;-3.70633
629017276;47.73893;-3.41103
630805713;42.69978;1.81245
630964121;46.12873;3.41603
631628031;45.83529;-0.67824
631654407;46.65958;0.07656
631764332;46.6734;5.55539
635316523;48.58345;-2.78633
635938549;47.85433;-2.00583
636190342;43.67566;4.62887
639112098;47.40243;0.71079
639270387;49.06608;2.06207
639343071;48.89173;2.19625
639615062;45.77127;4.84442
639616513;45.76503;4.8459
639641294;45.75931;4.84772
642273846;48.63512;-1.51125
642273854;48.63599;-1.51123
647896810;48.86625;2.77907
648493983;45.10293;5.87132
649517175;45.08178;-1.18978
649517185;45.08318;-1.18645
649517307;45.06807;-1.13944
649517320;45.06948;-1.14086
650849525;42.53332;2.39619
652700948;42.56609;2.38056
652841398;47.1994;-1.58914
652972355;43.89338;5.11582
655329083;44.66044;-1.17036
655329157;44.66338;-1.17243
655329458;44.66266;-1.16867
655349895;44.63582;-1.15244
656455481;48.54308;7.71004
658834353;48.76932;-3.56422
659573645;42.82847;0.22073
659772816;45.75207;3.11676
662022069;43.29425;-0.37442
662307241;43.77357;6.24277
662775475;48.4783;-4.71439
662820150;47.12658;0.99841
663807105;46.62024;5.37364
663871294;45.17482;5.70981
664037997;44.41342;0.21794
664039430;44.39337;0.25247
664040793;44.36372;0.27277
664053592;44.04146;1.11056
665352737;43.85215;1.88116
665418197;45.42346;4.3921
665546590;44.91268;-0.73527
665788480;48.77325;-3.57901
666132187;44.57887;-0.26036
667124779;45.82995;1.25079
669113389;45.74354;4.22222
669523191;44.65942;-1.15203
670154757;47.80102;1.59645
670863777;45.71959;6.57347
670867365;44.84189;0.21516
671411702;44.66337;-1.18089
672932122;46.16079;6.66989
674482012;45.96394;4.62833
674866228;43.96349;3.8531
675621413;48.88583;2.37585
675965206;48.92777;0.20047
677921773;48.50921;-4.68664
679231162;45.50282;5.13925
680960892;48.28895;-4.27104
681282543;45.12182;4.98166
681336452;45.09853;-0.69504
684341115;44.78552;0.26867
684404865;48.13775;-1.95513
685490412;48.92773;0.19754
685736120;43.90953;1.98393
687434498;43.96417;3.85832
687810224;48.19521;3.28023
689143311;48.87005;2.32935
689178671;48.86876;2.34324
690513068;48.0775;7.35459
691721649;48.86483;2.35162
692331073;48.86816;2.34845
692665216;49.23894;1.4067
694533915;42.93652;-0.59041
697318194;47.13169;0.9885
698282756;48.89143;2.34975
698668792;48.07468;7.35915
700240559;45.86481;-1.07134
703997660;46.19081;1.6276
703998103;46.19112;1.62715
703998882;46.19134;1.62546
705081687;48.00711;-3.3202
705361791;45.62406;-1.02416
705644574;48.44957;-1.66277
715165593;48.87938;2.38443
716565757;47.80395;-3.68959
719047561;43.47939;2.48591
719792274;47.97258;-2.17289
720982818;44.65556;-1.19492
721061285;43.47417;2.71289
721432286;43.55613;2.91368
721552343;48.88397;2.33179
721566520;44.17575;5.4431
721602774;48.85415;2.35603
721602786;48.84433;2.36059
721602809;48.85524;2.36049
723065006;44.169;5.42023
723065021;44.17569;5.43941
724229564;50.60937;2.98537
725068618;47.88751;-2.83683
726790907;44.09157;5.4089
726790908;44.09251;5.40888
726794078;43.91132;5.20014
728865777;48.36377;-4.53034
728865829;48.40713;-4.52677
728865836;48.38274;-4.51149
728865854;48.40082;-4.45187
728865861;48.41523;-4.49183
728865882;48.39619;-4.43384
728865902;48.37978;-4.53781
728865905;48.38757;-4.49124
728865925;48.40444;-4.51062
728865954;48.39495;-4.4796
731915437;47.27108;-2.29245
732482941;45.66302;0.25762
732655550;44.1009;1.08954
732790710;44.10397;1.08558
733957526;43.61863;1.28437
734870285;46.08035;1.42645
736850106;48.90643;2.10898
736922734;44.05528;1.66419
736922744;44.07573;1.61655
738720418;48.30333;-1.36614
739415424;47.82861;-1.5561
739431082;47.2616;5.65621
739435511;45.83803;4.50881
740440326;47.25894;5.6457
740598355;45.20426;5.06534
742958279;47.92868;-1.73715
743172112;46.78536;0.86927
743172123;46.78593;0.87074
746246110;45.95984;3.47215
746815786;47.28161;-2.39218
748315908;47.26062;2.10539
748818366;45.21083;5.40469
748818706;45.20914;5.40415
748860085;48.19799;1.09161
753230950;48.02121;7.57893
759381518;43.29057;3.41533
759780974;44.08052;3.64164
760216370;43.5628;5.02489
764701508;44.84699;-0.57496
764701512;44.83149;-0.57177
765666857;48.84548;2.33295
765666860;48.84752;2.33842
765821826;48.90296;2.1561
766684033;48.77234;6.89549
766875650;43.75629;6.7629
766922016;43.06952;1.19213
770500731;48.82384;2.31818
770681549;47.95694;7.29458
771835401;48.85105;2.29513
772614563;48.61868;-4.21823
772823613;48.69111;-4.08383
773538141;45.19909;5.76631
773906381;45.00315;-1.13112
775939736;48.60643;-1.7091
776076655;43.60124;1.45216
777883790;48.29981;-1.71662
777883831;48.2986;-1.72001
778646889;44.47538;0.03839
778654593;44.51966;-0.0811
778673174;45.47962;4.64582
787160914;49.36067;0.06717
787531119;47.73648;7.35236
788212127;47.26257;-1.67297
790011694;43.93135;5.6379
790011697;43.93106;5.637
790070435;46.16829;1.64546
792196370;-22.27126;166.4425
793058598;45.69447;-0.3342
794551700;47.2285;-2.17573
796962923;42.55269;2.97201
797429521;47.98109;3.39839
798139416;44.20022;0.62184
798569826;47.61483;3.0852
798570202;47.60921;3.11769
798741101;47.73619;7.34981
798787375;47.74991;7.41186
799145564;47.08096;6.18555
799168903;47.0638;6.21715
799170625;47.50016;6.81057
799300606;46.98601;4.76998
799300630;46.98648;4.76983
799300636;46.98688;4.77114
800155438;47.03903;6.27582
803669374;43.96219;2.88801
805571403;47.3874;6.76743
805572128;47.10242;-0.99436
805696939;47.51901;-3.12895
807884828;47.96775;-1.79605
808598793;47.06292;-0.94028
809022353;46.40121;6.59503
810140294;48.82963;2.37962
811343359;49.6376;-1.62261
811749885;-21.34302;55.49565
811792911;49.61354;-1.82216
812017819;44.98756;6.07973
813690477;45.31954;5.52074
814043404;44.65674;-1.23942
814510908;43.28341;3.52057
817302486;44.76816;-1.13177
817702739;43.23813;1.15576
818658000;48.72866;-3.4594
818750216;48.73636;-3.45817
818781588;48.73199;-3.45922
818841924;48.73175;-3.46302
818869226;48.73019;-3.46557
819622529;45.84922;3.08435
820987218;43.64342;0.58666
821279756;45.85573;6.61635
821850060;44.08262;4.07858
822140321;47.14237;1.84604
823494967;48.00505;-1.78233
825113680;44.10079;3.07771
825260566;48.87541;2.31512
826138898;48.71415;-3.81518
826213966;48.16725;7.29535
826713107;46.80727;-1.42483
827697631;44.55345;4.86623
828504811;48.46325;7.42731
828785695;49.59497;-1.77356
829154725;45.26957;1.77115
829945191;46.74099;-1.61178
830150516;48.50505;-3.87479
830178750;48.57763;-3.82813
830674535;42.8583;-0.00508
831307122;48.83135;2.32053
832051174;44.56468;5.01182
832230262;48.67511;5.8901
833196697;42.72061;1.84116
833214309;48.10619;3.0155
833397411;46.62905;1.24596
833406957;42.72886;1.81744
833579924;49.33703;-0.46472
833743535;47.41298;1.52386
834709332;43.70753;2.1383
835900292;43.92726;3.78972
835973099;41.38724;9.15989
835975991;41.68726;9.19979
836511924;46.00516;-1.3296
837578131;47.96257;6.8359
837613155;48.43504;-4.40092
838049883;48.87462;2.30237
838111845;45.90041;6.12493
838796236;45.64394;-1.09892
839120078;47.737;-3.42884
839210422;48.00336;-2.09565
839918042;44.62938;6.82268
840140043;45.6255;-1.01923
840184288;43.97504;2.99183
840420766;45.87538;4.71084
840625431;44.00001;3.88682
841814947;50.63836;3.04602
842495211;43.21078;2.35294
842606947;43.68109;2.8506
843106806;46.00042;-1.32293
843480277;44.57251;6.67977
843873423;44.07057;7.25377
844592140;43.06294;0.14966
845257955;50.27815;3.29204
845257960;50.27747;3.29488
846154913;49.50759;0.17338
847219265;48.83794;2.35119
847714235;48.81991;2.36186
848043349;49.88394;0.85041
848072079;49.8699;0.7167
848230742;-22.13056;166.70235
848440260;43.42598;-1.61235
849021434;45.49973;2.8866
849461124;46.13295;6.43027
849461473;43.40176;2.44033
849776476;44.85308;0.4867
849969885;44.9353;1.01808
850050182;43.32722;2.52518
850061335;46.401;0.72727
850306226;4.93557;-52.3325
851840875;43.31712;2.46381
851840913;43.31517;2.46058
851840950;43.31519;2.46403
851900078;43.31722;2.45468
852988296;48.6749;-3.92262
853137485;48.66291;-3.90598
853137490;48.65475;-3.90266
857445765;45.8392;6.85224
857680506;45.26797;-1.16525
858307794;48.42309;7.4502
858699888;43.31484;6.47085
858844851;45.18438;0.71881
859021760;44.20433;5.02328
859303306;48.45707;7.42454
859350420;48.37294;1.46437
859428311;44.36029;2.55613
859916567;44.1218;5.02871
859919340;43.91897;5.04959
860233431;44.35746;2.55715
860576196;44.96996;4.05365
861580616;46.33167;5.38272
861724615;44.13525;4.81213
864622718;46.54779;3.3366
864684730;45.98226;-1.39117
864705812;43.98487;3.18359
864818396;44.73947;2.63519
864944738;45.01069;0.37711
865186357;44.44432;-1.19359
867856116;47.59324;-2.40068
868463402;44.81918;0.98825
870467878;49.12506;6.17052
870467974;49.12612;6.17196
870614045;44.43098;-1.16843
870614048;44.43105;-1.17402
870614084;44.4308;-1.17095
870743183;47.65152;-2.75732
870950015;44.79973;1.61819
871869130;45.58024;-0.98935
871994267;44.09586;3.02222
872011837;44.3506;2.03983
872551838;44.78492;-0.49827
872552017;44.78532;-0.49026
872912150;44.16989;3.03014
873928314;45.69613;-0.32689
874977827;43.23361;0.00102
875284941;48.82444;2.33856
876059210;44.84653;0.48222
876242572;47.65107;0.34813
877050459;42.86865;-0.44817
877494838;46.37333;-0.47072
878455924;48.00771;-2.28633
878470297;48.17962;6.46707
878470314;48.17976;6.46779
880519283;48.06549;6.8544
880647501;46.52429;4.67733
880816965;48.04021;7.13872
882000394;48.04228;7.14784
882395751;48.07612;7.38728
882395787;48.07738;7.38681
883283611;43.09741;2.17418
883483651;43.74608;-1.00931
885961864;44.07358;4.05264
886423022;48.66432;-3.36678
889395033;46.96767;5.40668
890002108;48.18167;-4.233
890426088;-20.68604;164.9566
891349755;47.62117;-2.80482
891475768;44.52086;2.2787
891862915;47.77235;-3.5284
892701505;47.31548;5.04393
892872429;48.82512;-3.48043
893008510;43.01453;0.80185
894543340;48.86052;2.35117
894543351;48.86079;2.35131
894851804;48.11664;-4.28037
895442353;42.75071;0.08724
895551308;46.1838;2.96047
895577416;43.31263;-1.58077
897078785;47.80592;0.99508
897270652;43.25172;6.53388
897459729;46.51423;4.67765
897645233;43.55924;1.2668
897898428;43.06613;2.96621
900471393;46.07182;6.24014
903979435;47.69639;-2.89699
905036870;48.86657;-3.23302
906792883;45.8502;0.77229
906887204;45.94399;-0.51982
907955048;48.49176;-4.57439
908001595;45.38988;5.3624
908716033;46.58172;-0.49997
908927295;45.62723;-1.03147
908928605;45.62789;-1.03076
908983806;48.35365;-1.20423
910360475;43.56541;4.1967
910409796;43.5674;4.19125
910608757;43.55212;4.00688
911322449;48.35145;-1.20461
911322450;48.35195;-1.20347
913173019;48.84092;2.30028
913719845;48.83775;-3.31967
914465934;46.35504;2.62222
916386806;48.82117;-3.35089
916403372;48.8212;-3.36312
916667315;43.84521;6.22155
916680428;43.49348;6.04635
916851482;48.87815;2.36165
916911908;45.98063;4.73599
917019662;48.45522;-2.04108
917051541;45.19524;5.03189
917058976;45.05697;4.92556
917068801;45.88473;2.17309
918954287;48.49128;-2.56758
919452924;47.48077;1.1894
919619346;47.90834;1.91216
919700185;47.74214;1.42154
919972243;45.63104;-1.06439
920874803;43.67112;5.84842
921102800;-22.15777;166.44794
923008071;45.58932;4.82662
923140384;44.83872;-0.56703
924091166;45.75379;4.86195
924379449;48.14994;3.17216
925012157;46.08198;6.10554
925563748;43.82831;5.1608
927024727;44.31919;5.70186
927240302;46.77301;6.03645
928045157;48.78808;-3.23112
928067356;48.82971;7.96216
928076482;45.17438;6.49307
929431613;48.58427;2.45093
929918212;43.64687;0.5812
931732533;48.8683;2.29372
932308888;42.5227;2.09582
932308996;42.54453;2.03984
932340033;48.86215;2.28638
932353131;44.3221;6.86111
932791579;44.0084;3.1587
933107202;43.5153;1.50038
933188752;48.00536;6.87562
934820691;47.00346;4.85422
936555995;48.13312;-1.64225
936769681;43.4568;1.52306
937203135;46.23591;5.97995
938821383;45.00044;1.74267
941721852;44.78012;-0.12628
942400667;43.46364;1.32854
942543657;46.95498;-0.39165
942938009;45.65061;2.73117
944365510;48.11931;-1.70737
944510117;43.66921;7.21801
944873852;45.9224;6.41075
944986846;45.75536;5.92828
945382115;48.51393;2.21997
946024303;46.57624;-0.02515
946554907;47.09423;5.49195
950233696;47.73561;-1.5901
950791636;44.49096;1.96121
951855917;50.60922;3.0214
952751802;43.55089;7.01009
955200488;44.8042;4.61344
955200814;44.8045;4.61385
955204933;44.80695;4.62409
955794681;46.40836;-1.40053
957040932;45.03487;3.10582
958191943;43.88903;-0.49871
958195650;43.89581;-0.49913
958195651;43.89142;-0.49854
960356684;45.54899;3.73552
963632936;47.15821;-1.47243
964978546;43.965;3.85393
965324396;43.58083;3.10355
967048027;-21.07691;55.23058
970861650;44.91644;0.92828
973840954;48.08907;-1.68885
975480675;45.75925;4.82101
976076156;49.08007;-0.65583
977418428;45.27529;2.20229
977533084;48.63532;-2.05458
977547498;48.63713;-2.05671
980746881;45.13938;5.72127
983114215;45.14848;5.74941
984555826;47.22755;-0.72332
985875890;45.15803;5.68071
986770835;46.45377;-0.01763
986999208;46.66957;0.36795
987039188;44.34473;0.252
987566590;45.77455;4.82657
989671110;48.412;-1.8119
989671282;48.45734;-1.8288
990288358;48.93166;0.19424
993882392;48.84843;2.26041
995456945;45.76646;5.00714
995562672;44.99771;3.82089
995948807;50.04367;1.76265
996005515;50.04528;1.75926
996760462;48.88789;2.36593
996806843;48.33955;-4.70222
999131492;44.49333;6.55621
1000248810;45.92604;4.68681
1000249077;45.91503;4.67878
1000473141;48.82819;2.35847
1000763304;48.82931;2.36522
1003699215;45.16561;5.74783
1004072331;48.77392;2.30219
1007514785;43.3296;6.04508
1009700038;46.58397;0.34296
1009700058;46.58311;0.33426
1011201862;46.10927;4.74518
1011424864;43.45672;2.0034
1014300839;43.64452;1.5242
1017937615;48.08732;7.32122
1019417953;42.2867;8.89365
1020185642;47.52034;-3.13193
1020298364;47.51869;-3.12747
1022484168;48.84223;2.25618
1024205495;48.89536;2.19551
1026677433;47.99761;-3.54518
1029543030;45.75001;4.84455
1030473686;48.88464;2.35912
1031802786;46.69097;-1.93351
1034380862;48.89207;2.36155
1034380875;48.88578;2.37042
1034380892;48.88818;2.37374
1034380898;48.88425;2.36738
1034380935;48.88869;2.37405
1035332215;48.2792;0.60431
1036343566;46.19315;-1.43458
1036509838;46.19508;-1.43864
1036509840;46.19379;-1.43669
1036578059;48.88357;2.36876
1041609427;48.86831;2.78
1042872418;45.09743;-1.14206
1042950441;45.08939;-1.14118
1049759493;48.83233;2.33095
1049888149;49.88438;0.85088
1049888161;49.88399;0.8515
1051242262;49.07994;-0.65767
1051313949;42.87414;2.18194
1051465744;45.08459;-1.18836
1064563015;47.85427;-4.05211
1066046911;42.99674;2.25558
1066165185;45.28857;6.90372
1067574718;43.88399;2.98373
1067578611;43.88356;2.98566
1069101385;47.11526;-2.1053
1069254245;45.37174;1.87392
1071028801;43.22137;-0.88378
1071700260;47.87173;-4.11121
1071700262;47.87161;-4.10745
1077221008;47.89046;-3.97635
1077221459;47.88841;-3.98183
1077616793;48.95865;2.51089
1079716406;48.84781;2.34399
1080408016;45.73754;3.21758
1083837906;47.82844;-4.16306
1084615314;45.59735;-0.99257
1085820553;48.06154;-3.41408
1086308265;45.27102;6.84738
1091860770;44.26267;-0.26204
1092132597;45.07674;4.8909
1092397913;45.29101;6.91891
1092891143;48.79601;2.17796
1093828706;47.59916;-3.11458
1097192139;48.10442;-3.97773
1099868525;45.77341;4.80992
1100172371;43.60437;0.04623
1100252873;47.93843;-2.49103
1100556955;45.06808;4.84147
1105132294;45.20558;6.41945
1106143674;43.64744;1.52829
1106607452;45.6521;-1.12302
1109137004;45.08741;4.62611
1110871687;43.585;0.08937
1110890468;48.11424;4.37363
1111551184;48.89338;2.28944
1114193711;48.86591;2.32508
1116980490;43.28244;0.6564
1117716322;50.64216;3.06114
1117990047;43.3143;5.5457
1117990128;43.31137;5.51197
1118371558;48.84958;2.3963
1118492968;48.86945;2.31279
1119507047;44.03409;4.99352
1126826359;45.9332;6.9164
1128854285;48.8649;2.32249
1129900642;46.70458;1.11193
1131150597;48.98831;-1.43049
1132489656;44.47747;6.56568
1132489688;44.47855;6.57665
1132489739;44.49684;6.55497
1132489826;44.49448;6.56637
1132489922;44.48627;6.57414
1133027163;43.47203;5.9536
1133782592;48.83165;2.32019
1133852640;43.11406;2.95463
1133853220;43.1145;2.95351
1135333743;44.49981;6.55695
1135333966;44.46808;6.57151
1136545123;49.21119;1.22052
1136545184;49.21167;1.21764
1137821413;43.78279;4.0873
1137821419;43.78459;4.09078
1139068589;47.9947;-3.43196
1140930276;44.52856;2.24951
1140933682;45.71731;4.81243
1144072151;47.3906;0.69164
1146243381;45.34116;6.59013
1146465768;45.37288;6.58085
1147589403;44.76085;-1.12755
1148754156;44.76056;-1.14077
1149040247;44.75243;-1.12557
1149591759;47.76321;-3.23894
1151332162;45.64071;-1.07789
1153842190;47.39501;0.68426
1154371189;42.86277;0.3388
1154852099;45.21726;6.47266
1156840591;45.31348;6.54158
1157486740;44.73319;-1.09109
1157671351;44.59646;6.68853
1157804831;48.80552;2.49684
1158127908;45.3745;7.05613
1163309810;47.11305;-2.13105
1163324212;49.48858;-1.82846
1168040449;48.79294;2.49744
1168595158;48.85843;2.29573
1170638798;48.51141;-2.12723
1172077219;45.18608;5.70918
1177037562;45.71295;4.80653
1177194941;46.64201;0.75287
1179097831;48.11351;-1.70637
1183375952;43.71128;-0.83848
1184620777;46.41396;3.97457
1184620800;46.36016;3.98431
1184659203;44.09294;-0.99644
1184683764;44.25277;-0.90151
1185781841;16.22282;-61.38243
1185781842;16.22297;-61.38338
1186197242;43.36323;1.77373
1188867831;48.39347;-4.47968
1188867832;48.39334;-4.48385
1189231207;46.45269;-0.01835
1189552410;45.37106;6.58073
1190000868;45.43163;6.59762
1190077726;45.4048;6.57843
1190094613;16.22565;-61.38526
1191087679;46.43871;-0.28676
1191087685;46.43887;-0.28787
1191387964;48.9276;2.0323
1193212652;48.84745;2.3955
1195241768;45.10608;5.87574
1197130396;45.17293;6.65284
1200349165;45.14793;5.75172
1202214070;43.60947;3.40011
1202454429;45.61221;-1.00952
1207355817;48.03201;-3.48936
1207754137;48.67426;5.88595
1209143195;48.84415;2.44105
1209504645;47.89103;1.89687
1211141279;48.57798;7.75364
1212252652;47.67443;-1.47849
1212310073;48.24444;-0.64241
1213039834;45.4175;6.65216
1213662133;46.66634;5.78045
1214940977;45.0134;-1.19135
1214943666;45.01226;-1.19305
1214944626;45.01378;-1.19382
1214956889;45.01292;-1.19421
1215114375;48.68936;-0.97427
1216365883;46.1601;6.6714
1218033636;46.02291;-1.17512
1218033647;46.01004;-1.17508
1218033654;46.01924;-1.17357
1218033661;46.01551;-1.17699
1218358494;48.85923;2.38912
1218972722;45.89976;6.1307
1219153507;46.1083;5.82978
1222800722;45.95919;5.83538
1222817582;46.06526;5.86273
1223051722;46.96449;4.83577
1223051723;46.96195;4.83621
1223051727;46.9618;4.83708
1223067283;46.28025;4.98378
1223147442;47.4854;4.15879
1223151608;47.78902;3.67187
1223245383;48.00388;-4.09732
1224481508;48.34925;-3.99645
1225304390;48.86802;2.36523
1225461870;48.86602;2.35255
1226412827;45.76298;4.82274
1227830674;50.93497;1.81224
1227937869;47.79809;0.99362
1229539366;48.58349;7.74514
1230466583;48.21352;-0.1276
1230466587;48.21339;-0.13066
1230853744;48.01707;6.59008
1232182298;45.39631;6.62014
1236523080;46.47535;5.02454
1237857732;43.29067;5.3661
1238307761;48.27199;-1.66367
1238307769;48.27282;-1.66035
1238307772;48.27339;-1.66069
1239942950;43.89928;4.08373
1240297096;46.33019;6.11509
1240304379;48.79433;-3.41114
1240991947;45.45041;7.01154
1240991948;45.43383;7.02821
1240992782;45.46965;6.89949
1240992788;45.45209;6.89896
1242061842;45.66632;2.98312
1243135987;48.84713;2.3842
1249092956;43.27691;3.48502
1250345361;48.58248;7.73817
1251367522;47.7944;-1.05665
1251409966;44.74939;-1.1827
1252382503;48.83894;2.38957
1253167270;43.21667;0.88227
1254452477;45.56397;5.92053
1256341827;43.61576;1.07344
1257563117;45.7224;3.1926
1261011993;43.58601;1.52889
1261195917;48.73115;0.24213
1261260849;48.65662;0.22295
1262313729;49.29455;-0.11426
1262525224;48.09883;-4.20748
1262554453;48.13189;-2.22275
1263456302;49.90835;1.10777
1264990161;47.83769;-2.63923
1265306752;48.85081;0.37256
1266551505;48.85705;2.37935
1268095286;46.25285;4.01054
1268095337;46.2219;4.02358
1268502498;48.86309;2.35273
1268913072;46.36707;6.01652
1269141714;44.86681;4.9215
1269968997;43.95291;6.36848
1269968999;43.95365;6.36987
1270109334;48.09775;-1.68309
1270897485;49.0753;1.53427
1270970691;48.85991;2.39094
1271164679;47.51324;2.15143
1271191400;46.87058;5.57909
1271191792;46.98884;5.50451
1271191811;46.61896;5.37564
1271191816;46.11372;5.29014
1271191943;46.11435;5.2919
1271191966;46.20448;5.29623
1271192219;46.98768;5.50215
1271376922;48.37193;3.12834
1272418761;44.13655;4.80377
1272419358;44.13793;4.81081
1272931929;48.87862;2.41807
1272934625;46.56497;0.34568
1274975589;49.28748;-0.15455
1275394314;44.66326;5.30737
1275824694;44.04595;2.76771
1276099178;49.27993;-0.25053
1277254362;42.62647;8.9145
1277254434;42.62641;8.91334
1277254447;42.62585;8.91461
1277254449;42.62565;8.91314
1277254471;42.6276;8.91613
1277325365;47.92792;1.58108
1278222577;48.14093;7.25909
1278222578;48.13915;7.26415
1278349306;46.30669;4.48199
1278383638;48.56524;-0.79992
1278655716;49.10479;2.5518
1278655736;49.10498;2.55032
1279090582;-21.37929;55.6196
1279208033;50.96584;1.85217
1279208154;49.52459;2.72277
1279717094;47.94543;7.42868
1280732191;49.96712;2.85882
1280809027;49.88775;2.83769
1281152497;48.23347;4.70728
1281552133;44.12216;5.17927
1281676174;43.90947;5.71707
1282141269;44.53557;5.82813
1282221392;45.62256;-1.02818
1282250724;44.38735;5.72942
1283456105;46.43476;1.83008
1285061377;43.96687;4.52529
1286812540;48.09836;-0.78989
1286812585;48.0991;-0.78871
1288854014;47.45099;0.73979
1288968146;45.83691;0.18778
1289409469;47.31585;-0.60237
1290291706;45.84777;0.18799
1290293030;44.13504;4.80598
1290532377;48.35302;-4.66832
1290532405;48.35486;-4.67449
1291993557;46.30805;4.4853
1292131069;47.99363;0.10785
1293233553;46.44801;-1.52484
1293533615;48.56612;2.67815
1293797557;48.35593;-4.6784
1296212204;48.85458;1.17836
1296291101;44.65837;6.10528
1296677114;48.8652;2.30019
1296799263;47.04095;5.81537
1297090319;48.88026;2.30915
1297877846;48.65077;-2.02319
1299563710;45.66647;0.09754
1300177558;48.86689;2.35282
1300607585;48.87693;2.28596
1302747040;48.17145;7.11571
1303015420;47.70158;-3.45874
1305756970;44.60221;-1.20999
1305810129;47.20644;-2.0473
1305874467;48.60747;2.46841
1305926313;43.01744;-0.95573
1306129249;44.6307;-1.14695
1306229563;43.21379;0.1079
1306229589;43.22088;0.02337
1306502433;43.54007;4.13642
1306528413;43.53675;4.1338
1306720615;46.97442;-1.99898
1306721175;46.94466;-2.1816
1306812840;43.53379;4.13834
1306820390;43.53364;4.13825
1307501591;43.53135;4.14006
1307577403;46.77513;4.89073
1308186632;46.65909;-1.7711
1308898476;42.95625;-0.21399
1309008424;44.52331;-1.17425
1309031127;44.52618;-1.17259
1309380282;46.41476;-1.4806
1309520419;43.10822;3.09334
1309924555;48.01791;6.58862
1310537575;47.32669;-2.42714
1310537585;47.32863;-2.42843
1311307365;49.53029;1.56912
1311765396;45.58382;-0.83136
1311902769;47.85063;1.9402
1311902770;47.8477;1.93779
1313167640;45.7268;4.81632
1313957806;48.99075;2.27774
1314018732;42.55195;3.04595
1314208765;42.55945;3.04645
1314951263;48.8145;2.10662
1314978995;42.53607;3.05658
1315000767;42.54281;3.04817
1315008514;42.54335;3.05017
1315008548;42.54303;3.05205
1315052813;47.85908;-2.13155
1315819039;-22.28599;166.44511
1315912701;48.06733;-0.82986
1316071473;45.06117;4.91342
1316137754;48.84127;2.28554
1316469273;43.48329;-1.56141
1317668202;44.79371;6.9283
1318566288;46.20741;4.33823
1319380756;43.84398;5.11252
1319381051;43.84712;5.10765
1319481043;43.87589;-1.30354
1319767100;46.20818;4.33435
1320345621;48.74496;2.0157
1320648906;49.05445;7.43404
1322081094;48.07721;7.36117
1322081129;48.08138;7.34684
1322369261;49.58672;-1.26209
1322369378;49.58946;-1.26361
1323384242;43.93608;5.10624
1324046032;43.92225;5.12685
1324320158;48.39377;-4.9541
1324334222;48.3975;-4.95715
1324774958;48.85298;2.34845
1324794559;48.13575;-1.64559
1324831169;42.08144;8.75071
1324831171;42.08146;8.75088
1324831174;42.08216;8.7497
1324831185;42.08206;8.74958
1324831195;42.08132;8.7498
1324831199;42.0813;8.74964
1325213032;43.69978;7.11776
1325242907;43.71697;7.05869
1325304511;43.62729;7.09866
1325339394;43.58866;6.30274
1325339411;43.49203;6.3629
1325414951;43.56394;6.23383
1325414962;43.5679;6.18183
1326066065;45.55744;5.34469
1326652248;43.52643;6.14944
1327758699;43.56205;5.07156
1327824750;43.74372;4.79525
1327824753;43.74504;4.79577
1328525445;44.00034;5.92297
1328525447;44.00184;5.92346
1328596358;46.30889;4.82418
1328828456;43.94071;3.94926
1329431054;44.00761;3.15634
1329489215;43.92643;3.00885
1329489223;43.98326;3.13732
1329489233;43.95721;3.05689
1329559834;44.13812;3.20362
1329559841;44.08817;2.99549
1329748862;44.36616;3.41072
1329806874;44.36992;3.53505
1329865684;45.23231;5.83768
1329867206;44.27098;3.60354
1330574008;49.86676;0.70993
1330615392;44.40397;4.1342
1330744028;44.33188;4.79066
1330786017;44.34783;4.76954
1330786296;44.34944;4.76707
1331314913;44.24425;5.07507
1331314979;44.2068;5.02298
1331961196;48.92088;2.12789
1332513182;43.99899;5.05677
1332513227;43.99466;5.14833
1333407663;48.02356;-4.5393
1333822507;44.41441;5.35585
1333977755;44.03289;5.98608
1334813306;48.09632;2.0731
1334816283;43.95039;6.81194
1334873218;43.94743;7.00643
1334928739;43.17549;-1.34766
1335539185;44.46298;5.36791
1338348134;42.7869;0.24632
1338414049;42.90483;1.24667
1338513396;43.23106;0.0829
1339144334;49.4218;1.1233
1339397721;42.49487;2.74246
1339397739;42.48377;2.74721
1339425807;42.49229;2.13928
1339439033;47.65154;-2.08435
1339439040;47.57175;-2.04609
1340851801;46.82623;6.31965
1341057498;47.20178;-0.73556
1341057505;47.21881;-0.72772
1341076828;47.23718;-0.7236
1341352841;48.71534;7.21664
1341352852;48.71498;7.21631
1342984773;47.92744;6.65918
1343012107;42.62904;3.03581
1343431420;47.37971;-2.54809
1343822308;43.27383;6.63878
1345160410;44.4513;6.84689
1346709173;43.55787;4.05645
1346730051;43.55817;4.06335
1346731825;43.55781;4.07126
1346733621;43.55747;4.07456
1346734153;43.55696;4.07846
1346737122;43.55586;4.09421
1346737131;43.55618;4.0923
1346740336;43.55486;4.09951
1346745391;43.56102;4.06988
1347793245;47.36506;-0.93499
1348625708;48.65607;-3.05892
1349458684;48.58466;-2.53566
1351119700;48.76452;-0.24539
1351772717;48.82494;7.48255
1352373770;44.05914;2.66031
1352708231;48.3731;-4.0209
1352731386;49.03561;-1.47673
1352952998;43.22323;0.0773
1353908054;48.83794;-1.22174
1354978053;46.32064;-0.58964
1355380970;49.21898;-1.53202
1356288513;44.17906;4.76096
1356310433;43.4026;5.05799
1356420963;45.72492;4.85858
1357404880;48.62832;-1.40941
1357798704;44.53402;5.82159
1357967291;45.6906;4.86629
1359717968;44.55684;3.25597
1359823103;46.32154;-0.58596
1359955581;49.07297;2.16987
1360200034;44.05817;5.23508
1360357073;48.03809;-2.00606
1360666509;45.47083;3.24907
1361340483;45.75605;4.8434
1361483344;48.51586;1.76225
1361886167;43.74965;1.78666
1362427912;49.89687;2.31138
1362442365;46.12066;4.6678
1362653666;43.32777;3.56638
1363074116;45.75965;4.88928
1363272858;45.45798;6.22515
1363313700;43.49382;-1.55347
1364791351;45.91085;-1.31615
1364905197;43.91278;3.31749
1365176037;43.97313;3.19348
1365547452;44.47595;6.27109
1366079322;43.509;6.93967
1366622473;48.83085;2.29188
1367252116;43.22832;0.07726
1367256066;43.22913;0.04653
1367266781;43.23074;0.08847
1367609508;43.8158;-1.40444
1367730303;43.00696;-0.10141
1367855978;45.18541;5.86843
1368436626;42.70224;9.44776
1369125309;45.58416;2.74298
1369125315;45.58444;2.74072
1369345514;44.10463;1.09175
1369995206;48.83624;2.28171
1369995224;48.84844;2.25717
1369995231;48.85719;2.2667
1369995238;48.84593;2.26908
1369995243;48.85127;2.2754
1369995244;48.85083;2.27789
1369995246;48.84768;2.27364
1369995267;48.81996;2.34772
1369995269;48.82124;2.36901
1369995270;48.82266;2.36686
1369995279;48.81899;2.34433
1369995306;48.8356;2.31558
1369995311;48.83194;2.32549
1369995319;48.82898;2.328
1369995323;48.82961;2.32632
1369995339;48.84481;2.29047
1369995342;48.82568;2.31507
1369995347;48.82498;2.31132
1369995356;48.82828;2.30337
1369995368;48.84602;2.30891
1369995383;48.85284;2.29799
1369995387;48.8551;2.2959
1369995406;48.83302;2.33119
1369995425;48.83473;2.3368
1369995427;48.83481;2.33212
1369995429;48.83471;2.34106
1369995441;48.83496;2.34637
1369995457;48.84176;2.33748
1369995461;48.84164;2.34869
1369995466;48.82805;2.35654
1369995470;48.82394;2.35813
1369995473;48.82406;2.3531
1369995481;48.82978;2.36898
1369995516;48.85273;2.3346
1369995518;48.85444;2.33099
1369995534;48.86231;2.35021
1369995539;48.86366;2.35096
1369995541;48.85797;2.34654
1369995560;48.86316;2.34183
1369995572;48.85489;2.37285
1369995583;48.86585;2.36939
1369995585;48.86111;2.36704
1369995593;48.86551;2.35225
1369995610;48.86275;2.35936
1369995613;48.86005;2.3607
1369995618;48.86497;2.36012
1369995621;48.84369;2.40188
1369995628;48.84045;2.40466
1369995632;48.83961;2.37821
1369995636;48.84052;2.39204
1369995657;48.85565;2.38356
1369995663;48.85412;2.37766
1369995666;48.84958;2.39366
1369995670;48.85214;2.39372
1369995672;48.85329;2.38789
1369995675;48.85042;2.38403
1369995677;48.84611;2.37655
1369995690;48.84559;2.3849
1369995694;48.86494;2.39472
1369995700;48.86489;2.37608
1369995703;48.86569;2.38096
1369995706;48.85749;2.39245
1369995710;48.85718;2.38096
1369995712;48.85832;2.38024
1369995715;48.86229;2.37907
1369995718;48.86424;2.37952
1369995732;48.86381;2.38394
1369995733;48.86629;2.38978
1369995735;48.8491;2.40258
1369995737;48.85475;2.39596
1369995742;48.8556;2.40997
1369995747;48.85445;2.41225
1369995750;48.86001;2.40103
1369995766;48.86413;2.40914
1369995768;48.86487;2.40079
1369995770;48.86491;2.39983
1369995800;48.87498;2.29571
1369995807;48.87476;2.30321
1369995828;48.8815;2.29554
1369995829;48.87892;2.29448
1369995841;48.88402;2.30421
1369995847;48.88754;2.29436
1369995880;48.88567;2.32752
1369995899;48.89583;2.32804
1369995901;48.89081;2.31967
1369995903;48.89194;2.32719
1369995906;48.88942;2.3189
1369995921;48.89484;2.3143
1369995930;48.86892;2.34063
1369995931;48.8713;2.34365
1369995934;48.88421;2.32897
1369995953;48.88354;2.3335
1369995954;48.88166;2.34552
1369995956;48.88324;2.3459
1369995958;48.88342;2.34744
1369995960;48.88372;2.34881
1369995962;48.8763;2.3614
1369995970;48.87002;2.3666
1369995973;48.87619;2.37219
1369995985;48.87257;2.36408
1369995992;48.87742;2.3709
1369995997;48.87075;2.35457
1369995999;48.869;2.35619
1369996013;48.88506;2.35495
1369996024;48.89345;2.3368
1369996029;48.89178;2.33522
1369996033;48.89901;2.3377
1369996039;48.89938;2.34446
1369996043;48.8992;2.34397
1369996045;48.89656;2.33827
1369996046;48.89578;2.346
1369996064;48.89645;2.33461
1369996066;48.88908;2.34517
1369996068;48.90059;2.33511
1369996071;48.90114;2.34444
1369996072;48.9008;2.3438
1369996074;48.89047;2.35461
1369996078;48.89508;2.35885
1369996096;48.86842;2.38989
1369996098;48.87348;2.37529
1369996100;48.87228;2.37663
1369996104;48.87368;2.38975
1369996111;48.87193;2.39206
1369996114;48.88895;2.39309
1369996116;48.88723;2.37584
1369996118;48.88882;2.37906
1369996121;48.88303;2.38143
1369996123;48.87861;2.37826
1369996126;48.88553;2.38103
1369996128;48.88351;2.38347
1369996137;48.87073;2.40919
1369996142;48.87058;2.3982
1369996144;48.87593;2.40695
1369996147;48.88389;2.39785
1369996150;48.89897;2.38678
1370918555;45.16499;6.42983
1371306291;47.58714;-3.02706
1371661641;43.49691;2.15069
1372712289;47.54633;-2.91257
1373717814;43.79846;6.80875
1373965835;42.40409;2.47994
1375334809;47.41835;-1.01772
1375503432;46.70504;0.95205
1375541928;48.55496;1.93118
1375541952;48.5555;1.93308
1375541977;48.55579;1.93737
1375782523;43.6767;4.62738
1376136259;45.69447;4.93594
1376716961;45.29409;6.10677
1376881276;44.31077;5.09806
1377105872;45.70283;4.81906
1377106003;45.70368;4.82643
1378060092;48.2375;-1.30254
1379009776;45.73386;4.91005
1379644122;42.52582;3.08334
1380066741;46.59366;0.33947
1380946514;46.58973;0.32567
1380980533;42.52791;3.08688
1381505522;45.69574;4.94067
1381642409;48.85381;2.34924
1381997063;45.6995;4.88252
1381997077;45.69994;4.88461
1381997084;45.70332;4.88316
1382057358;48.59035;7.77603
1383336858;47.90707;0.24549
1383537500;43.94388;2.46725
1383543950;43.94242;2.48293
1384085652;44.10965;4.85356
1384895274;47.33809;1.66659
1385021734;43.93931;2.24037
1385030406;43.94915;2.21081
1385044137;43.1365;6.36753
1385071389;45.72752;4.878
1385966107;48.83065;2.11159
1385997068;48.34208;-1.48755
1386079520;44.80203;1.21839
1386448521;45.22086;-1.16849
1386714340;44.16693;4.8701
1387625313;45.82672;3.38493
1388444450;45.18447;-1.0843
1388489312;43.59028;2.18615
1388714571;46.59613;2.23357
1388902457;43.91129;-1.37466
1388945356;43.90775;-1.36357
1389285818;45.99703;4.73498
1389768881;43.84656;6.51208
1389890485;43.56895;7.10832
1389947960;46.08255;6.72363
1389957467;43.72834;7.36188
1389961208;43.71178;7.33661
1390080611;48.59507;6.49145
1390296273;43.60061;6.91103
1390574794;43.926;2.15268
1391152476;46.46713;-0.80812
1392113189;44.55125;3.29372
1392903017;43.94241;6.17018
1393546335;46.08387;6.72799
1393546389;46.08073;6.71453
1393546426;46.08254;6.72364
1393556944;46.07799;6.84007
1393716965;43.26265;0.52005
1393871161;43.05307;2.21739
1394105774;47.50024;-0.57044
1394105776;47.50031;-0.57089
1394106154;47.50178;-0.57059
1394106545;47.50303;-0.57013
1395166561;43.3409;1.83497
1395432082;43.53019;3.92988
1395447177;49.28765;-0.12467
1395865867;46.54915;0.34163
1396418281;49.2902;-0.13642
1396418301;49.29162;-0.12844
1396431945;43.33088;2.03446
1397591104;47.83684;-4.34603
1397613465;47.86708;-4.22353
1398590760;48.83309;-3.4861
1398846760;45.53469;4.55361
1399601739;46.54817;1.50511
1400258416;45.45766;3.18764
1400420561;45.91632;4.70746
1400460025;45.96027;6.13242
1400755511;45.91531;6.84906
1400872645;45.59233;3.23629
1401316355;48.129;-2.03325
1401349954;42.49874;2.17194
1401385451;47.32723;4.99227
1401975526;44.35329;2.58622
1403099857;43.01188;1.4289
1403110459;43.47506;-1.56654
1403517637;43.48244;-1.56728
1403555537;46.32044;-0.58045
1403590512;43.60161;1.43853
1403820960;45.13851;2.49283
1404011453;45.52398;4.87497
1404469460;43.30096;3.52901
1404495087;43.85171;-1.38508
1404495089;43.85148;-1.3848
1404764715;46.19812;6.46459
1405375863;43.19363;2.34415
1406143937;43.80018;3.23759
1406286825;47.24704;-2.16381
1406334757;47.49055;-2.49849
1406338476;48.23471;1.03365
1406778614;47.24792;-2.16749
1407107456;47.6542;-1.98878
1407319614;44.4422;-1.2558
1407467072;50.13408;1.81181
1408365160;48.0929;-1.66628
1408929359;45.18039;-1.08389
1408961277;43.32958;5.13373
1409069215;44.15277;2.86621
1409070986;44.18296;2.78808
1409072349;44.20575;2.77622
1410292524;44.65891;-1.17246
1410428239;44.3662;4.68397
1410707950;48.01538;7.3501
1410715506;48.28652;7.4194
1411204038;48.81553;-0.57197
1411450533;44.64165;-1.20263
1411629740;43.31235;-0.26398
1411631972;43.41929;-0.58541
1411665574;48.64266;5.1062
1411956929;46.60047;4.06281
1412023759;45.75133;3.6086
1412046126;45.79412;-0.56343
1412108320;48.55633;-2.72595
1412520971;48.1401;7.26095
1412616572;43.15275;1.6154
1412616582;43.15548;1.61637
1412913050;47.24022;6.01901
1413091980;48.78347;2.17151
1413475604;47.34422;6.25706
1413483966;47.40413;6.44557
1413865451;44.44632;-1.25564
1414317316;45.87685;4.83814
1414553314;48.03827;6.58322
1414577903;48.62854;5.88301
1414585694;47.60567;1.37558
1414776151;44.57607;6.05263
1414994788;44.24162;6.62661
1415306103;44.86981;4.28005
1417176602;44.52836;2.26647
1418681867;47.69029;5.18272
1418987730;46.90085;6.35348
1419449291;44.43868;-1.24279
1419449300;44.43873;-1.24267
1419857959;43.58477;1.42828
1420902720;45.78224;4.86768
1420902850;45.78147;4.86731
1420902851;45.78182;4.86785
1420903261;45.7831;4.86989
1422147787;44.90014;5.90609
1422480906;49.34665;2.98029
1422492786;44.61667;4.60837
1422890365;44.43917;-1.2448
1422901170;44.43742;-1.24428
1422901171;44.43746;-1.24433
1422930720;47.24585;0.54422
1422978175;44.44474;-1.25086
1423334422;48.06668;-3.91211
1423444881;46.15465;-1.17091
1425158108;48.7188;4.58786
1425160895;48.72484;4.58665
1425223265;47.63977;-2.94783
1426053130;47.4131;0.98669
1426057193;45.07813;4.87161
1426121405;45.15398;4.88752
1426128893;45.76813;4.90062
1426167606;44.51236;4.77963
1427034750;46.19407;6.23159
1428612819;46.14202;-1.17072
1428979434;44.25457;4.64851
1428985140;46.82839;3.4617
1429367081;45.0381;-0.55907
1429367117;45.03914;-0.55913
1429908833;44.90252;3.98152
1430384062;46.03207;4.07896
1430384081;46.0389;4.08369
1430406527;43.57921;0.24614
1430406577;43.58246;0.25799
1430468034;42.5002;2.11328
1432295912;45.83581;4.77251
1432580428;45.75497;4.8071
1432655401;48.69326;-4.107
1433020578;50.05009;2.3238
1433081964;48.46251;-1.48221
1434297638;43.7009;3.55204
1434993361;44.43656;2.51621
1435190919;43.35233;3.534
1436558194;47.93065;2.92636
1436564961;42.56863;8.76152
1436567293;42.5651;8.75649
1436901607;45.53957;5.10834
1437269432;45.14657;5.32603
1437699294;42.34869;9.00911
1437726517;42.30402;9.15814
1438528004;41.90997;8.68451
1438550607;41.74496;8.87024
1438576035;41.64013;8.97688
1438677879;41.38856;9.1658
1438738358;41.86422;9.3976
1439072761;42.15237;9.15094
1439136082;44.5625;2.24616
1439212613;44.36078;0.37893
1439299199;46.60542;3.65824
1439688408;46.52161;3.68776
1440369535;46.48317;3.98819
1440778415;48.5651;2.42133
1445028243;46.15779;-1.15339
1445028281;46.16153;-1.14896
1445042458;45.80452;1.63404
1445398442;46.69667;3.24686
1445473520;44.96176;5.64772
1445473530;44.96212;5.64853
1445562004;45.47713;4.83466
1445697865;44.49522;2.14081
1445719022;44.08554;0.7938
1445719053;44.07984;0.80034
1446015632;44.12612;0.69352
1446015768;44.12651;0.69847
1446285346;46.63269;-0.57674
1447028719;45.80872;6.24481
1447350403;47.15295;-0.73549
1447888083;48.80771;2.1538
1447924302;44.34889;-1.07159
1447936546;46.10561;-1.13467
1448524218;43.50887;7.04269
1448524222;43.50895;7.04548
1448541017;45.17049;5.41254
1448898767;48.45585;-2.0287
1449018246;48.6723;5.88549
1449129105;43.88795;1.31894
1449571658;45.69074;5.91562
1450765419;45.28934;0.91551
1450839287;44.73044;4.78768
1450868366;44.64264;4.79282
1452640338;44.47484;0.03683
1452644351;44.34323;0.24959
1452737501;43.65981;1.42671
1452755948;44.01473;1.2052
1452779511;44.16993;0.58034
1453572742;47.91842;-3.34679
1453579420;44.14789;4.82286
1454122953;46.70705;6.2092
1454345479;45.76879;4.87808
1455687197;45.68921;-0.3511
1456813418;49.92656;1.08043
1457644292;48.94628;2.36331
1457700776;43.7522;3.71827
1458133058;43.57191;7.08901
1458856314;44.25543;6.92639
1460182588;46.47612;2.83285
1460375323;44.0578;4.83268
1460468629;45.76383;4.86601
1461562542;47.49183;4.33568
1463783817;43.69338;1.41839
1464035859;44.09631;6.98591
1464341017;44.21312;-1.29515
1464423707;43.53021;0.16051
1466785725;48.83541;2.24157
1466785726;48.83542;2.24158
1466785729;48.83546;2.24161
1467599567;45.07272;6.17353
1468389423;44.91725;-0.24075
1470723084;48.3744;2.90184
1470773215;48.83378;2.31989
1470794287;48.77173;2.26911
1472881718;44.07064;7.22241
1474085012;48.8364;2.30984
1474391527;48.7801;2.44548
1475354705;47.74881;7.36625
1476504487;48.80869;2.10947
1477565433;45.22634;5.83954
1477785190;49.02762;1.59631
1477785193;49.02763;1.59635
1478013282;46.90659;-1.45132
1478195406;43.00391;-0.08279
1479085796;48.60871;-4.29839
1479103816;48.63343;-4.40913
1480912964;48.87167;2.09771
1482347378;44.13566;4.80938
1482614604;47.23571;6.0203
1483477068;43.6227;1.28724
1483669178;46.77828;0.61369
1483669189;46.77864;0.6145
1485189856;43.52567;6.81476
1485576225;45.90376;5.19287
1485655842;48.10936;-1.59962
1485769528;44.79192;6.73142
1487208259;46.33309;0.80945
1488533595;46.0126;0.67
1488539952;46.01503;0.67254
1488545591;46.0132;0.67226
1488584961;44.52106;6.15557
1488972925;49.89993;2.58195
1490124388;47.81103;7.10445
1490182345;47.69941;-3.44575
1490749484;46.00264;4.44571
1490749504;46.00217;4.44787
1490866977;47.12292;5.56108
1491169142;46.53027;-0.68253
1491789378;46.58414;0.34253
1492401343;43.26323;3.17473
1492401456;43.26445;3.17513
1492401579;43.26558;3.17439
1492882658;48.62982;-2.25298
1493590064;43.09762;-0.0609
1494205989;47.90609;1.90609
1494228944;45.12403;4.53552
1494465960;46.42259;-0.67982
1494643488;48.63624;-2.2563
1495244565;46.79052;3.1177
1496589420;45.83592;4.65173
1496789181;47.92705;0.18741
1497804676;44.00539;5.11045
1499429930;48.1032;-3.49129
1500528910;45.71931;4.91882
1500528936;45.71789;4.91961
1500528946;45.71765;4.91931
1500528951;45.7212;4.91737
1500528967;45.71993;4.91806
1500528970;45.72016;4.91761
1500528989;45.71915;4.91823
1501254413;47.36027;0.70704
1501991831;47.77214;-3.60974
1502754053;47.84601;-4.04144
1502754056;47.85161;-4.01084
1502754057;47.85429;-3.99385
1504883933;42.7729;2.69804
1505112978;44.14655;-1.21754
1505997670;-21.16583;55.28746
1505997682;-21.17023;55.28657
1505997692;-21.16821;55.28641
1506306095;45.13438;2.22555
1506537076;49.84054;3.31047
1508908674;48.73173;5.97864
1509198125;47.36364;0.68941
1509667652;43.47733;-1.5609
1511777258;48.42986;0.08183
1513732002;45.8932;4.44399
1514400464;44.00428;-1.16811
1516955832;44.48195;6.56104
1516955836;44.49293;6.55798
1519435243;48.90416;2.2765
1520845954;49.23845;2.88421
1520847162;49.23772;2.8881
1521902415;44.48522;6.55335
1522772019;45.59227;5.90131
1523538708;44.64486;-0.43613
1525084105;50.62621;3.06886
1526608576;43.99625;5.8413
1531627415;45.77362;4.03136
1532465242;47.39316;0.69935
1532522704;44.55841;2.25569
1534525971;48.0854;-0.95267
1537916740;45.76394;6.02943
1537916741;45.76618;6.02802
1539456636;46.01526;0.67364
1539788410;43.57878;1.41183
1539788413;43.57948;1.45919
1539788417;43.58104;1.44928
1539788419;43.59238;1.45127
1539788422;43.5933;1.43495
1539788431;43.59643;1.45397
1539788433;43.59903;1.43037
1539788441;43.59954;1.45459
1539788477;43.60322;1.45536
1539788500;43.6051;1.44788
1539788510;43.60532;1.44887
1539788541;43.60658;1.44754
1539788551;43.60675;1.45983
1539788558;43.60811;1.42793
1539788568;43.60829;1.43716
1539788579;43.60876;1.45043
1539788587;43.60889;1.45299
1539788597;43.61;1.43322
1539788625;43.61944;1.46898
1539788648;43.6269;1.43339
1540475309;44.7451;5.50713
1540751820;45.80367;0.31227
1541246218;45.21591;5.86243
1541444513;48.8533;2.40915
1541444531;48.85378;2.41153
1541453880;49.41692;2.82666
1542715932;48.86744;2.34382
1544527967;47.48227;0.88475
1548229009;43.63966;3.87411
1548229029;43.6427;3.87876
1548229033;43.64327;3.87434
1548229035;43.64454;3.88205
1548229037;43.64462;3.87862
1550210965;48.05773;-0.63023
1550211832;46.27821;4.98412
1552017946;42.6326;2.7578
1553387485;47.31892;-2.07423
1553846174;44.66297;-1.16872
1554843571;46.00421;6.69179
1560607957;44.7403;0.23645
1560607966;44.74141;0.23701
1560612539;47.11761;-2.10395
1561071669;45.77994;4.82527
1561678416;45.36392;7.05371
1562660759;45.43946;-0.9317
1564291920;46.02168;6.67178
1564291966;46.02463;6.64425
1565431840;42.64033;2.87167
1565759419;45.70824;-0.32202
1566169090;48.56607;-2.76289
1566169137;48.56322;-2.75624
1567248256;46.55745;4.08713
1568399956;46.72345;1.60392
1568446989;48.03749;-4.71686
1568446991;48.03757;-4.71903
1572891890;48.49553;-2.71682
1573040634;44.67531;4.22105
1574755922;43.25786;6.12414
1574983062;45.22869;6.74024
1575577683;44.64507;2.56374
1575805579;47.68627;6.49682
1575805584;47.68633;6.49707
1576699989;48.08026;-2.27741
1576872032;47.86512;-2.52263
1578350644;47.58258;-2.89556
1579615993;47.2746;-2.42535
1581443927;47.27495;-2.42795
1583624582;47.62453;-0.07676
1583907486;44.84441;0.21067
1584631101;49.4306;1.08562
1584752727;48.48414;0.65373
1586224015;48.53976;-2.72625
1586603870;45.98317;5.63461
1586693384;46.21301;4.91194
1588087378;45.4982;5.53965
1589624211;48.07187;6.87312
1589972700;47.86074;-3.98396
1590096477;44.98569;4.57949
1590363578;47.78424;-3.6711
1590429298;47.24427;-1.93416
1590998052;46.0629;0.53781
1592739890;47.71729;7.13735
1595407166;49.26225;2.47385
1595436630;48.94485;2.4316
1595436638;48.94471;2.43017
1596571104;44.91569;-0.24417
1597310049;48.07136;6.87927
1600151650;44.87195;-0.24281
1600314946;44.65124;4.32358
1601828317;49.57016;3.63451
1602658895;44.64516;4.38806
1602658907;44.64452;4.3879
1603290756;46.03534;5.70088
1604853459;46.98628;-2.29318
1605077504;50.63981;1.74624
1606067474;50.34343;2.75238
1606993774;47.00057;-2.24902
1611840794;44.58077;-0.03069
1612007110;47.76629;-3.54779
1612256330;44.59653;4.37715
1613211029;47.79731;-3.83232
1615429559;45.81302;4.18857
1616805948;46.72198;4.95371
1616908895;48.3522;-0.49697
1617985676;43.98225;4.88068
1618055601;47.02361;-2.29866
1618055639;47.02391;-2.29742
1618055640;47.02408;-2.29585
1619076673;48.56618;-3.33965
1620687779;48.56621;-3.3395
1620789698;45.04301;6.33442
1622082638;43.384;-1.30458
1623559582;43.28051;3.27939
1623857898;43.60567;2.79871
1623858001;43.6046;2.79581
1624094664;43.40399;-0.38701
1627093434;45.5324;2.81325
1627093733;45.5666;2.81183
1627409556;47.77718;-3.00815
1628209581;48.19894;-0.4316
1628342936;-12.88545;45.13076
1628662885;47.10303;5.88394
1630268906;46.77671;4.86121
1631928019;-17.50732;-149.49147
1632796884;44.81642;5.93212
1634102961;46.31043;4.79114
1634298145;48.37514;-4.3067
1634332044;47.02327;-2.24904
1635026704;43.57326;3.95106
1635026705;43.5738;3.95185
1635026706;43.57374;3.95202
1635026707;43.57368;3.95215
1635026714;43.5731;3.9514
1635026717;43.57317;3.95124
1635026719;43.57301;3.9516
1635264183;5.22435;-52.83411
1635570040;48.24779;-1.78181
1635850508;46.96706;-2.23379
1635850532;46.96834;-2.23438
1636570214;49.29025;-1.5421
1636635854;49.636;-1.62902
1636635871;49.53321;-1.52788
1637419193;44.67164;2.92474
1637732539;44.49888;0.16635
1637732595;44.49741;0.16469
1642978484;47.59415;2.75833
1643146559;48.27343;3.86908
1644298636;48.72408;3.72285
1644298641;48.72147;3.72162
1647213462;45.62568;6.86395
1647213486;45.64522;6.8779
1647709133;48.29535;-1.94463
1647832435;45.91411;3.84751
1648751089;43.81157;1.36374
1649054672;46.20316;5.22048
1657632829;45.02218;-0.63855
1657712917;48.04523;-1.60238
1658177150;45.99653;5.1723
1658653386;45.98723;4.7528
1659070536;44.49687;0.16186
1659102591;43.13788;6.37154
1659120031;48.54313;2.14641
1659120038;48.54407;2.1452
1659120056;48.54459;2.14925
1659120120;48.54479;2.14203
1659120136;48.54505;2.14616
1659120296;48.54564;2.1441
1659120333;48.54585;2.13956
1659120348;48.5459;2.14248
1659120421;48.54631;2.13751
1659503619;48.65411;-3.63041
1659503632;48.65545;-3.63038
1659704108;43.69543;7.1224
1659704125;43.69692;7.12247
1660521623;48.27456;7.39902
1660844433;45.55907;-0.40116
1661190891;47.48081;6.83833
1661651573;44.52211;5.06014
1662212358;47.72343;-3.33807
1662212369;47.72388;-3.34331
1664630078;47.87028;-3.54006
1667665646;49.18094;-0.37278
1668877271;46.78273;-0.83709
1668981924;44.75141;5.37274
1668995817;44.69433;5.48543
1669387698;48.08282;7.05822
1669480619;48.44209;1.49085
1669536218;43.81559;6.64255
1669845589;48.37364;2.82065
1669997605;47.22041;-1.56183
1670837416;48.04099;-1.61046
1670947231;48.31227;-1.71913
1671721273;46.99055;5.89465
1672098377;48.84995;2.37698
1672428576;48.6884;6.16594
1674749678;43.85752;6.65068
1674814769;47.83075;-0.70335
1675173963;45.97257;5.90708
1676001104;43.93619;5.76617
1676001133;43.93577;5.76664
1676570196;48.84711;2.40746
1676620465;50.32241;1.5535
1676620466;50.32346;1.54822
1676752149;45.74626;6.41789
1676752151;45.74652;6.42148
1678947733;48.07375;0.45177
1680578343;48.90119;2.09942
1681382460;43.28117;6.586
1682326310;49.19438;2.46562
1682335600;49.18749;2.45972
1683009799;49.00085;-1.11778
1683619643;14.47986;-61.02541
1683864710;44.10767;1.09948
1684471080;44.86031;1.89173
1684631637;48.64812;-2.0256
1685085988;43.58874;7.03429
1685183844;43.99085;3.9527
1685276678;48.54844;-1.75499
1685893004;46.03509;4.32984
1685920871;48.61884;-4.55587
1686341885;50.39891;2.10205
1687224819;45.85269;4.35856
1687572654;48.39139;-3.85525
1689055469;43.70006;6.84821
1690337291;48.9619;2.87994
1690708879;14.39595;-60.86833
1690708887;14.39688;-60.86731
1691037444;43.58581;6.93944
1691037474;43.58152;6.94334
1691822822;45.25306;3.19654
1691997969;48.11233;-1.67087
1692189216;49.04368;-0.96524
1692528786;46.44821;4.12092
1693347345;45.53548;-0.90694
1693776168;48.70799;2.03949
1693876668;44.87163;1.80525
1694621139;43.32238;1.95573
1694647664;43.31832;1.95241
1695005805;48.74512;2.66405
1695083672;43.12446;6.01028
1696542423;43.53543;6.94526
1696612499;47.52682;-1.6674
1697395765;48.8656;2.2522
1698303986;43.46418;6.67631
1698304039;43.4678;6.67073
1698304221;43.46667;6.6743
1698436034;47.02536;0.23984
1700250476;44.49986;0.16277
1701177375;49.13104;4.5323
1701568352;49.59008;-1.26594
1702562378;48.8406;-1.04747
1703221898;47.39076;0.66651
1704389948;48.23172;-1.60932
1704502305;45.82388;-1.10664
1704900406;43.56798;6.96142
1704900604;43.56756;6.9572
1705810406;43.14946;1.39383
1706801399;44.04006;4.89871
1708048646;44.20201;-1.22927
1708176576;46.84644;1.53749
1708284207;47.91493;2.10153
1708347970;45.26496;6.01545
1708661581;43.54102;-1.46189
1708700781;45.84325;4.37759
1708799600;45.00843;0.98812
1708859767;46.00456;4.36629
1708942179;46.00425;4.36125
1709741330;48.05964;2.16466
1710385819;45.78474;5.96517
1710489836;45.22774;1.52286
1710630177;46.02434;4.31232
1710751817;43.80004;3.21193
1711301697;46.65748;-0.91472
1711885364;48.04541;-1.60303
1711940561;48.49086;6.09419
1712574376;49.59308;-1.30351
1714191369;47.73073;-0.8446
1714348005;48.82677;2.48862
1714348007;48.82514;2.4861
1716358703;48.90198;7.97858
1717336866;45.97265;6.14342
1717986920;48.66719;-3.70865
1718048216;44.19535;5.9419
1718048227;44.1969;5.94403
1718381156;45.63309;4.45672
1718570301;43.85274;-1.38943
1718601428;47.33937;2.85683
1719418534;43.85252;-1.39159
1719423823;46.58239;3.05166
1720803125;47.87018;-3.54865
1721006683;14.51127;-60.90516
1721205768;43.82069;-0.08846
1721586965;48.4149;3.23979
1721586983;48.41723;3.23578
1721807927;48.57376;7.75799
1721813702;48.57318;7.7637
1721875420;45.31369;1.7662
1722673738;43.20611;2.36448
1722710763;48.51788;-0.75686
1722921126;48.56094;3.29933
1722921151;48.5629;3.28801
1723097359;45.68356;3.06055
1723247195;14.49121;-61.08081
1723333435;47.44002;-1.49875
1725417229;48.63123;-2.14269
1725612902;43.56497;7.07249
1725761761;47.87282;-3.55172
1728293321;48.62487;-2.14302
1728293480;48.62702;-2.14635
1728962206;44.5856;-0.29573
1729172232;43.696;7.26749
1729213766;46.25649;6.10832
1729681220;43.29379;3.52968
1729698070;45.4808;4.43287
1731068282;47.3463;6.3536
1731255151;43.80313;3.26546
1732434645;43.59605;3.86862
1732728080;48.57346;7.76106
1732975869;46.59846;0.32219
1734287327;45.73271;3.06478
1734562575;44.56106;-0.02268
1735911719;45.46472;6.49396
1736084164;47.12692;-0.64529
1736084834;47.12771;-0.64698
1736657002;43.21518;-0.89213
1736748131;43.79114;3.733
1736799132;43.99588;3.09824
1737156982;44.30515;4.68852
1737588399;42.71552;2.60779
1737621078;46.83867;-0.49417
1738222057;45.74519;3.06063
1738433864;47.76031;-3.3367
1738607778;48.86156;2.09607
1738973923;47.70428;-3.4304
1739236913;45.7649;4.88849
1740640951;44.43841;2.03294
1741780815;48.32816;-3.80888
1742579522;44.1344;4.79891
1742581710;46.6614;-0.23882
1745776072;48.8684;2.24583
1745776076;48.87044;2.24618
1745776092;48.86883;2.2478
1745847243;48.11883;-1.75699
1746524807;43.2741;6.52324
1746547219;48.85202;2.40941
1746684637;48.39324;-3.99988
1746700215;48.39135;-4.01879
1746765197;48.98136;7.50665
1746948062;45.74592;5.53534
1747498281;48.11351;-1.70642
1749454684;47.23584;6.0224
1749500500;48.8244;2.47428
1749780459;45.46825;4.35315
1749852864;43.1;6.32512
1749877746;47.50722;-2.76047
1750866403;50.72003;2.53539
1751767992;42.52425;3.08488
1752492867;45.27194;5.96582
1752811321;48.86234;2.26822
1753105322;50.41744;2.83174
1753242431;44.42682;6.03578
1753643428;50.72312;2.53814
1754108109;44.38604;6.65061
1755332004;45.78539;5.96477
1755348562;45.67402;5.92964
1755348563;45.71763;5.92322
1755348573;45.57813;5.63326
1755998859;45.66792;0.50067
1756435199;44.68103;4.26777
1756477667;45.18146;4.96724
1757224069;43.23743;5.58976
1758301210;47.78686;7.50744
1758862700;43.77515;7.50498
1758891338;45.69758;4.02447
1758963858;46.40143;6.58657
1759038207;-22.30258;166.44145
1759038209;-22.30292;166.43877
1760032499;45.99581;5.17318
1760036069;47.82121;-3.74413
1760673613;48.02253;-4.59282
1761198602;45.01145;1.08931
1761384805;47.88834;1.90524
1761487752;44.13397;5.97944
1762638375;47.92355;7.15772
1763397476;46.58222;4.23456
1763969616;44.82609;-0.55755
1763979154;48.87575;3.29596
1764550900;46.5776;4.23534
1764628757;48.6488;-0.94279
1764784354;48.03134;-1.74491
1765220835;49.77337;4.71971
1765241720;48.29623;4.06704
1765241721;48.29637;4.06528
1765984435;47.59873;-2.79504
1766336435;47.08503;-1.27582
1766477931;47.58332;-2.8124
1766477958;47.58589;-2.80254
1767409427;47.63756;-2.76395
1767409449;47.63835;-2.76214
1767576710;43.40849;5.05667
1767709169;48.66522;-4.04478
1767726841;47.4555;-1.63215
1768067116;45.00135;-1.19662
1768123105;47.08609;-1.27462
1768780797;48.61748;7.51265
1768938809;47.53465;-2.28326
1768950212;47.5416;-2.32438
1769323862;47.05524;-1.51541
1770829762;48.8391;-1.59775
1771467800;44.04306;4.44007
1771748074;44.48381;-1.07622
1771810267;44.48708;-1.0837
1771854629;46.81303;1.04809
1772553389;47.5574;6.43667
1772553391;47.55806;6.43627
1773178350;43.53209;6.9343
1773292240;48.10686;-1.69534
1773504331;48.95543;2.40204
1773504429;48.94471;2.39838
1773561823;44.01824;1.35657
1773958295;49.18257;0.31141
1774090816;43.71794;1.29607
1774185288;46.14452;-1.16758
1774423861;49.3579;0.06208
1774462025;44.48667;-1.07577
1774462071;44.4887;-1.07454
1775046259;49.29292;-0.06847
1775417173;43.94621;4.33133
1775854043;47.85231;7.28746
1775854044;47.85238;7.28776
1775854045;47.85253;7.2876
1775854049;47.85282;7.28634
1775854061;47.85336;7.2853
1775854107;47.85481;7.28598
1775912388;46.03176;4.31191
1776084303;41.99522;9.44405
1776084597;41.99678;9.44299
1776115876;48.6141;0.53481
1776921660;46.13767;6.27014
1776947481;48.86453;1.79518
1777857904;44.02227;1.34334
1778016214;45.39519;4.32365
1778017391;45.39613;4.3218
1778232567;49.25461;4.03462
1778240396;47.79075;0.41327
1778501634;48.70976;2.04214
1778864017;43.91968;5.05584
1778864022;43.91967;5.04804
1779285703;43.13521;5.74459
1779285725;43.13528;5.7395
1779534636;45.90383;5.17853
1779549129;45.99641;5.03149
1779576596;45.79933;4.94028
1779878483;43.84595;6.51465
1780129031;47.91871;1.08642
1780372694;50.27654;3.29661
1781426791;47.994;0.50416
1781426798;47.99544;0.51005
1781889308;43.13304;5.74883
1782061524;49.36053;0.07839
1782574138;46.90757;-1.37762
1783494047;43.70331;1.46694
1784413846;48.12473;-1.21233
1784691106;44.51396;6.5509
1785224070;46.3415;5.07093
1785270586;44.44603;3.11102
1785270589;44.44829;3.1132
1785291695;44.4652;1.06874
1785301913;50.86522;2.32694
1785324642;45.3813;6.73537
1785365687;46.65848;5.56829
1785370279;45.38209;6.72093
1785407405;45.76429;4.84808
1785707916;45.05583;1.67286
1785987967;44.24417;3.65351
1785988011;44.24547;3.65246
1786172927;46.33626;5.12871
1786261423;48.04346;-4.32656
1786300828;45.08207;-0.4954
1786332708;48.85374;6.93689
1786332847;48.85331;6.93942
1786333915;48.852;6.9366
1786337587;48.86503;6.93603
1786520950;47.1395;-1.33775
1786566367;47.55818;-1.54164
1787025374;46.33705;5.13068
1787025390;46.33777;5.1287
1787239759;46.34356;5.13699
1787240204;46.34026;5.13828
1787240518;46.3414;5.13778
1787240893;46.34037;5.1392
1787241180;46.34119;5.13544
1787241440;46.34204;5.1359
1787242894;46.34245;5.13776
1787244670;46.34297;5.13398
1787244672;46.34321;5.13836
1787248178;46.34254;5.13647
1787319598;46.33652;5.12595
1788312712;43.56076;1.4674
1788408924;46.15422;4.58726
1788748812;48.21152;-1.63128
1789060027;44.6077;2.02961
1789286442;45.7553;4.83952
1789859000;45.14247;5.28304
1789933754;47.61925;-1.18913
1789967746;48.75802;6.90026
1789991978;47.79796;-4.2133
1790248299;45.3938;6.07531
1791338946;45.8559;6.14643
1791820651;48.55295;-0.42137
1792313603;44.54392;4.29388
1792749476;45.70047;4.78807
1792790910;49.89556;2.30216
1793560437;49.232;-1.64463
1793614827;48.65729;-4.17394
1794095538;44.46712;1.48555
1794339901;48.43842;-0.49843
1794437605;45.8819;6.32501
1796084797;43.92082;2.1441
1796323360;48.10363;-1.06034
1796467024;43.28252;3.51985
1796783331;48.66206;7.82246
1796890547;46.8419;-0.49291
1797431453;44.05409;3.98746
1797677527;45.01272;-0.60406
1797974053;48.62056;-1.29507
1799235881;43.56922;5.35426
1799259753;49.35614;6.16463
1800593882;47.80578;-3.27779
1800597694;48.40285;-1.89843
1800752281;47.80618;0.52252
1800903101;44.7222;1.88071
1800904385;46.00378;4.36914
1802228858;49.14725;-0.25535
1802387290;45.25581;4.67331
1803714443;48.12278;-1.21252
1803714448;48.12447;-1.21666
1803982344;44.64313;-0.99807
1804371029;48.06862;6.86897
1804507792;49.8189;0.51203
1804722711;44.95003;4.20306
1805076857;43.11601;5.96135
1805186149;44.02155;5.15813
1805301276;48.2803;-4.59193
1805541221;45.6155;3.74561
1806296065;43.54522;-1.38659
1806614255;45.0105;4.39347
1806616132;48.36201;-4.26456
1807704339;46.37628;6.47861
1807775173;45.29441;4.25444
1808095420;48.23319;4.03692
1809584220;48.5498;-0.42473
1809727633;43.52857;5.44973
1809852215;46.35404;6.13845
1810264448;43.08087;6.15509
1810264770;43.08567;6.1584
1811070410;48.84962;2.40368
1811224608;48.40583;-4.07735
1811224610;48.44851;-4.15963
1811224612;48.47315;-4.2036
1811431376;48.4312;-4.78398
1811431378;48.44203;-4.77819
1811460754;48.83696;8.08969
1811581263;43.60694;0.92928
1812171827;46.14064;0.38836
1812317142;47.31179;-0.59265
1812392325;47.96792;-1.5048
1813077239;43.43258;6.73296
1813547304;47.57348;-3.02809
1814937308;45.2301;4.95648
1815012873;44.12995;2.9326
1815023972;44.09134;2.99856
1815624428;48.23925;-4.10517
1815663927;43.55918;1.26483
1816638730;48.29653;-4.18089
1816688422;43.31736;0.68344
1817628913;42.60022;2.97087
1817684081;48.2146;0.94216
1818079327;45.72895;4.80971
1818524491;48.96617;7.91245
1818595809;48.33206;2.77905
1818615204;44.51519;4.82366
1818632963;48.57631;-4.63116
1818882636;47.71213;-2.5155
1820166435;47.16831;0.23686
1821082688;44.83902;-0.58213
1822899283;46.92297;-0.97204
1823174321;43.15165;6.34408
1823177686;43.11009;6.13539
1823281329;47.58005;-0.362
1823281338;47.57862;-0.35199
1823405705;46.2569;4.91359
1823517600;47.37137;3.12846
1824279151;45.74159;0.38414
1824874901;49.24136;2.0971
1825178121;46.93955;-0.69266
1825189605;43.2574;6.12104
1825482249;48.8194;-3.35588
1825675172;43.72132;6.97801
1825702104;44.2072;2.70898
1826082161;44.89656;6.63415
1826373320;44.48606;5.38049
1826373905;44.48443;5.37812
1826395558;44.58764;4.12717
1826395653;44.5875;4.12853
1826595017;43.45862;2.0046
1826931218;44.353;2.03838
1826935313;44.34946;2.03575
1827015835;46.66447;-1.42723
1827351870;48.22928;-1.1803
1827358567;48.09367;-4.33401
1827487662;48.71835;4.95062
1827647355;44.68206;6.0773
1827923815;45.91889;4.52841
1828249215;44.82191;4.57977
1828712567;47.74841;-3.0756
1829446262;47.7964;3.57002
1829749876;44.85242;-0.56745
1830115868;44.35716;5.1381
1830506795;44.40025;2.56214
1830660015;44.68319;2.84813
1831272278;48.55705;-3.44609
1831438456;48.43168;-2.1192
1831791224;48.51023;-4.07282
1833371515;50.06776;1.38434
1833447110;43.18314;-0.02796
1833612051;47.81452;-0.08907
1833670482;48.27861;1.21493
1833670559;48.28028;1.21607
1833696791;48.32184;1.36095
1834111508;44.92125;2.83768
1834360945;46.85258;-0.4597
1834698261;49.70895;0.203
1834723531;45.37198;5.99011
1834805058;48.77794;2.26725
1835054897;46.44738;-0.85081
1835071035;46.24647;0.03577
1835128976;44.44542;-0.24427
1835145176;45.51277;-0.6116
1835145177;45.51299;-0.61362
1835230575;45.35775;-1.15334
1835230585;45.35858;-1.15206
1835230610;45.35762;-1.15238
1835230615;45.36234;-1.15077
1835404559;44.89085;-0.1553
1835404794;44.89447;-0.1567
1835404810;44.89541;-0.15398
1835414181;46.51478;4.9479
1835467113;49.70713;0.19996
1835641037;48.76805;5.1604
1835798429;48.84457;2.38763
1835892136;45.3583;-1.15367
1836008625;48.89174;2.31429
1836098448;48.77195;2.25991
1836144672;44.11166;3.94153
1836363761;48.46061;-1.22047
1836503797;44.34968;2.03746
1836532466;44.35144;2.03393
1836532510;44.35272;2.03945
1836572037;42.91033;0.1701
1836572038;42.91035;0.17867
1836635658;48.24294;3.55448
1836636007;48.24732;3.55513
1836971479;44.37638;4.69988
1837118523;43.38853;-1.663
1837126256;46.73773;4.36244
1837352430;44.64486;-1.11579
1837613996;42.98195;2.00506
1837646385;45.62285;-1.02247
1837838408;42.81542;0.31874
1838564085;47.5911;2.76581
1838568575;45.94473;4.73086
1838736303;45.68008;-1.1582
1838772467;46.19177;6.2365
1838794723;47.24597;-2.32053
1839103496;50.18865;1.63223
1839249523;46.31396;-0.73324
1839253618;43.24468;2.89327
1839552386;47.25062;-2.33133
1839552387;47.24757;-2.32326
1839587480;47.2538;-2.33683
1839587498;47.25187;-2.33373
1839948697;44.89704;-0.15619
1840617573;45.36744;-1.14951
1840617598;45.35991;-1.15064
1841025825;44.94864;-0.6042
1841971884;45.38945;2.29286
1842409092;45.73301;-1.09918
1842409110;45.7336;-1.10113
1842614036;43.83401;2.95927
1842638734;45.16932;5.72276
1843261060;44.60098;4.38651
1843273669;46.66983;5.06012
1843562147;43.36696;1.7891
1843789872;47.25968;-2.3395
1843979291;49.51649;-1.68373
1844405751;48.09034;-2.25516
1844601450;45.36064;-1.15185
1844604742;45.36296;-1.14732
1844915372;44.82155;4.56735
1845238619;48.54048;7.49867
1845376846;46.53568;0.28708
1845663691;46.93749;-0.5904
1846085959;48.0716;1.32441
1846173557;45.3586;-1.15054
1846520663;45.89637;-1.28867
1846770096;48.72425;4.58889
1846885856;46.56577;0.31213
1847073412;49.40408;1.09437
1847938458;42.82564;0.32632
1848079777;42.8233;0.31519
1848362465;47.25071;-0.14631
1848516118;46.56694;0.35005
1849443639;45.74779;4.80044
1850648907;47.664;-2.97327
1850677419;43.56427;2.56054
1851583366;43.66714;3.00862
1852453955;44.69444;5.48257
1852645960;-22.39071;166.92439
1852659176;45.75612;4.78723
1853234014;43.65234;3.03991
1853532303;-22.38938;166.92739
1854414033;43.86031;0.09597
1854432925;47.34594;0.45831
1854708714;47.27303;-2.42656
1854778215;48.66621;-4.213
1855526601;48.72842;4.58169
1855934333;47.66969;6.47062
1855938824;45.0917;-1.14068
1857103459;46.37279;0.40584
1857381368;49.14697;5.89203
1857604677;48.88642;2.33257
1857604683;48.88544;2.33099
1857613728;48.93519;2.35846
1858800408;46.47189;4.16025
1858928340;46.05825;1.28128
1859165905;49.36374;0.46567
1859828857;47.7223;1.93972
1860573083;47.27209;-2.42457
1860625763;14.40254;-60.87673
1861394482;48.5539;4.76753
1861394529;48.55232;4.77319
1861394591;48.54994;4.77512
1861687229;42.45969;2.03887
1862229072;45.82088;5.19435
1862631389;42.91693;2.04541
1863252179;48.15966;2.8816
1863252195;48.16026;2.88287
1863412830;43.43187;3.77639
1864830118;46.35882;2.07752
1864939837;44.24529;3.92376
1865457146;43.57535;2.37937
1865516550;44.13728;4.80064
1865920042;43.01124;3.06132
1866962212;45.77969;4.83481
1866984519;49.49533;0.11122
1867001336;47.64049;-2.95119
1867164057;47.34121;-1.16745
1867175870;49.491;0.13059
1867244807;46.44614;4.12018
1867262332;44.33693;3.48264
1867266364;46.18866;-1.32657
1867282494;45.9963;6.24743
1867494857;46.07735;2.93161
1867654875;48.73148;-3.45387
1867694609;43.29499;5.59215
1867694614;43.29504;5.59216
1867904846;14.7417;-61.17614
1868029747;44.24368;3.91724
1868250289;45.53835;4.85469
1868302143;45.29112;4.81373
1868302246;45.29812;4.8107
1868475251;48.10655;-1.67744
1868583950;48.24518;-1.8533
1868810461;44.24524;3.92639
1869550554;45.73581;4.80475
1870585078;46.58251;0.37056
1871344475;45.9927;4.82239
1871385857;46.06642;6.31141
1871486107;44.44377;6.37186
1871529518;44.58572;5.13377
1871605104;45.23186;5.68208
1871633708;46.43412;3.90712
1871658671;44.76734;0.76744
1872677208;44.12633;0.3431
1872810952;44.13466;0.34059
1872810958;44.13506;0.3431
1872834239;49.15004;0.90219
1872966517;46.41853;0.77019
1873106205;46.8422;-0.49035
1873185019;45.51258;2.73422
1873359719;46.58938;0.3652
1874200521;44.33835;2.56156
1874283787;45.51149;2.934
1874664967;48.04306;-0.78552
1874776280;44.14456;0.33311
1874776369;44.14379;0.33554
1874910941;44.81107;6.96754
1874976189;46.6198;3.76783
1875096200;48.60867;-3.02053
1875136321;46.3063;3.29921
1875590685;48.26979;-2.05473
1875643619;47.09481;-0.91413
1876395519;44.11368;4.52185
1876448710;48.68979;6.19015
1877390833;44.63793;-1.07426
1877531065;44.64431;-1.07403
1877834065;46.21908;4.99273
1879804842;49.60677;5.07736
1879843909;49.49083;5.18222
1879843911;49.49068;5.18365
1879864799;49.12116;5.03742
1880566399;45.71975;4.69433
1882430301;46.01363;6.95591
1882966127;48.77421;2.00515
1883435345;45.17327;5.54523
1883500177;-22.09712;166.67667
1883776469;45.51495;1.20071
1884209711;43.28402;5.37143
1885344917;44.83123;-0.57337
1885836613;43.80293;3.10869
1885884504;45.98557;4.03703
1885973043;45.64218;-1.08835
1886847400;43.43058;-1.60088
1887374741;46.00655;3.79931
1887646288;46.07014;3.66669
1888029149;46.85186;1.06979
1888062849;46.58298;-1.84597
1889496427;43.89098;-0.47369
1890267746;48.47015;-4.52946
1891202557;44.05235;5.04758
1891202565;44.05486;5.04754
1892300491;48.5979;-2.18933
1893059162;44.56383;6.49798
1893360205;44.55066;6.47682
1893797172;48.82839;-3.49529
1894218925;44.39167;2.6014
1894369863;43.78096;-1.21597
1894548416;48.64085;5.80988
1894577394;48.5729;-4.32021
1894577601;48.88888;2.29759
1894603095;48.1862;0.65393
1894628593;43.52839;1.7579
1894634707;48.18526;0.657
1894666729;45.39519;3.21465
1896341444;43.10884;-1.23917
1897872382;47.47345;-3.09181
1898338034;48.28638;-4.46162
1898644379;47.21315;-0.73229
1898915916;45.43558;-0.42855
1900418226;42.69944;9.45036
1902209336;45.85426;4.68179
1902397389;43.17081;6.53793
1902486150;48.47535;-0.1179
1902547865;48.28054;-2.66246
1902640327;46.33355;2.70245
1902947891;43.18174;5.61454
1902947970;43.18446;5.61801
1902948243;43.18549;5.62062
1903702122;42.84997;2.5994
1903740375;42.88016;2.55256
1903818617;42.92116;2.04484
1904126100;45.74649;4.86321
1904320270;47.71085;-3.47066
1905549510;48.40154;2.70037
1905623065;48.80554;2.11547
1905715170;45.41167;1.16502
1905937108;47.59115;-2.45616
1906003013;48.71441;2.48858
1906770274;44.25444;5.39255
1906998523;47.48325;-3.1191
1907465643;45.78907;3.07162
1907541420;48.81898;2.35757
1907717090;43.98231;3.13538
1909017017;48.05471;0.25288
1909144728;48.23112;-4.35484
1909989302;45.31755;3.17276
1910749699;44.94425;4.72964
1910798586;48.21783;-4.37563
1911638880;45.75771;3.10808
1911643099;45.07233;5.21197
1912141877;47.60235;-2.85973
1912815017;43.92222;3.70291
1913212245;43.99882;4.70238
1913218257;44.51586;4.78066
1913301004;43.77321;2.32983
1913873513;45.47499;3.27794
1913955195;48.42464;5.86151
1914197779;50.48539;1.61521
1914301803;44.01307;4.41627
1914301804;44.01132;4.41517
1914305194;44.01253;4.42212
1915257281;46.63377;1.06476
1915393181;47.59123;-2.4575
1915413409;43.26604;3.33385
1915413461;43.26655;3.33447
1915413593;43.26706;3.33321
1915413605;43.26719;3.33447
1915413662;43.26799;3.33363
1915818180;43.26726;3.33631
1915818218;43.26798;3.3356
1916751692;-21.3442;55.47382
1917369838;48.61957;-3.08866
1917427286;48.69501;6.18978
1917478248;-21.02766;55.22631
1917507807;43.93241;3.65378
1917608420;48.83281;-3.51558
1917665098;43.28651;1.92087
1918491933;48.89539;2.25781
1918882425;-17.54107;-149.56996
1918882426;-17.54196;-149.56959
1919077992;44.69176;6.04731
1920851158;46.20464;4.1192
1921516513;48.12456;-1.20907
1921677540;44.32211;3.06922
1921677581;44.32329;3.06842
1922096929;46.87986;-1.40779
1923482979;48.08339;7.35735
1923788712;49.28489;0.18318
1924838695;45.55882;-0.18209
1925125433;44.3217;3.07083
1927340834;44.64972;4.78242
1927353499;47.60334;0.59437
1927368637;47.83438;-1.31522
1927384540;47.83177;-1.31976
1927968277;48.07184;-1.84947
1928547201;47.36453;-1.60833
1928818537;45.73986;0.38512
1929401818;48.36389;7.43091
1929502232;47.56825;-3.00094
1930073213;44.42873;5.04899
1930080095;49.32335;-1.58724
1930882157;46.92273;-0.47634
1930932080;48.7279;7.91021
1931135029;44.73754;1.38444
1931213132;49.31614;-1.70252
1932029503;48.87204;2.17168
1932537199;44.46298;6.05682
1932537211;44.46232;6.05429
1933538237;46.5019;3.87912
1933715361;44.4609;6.05463
1933756144;47.74978;-0.63874
1934230808;45.17593;5.75745
1934403336;44.90561;4.42166
1935824948;47.59706;-2.84588
1936086102;44.11048;3.10323
1936857495;43.31432;6.35844
1937051684;47.7656;-0.09882
1937374992;47.6162;-2.82748
1937711111;46.35418;6.13645
1937845856;44.10217;3.88346
1938439630;45.18412;5.7383
1938439917;45.18511;5.73749
1938628531;47.5482;-2.91605
1940202126;48.43315;-4.62464
1940306066;45.58343;-0.98765
1940341044;43.23376;0.07348
1941152732;47.66402;-2.97693
1941157631;47.66071;-2.97269
1941592500;47.82051;6.83438
1941598112;47.81976;6.84112
1941881808;43.5468;3.79654
1941972468;47.6291;-2.77958
1942645841;47.22584;-1.52279
1942646047;47.23493;-1.50275
1942655340;45.41542;6.5653
1942682245;45.79233;1.86281
1944175635;45.46312;5.89969
1944176704;45.46639;5.86341
1944456537;44.23939;5.28023
1944729996;45.77626;4.55362
1944948379;47.95064;-2.54504
1945588746;44.91055;5.19263
1945765725;43.58122;3.56128
1945765737;43.58048;3.56171
1946184487;44.24335;5.31567
1946724853;47.95241;-2.55003
1947877054;45.77393;4.56823
1948046457;47.7045;-2.95383
1948280726;49.28296;1.01826
1948969010;46.22456;2.35887
1949208620;44.35758;1.72392
1949266541;48.17833;-2.75571
1949413271;43.66077;6.92239
1949893164;47.58457;-3.07634
1950003663;44.8817;4.3662
1950482611;46.20005;3.832
1950982479;44.27613;5.27645
1951465711;48.85391;2.4012
1952187729;45.061;4.30262
1952314158;44.02443;4.79373
1952405371;45.77254;4.85452
1952747540;44.84276;-0.58506
1952747542;44.84988;-0.56966
1954397134;44.06073;4.64121
1954401548;43.94956;4.80561
1954793520;48.66931;-1.11242
1955225775;45.79702;0.13407
1955681885;47.47657;-3.1131
1957086575;43.79096;4.30888
1957165309;45.06694;-0.46053
1957514991;45.12113;5.33825
1957514998;45.12129;5.34
1958820137;45.47544;0.03125
1960752062;46.14454;6.08083
1961294089;43.35122;3.53164
1962745571;47.48212;-2.34315
1963375457;44.90353;4.15594
1963461809;47.74193;-3.35192
1963520723;47.72888;-3.37084
1964123154;44.76779;0.7688
1964796422;45.45267;5.88296
1965043446;45.19152;5.72531
1965456427;42.21382;9.37336
1965478226;44.83493;-0.58032
1965478227;44.83511;-0.57452
1965478228;44.83544;-0.57277
1965695470;47.66708;-3.25002
1966356137;46.51023;0.14938
1966356285;46.51215;0.14537
1966868061;45.19743;5.77647
1967263892;42.2626;9.54683
1967347906;45.84321;5.77888
1968629485;48.10907;-1.70775
1968864983;49.19266;2.49859
1968864990;49.19381;2.48531
1969138593;43.73226;6.17678
1969625525;42.98603;1.14261
1970254515;48.54263;-0.57849
1970309178;48.93185;2.35949
1972061865;48.40865;-1.75088
1972067852;48.56644;-3.79877
1972681130;48.46721;-4.56658
1972819792;48.93249;2.49536
1974314689;45.86657;-0.96558
1974345523;48.90508;4.00518
1974813040;42.38529;2.61187
1974885249;50.47531;3.24436
1975273544;45.05605;5.66949
1975521478;45.76801;4.82959
1976971373;45.1257;5.87827
1977355916;45.6187;3.99687
1977955564;45.74617;4.78985
1978028577;47.54106;-0.10038
1978420269;50.47468;3.24237
1979685693;49.28493;-0.53949
1979798680;49.469;6.23626
1979965644;46.26477;4.09019
1979978975;44.23935;6.03781
1981164290;48.02637;-3.70277
1984404095;45.77518;3.06267
1985408888;43.5624;1.13588
1985453107;47.82977;-1.31531
1985617648;48.39632;7.44082
1985749990;48.83393;2.31457
1986165353;47.28041;-2.38271
1986174132;47.21581;-1.54908
1986193317;48.11235;-1.68438
1987256064;46.96788;-1.42878
1987771160;43.00004;2.56308
1988387464;44.05281;4.77966
1988390620;47.3281;-1.79188
1988437501;47.46707;-2.48877
1988489681;47.48578;-2.49816
1988522393;49.0437;3.95445
1988591378;49.04956;3.95343
1989018445;45.57431;6.73391
1989257380;49.11869;6.87207
1990118849;46.18313;1.84808
1990702570;43.38412;3.64236
1990702571;43.38551;3.64461
1990702579;43.38269;3.64008
1990702583;43.38821;3.64869
1990704753;43.3785;3.63335
1990704763;43.38131;3.63786
1990707449;43.37219;3.62402
1990707458;43.3759;3.62939
1992172079;46.99001;-0.74363
1992652393;48.24378;7.17993
1992827012;45.67338;-0.31433
1993601952;48.78402;-1.42657
1995017716;44.51512;3.25516
1996173899;46.4956;-1.78609
1996904098;48.4274;2.06525
1996930854;43.41634;6.74317
1996998228;46.5759;0.33855
1996998281;46.58319;0.33429
1996998282;46.5832;0.33431
1996998285;46.58373;0.33758
1996998287;46.58389;0.34442
1997008045;43.42279;6.74496
1997773590;45.56687;5.92261
1997951148;49.50901;-1.47028
1998356355;43.55381;7.0228
1998447484;46.77577;4.88809
1998879078;42.84862;2.77679
1998918198;48.80647;2.11527
1998943630;46.56793;0.38874
1998943646;46.57387;0.37405
1998943649;46.58867;0.35957
1999330985;48.87761;2.32704
2000189880;47.47777;-0.57718
2000189890;47.47415;-0.57632
2000199352;44.90207;-0.22121
2000439513;43.42049;6.74649
2001110987;48.05723;-1.15202
2001148533;47.63746;6.86267
2001369340;43.4337;6.73805
2001516917;46.66002;3.24776
2001517192;46.93946;3.16072
2001796198;48.05711;-1.15054
2002798780;45.73035;-0.71755
2004026089;49.35931;6.16634
2004211680;-20.88387;55.45691
2004490730;46.15338;5.78701
2004667873;42.48594;2.7491
2004768686;46.62728;5.22137
2004925702;46.62948;5.22554
2004991930;-22.30829;166.45672
2005976345;-21.27294;55.50751
2005990902;43.46938;5.02361
2006076572;-21.34109;55.47798
2006081707;48.43141;-4.6214
2007049451;45.29995;5.89837
2007321161;43.63565;2.31829
2007938808;44.81857;0.07798
2008608302;46.67358;5.55979
2008795157;45.93991;6.12266
2010940857;47.77881;-2.6924
2012467123;44.83026;-0.1867
2012516133;47.92683;6.6634
2012779204;48.83474;2.39354
2012902425;46.03335;4.30898
2013206490;49.35818;6.18625
2013403387;48.66727;-4.37185
2013497125;48.0363;-1.26585
2013524139;43.18625;-0.6493
2013817152;48.1421;-1.33954
2013817155;46.72153;-1.17811
2015417397;44.52864;4.91099
2016338750;48.76563;2.17726
2017114114;48.1538;-3.80013
2017114223;48.15455;-3.79995
2017118321;46.56616;0.35775
2017281045;45.84732;5.55946
2017654064;49.50017;0.12937
2018544530;43.92753;6.94734
2018713800;46.80297;4.42317
2019721791;46.35642;-1.47446
2020102099;42.77255;2.98805
2020137790;44.2031;5.53656
2020137792;44.20589;5.53664
2021305282;47.11628;-1.49213
2021309659;47.02344;-1.40096
2021312473;46.95914;-1.35149
2021944571;49.74049;2.1527
2022927110;49.25419;4.03136
2024981148;42.95899;-0.07488
2024981294;42.95948;-0.07337
2024981402;42.9608;-0.07458
2026150697;43.7945;7.04042
2026708375;42.96035;-0.07736
2028658965;45.62834;0.22396
2029718897;45.58396;0.75888
2030110652;44.16097;1.47051
2031549424;46.2608;-0.20922
2031560049;45.05606;6.07733
2032081495;45.1891;5.73692
2035710538;48.31075;-3.31779
2036029438;44.96774;5.41547
2036625773;45.20684;5.84779
2037953643;44.45099;5.54077
2038636031;46.63265;5.23207
2040450072;45.55602;4.12097
2041172566;44.73067;0.60745
2041892609;47.22922;2.05034
2042648811;45.19533;5.76722
2042769500;43.71974;6.97863
2043927031;47.07766;-1.39769
2044071897;48.4703;2.30019
2044071898;48.47212;2.29974
2044286456;48.6648;6.17294
2046002303;50.47507;3.23403
2046172285;47.80102;1.59645
2046201625;48.89915;2.12955
2046625672;46.48174;-0.59897
2046625694;46.48193;-0.59914
2046625729;46.4825;-0.59982
2046625799;46.48519;-0.60084
2047685474;43.22516;2.92255
2047685475;43.22638;2.92344
2047687057;48.12384;-1.20676
2047736343;48.52793;-2.00442
2047959946;46.68987;-0.24288
2048082469;43.04112;2.28945
2048492895;43.74577;7.40287
2048549485;48.89132;2.45475
2048565809;48.88335;2.47683
2048659838;44.2376;4.59326
2048784639;46.55175;0.30116
2048784877;46.56613;0.3132
2048784885;46.57286;0.32199
2049895445;45.39437;5.17577
2051547572;47.46377;-0.59025
2051622306;43.6882;7.2409
2052183041;44.47962;4.2404
2054746125;43.72936;7.3608
2057523276;48.20088;2.99452
2058552614;-21.63894;165.85983
2060078803;46.14669;1.5128
2061364553;45.19278;5.76532
2061512359;47.26552;-2.22422
2062106359;45.19285;5.76531
2062299533;43.75783;0.30362
2062673946;50.71889;2.53706
2069951194;45.63333;6.82347
2070361528;43.63987;6.91274
2070535403;46.8416;-0.49974
2071238956;45.18925;5.7545
2073587402;47.59005;-2.45819
2076157943;45.4161;-1.14445
2076352407;43.22361;2.627
2076413205;48.81884;2.32185
2076781046;47.88814;-2.83736
2076910841;45.59605;5.29881
2077964703;50.36477;3.27797
2078617157;44.3734;2.97174
2078750070;45.77093;4.83409
2078783575;45.73618;4.79591
2079321433;44.40538;4.12957
2079715524;47.27847;-2.21151
2080967361;48.41575;-1.2541
2081219349;44.91106;-0.24141
2081921740;47.54082;-1.88763
2082620119;45.55717;5.88923
2082620172;45.56037;5.89794
2083267162;45.56246;5.89641
2084310099;45.77962;3.08648
2085527301;46.78472;-2.07536
2085958356;46.57284;0.36758
2085958434;46.59556;0.32458
2086173231;44.12513;4.07685
2086192751;48.81319;2.23253
2086979312;46.65555;-0.07531
2087303408;45.83842;1.22363
2087557106;45.0717;4.83707
2087655939;44.46419;1.66751
2087930199;45.76085;4.77608
2088560101;46.51779;0.33163
2088964764;48.18138;-1.63453
2090265506;47.81646;-3.28209
2090641978;43.90873;5.61636
2090888832;45.93584;6.63636
2091344978;46.79531;-2.05004
2091480649;48.1851;3.2809
2091502458;45.07803;4.56627
2091521792;44.05739;5.12597
2091677024;4.90427;-52.32098
2092017111;45.43192;6.02228
2092201260;48.81536;2.10943
2094060769;44.00945;6.77983
2094121587;45.76545;4.84138
2094121929;45.75892;4.8407
2094826022;46.80863;4.84229
2094826023;46.80864;4.8422
2095083265;46.15777;3.72999
2095083267;46.15605;3.72805
2095083268;46.15652;3.72863
2095595373;47.14469;2.18422
2095595376;47.14559;2.18703
2096065033;45.56297;6.7945
2096474878;46.15761;0.34122
2096711115;44.40701;0.70729
2096890153;45.27205;0.1716
2097003940;43.76047;7.45755
2097257066;47.93728;-1.66256
2097629801;47.81057;7.10248
2097671722;43.95068;6.81074
2098655273;47.7606;7.35142
2098705019;43.77369;-0.42839
2098705028;43.77503;-0.43507
2100210179;47.97955;-1.87036
2101902019;44.87433;0.03015
2101945124;48.84664;2.2363
2102770562;47.32608;1.06824
2103161794;44.97213;6.50806
2103201282;47.32939;1.067
2103220338;46.14543;1.51211
2106021248;45.11716;4.944
2106171775;47.93319;-1.66356
2106506834;45.0816;4.77685
2106833375;44.28216;4.7524
2107744287;49.62968;-1.60615
2107811384;45.65519;-0.26214
2108105038;47.28627;1.77335
2108596923;47.92748;-1.60755
2109016251;47.41923;0.99125
2109260809;5.15728;-52.64211
2111075471;49.49599;0.10978
2111076789;49.49419;0.10808
2111149623;49.49537;0.09372
2111216585;49.49576;0.12732
2111229743;49.49303;0.10913
2112025588;44.09394;-1.32484
2112257284;44.08793;-1.31592
2113305197;45.78113;4.8053
2113510978;45.41989;0.84027
2113575273;46.06995;3.66493
2114556860;45.18527;5.87024
2115601443;46.48602;2.65858
2116049631;49.65474;-1.67197
2117062655;-22.27697;166.45004
2117885714;47.75557;0.86397
2118687825;48.80772;2.33297
2119344990;45.3564;5.91887
2120003284;49.49706;0.09107
2120030533;49.50102;0.0878
2120962778;43.79627;6.94361
2121492703;49.48731;0.11359
2122603121;44.4096;4.29375
2122741761;48.29769;4.12982
2122866562;48.75043;2.11222
2123625066;43.94311;4.80481
2123850961;44.40154;4.28894
2124736156;49.359;6.16985
2124886002;44.6084;4.72304
2126679825;45.48176;6.06432
2126933107;49.11629;-1.113
2127208200;47.62103;1.34602
2128181211;46.86471;3.16017
2128181212;46.8656;3.16177
2130717649;48.33248;4.02441
2130986963;45.97455;6.47724
2131448813;43.16362;-1.23699
2131448814;43.16181;-1.23897
2131448816;43.16246;-1.23954
2131544183;47.2926;1.76896
2132054633;47.75163;0.86133
2132222164;44.52811;2.25597
2132368247;42.61823;2.42831
2132536471;49.5061;0.14256
2132543330;3.64251;-54.02851
2133038529;46.31535;6.06971
2135722202;42.6257;2.16505
2135745969;46.25313;-0.2075
2136324337;43.58571;1.44755
2136550451;44.11839;3.76333
2136720444;48.82621;2.37481
2137731315;47.45681;2.17624
2137731321;47.45803;2.17958
2138063839;48.52331;2.38177
2139042758;45.21255;4.34793
2140052852;46.19135;6.20978
2140560990;47.95042;6.77652
2141074981;47.75167;6.58313
2141671777;44.5637;-0.22595
2141769018;45.11411;5.60883
2143239283;46.60673;4.66838
2144397367;48.31591;2.69441
2144444576;49.88967;2.84224
2144444587;49.88741;2.84156
2145735663;44.36913;2.58859
2145865576;48.55857;7.45696
2147114553;48.7712;2.45825
2147578608;43.40382;6.06249
2148217121;47.44705;2.00631
2148910474;44.38764;6.65418
2151161539;42.81659;0.31998
2151717667;47.42691;2.05355
2152915086;45.93575;6.62872
2153291539;46.09729;1.58916
2153514894;46.15437;5.7876
2154104651;46.14214;0.38891
2154604426;47.4697;2.00609
2154604508;47.54643;2.01013
2154604544;47.55912;2.00641
2155740936;49.63863;-1.6167
2158139950;45.95824;3.47505
2159291100;48.19334;3.99783
2160940412;43.96809;1.33864
2161592749;43.60412;1.44385
2163032524;43.78241;7.51254
2163958497;46.10579;1.5802
2165143633;49.4125;1.08627
2165601800;-22.27136;166.44072
2166689398;46.48417;0.18527
2167307395;48.78987;2.38641
2167577845;44.38795;6.65059
2169286967;46.32599;-0.46469
2169287551;46.32559;-0.46372
2170982047;42.86222;2.46155
2172322852;49.5238;5.76272
2173706175;45.35018;5.50263
2176649061;-22.26376;166.40188
2177791350;46.85988;-0.25134
2178501356;48.8126;2.38744
2178519806;45.19297;5.73951
2180200626;45.26054;5.14382
2180292305;45.64711;4.81273
2180292313;45.67433;4.81822
2180292316;45.67934;4.78195
2180292319;45.68094;4.81532
2180292322;45.69056;4.93733
2180292334;45.69458;4.79318
2180292337;45.70356;4.82386
2180292344;45.70619;4.8115
2180292348;45.70717;4.82141
2180292354;45.71823;4.81792
2180292357;45.71883;4.80039
2180292363;45.72538;4.77885
2180292365;45.73349;4.79729
2180292366;45.7353;4.78536
2180292385;45.73789;4.71656
2180292392;45.74036;4.72512
2180292406;45.74617;4.972
2180292408;45.74646;4.72381
2180292411;45.74674;4.72379
2180292413;45.74689;4.9648
2180292416;45.74709;4.75625
2180292422;45.75144;4.76593
2180292428;45.75642;4.72548
2180292439;45.75701;4.73731
2180292442;45.7571;4.84528
2180292444;45.75909;4.87713
2180292447;45.76055;5.01156
2180292450;45.76102;5.00039
2180292465;45.763;4.76632
2180292469;45.7634;4.78251
2180292476;45.76551;4.95592
2180292485;45.76612;5.00111
2180292486;45.76828;4.95609
2180292496;45.76845;4.93836
2180292499;45.76881;4.77339
2180292500;45.76906;4.94756
2180292501;45.77;4.96498
2180292505;45.77037;4.91985
2180292509;45.77474;4.77843
2180292513;45.77542;4.96696
2180292525;45.77752;4.92546
2180292528;45.77849;4.74403
2180292530;45.78499;4.91234
2180292533;45.78577;4.92914
2180292539;45.78681;4.92088
2180292542;45.79357;4.78493
2180292550;45.79369;5.04218
2180292553;45.79512;4.79195
2180292556;45.79646;5.04687
2180292560;45.80362;4.88097
2180292568;45.81257;4.89566
2180292571;45.81795;4.90526
2180292574;45.81912;4.75024
2180292576;45.82031;4.76109
2180292579;45.82085;4.89639
2180292582;45.82216;4.87247
2180292585;45.823;4.82006
2180292588;45.82451;4.89561
2180292605;45.82478;4.89515
2180292610;45.86518;4.83135
2180292616;45.86594;4.83233
2180292623;45.87852;4.85865
2180292626;45.87975;4.83658
2180292630;45.88099;4.86343
2180292634;45.89744;4.84106
2180292638;45.89759;4.84027
2180292641;45.8982;4.8499
2180500941;47.23641;0.12726
2182421950;43.66295;-1.44307
2182421981;43.66285;-1.44312
2182521354;43.65023;-1.44536
2184648499;45.07097;1.45171
2185109454;43.6615;1.4318
2185253415;45.01919;6.60666
2185697102;43.56934;1.62705
2186038490;44.61498;6.3346
2186319237;47.80838;1.85504
2186319263;47.80935;1.85244
2188410510;45.78067;3.09118
2189662650;46.75289;2.17814
2189923984;44.6512;3.95539
2191320991;45.81801;1.65407
2191321060;45.81912;1.65449
2191612499;48.5758;-3.84877
2191768144;44.84246;-0.64754
2192277641;43.62199;6.75202
2192294512;47.57775;-2.63054
2193131041;46.81494;0.53615
2193446822;46.36539;4.23377
2194026266;46.08196;5.37122
2194035658;45.27353;5.60474
2194467199;46.00161;4.64565
2196032038;44.73431;4.59672
2196050311;45.81287;4.95631
2196050317;45.80821;4.93687
2196056219;45.79559;4.94852
2197627444;46.81831;0.54634
2197887153;45.42074;7.03328
2198889071;45.62942;4.6005
2200337915;43.43562;1.66121
2200337916;43.43611;1.6605
2201447871;44.47238;2.4645
2203290890;44.36291;3.74492
2203294126;44.36393;3.74616
2204641815;44.55463;6.07405
2204801643;44.95936;5.77992
2206632050;43.33332;-1.7439
2208510658;46.4748;0.615
2208700499;44.96967;5.78256
2210480497;45.78357;3.01201
2211364873;47.80244;1.04324
2213467043;48.51495;-1.89961
2216101180;45.35262;4.99021
2216762046;46.78048;4.74829
2216916293;47.97683;6.72204
2219181145;48.19951;3.28425
2221595916;46.46533;-0.87614
2222201788;48.85648;2.34979
2222292633;42.8848;-0.0606
2222292636;42.89363;-0.06026
2222292637;42.89492;-0.06199
2222967799;47.50446;1.56723
2223517817;48.44313;1.49884
2225424479;45.55428;4.09911
2228483349;45.63228;3.56074
2228971421;43.31976;1.94805
2229003073;43.31642;1.95617
2229031510;43.31707;1.95362
2231076739;48.83036;2.33384
2232108447;46.57934;0.33821
2239785149;46.43728;4.2788
2239809959;44.83234;-0.5583
2239999906;48.21246;3.28786
2240048187;48.18538;3.27887
2241171350;43.6816;4.63052
2241285771;43.10943;3.09827
2241285784;43.10986;3.09447
2241338653;43.10948;3.10122
2242360397;44.84625;-0.56498
2242419983;43.94455;4.80643
2242527620;45.03867;-0.56146
2242803678;44.54896;2.10935
2242809770;48.63514;-2.08433
2242854005;47.61905;3.97326
2242922777;46.53649;0.85444
2243224765;48.94037;-1.32993
2245259379;46.86668;-0.38984
2245451425;45.04585;3.88585
2246302973;45.80016;4.94018
2246706395;45.75454;1.27403
2250245509;43.42405;5.05126
2250820136;49.14058;4.36649
2252436998;50.00896;4.70573
2252694196;48.82525;2.31581
2254474418;46.86828;-0.39356
2255925944;45.69204;3.2542
2256128300;48.83464;2.28415
2256178701;45.48856;6.6762
2257994897;46.77907;4.86707
2258505114;43.40593;1.87795
2259905259;44.0931;6.23672
2260512404;46.87736;-0.39315
2261505176;46.48387;0.73409
2262012007;48.86589;2.22437
2262549983;46.81557;0.54538
2263326897;44.61178;2.11849
2264432662;43.70235;7.30891
2264438908;43.70377;7.31136
2264440923;43.70235;7.31229
2264583930;43.70114;7.31016
2264629548;42.51427;2.80488
2265987847;48.62736;-2.05521
2266067571;46.78144;4.85872
2266125988;48.62504;-2.05246
2266126011;48.62737;-2.05604
2266337361;47.30034;1.22364
2266337498;47.30162;1.22554
2266347413;46.47067;3.94176
2267234074;46.6037;-0.48276
2267458154;48.60886;-3.57499
2267772277;48.83808;2.27801
2268088650;48.59145;-2.55276
2268295194;44.21513;2.9888
2268684319;49.65566;-1.65002
2269469830;43.63311;3.86982
2269469833;43.63376;3.8694
2269984678;45.67534;-0.92557
2269984679;45.67536;-0.92562
2270337546;42.88231;-0.15544
2270823245;43.73157;1.4045
2270852130;47.63286;1.85259
2270876459;48.10102;-1.79507
2271117436;45.96043;6.88661
2271413796;48.71784;4.58705
2271529702;48.43789;-1.34327
2272845978;43.40426;5.0506
2274127935;44.60537;2.486
2274210131;44.59932;2.40062
2274488993;45.77279;4.82704
2275102700;45.98872;-1.09584
2275671052;50.63148;3.0547
2275810203;45.02385;5.51724
2276177777;46.62664;0.31103
2276588635;45.64737;0.36748
2277312116;46.29726;4.26072
2277800020;45.61808;-1.01503
2278038306;48.67611;-2.8848
2279136022;44.12932;4.79677
2279279094;42.72776;2.4427
2280793287;44.56429;2.24809
2281211604;43.74286;4.79424
2281213031;48.56113;3.29495
2281213102;48.56095;3.29004
2281275554;46.86798;-0.39058
2281878251;44.09312;6.0081
2281882545;43.91599;5.91829
2281894244;45.49876;5.29851
2282286480;43.62634;6.22421
2282384923;48.83026;2.37526
2282949107;44.64381;2.56556
2282978909;43.7366;5.96947
2283099301;46.0706;-1.093
2283099305;46.07293;-1.09328
2283552175;48.83799;-1.59705
2283929785;43.69814;6.03931
2283933365;43.5257;6.15128
2283933930;43.51495;6.24325
2283934462;43.56206;6.23303
2283940328;43.73411;6.17447
2284012402;46.63769;0.76113
2284528931;42.51611;3.10521
2284736020;46.8064;-0.36103
2284862581;46.5736;0.27282
2285335382;44.97629;5.10895
2285467220;49.51934;5.36646
2285894427;48.87027;2.77871
2285984641;46.47919;3.89119
2286047768;4.90944;-52.28108
2286772331;44.98747;6.11614
2287143988;4.90904;-52.28067
2287143990;4.90916;-52.27986
2287143991;4.90917;-52.2802
2287143992;4.90917;-52.28018
2287144007;4.90942;-52.28072
2287328119;46.55486;5.16365
2288116410;46.35775;4.22536
2288239313;48.44551;-2.74545
2288857777;47.28864;3.81756
2288910914;43.29362;1.22576
2288910915;43.29573;1.22613
2289095269;44.59032;2.40393
2289110117;46.43542;4.27307
2289176190;43.45344;6.68968
2289412681;48.8176;-3.46086
2290516287;43.23014;6.58574
2291622275;48.83871;2.21856
2291795248;48.51282;2.21739
2292169885;49.23385;2.45773
2292223416;48.09843;-4.34177
2292232747;48.09849;-4.33959
2292355059;45.68248;4.64052
2292588205;45.44246;7.01742
2293375321;42.78694;3.03877
2293560781;47.79389;-1.05605
2293576640;47.7933;-1.05534
2293577678;44.59942;2.39787
2294706512;47.99272;0.19397
2295114521;47.58486;-2.85576
2295276545;43.6141;7.12517
2295538737;42.9586;2.27071
2295604033;47.5907;-2.82497
2295682106;47.60597;-2.83734
2295712328;50.46598;1.76
2296111102;47.60242;-2.85987
2296120366;47.10481;-2.09079
2296297392;46.64955;0.37515
2296386785;46.90524;3.84172
2296803861;45.99067;5.0348
2296803862;45.99109;5.0279
2296803863;45.99217;5.02758
2297314970;46.56553;4.90955
2297528820;44.06971;0.89903
2297531153;48.56949;-4.52158
2297551507;44.47464;2.46343
2297829267;49.27897;1.77819
2298161811;48.59479;-4.60556
2298798248;46.12365;6.20587
2298902645;45.68327;0.14919
2298902648;45.68481;0.14505
2299201762;48.85237;2.78316
2299240080;46.78227;4.74453
2300253316;43.86087;0.09879
2300253320;43.8614;0.10234
2300263546;45.36383;0.6464
2300269558;43.86758;0.10258
2300504422;47.46988;-1.76522
2301122473;-49.28461;69.69315
2301607301;48.70808;2.45457
2301806961;-49.48265;69.81858
2302495238;45.65974;3.09361
2302568499;50.63835;1.57642
2302568501;50.63203;1.57707
2302576114;50.63518;1.57708
2302812593;43.83203;5.78515
2302880495;44.45451;3.61634
2302970189;48.57198;-1.76907
2303032486;43.83103;5.15938
2303482201;43.47577;0.91223
2304205403;45.18303;0.7223
2304306273;45.95822;1.40218
2304478589;45.75907;4.821
2304994347;47.15577;-2.18059
2306294490;48.78288;-3.52578
2306422519;46.80502;0.5409
2306758740;47.82677;7.51388
2306996247;49.04849;4.49305
2307013382;44.89814;6.64343
2307014010;44.90084;6.64394
2308180217;45.10454;6.09605
2308180227;45.11809;6.10356
2308180248;45.10573;6.08482
2308610131;45.95873;1.39935
2309263878;48.92764;2.14371
2309321720;48.92865;2.14605
2309830814;49.20415;-0.35751
2309882231;49.01848;1.14893
2309886805;47.82497;7.5166
2310891364;48.93698;2.35263
2311072347;49.38078;3.3278
2311223719;44.66528;-0.35217
2311315895;49.50914;-1.74276
2311700155;48.45315;-2.04281
2311938419;48.09336;-1.80634
2311943779;48.70172;2.31288
2312105615;45.14317;4.43555
2313637512;43.16896;0.8816
2313637518;43.16926;0.88131
2313643467;47.25711;5.90606
2314145424;44.88866;1.21661
2315421803;45.26928;-1.16161
2315422018;45.26787;-1.16194
2315579722;44.12062;4.83891
2315579723;44.12062;4.83901
2315785802;45.13393;5.01023
2315982895;45.56227;5.02099
2316904473;48.11461;-1.7111
2316904482;48.11464;-1.71112
2317193657;46.7704;4.85909
2317725150;15.86814;-61.58232
2317889663;-21.20454;55.57769
2318275146;48.11344;-1.70609
2318275147;48.11347;-1.70611
2318275148;48.11365;-1.70646
2318275149;48.11367;-1.70643
2318275150;48.11382;-1.70785
2318285425;48.114;-1.71018
2318285432;48.11403;-1.71102
2318285462;48.11407;-1.71097
2318285470;48.11419;-1.71008
2318285478;48.11448;-1.70757
2318285489;48.11461;-1.7111
2318285494;48.11464;-1.71114
2319678941;48.87377;2.48293
2320418860;47.51744;-2.59762
2320806070;48.80197;2.30686
2320806075;48.80566;2.30852
2321336302;48.70379;2.26947
2321528659;45.25595;6.25619
2321666344;43.49169;3.71845
2322091321;45.19224;5.73851
2322091339;45.1946;5.73673
2322150658;44.59411;-0.2829
2322893946;48.8207;2.70338
2323000674;45.58542;5.24492
2323976073;43.47427;0.90963
2324139672;44.91116;0.93152
2324535676;44.81538;1.1439
2324535739;44.81544;1.14675
2325313209;46.50727;3.63058
2325313477;46.51059;3.62953
2325911617;42.64478;2.45617
2325926623;42.60138;2.59541
2327450499;45.0808;5.77451
2328038474;45.49162;6.68415
2328594753;48.75436;2.32271
2329056421;42.50943;2.79012
2329104391;46.22596;-0.14615
2329118088;43.74323;4.22534
2329235197;49.33538;-1.69993
2329858037;48.89729;2.35901
2329911839;44.19633;2.42565
2330419479;49.44062;1.08189
2330728702;45.74452;6.36824
2330770605;45.56564;4.4405
2330884628;42.52626;3.08254
2331022457;50.45255;3.59629
2331743065;46.50795;3.63235
2333239446;45.00083;2.55356
2334274612;47.86668;-4.22235
2334278788;47.86689;-4.21941
2334282339;49.51775;5.36177
2334282370;49.51674;5.36198
2334799156;44.1354;3.02472
2336778707;49.64259;-1.63069
2337221384;48.66776;-3.9141
2337251853;45.5066;6.92092
2337320910;42.83555;2.48016
2337343610;45.1587;5.75975
2337343756;44.73561;4.56272
2337651716;44.92897;2.98472
2337658065;45.6395;-1.07817
2338147289;45.57941;6.90439
2338506010;41.56078;9.3352
2338632393;43.45053;-0.44442
2338678450;48.20559;-3.04775
2339550404;41.59014;9.28308
2339963405;47.15978;0.78148
2340720595;45.54751;3.73521
2340774053;49.37953;-1.78558
2340848120;41.68777;9.20102
2342365407;41.38711;9.15735
2342365422;41.38957;9.16515
2342451389;44.95929;4.73286
2343295243;46.78499;4.86041
2343661794;46.89595;5.02732
2344035749;46.83388;4.84238
2344204323;41.68756;9.20119
2344309065;43.49177;0.93103
2344344772;43.62743;0.87722
2345463023;48.07889;7.36286
2347200286;46.72135;3.68508
2347245491;45.57278;6.82507
2347264582;50.05926;1.36717
2348395869;43.10926;5.81298
2348395883;43.11047;5.8124
2348395888;43.11111;5.81202
2348472802;44.91598;5.63389
2349278098;45.59977;-0.99503
2349336730;48.88596;2.3563
2349638716;47.17839;3.0166
2350541106;48.76492;2.1759
2351733153;50.4981;3.25078
2351927722;45.7705;2.9627
2351927724;45.7723;2.96314
2352338918;44.19209;2.66021
2352476920;43.26597;5.41488
2352523040;46.83761;-0.49423
2353246382;44.3692;2.58861
2353568983;44.83869;-0.53733
2353664654;48.79436;-3.41313
2354616998;43.33919;3.21902
2354617000;43.34743;3.22125
2354724244;48.79312;2.38812
2354724249;48.79298;2.38669
2354724256;48.79307;2.38809
2354759931;43.14208;6.01635
2354773099;44.12819;4.81141
2355305844;44.8821;5.63976
2355724807;45.59455;6.79256
2356190818;48.82106;2.35673
2356448279;48.29949;-2.05264
2356598264;50.60076;3.02047
2356915396;45.77429;4.82892
2357274215;47.79273;3.58242
2358305483;42.27696;9.54976
2358305971;42.33994;9.53919
2358397182;45.35326;5.59844
2358610342;46.50752;0.36796
2358690443;46.50835;0.3704
2358690447;46.50982;0.37477
2358813312;48.86839;2.3634
2359158420;45.72821;5.48841
2360177950;43.47025;0.92203
2360427095;47.31807;4.09549
2360526009;47.28662;-1.19046
2360805494;48.10181;-2.02536
2360868310;45.83379;5.40123
2362930993;43.66759;7.14544
2363137671;48.76438;2.18536
2364484276;45.62927;6.84784
2364954037;49.12058;-1.00579
2365721247;43.25722;5.38261
2365943819;43.66121;7.15248
2365943824;43.66133;7.15073
2365943902;43.66517;7.15099
2365973529;43.26167;5.38225
2367036455;43.63799;4.98481
2367541913;43.57859;1.44683
2367783973;45.00114;-0.5315
2367869951;16.32149;-61.78872
2367927510;46.87731;3.47968
2367938845;42.70782;3.03367
2367938854;42.70866;3.03462
2367938866;42.70926;3.03663
2367938869;42.70936;3.03228
2367938875;42.71013;3.03452
2367938877;42.71034;3.03705
2367938879;42.71124;3.03706
2367938882;42.71182;3.03758
2368332438;44.0943;6.99033
2371150658;46.45792;2.55797
2371191240;46.14199;-1.17143
2371191526;46.15493;-1.15946
2371191630;46.15503;-1.15938
2371191650;46.15531;-1.15525
2371192092;46.1625;-1.15277
2371192834;46.16504;-1.15611
2371443552;-21.61054;165.75414
2371849243;46.99757;0.59927
2372284940;44.98153;1.83831
2373741082;48.18167;5.89425
2373741199;48.03183;5.97963
2373741201;47.07357;4.92239
2373741203;46.62298;3.75863
2374046840;45.11082;2.86997
2374105219;43.40578;6.0598
2375058800;45.16479;6.43104
2375445592;48.72504;2.26055
2375700993;45.93992;4.76944
2375850038;48.73762;1.62429
2376344207;48.88065;2.40043
2377051347;48.40131;-2.90593
2377102738;50.49429;2.56833
2377116031;47.19791;4.05732
2377133195;47.51036;2.92096
2377133229;47.51289;2.91683
2377251850;45.59059;4.31901
2377251861;45.59074;4.31803
2377251883;45.58907;4.31562
2377251910;45.59028;4.31866
2377292415;45.27919;5.8871
2377360710;48.40231;-2.91115
2377360714;44.09256;7.04951
2377360744;48.4033;-2.90948
2377735883;43.13946;5.8481
2377735886;43.13988;5.84947
2377793911;47.03725;-1.11781
2378416408;48.82837;2.37665
2380478142;49.44262;1.77971
2380658022;42.88984;0.34912
2381669290;44.61743;6.20915
2381669329;44.61876;6.19773
2381669356;44.6201;6.20157
2383665134;45.57439;2.91685
2383842342;45.78707;4.81115
2383910794;48.55226;-1.58579
2384063167;44.89354;1.47757
2384491442;43.57048;7.01502
2384700718;45.51551;1.87388
2385024190;47.92395;-1.24536
2385106116;47.184;-1.65449
2385399625;47.02331;4.83725
2385399831;46.94674;4.62464
2385399925;47.23681;4.62733
2385399991;47.26857;4.53767
2385799078;48.58848;-1.59227
2386317309;43.56696;6.17772
2386422669;45.50303;4.26108
2386457654;48.82927;2.26352
2386533041;48.85726;2.29111
2387471305;49.2934;-0.28284
2387517795;44.751;5.37098
2387902940;45.92325;6.65143
2387938073;44.10976;5.10741
2387938074;44.11197;5.10595
2388339713;44.15321;4.36653
2388638870;45.19207;5.72733
2388800998;46.35262;2.23356
2389435356;44.55895;4.74737
2389937608;48.88832;2.33719
2390026819;44.01502;4.42893
2390063967;45.55126;3.10644
2390065827;45.53901;3.04527
2390451148;46.75953;-2.02346
2391613069;47.23674;4.62387
2391613070;47.23646;4.6287
2391613071;48.26801;5.8612
2391983909;48.75462;6.95169
2391983923;48.75502;6.95351
2391983972;48.75677;6.95269
2392029170;46.58539;-1.84588
2392029334;46.60578;-1.83019
2392089762;46.07632;-1.09172
2392183455;48.87254;2.32652
2392491494;48.08103;3.2891
2392563743;45.98836;4.05213
2392767760;44.75642;6.79365
2392992117;47.57334;-3.07246
2393093779;50.25457;3.37861
2393484754;47.86902;-3.91545
2393696684;44.09243;-1.32135
2393767315;46.36979;6.32372
2393822939;45.34863;6.30377
2394163518;48.44826;-4.76196
2394370299;48.83666;-3.30801
2394431968;47.18505;4.07299
2394466905;43.74377;1.77507
2394523411;44.50905;6.31278
2394523419;44.53041;6.37156
2396182487;44.49989;1.22216
2396288523;46.87482;4.74121
2396971005;43.70042;7.2467
2397411695;48.22735;-2.85472
2397597795;44.48343;1.84421
2397597848;44.48416;1.64421
2397597890;44.45462;1.437
2398057114;47.80958;2.30729
2398251536;45.90829;4.83264
2398400526;48.88564;2.32634
2398433557;45.91821;6.87018
2398810438;46.31316;-0.37005
2399010952;49.66983;-1.69986
2399054053;46.40311;6.61277
2399374568;46.49947;-1.54872
2399692693;46.49486;-1.78973
2399734419;46.37781;6.47957
2400133746;44.59906;2.39764
2400133842;45.04575;3.88257
2400253171;42.76654;2.98916
2400335207;44.7246;1.2201
2400391424;46.01332;-1.1755
2400391828;46.01181;-1.17734
2400594995;48.77351;5.16163
2400760006;48.87839;2.26904
2400762776;48.87718;2.26168
2400982451;45.41941;5.85828
2401382061;48.83199;2.37771
2401630356;47.61612;1.518
2401633873;42.52824;2.39119
2401934287;43.21812;2.35236
2401935352;46.56555;4.90952
2401935454;47.09053;5.49394
2402196165;42.80609;3.03914
2402320333;48.29896;5.15294
2403241283;46.43366;4.31481
2403585893;48.69684;6.18394
2404601557;46.37444;3.29167
2405735115;45.06013;5.34358
2405735242;45.25578;5.02852
2405735444;45.25627;5.02819
2405739718;45.07466;5.39799
2405850535;44.96715;5.41616
2406044388;46.69062;4.70506
2406169431;48.38891;-4.43466
2406277190;45.77424;3.06826
2406471908;50.86585;1.85832
2407214721;48.76037;2.42416
2407305376;47.87331;-3.91789
2407313371;47.85461;-3.85121
2407395852;45.88473;6.17581
2407556732;45.10811;5.93646
2407565662;49.65668;-1.5678
2407792128;43.60527;2.2373
2407870842;47.58599;1.34352
2408376384;46.20273;5.29659
2408376404;46.20472;5.29452
2408779852;48.49458;-0.13842
2408828973;42.77559;2.91375
2408856805;47.84495;2.03252
2408979219;47.98158;-3.06536
2409000673;44.70047;7.05086
2409138226;47.25953;0.46697
2409167014;45.2975;6.58008
2409543936;43.70105;7.29262
2409615805;45.88754;6.10225
2409682016;45.75759;5.68136
2409705939;43.89648;5.29545
2409712711;43.77895;5.41684
2410612455;45.30177;5.69726
2411066537;45.36197;2.20656
2411737544;44.52048;2.76232
2411749354;46.20905;5.23005
2411832115;44.86556;3.92235
2411847056;43.44802;5.68426
2412222167;48.66044;-4.29802
2412424384;46.85495;-0.45221
2412445604;46.78484;4.85783
2413221264;44.36209;3.74709
2413221266;44.3627;3.74394
2413556959;48.84703;2.19431
2413749332;46.9371;5.87661
2414078334;46.28766;4.17788
2414196983;45.85638;3.81326
2414211446;47.7745;4.16349
2414221790;47.84248;4.36515
2414289906;43.57329;7.12518
2414552487;47.64375;4.76486
2414582394;46.7944;-0.92752
2414582395;46.7935;-0.92781
2414859133;48.75706;6.95068
2415149072;47.2944;1.92208
2415149073;47.29494;1.92547
2415161285;49.87697;0.79733
2415161288;49.87768;0.80034
2415300784;45.86397;3.58067
2415320377;47.84715;4.08161
2415363252;48.06037;0.7341
2415641421;47.24772;-2.16236
2415641422;47.2705;-2.14132
2415857288;46.23056;3.10048
2415910266;44.10183;3.08932
2415910295;44.10211;3.09028
2415993742;47.63899;4.38884
2416257193;45.3222;6.53874
2417253348;46.2559;4.34584
2417401448;45.65698;5.8944
2417401504;45.6682;5.89419
2417475176;45.32529;6.53846
2417592618;47.24667;1.34754
2417704052;45.32727;6.53447
2417737092;48.82623;2.30536
2417738742;44.98248;1.83329
2417869140;43.65076;-1.43643
2418241484;46.63253;1.06233
2418317439;43.93137;1.08368
2418529523;44.17947;3.43098
2419159972;47.95608;6.21126
2419820403;44.36898;4.15621
2420377282;46.29056;4.1765
2420643318;44.55336;2.67204
2420939869;43.6543;-1.43602
2420939871;44.82871;2.64157
2421159760;43.6542;-1.44025
2421201473;43.65362;-1.44529
2422263609;47.67627;-2.57179
2422340011;47.55872;3.32965
2422533887;45.05495;6.03118
2422675457;46.44595;-0.5978
2422877207;48.05257;-1.8664
2423196581;49.06675;-1.14908
2423975487;49.52924;0.77029
2424035543;44.53202;2.74156
2424457167;43.90153;5.29459
2424670054;45.09735;6.06999
2425114615;43.65131;-1.43491
2425200643;50.68747;2.88329
2425220508;45.7795;3.08106
2425376808;44.88681;5.18297
2426500691;48.8003;-3.57565
2427251472;47.23652;-1.55793
2427251474;47.23692;-1.55766
2427294026;48.47359;-4.74576
2427305924;47.31909;1.29183
2427309710;47.22062;-1.54455
2427782235;44.80795;4.35182
2427869170;44.46364;1.77878
2427877857;46.90373;5.08285
2427882679;44.1803;2.36119
2428059671;46.70881;5.64744
2428104545;45.8586;6.79823
2428604115;44.9309;2.44484
2428804957;48.00675;6.88004
2429107214;45.53613;2.14815
2429107255;45.53667;2.14682
2429538507;48.84198;-1.22254
2429540855;43.76101;6.15633
2429839805;46.10373;2.90455
2429850736;43.49287;-1.47354
2429891522;46.04908;2.88871
2429913635;47.70201;-3.39017
2429993804;42.67043;9.44588
2430197506;48.75005;-0.56609
2430465618;43.09269;2.6196
2430716763;44.66789;6.77803
2430825889;46.63014;3.65798
2430890885;45.54141;1.79547
2431040644;43.28952;3.41229
2431040656;43.2896;3.40789
2431294090;48.91454;-0.47622
2431294232;48.91673;-0.48166
2431342937;47.34122;0.51435
2431526140;47.2763;-2.48123
2432099852;44.4973;2.89059
2432510454;49.02155;-0.63315
2433424385;48.07625;-0.76159
2433559449;45.10212;1.81322
2433677248;46.039;6.91346
2433714133;44.94031;4.89077
2433714134;44.94037;4.89407
2433714135;44.9347;4.892
2433887504;45.15523;1.87119
2433992970;48.2811;-4.5638
2434225049;45.39942;1.38267
2434225455;45.41014;1.36946
2436723670;43.18133;3.00559
2437004423;44.56134;6.08507
2437013832;43.606;6.38242
2437409291;48.09258;-4.33087
2437409373;44.33612;3.58981
2437761608;48.09713;-4.32475
2438013948;43.18429;3.00375
2438140473;43.45375;5.86338
2439754546;43.88358;6.90561
2439840951;48.72618;2.28862
2440170469;46.47792;-1.37032
2440455984;46.0918;6.022
2440756326;45.53209;0.77459
2441284596;43.27542;2.70819
2441290358;46.48852;-1.76947
2441406242;46.73984;-2.00355
2441563591;45.12508;5.69371
2442550923;46.48587;3.85784
2442763665;43.07628;5.80569
2442765473;43.07078;5.79441
2444046275;47.86353;2.2227
2444467256;45.6007;-0.99767
2445167816;46.03927;5.70165
2446049332;46.73993;-2.00506
2446106462;46.91168;4.70066
2446289787;44.85571;3.00647
2446911532;44.65563;2.70403
2447187671;44.83064;2.68449
2447358307;49.9174;1.03209
2447619235;43.34211;-1.44999
2447828154;45.8024;4.93528
2448103958;48.88659;2.37716
2448146959;44.83064;2.68447
2448347595;45.41036;4.446
2448516824;48.83827;2.18662
2449335270;45.68456;-1.18246
2449536160;46.29928;4.77593
2450929589;45.16081;1.44027
2451466658;44.35259;2.56216
2451714444;45.15822;5.7321
2452231823;43.11517;6.24512
2453768595;47.80901;0.9155
2453812610;48.47585;-0.14287
2455553558;43.4069;3.6909
2455692734;43.4087;3.68279
2456150085;43.28974;3.41878
2456150155;43.29032;3.41962
2456150174;43.29048;3.41801
2456150431;43.29157;3.41732
2456194075;48.52154;-2.23229
2456633188;43.40909;3.69734
2456778706;44.7205;6.25847
2457069467;43.46076;3.42663
2457120653;46.84566;-0.49618
2457655444;45.76167;4.84113
2458346927;44.84573;6.48784
2459007980;43.13859;6.23508
2459258118;48.04578;-1.79175
2459436613;47.16795;5.90392
2459655486;46.89085;-0.46912
2460319261;45.0826;2.75025
2460488901;48.82948;2.34943
2461272959;43.12165;5.93459
2461318845;45.00894;6.12322
2461425279;43.62384;7.03721
2461484580;48.02988;5.96809
2461557902;45.76001;4.79032
2464223768;47.1524;-1.01797
2466217825;45.84013;5.00073
2466332039;45.82409;4.95101
2466654474;45.30999;5.88762
2466791361;48.68473;-3.56707
2467553973;44.85604;1.23766
2467554055;44.85765;1.23653
2467831959;46.34072;4.84681
2468171854;48.132;7.09819
2469880892;44.62519;-0.05958
2469886112;45.57015;-1.0635
2469956811;43.54011;4.1333
2470012836;43.31381;3.14349
2470012850;43.32801;3.0436
2470037599;44.85863;5.97904
2470356266;44.45351;4.34219
2470788108;47.6513;-2.75882
2470897551;49.84798;3.28631
2471574261;42.62862;9.46967
2471574264;42.63089;9.46771
2472123983;44.48108;3.35803
2472261699;45.76378;4.79682
2473652619;44.52564;6.40566
2475682024;44.44162;5.28677
2476348444;45.69435;5.12906
2476492483;44.42673;5.31798
2476830514;45.07732;6.0537
2476883083;44.63591;4.25561
2476892087;45.75417;3.08663
2476993866;45.75324;4.82867
2476993918;45.756;4.82612
2477356501;44.47424;2.46144
2478055711;47.10058;-56.37732
2478317217;48.67294;2.29431
2479019445;44.23486;2.75278
2479464082;49.84733;3.28936
2479489156;46.03366;5.20124
2479573281;46.14778;4.31638
2480405396;46.72735;3.59884
2481091642;43.59017;1.15055
2481375579;48.50225;-4.42716
2482079254;43.39439;3.67651
2482126396;44.5534;4.44828
2482126498;44.53625;4.43542
2483361975;44.09551;7.08818
2483363913;44.09484;7.08799
2483370407;46.92289;-0.75041
2484195674;43.40351;3.67036
2484211997;43.40189;3.68547
2484737582;43.44357;5.21912
2485347933;43.58408;6.27703
2486133389;43.59741;0.98082
2486240476;46.57946;5.70143
2487266060;48.69769;2.34979
2487589247;-22.10109;166.6576
2487611103;-22.15067;166.73202
2488274618;43.99129;3.50369
2488441124;47.84074;-3.89759
2488512518;47.84541;-3.891
2490075226;47.53086;-3.14553
2490703986;44.4544;2.42631
2492198963;44.3447;2.0027
2493711035;43.86004;4.3962
2493791270;49.6645;-1.6989
2493838914;45.65575;5.85975
2494836693;46.92105;-0.73821
2495184681;48.698;-3.1593
2495586644;43.78271;6.95603
2495630902;48.70875;2.15819
2496079107;43.62543;0.87318
2497379947;49.26496;-0.31077
2497524539;42.94248;0.28485
2497784792;46.30274;4.82612
2498613533;45.89118;0.11688
2498733551;46.30325;4.83389
2499449629;45.40075;4.78651
2499568717;43.26834;2.71454
2499954553;46.00424;6.69614
2500391444;48.83193;2.30273
2500908017;48.83095;2.29184
2502517356;43.6328;3.8707
2504113211;46.76521;4.49958
2504457371;47.72834;1.50859
2504457375;47.77674;1.63147
2506154189;47.2714;1.37573
2506213983;44.91572;-0.24777
2506640866;45.40125;4.78397
2507105510;43.46414;0.98958
2507471279;43.26601;2.90365
2507874731;46.29124;4.30764
2507941374;45.76679;4.80415
2509258458;45.62853;6.84849
2509886565;47.65488;-2.75853
2509886569;47.65651;-2.76108
2509886570;47.65832;-2.76003
2509886573;47.65915;-2.75429
2510834544;47.0228;4.84834
2511584401;44.87038;3.24799
2512685704;47.77744;0.79348
2512691698;45.6479;-1.11302
2513892120;43.6105;2.1413
2513906731;43.90043;3.46029
2514343345;45.77759;3.08589
2514372607;45.19384;5.6727
2515673528;47.65349;-2.91666
2515675376;47.70374;-2.9512
2516417655;45.18325;5.70952
2516741771;47.54249;1.30971
2516748407;47.08185;2.39799
2517585781;43.29185;3.37179
2517585784;43.29187;3.37188
2518822569;47.92322;-3.61657
2518824637;47.60401;-2.59457
2519129375;46.26213;-0.20901
2519134193;44.11177;1.10618
2519204846;46.23607;4.71001
2519594319;48.85331;2.60476
2519670666;43.49084;0.93105
2519803687;48.81861;-3.46026
2519957711;44.32548;3.59369
2520884914;43.45649;0.85726
2521561730;43.39624;3.69559
2522127178;45.17944;5.74521
2522588873;48.80736;2.35515
2523367186;45.77592;3.08257
2523484533;43.40068;3.69997
2525349356;47.62003;7.54633
2525414160;43.61134;1.43841
2525616695;43.12762;6.2448
2525616780;43.13021;6.24333
2527147440;48.85503;2.34492
2528165059;46.23097;4.59335
2528165066;46.2313;4.59295
2528430583;47.01083;4.84297
2529332048;43.6026;1.7123
2529336392;44.89374;3.84819
2530974258;47.71606;7.13815
2530991806;47.69777;7.02463
2531392982;47.67649;6.9853
2532408302;48.78673;2.04445
2534906812;50.17636;3.23528
2534995044;44.32819;3.59391
2535415954;48.29699;-1.80144
2535678907;46.05414;5.14769
2536144016;48.70509;2.04501
2537134330;46.57025;0.37184
2537134332;46.57046;0.3713
2541799158;46.29066;4.30409
2541863702;48.07017;6.86728
2547400678;46.30225;4.83302
2547407916;46.30169;4.8316
2548953078;46.95567;4.28913
2549190819;43.81376;7.18385
2553891141;44.35331;2.58621
2553995116;43.64602;1.37
2553995117;43.64449;1.37136
2554099351;43.98345;4.69669
2556160085;42.2411;9.44106
2557579607;48.87922;2.30403
2559597448;43.56913;1.39497
2561261204;48.57286;1.93753
2561883046;43.68972;6.71281
2562954706;43.69328;1.42785
2563070126;47.32621;5.04332
2564667204;46.32161;-0.45724
2565406822;43.5348;-1.14932
2568245351;44.35099;2.57784
2568334427;46.33725;-0.41028
2570232540;49.28682;-0.71744
2571214455;45.56584;3.86851
2571234856;45.99279;1.27335
2571568640;48.92932;2.23714
2571885266;48.36067;-4.77009
2572206537;45.91058;5.24323
2573118005;47.65926;3.8792
2573522602;45.5819;5.63888
2576256326;50.97743;2.04336
2577045110;47.81503;-3.62833
2577065716;48.55353;0.47101
2577811117;-21.21089;164.8602
2578259019;45.82259;-1.10433
2578378763;45.03726;0.36766
2578378764;45.03713;0.36978
2578378765;45.0388;0.3705
2578405685;45.82243;-1.10684
2580527612;45.20158;5.8354
2581443168;48.7244;-3.58249
2581643308;43.74948;4.21199
2581998147;45.13061;6.03668
2582544989;47.47074;-0.35005
2584291969;44.45477;4.75726
2584733564;45.38797;4.28776
2584964861;45.56419;5.91027
2585238352;44.78556;4.83363
2585238353;44.78615;4.83473
2587088612;45.31372;-0.55775
2588994032;43.98599;4.8821
2589326604;47.67382;-2.95895
2589347573;48.58125;-2.13942
2589554361;44.14828;4.80751
2590048620;49.03442;7.94517
2591800439;49.64671;-1.68699
2594274417;49.44105;1.08074
2594413929;48.57034;-2.2413
2595314133;44.71418;-1.21149
2597121301;47.80053;-4.21594
2597124462;47.82369;-4.22857
2597755349;43.43511;3.4397
2598237091;48.10903;7.28527
2599691145;14.60276;-61.06876
2600064326;48.81254;2.32409
2600713657;45.75915;4.81557
2600872734;45.74595;4.84194
2604404767;48.88711;2.15623
2604977149;45.15895;5.73288
2605915920;43.70077;-0.26478
2605960845;48.11127;-1.3831
2606839831;45.73027;4.86649
2607100063;45.71903;4.88731
2610809028;48.38133;-4.50098
2611529823;48.28507;-1.93126
2614581949;43.89286;-0.50305
2615984660;48.1741;2.25343
2616271526;44.61794;6.54454
2617390117;16.20606;-61.49577
2617390118;16.20578;-61.49769
2617390121;16.20551;-61.49213
2617390122;16.20549;-61.49514
2618033294;46.45199;5.1882
2618653050;48.8134;2.32629
2619175741;47.96679;-1.79599
2620189429;44.01534;2.14039
2621692172;49.28759;2.69338
2621692175;49.28561;2.69239
2622345518;16.20691;-61.49415
2622585011;46.40884;-1.58491
2622585012;46.40857;-1.57228
2622867861;48.70935;2.33452
2623015284;45.7662;4.89932
2623292918;47.31405;2.25496
2623490173;48.83425;2.34254
2623505547;46.41594;-1.57378
2623520471;44.7953;-0.5296
2623523002;44.79535;-0.53422
2624166945;48.72055;2.27635
2624810043;46.41696;-1.5779
2624840280;45.43983;4.38757
2624891584;46.41729;-1.57291
2625214075;42.70022;0.64182
2626825623;45.6264;5.53896
2627052693;43.92201;4.86556
2627402026;47.16425;3.61981
2627520775;48.60778;2.30567
2628776513;47.29161;4.99944
2629218701;45.90503;6.42574
2629827200;45.82373;0.81967
2630017682;46.41712;-1.57578
2630179912;46.42352;-1.57551
2631450838;43.42478;5.04379
2632105046;46.34135;2.60428
2632141644;46.32934;2.60669
2632144083;46.34025;2.60657
2632149983;46.34468;2.59831
2632156330;46.34675;2.59749
2632164273;46.35474;2.58652
2632165860;46.32593;2.60905
2632174776;46.32394;2.60501
2632820068;44.09168;1.93431
2633420467;46.33464;2.55969
2633757108;45.56286;5.44835
2636798074;47.23484;-1.53536
2637204579;46.63985;-0.26348
2637298507;46.43445;4.65979
2637312979;45.76804;4.82057
2637616678;47.31064;5.10428
2638699571;48.45063;-4.46539
2638699580;48.45421;-4.47102
2639388857;45.30137;5.99486
2639797851;44.64227;2.36667
2640580818;-22.30989;166.45277
2641834449;45.85165;5.06189
2642199606;47.41521;-1.7913
2642214170;46.30767;4.83027
2642678159;48.82551;2.30414
2643494449;48.49927;-4.50546
2643495040;45.15764;6.07937
2643495043;45.15822;6.07894
2645314955;48.87457;2.77816
2647527482;47.47068;-0.47297
2648698045;48.70191;6.22514
2651812451;47.52791;6.82262
2653960626;42.88859;-0.11413
2657484898;49.8513;3.29211
2659132168;45.88874;6.1
2659365443;45.56979;5.92155
2659365450;45.56913;5.92458
2659913147;45.87587;5.91195
2661098976;43.59616;1.42304
2661131760;4.90945;-52.28016
2661134944;43.58996;1.37802
2661455283;44.27257;2.52188
2661598471;46.26366;-0.63289
2661926478;43.6932;1.43025
2662916887;48.47939;-4.28867
2662951877;49.60959;2.20528
2663570139;46.2891;3.36686
2665062857;43.09029;2.62085
2666684556;-22.30432;166.45859
2666961412;47.82974;-1.19077
2667909842;47.89277;-1.50659
2672645332;45.87223;4.50763
2672872819;45.5385;6.37269
2674584682;48.60409;-1.89258
2675452795;46.56657;4.90654
2678480935;48.61344;2.47187
2678645101;47.8397;-1.1374
2678656350;47.5262;6.827
2678686403;44.0744;3.04871
2679292672;48.52776;2.65587
2681364491;46.3387;4.15716
2682130972;46.96791;4.14299
2683233664;51.05133;2.40064
2683675132;43.75919;7.21895
2684004001;49.56417;3.6254
2685777523;48.11162;-1.67991
2685777526;48.11122;-1.67872
2685777531;48.11313;-1.68273
2685777534;48.1152;-1.67707
2685777537;48.10779;-1.67963
2685777545;48.10882;-1.68385
2685797880;48.11274;-1.6661
2687100968;48.80443;2.28986
2687160936;46.97124;-1.43252
2690897654;43.82733;4.35323
2691134778;48.01395;-1.70275
2691928590;48.77531;2.00691
2692252781;49.50407;0.12086
2692905016;45.50634;6.67672
2694422110;43.18783;3.00784
2694595739;46.29109;4.31235
2695518102;47.48074;-2.47395
2695522586;48.8484;2.35947
2697041721;43.83517;4.35085
2699193733;47.33703;2.92749
2699214332;47.85214;2.68392
2699948779;46.04524;1.01752
2700148973;46.91065;4.75261
2703335161;49.84775;3.3157
2703335467;49.84618;3.31335
2703450478;46.19595;-0.67149
2703468045;46.19603;-0.67379
2704832320;45.17639;5.53958
2707944812;50.18299;1.64366
2708413967;43.67528;6.9753
2709614396;46.80517;-0.50885
2709855503;43.473;5.81399
2711480218;46.80079;-0.51489
2712307119;48.60506;7.74838
2712362205;47.0788;2.39895
2713366501;48.78386;-3.57781
2713555776;44.77657;1.00786
2715804926;47.43976;-0.98532
2715804935;47.44033;-0.98539
2716322707;47.96972;0.2068
2717917823;47.7611;-3.38572
2718038115;48.71303;-2.96712
2719286071;43.63898;7.14124
2719473499;48.55716;-0.41159
2719647207;48.00045;2.73192
2721072564;45.98456;6.72227
2722373393;48.83927;2.49117
2723831900;43.61677;1.24104
2725834597;47.08147;2.40056
2725880143;45.52581;4.87405
2728718821;48.551;-1.69845
2729136109;47.40108;-0.93104
2732102380;48.75532;5.90758
2733381119;43.12184;0.89431
2733385300;43.11902;0.89715
2734376765;46.67043;4.36075
2736988414;44.23967;4.55413
2739593285;49.27689;-0.25818
2740119850;44.23846;4.29473
2744334184;48.79912;-3.412
2745682889;49.8525;0.59691
2749210882;45.75812;4.8248
2749346635;45.95632;1.3996
2749593580;48.38981;-4.48599
2750842124;48.87459;2.36274
2750842126;48.87551;2.36165
2751522166;49.64901;-1.64956
2751882776;48.81343;2.42264
2753844230;48.09716;7.30251
2754324206;45.31893;6.53579
2758565330;47.47346;-1.02934
2760886965;45.77057;3.19859
2763639796;44.83268;-0.53412
2766417984;45.44603;4.33642
2766451600;44.36839;2.59162
2766451606;44.36839;2.59164
2766849134;47.33105;0.68734
2768770283;45.04762;6.14126
2768801836;45.78021;4.80874
2769737134;45.13677;5.74825
2772269416;48.69325;6.17826
2773317816;43.79376;7.18956
2773451025;45.13919;6.09357
2773974900;45.47843;4.04502
2774564271;45.77031;4.86243
2776282009;48.88902;2.36321
2777723243;46.35182;6.617
2778265942;43.163;0.97531
2778856336;48.2073;5.94522
2779479344;48.10514;-1.67438
2779479354;48.10487;-1.67516
2779821399;42.24868;8.66019
2779898381;49.24102;1.40105
2781044774;43.71;7.26239
2782648704;45.75699;4.83287
2783310167;42.6838;2.89933
2783310173;42.68418;2.89986
2784103800;48.85894;2.19013
2786474072;48.74802;-0.57085
2788013297;44.1015;1.07366
2788671558;48.69226;6.18455
2792745914;43.52286;3.19746
2796489319;47.22537;-1.56339
2797586200;42.72133;1.8397
2797655718;48.83627;2.40118
2798913448;45.56418;5.91616
2799958180;47.47534;6.771
2800742272;45.34204;6.59008
2801522753;49.71231;-1.898
2803134316;47.43995;-2.32977
2803197356;49.64577;-1.65175
2803277650;43.40223;3.69448
2803727534;45.98808;4.71488
2803727548;45.99285;4.7186
2803997756;49.09173;1.47831
2807362151;49.84347;3.30685
2810519101;43.7077;-0.26298
2810600907;47.39779;-2.3048
2810804406;44.13205;4.80429
2811079844;44.40582;4.39142
2813207961;44.78255;0.51792
2814989282;45.28127;2.66033
2814991708;45.28394;2.65971
2816087236;46.43385;4.27404
2819580101;49.00407;7.79001
2820059916;49.64281;-1.71552
2820734754;47.49221;7.39092
2821158081;48.62142;6.98314
2822276813;48.33876;-1.63878
2823492089;49.62146;-1.72185
2826081440;43.47699;3.53976
2826898738;45.18912;5.73312
2827137224;47.20676;-1.58793
2827312211;48.16706;-2.06461
2828713315;48.89474;2.38203
2829338693;48.89503;2.35393
2829557957;45.12559;5.90292
2830784592;48.81977;2.25213
2831319849;45.76069;-0.94321
2831490965;48.69319;2.26909
2831555629;48.69239;2.26977
2832132440;46.05931;3.56862
2834701608;46.96647;4.83423
2835707755;43.43641;5.04582
2835993905;43.65757;7.1203
2836051310;46.11887;4.95749
2837352745;46.49598;-0.05887
2837890102;48.90606;2.45199
2837935840;43.56323;4.1051
2838162303;47.27884;-2.49512
2839638881;44.77895;5.40871
2840723156;44.41411;5.26719
2841266053;45.39121;3.11088
2841266332;45.39367;3.11568
2841318880;44.52091;5.7526
2841322558;44.4292;5.71779
2841668224;44.30261;4.55645
2841718029;44.26101;4.4206
2842135933;49.24651;1.42015
2842278915;47.4424;-1.06939
2843889637;44.06492;6.17702
2844113736;44.30701;4.34708
2844173902;48.55966;-3.14938
2845192504;48.83234;2.42006
2845192505;48.83221;2.41764
2845192521;48.83301;2.41478
2846513215;48.83374;2.41906
2847290633;43.54746;7.01356
2848372092;49.29276;-0.27893
2848721019;48.16211;-1.97942
2849353546;43.55141;7.01592
2849958601;48.8625;2.31095
2850148963;44.80282;1.2102
2850315226;45.13011;6.03532
2850315250;45.13274;6.04044
2850401484;43.41351;5.05558
2850709203;48.93059;-0.469
2851591971;44.19824;5.9425
2852227744;45.25586;5.02731
2852324524;44.44376;1.45071
2852674312;46.57496;4.15736
2852695039;44.55284;4.44942
2854075701;48.64479;-4.36546
2855371631;45.48507;6.53098
2857480505;43.98082;5.56319
2860198852;44.10208;3.88284
2862428367;43.42305;6.7551
2862500482;44.65998;4.36708
2862570397;48.06658;6.86193
2863408855;48.84227;2.22642
2864224259;45.74617;4.85403
2864594782;44.05634;5.04476
2867302336;43.21976;2.64942
2867978692;43.62179;1.47755
2868320230;43.42917;4.94303
2868752905;47.10428;6.14944
2869268668;50.21624;1.62894
2869270901;48.98437;2.23108
2869329457;48.88949;2.38063
2869754901;46.02052;4.70156
2870675301;48.63539;-2.11035
2870677101;48.63501;-2.10774
2872321301;45.56853;2.80463
2872826001;45.91355;4.98785
2873164289;44.40545;2.28831
2873164319;44.40661;2.28929
2873169608;45.47955;4.52399
2874543773;44.40546;2.2883
2874583242;48.89821;2.09476
2874583497;48.89889;2.09513
2875108081;43.64906;3.8421
2875640784;46.63389;1.4187
2878252091;44.45323;2.25281
2878345917;47.03276;5.7808
2878346211;47.03219;5.7782
2878373949;47.10325;6.15513
2880085611;48.28589;4.09063
2881281409;45.53326;2.69061
2881623262;43.62083;3.81416
2881623266;43.62084;3.81416
2884120894;49.63801;-1.77603
2885277531;46.82208;4.64458
2888139137;47.25695;-2.23771
2889203091;48.68958;2.29803
2889329836;48.61981;-1.29115
2890910957;47.24022;-2.27058
2891161454;46.96605;-2.22557
2891435090;46.00167;5.02979
2891634444;46.45732;4.12718
2891777540;47.34746;-2.51152
2891952322;14.61172;-61.07156
2892042618;47.34983;-2.51307
2892113404;49.33787;0.02921
2892113406;49.33984;0.02845
2892131924;49.32345;-0.00653
2892131925;49.33527;-0.42451
2893572779;48.07946;7.35687
2893890492;47.34753;-2.51365
2895054476;45.98175;0.22964
2895129766;44.55387;1.772
2895299118;44.10185;4.75609
2895470499;44.10453;4.75594
2896926333;49.32988;1.08961
2898525652;14.60783;-61.07293
2901577641;46.11458;3.0876
2904180887;48.8288;-0.38099
2904717288;47.48357;2.45751
2904774386;44.39502;2.77735
2904778854;43.60419;1.44498
2904920101;45.82828;5.19686
2905104903;44.31858;4.41225
2907408973;43.45911;2.00614
2907593510;43.35323;2.7447
2907625660;43.12893;2.89838
2907747391;47.01655;-1.11524
2908706014;43.10534;3.08627
2909150819;43.49842;4.14041
2909305910;44.04438;2.7914
2910987104;43.55807;4.18345
2911172010;44.60758;2.032
2912684062;43.34724;5.92187
2913367917;14.47022;-60.86836
2913973150;46.68279;5.78223
2915845802;48.60321;4.71721
2917204305;45.40808;-0.13714
2917226639;47.95729;0.21331
2917683511;42.67904;1.94904
2917858541;46.83076;-1.59477
2917909121;44.06852;2.77953
2917918754;44.00651;2.60091
2917921924;44.00405;2.69676
2917921939;44.049;2.75962
2917922632;48.63697;2.33262
2917923484;44.98965;4.56428
2918289284;43.96526;2.51532
2918696055;45.66543;4.84911
2918857463;44.35169;2.57043
2918857464;44.3517;2.57041
2918857465;44.35171;2.57039
2919343841;49.07588;-1.17546
2919841473;46.20729;4.53514
2919841474;46.20729;4.5352
2920243901;49.06889;-1.07073
2920308426;48.67049;-3.39577
2921216408;43.61138;3.48358
2922542953;45.77926;4.79212
2924319407;44.85361;2.77164
2924390452;45.08712;3.11836
2924587829;43.42234;6.765
2924775906;44.20199;4.72734
2926265489;44.41864;4.90963
2926542485;16.30037;-61.07798
2926649178;43.41425;4.73239
2926960859;43.6868;7.23181
2927270095;46.90479;6.35686
2927780249;47.87937;-2.7724
2929498668;43.52318;4.14772
2931028157;43.52347;4.14525
2931664176;47.70426;-2.95297
2932339116;44.68382;2.84576
2933096940;46.09894;6.10347
2934318269;47.11693;-0.99757
2934377568;45.50501;4.26341
2934453627;43.53666;4.14236
2934453628;43.53662;4.14239
2934907959;48.81407;7.79021
2935188854;44.30117;5.2821
2935234404;45.20082;5.77034
2935837418;47.95491;6.96119
2937001817;44.10082;3.09468
2937001830;44.09986;3.09738
2937001857;44.10055;3.09615
2937784259;43.22069;5.62781
2937861703;47.93737;0.36536
2938491156;43.4035;-1.64989
2938811862;45.4209;0.83921
2939496048;45.14578;1.53279
2940342484;44.65947;6.65055
2940765605;48.83475;2.35776
2940765615;48.84889;2.36763
2941080080;45.44841;6.97955
2941978976;50.35922;3.52358
2941992747;45.42836;4.87988
2942110348;46.6411;1.06558
2942289161;48.82536;2.36944
2942289173;48.8275;2.3673
2942297702;48.8337;2.36512
2942297704;48.8338;2.36253
2942297717;48.85822;2.36336
2942425268;45.84272;3.16183
2942835581;43.1039;3.09971
2943769792;47.47631;-0.55024
2944152887;48.83951;2.40615
2944152901;48.84098;2.40221
2944152902;48.84196;2.40991
2944152904;48.84285;2.38825
2944152907;48.84434;2.38202
2944152910;48.84653;2.40391
2944153739;48.85197;2.38093
2944153740;48.85215;2.38539
2945870293;5.36142;-52.94831
2946237547;43.10471;0.96146
2946237548;43.10255;0.95951
2946270565;45.67632;1.18847
2946402507;44.19962;5.94322
2946679033;48.83632;2.37375
2948460330;47.36892;0.72531
2950266551;47.94904;0.21357
2950266559;47.95352;0.21798
2950513559;42.99865;-0.84053
2951026563;47.96061;0.22065
2951083249;43.75804;5.88249
2951136799;48.68245;-3.56773
2951380856;48.91403;7.75285
2952450787;48.87671;2.3931
2952471023;43.9744;7.31145
2952529192;45.59081;5.19156
2952572068;48.80491;2.38231
2953182745;44.76175;6.82076
2953190430;45.9477;4.52944
2954713805;44.73092;6.8429
2956274790;49.11524;-1.09737
2956466633;48.04789;-1.32703
2958559110;46.35533;6.28642
2958742196;46.89171;-0.93284
2958742235;46.89203;-0.93189
2958813721;46.69747;4.39282
2958879675;48.55652;6.38693
2959101193;46.71123;2.69028
2959573483;43.47796;-1.56645
2959631203;45.24342;5.49887
2959999230;43.55458;4.00983
2959999339;43.55578;4.01408
2959999348;43.55693;4.01944
2959999357;43.55791;4.02468
2959999366;43.55847;4.02907
2961489833;44.8811;1.61741
2961640185;44.07239;4.8644
2961959187;16.22718;-61.37888
2962668459;48.59419;2.25537
2963225438;47.83538;-3.39872
2963262355;47.48014;3.91384
2963872211;45.72933;4.88559
2963934542;45.98911;6.75342
2964004001;48.81346;2.38723
2964374412;50.57671;2.97843
2964768972;50.72608;1.61541
2966437485;50.74139;1.61872
2966665076;47.37989;0.71417
2967537763;44.41028;2.48383
2967567455;43.11569;6.35527
2967567458;43.11672;6.3579
2967567459;43.11514;6.35746
2967567462;43.11976;6.35734
2967567468;43.11944;6.35871
2967835354;44.89794;4.64732
2967959727;43.1242;6.36172
2968037191;47.59849;6.72238
2968081050;43.12274;6.3623
2968450648;48.03154;5.9737
2968540082;44.21984;2.3192
2968665457;43.28285;3.45104
2968910264;50.57493;2.97692
2968928806;43.11672;6.3538
2968928809;43.11518;6.3524
2968928810;43.1181;6.35529
2968928816;43.11866;6.35775
2969290182;49.0086;-1.555
2969294529;49.00929;-1.55551
2970279621;16.22283;-61.38147
2970575225;48.88261;2.41283
2971113133;44.98376;1.83332
2971724253;48.0073;1.27015
2971724262;48.00764;1.26888
2971823799;43.75888;6.15211
2971884184;46.61433;5.84782
2973160352;49.05455;3.93008
2973562447;46.58245;-1.36291
2974125621;45.48326;6.53302
2974523433;43.9526;-1.36361
2975001600;48.93651;-1.03588
2975529813;44.18225;4.90093
2976449883;46.19973;5.21506
2977327633;43.90268;-1.30938
2977606633;43.90194;-1.31046
2979375977;49.43436;0.82991
2980224133;45.92309;5.29574
2980866452;43.70896;-1.05556
2980918593;46.97827;4.77118
2981801834;45.95792;5.2777
2983176152;49.14716;2.68341
2983260798;46.77586;0.36194
2983644472;46.9054;-0.29888
2983843911;45.43471;6.19601
2984057154;45.43998;6.13974
2985735254;45.45343;6.89787
2985735255;45.45802;6.90097
2985735257;45.46933;6.90689
2985804383;47.74066;-1.17512
2985831409;43.99369;1.70891
2985937415;42.45846;2.03432
2986009757;44.81984;1.7987
2988260143;48.1457;-2.34789
2988260177;48.1458;-2.34781
2988383839;47.16937;3.62264
2988483433;43.15955;3.16439
2988531206;48.8709;2.39693
2989092737;44.26407;-0.51956
2990395311;45.94857;6.75395
2990885377;44.64998;6.79177
2990916945;44.66102;6.65035
2990976492;46.30513;-0.9902
2991230071;46.92233;-0.87439
2991230081;46.92464;-0.87434
2992373029;45.80447;1.22671
2992751923;45.04098;3.88295
2992751924;45.04682;3.87896
2993049228;43.33334;-1.743
2993454250;47.32667;-2.42849
2994567175;48.8441;2.41127
2995040165;47.34396;1.18456
2995383865;45.28306;4.44466
2995415509;49.10567;-1.07267
2995421803;45.26939;4.49575
2995544027;48.32076;-4.29853
2995594716;46.53223;3.74786
2997748850;48.32708;-4.16097
2997755961;49.684;-1.90551
2999808849;48.00974;-4.55688
2999824970;43.39312;6.31151
2999825003;43.39383;6.31261
3000021549;46.81982;-1.99406
3001876641;43.77951;7.49853
3005339986;45.67153;3.00593
3005365534;47.87651;-4.11577
3005389562;47.87053;-4.10191
3005390813;47.87131;-4.10398
3005868191;46.89104;-0.93161
3005868194;46.89485;-0.9302
3006896859;47.3415;0.5109
3006901782;47.80637;-3.26948
3007701346;46.6558;5.77832
3009242772;44.76982;3.8831
3009300109;45.57582;3.00045
3009474624;48.9405;2.39199
3010042654;43.02658;0.57085
3010933175;43.56493;4.10176
3011175744;42.79033;0.39007
3011175751;42.79122;0.38909
3011357559;48.59349;-0.64788
3011357561;48.59398;-0.64942
3011768036;49.19065;6.88987
3011925521;45.39625;2.48212
3012560524;46.36078;-1.42773
3012862529;44.08532;3.06208
3012926953;48.57088;-2.57944
3013015578;48.68264;-3.98623
3013934336;48.21553;1.15646
3013980391;48.81823;-3.30039
3014581886;45.72035;3.01826
3015165024;45.93989;4.7803
3016152357;47.723;-4.00309
3017195579;47.65104;-2.75888
3017622888;46.52004;4.59814
3017648446;46.49185;4.68212
3017653094;46.8313;-2.13179
3017766926;48.18506;6.44452
3017814662;48.17393;6.44969
3017875633;45.09844;3.4946
3017875635;45.09713;3.49775
3018028084;48.82277;2.3087
3018171369;47.96538;-1.80224
3019743135;44.23394;2.51377
3021458165;48.63582;-2.06816
3021458169;48.63648;-2.08079
3021729327;48.77408;-3.51745
3021853968;48.81603;-3.53945
3021856384;48.7985;-3.54112
3022824162;44.0833;7.10568
3024022622;46.51788;4.59799
3024216031;46.43459;4.65749
3024582131;42.5236;2.22133
3026882255;42.83224;1.03094
3027468349;48.3282;-1.83555
3027468353;42.9999;1.34072
3027468356;48.32881;-1.83334
3027468358;42.80407;2.23387
3027468360;42.99432;1.28043
3027468361;43.54415;-1.1024
3027733774;43.02168;2.95265
3028332848;44.50048;6.45522
3028409446;47.49864;1.45831
3028409473;47.49944;1.46068
3028703451;45.06603;4.83259
3029471115;47.97785;-1.58716
3029755033;48.84215;-3.1397
3029836193;48.12477;5.9385
3029911752;48.26743;-2.15986
3030454731;47.50972;6.79761
3031720502;47.05274;3.653
3031848913;46.70929;3.32162
3031906880;46.60607;3.15765
3032123150;46.17643;2.48631
3032445514;48.84544;2.35319
3032884028;48.255;-2.23878
3033343842;43.8858;2.60346
3034035398;50.10055;1.4495
3034547078;44.44724;4.41754
3034993221;45.85469;6.72262
3035688246;48.45302;-2.04582
3035720984;50.3469;1.82283
3036899775;49.39926;1.47758
3039631431;45.56382;-1.0804
3039834230;46.84224;-0.49775
3040012671;46.7347;2.79814
3040196005;43.58305;7.1289
3040196030;43.58618;7.11961
3040840675;45.11302;2.79042
3040873227;45.08365;2.74753
3040952385;45.06321;2.76119
3040952386;45.06325;2.76127
3041017232;48.72534;7.3389
3041727768;42.87119;1.83416
3041765699;42.81551;1.94881
3042092278;42.52012;3.10723
3042146450;45.09505;1.45171
3042188451;45.09745;1.46411
3042188458;45.09865;1.46201
3043123938;45.10928;2.86916
3043331836;44.06202;1.95854
3043534844;45.18804;5.70487
3043559494;45.72644;4.85234
3043757351;45.18492;5.7047
3043788858;49.43037;2.08081
3043949989;44.93597;1.60661
3044190542;43.58046;7.12251
3044643292;43.63414;2.40727
3045636996;51.05363;2.41353
3046205812;45.75743;4.81586
3046441147;48.72784;2.29258
3046969280;43.63234;1.45192
3047937406;45.99903;4.03682
3048142530;43.48496;-1.47296
3048583199;43.48624;-1.48407
3048772411;44.14174;4.80563
3048988021;44.33945;1.30765
3049440357;45.82058;4.93086
3050032783;47.48674;3.90702
3050614494;46.85145;-0.49642
3050886638;43.66508;7.21369
3050921635;45.44841;4.25579
3051128369;47.44204;-1.43256
3051435826;47.95974;-3.53738
3051435827;47.96008;-3.53244
3051591119;48.6354;2.3435
3052333744;46.11168;4.72924
3052421303;44.75563;4.74921
3052428905;47.02816;4.827
3052453953;43.29582;-0.35954
3052569961;48.87386;2.20742
3052654707;48.93246;2.04181
3053034949;45.85521;6.81881
3053079161;43.68664;-1.43846
3053079194;43.68706;-1.43985
3053476691;44.87194;3.24868
3053488229;44.69271;5.94145
3053502982;48.19374;-2.41437
3053523001;43.38743;-1.6679
3055186277;44.50028;-0.78725
3055581744;44.6336;-1.14445
3055880574;44.7543;2.57632
3057000356;49.6335;-1.62107
3057437989;44.16266;4.95084
3057641580;47.36168;-1.0349
3058624718;43.66301;-1.43173
3058625780;43.66797;-1.43202
3058625838;43.67613;-1.42691
3059545390;49.03687;3.38366
3059909191;48.48971;-2.79314
3060544261;50.5275;1.58225
3060592804;44.36334;2.58848
3061077426;43.10231;-0.18803
3061185042;44.23518;5.18799
3061185043;44.23712;5.19056
3061359569;48.81974;2.11324
3061361502;48.82438;7.40523
3061711214;45.87501;6.14092
3061720862;45.88835;6.85211
3061810279;45.93169;6.91762
3063115174;49.01349;1.38146
3063681533;48.66265;-0.94417
3063681543;48.72531;-0.92892
3064836874;47.76862;-3.56254
3065019137;45.85996;6.73338
3065593197;44.05246;4.13675
3065611123;45.75416;4.88409
3066381771;44.28816;4.84069
3066613506;43.65796;7.12139
3066824453;45.07192;3.5302
3067561823;47.86934;5.37835
3068013812;44.91688;1.73313
3068584199;45.04169;3.88385
3068764572;47.08561;0.79197
3068764573;47.08561;0.79195
3069798622;46.66192;-1.76523
3069834530;47.22537;-1.55375
3069846815;42.36752;2.64984
3069901138;44.1565;3.68218
3070237202;45.7719;2.98498
3070508984;44.22113;3.35709
3072121953;44.9828;3.3541
3072133727;44.68356;3.1386
3075519472;43.80312;4.66154
3075630304;45.82545;6.81163
3075919053;47.74644;7.21282
3075920072;47.74647;7.21281
3075920243;47.76366;6.80956
3077121303;47.89886;1.90609
3077442079;46.7383;-1.59437
3077897102;43.02764;0.57024
3077961408;43.75654;-0.14703
3077961415;43.75743;-0.14597
3078181888;48.34847;-1.4066
3078289074;45.0537;6.28685
3079159402;44.52212;5.06477
3079713451;44.16147;3.09951
3080286138;45.67601;3.48173
3080426046;45.05316;4.31674
3082427756;44.92298;4.44903
3082472778;44.90614;4.42431
3082472781;44.90688;4.42319
3082641930;48.65488;6.48251
3084225485;44.07823;6.20947
3084285560;46.99273;0.88219
3084299180;43.7751;-1.41197
3084779325;45.58879;2.99276
3084944813;44.94119;4.85064
3086308575;48.95123;7.64166
3087816995;49.25946;4.02505
3087858172;48.83786;2.41146
3089348213;44.66326;5.27237
3089411415;43.25817;1.20278
3090273224;45.47845;4.77771
3090384962;44.55066;4.41306
3091302645;44.69837;5.19717
3091316006;43.41627;6.84491
3092457685;47.62805;-1.83337
3092566293;45.70173;5.88479
3092566568;45.69466;5.88852
3093859725;47.72193;1.56308
3093934978;43.84936;7.16349
3094321518;43.78872;4.83187
3094367794;43.89605;5.30593
3094398541;43.86255;5.24334
3094894729;44.03801;1.10594
3099222553;45.76415;4.66078
3100303711;43.20869;1.23128
3100561753;50.68478;3.05518
3101127552;44.01312;7.30837
3102594486;48.83271;2.39689
3104002254;43.57777;7.0071
3104020675;44.00791;4.8728
3104025061;44.00728;4.87754
3104487736;14.43725;-60.82662
3104513825;14.43907;-60.82578
3105240379;43.32959;5.07423
3107760465;45.12492;6.12734
3108917893;47.23611;6.02944
3109717408;44.85099;3.00298
3109999564;44.05713;0.26032
3110045779;44.04476;0.20767
3110116206;44.05584;0.25696
3110116209;44.05633;0.25618
3110694283;43.57414;1.46277
3111070227;43.52257;7.04186
3111070228;43.52261;7.04199
3111332508;48.47262;1.01783
3111373238;48.82159;2.30174
3112512930;44.96517;-0.46012
3112921896;48.77863;6.90069
3112929022;43.99297;0.23008
3112929024;43.99332;0.22904
3113113596;44.13419;0.33639
3114627600;45.97514;4.73448
3114834825;45.24119;4.23507
3114834881;45.24251;4.23457
3114834903;45.24275;4.23319
3115608586;44.20069;0.61755
3116141322;48.77947;2.45388
3118263918;48.86234;2.40697
3119150363;46.25774;6.10456
3119269150;49.67276;-1.2632
3119272719;48.68755;-1.49708
3120000802;49.246;6.13952
3121100210;46.11598;1.05145
3121162903;44.79441;6.55959
3121649536;45.73806;4.77383
3122394833;44.085;0.3219
3123083388;44.05458;0.25667
3123164119;45.12123;5.36169
3124185078;48.91458;2.72956
3124185143;48.91229;2.73005
3124227690;44.59365;3.30121
3124227692;44.59365;3.3032
3124348025;48.91169;2.72773
3124691571;44.44307;1.43346
3126230206;44.7843;-0.24214
3127936736;43.67535;4.63164
3128988038;44.47391;1.78434
3130570876;42.84501;1.60421
3131171441;43.67826;4.6308
3131171442;43.67792;4.63116
3131596976;47.00072;4.78202
3133944407;43.47589;2.48975
3136055207;45.25451;0.49631
3137144704;43.65758;3.9858
3137354383;45.97258;2.84934
3137937366;49.10832;6.18142
3138180931;49.05142;-1.03853
3138365590;43.56777;7.11426
3138457477;49.05285;7.42618
3139195496;47.0438;-0.26196
3139294730;47.25566;-0.07149
3140196069;48.213;-2.79598
3140389461;47.2175;0.0548
3140629029;48.20952;6.72318
3140778229;47.40362;0.76995
3142477698;45.26998;4.66862
3142477700;45.27016;4.66524
3142477711;45.27082;4.66807
3142656672;48.11548;-4.11963
3144082079;46.51804;3.36051
3144553838;47.01199;-0.05664
3144553843;47.03794;-0.05171
3145275929;48.31921;2.99345
3146313446;42.87369;1.56226
3148147429;47.89771;1.89504
3149202732;45.08984;6.07145
3149286633;47.9802;3.37901
3149302935;45.95676;5.83416
3150311419;42.88163;0.20522
3150631066;45.64399;4.2984
3152440220;43.18549;3.00998
3152447155;43.18157;3.00709
3152447156;43.18291;3.0011
3152447157;43.18434;3.00202
3153662472;48.63725;2.47115
3154081834;46.27699;3.47561
3154333513;46.65252;0.37642
3154334161;44.85252;0.48358
3154348961;43.95703;5.03038
3154402561;48.45401;-2.0477
3154592445;43.52282;3.92096
3156435746;43.2699;5.38267
3156678282;45.89777;6.13227
3157173757;43.23152;5.44007
3157173758;43.23158;5.44007
3157879881;48.40426;7.32868
3158023263;43.50018;3.71217
3158451709;45.19866;5.72518
3158605701;47.32738;5.06706
3159532524;48.0783;-2.41022
3161092186;46.88614;1.85878
3161195231;45.79699;4.83126
3162969529;48.12474;-1.21247
3164187896;45.23999;6.95142
3164187897;45.24012;6.9513
3164982567;46.64079;4.37092
3164985029;44.35398;3.35313
3165001461;46.60025;4.29748
3165092061;46.83614;3.31989
3166474964;43.01011;6.38134
3169259872;45.07272;1.61794
3170258014;48.43733;-1.32062
3170258087;48.44434;-1.32543
3170857951;47.09193;5.49355
3172187104;43.07736;5.92742
3172208490;43.08044;5.92266
3174622219;47.32008;5.00398
3175863025;46.73962;-1.08632
3177054182;48.11637;-4.08483
3177940322;46.42058;0.04109
3177997011;48.66674;-2.85476
3178730670;48.18632;7.00256
3181097361;43.02956;1.08488
3185482172;47.59049;7.57995
3185483471;47.58812;7.58452
3190099821;45.77644;4.81078
3190521237;43.50848;6.93789
3191622970;44.56109;2.25161
3192195423;48.62999;-2.46416
3194237092;42.51593;2.97625
3195683137;43.08051;5.92615
3196577426;47.13512;-2.24542
3196805383;44.26997;4.96487
3197204155;47.90413;-4.28214
3197222328;44.21736;5.13877
3197260793;44.20953;4.80041
3197308715;44.24463;4.88624
3197335005;44.16494;4.87405
3198561150;44.97617;1.04421
3200750923;47.62318;-2.77817
3206885161;47.27938;5.56586
3208172767;42.85575;1.5534
3210534761;44.09995;1.08865
3210647837;48.31213;1.99854
3213406562;48.70466;2.04495
3213448942;48.72341;1.92174
3213469834;48.72014;1.89467
3213839761;45.71144;5.55255
3215531996;47.46807;4.35734
3215907731;43.29759;-0.3751
3215940656;43.89168;-0.47476
3216252927;47.22828;4.97641
3219160679;45.8836;6.09035
3220257661;44.06459;1.09824
3220262162;49.18482;6.89749
3220263287;46.12177;3.42174
3220263403;49.20209;6.92839
3221109061;45.78087;4.88296
3224059829;43.53417;3.33093
3224507875;43.4628;6.47972
3228729173;48.18051;-0.12286
3231178699;47.6682;0.31374
3231576063;43.59888;1.42838
3233100464;44.8857;6.63456
3234733612;49.4218;1.07922
3234741903;49.42675;1.07806
3235368964;45.18552;5.75877
3235830253;47.45953;-1.27797
3236579092;47.90272;1.90537
3237468132;45.56427;5.44495
3237915411;48.65497;-2.8358
3237915413;48.65641;-2.83804
3238174085;47.41387;-1.37344
3242544745;47.38579;0.55339
3242736942;43.78855;4.84616
3244909019;46.48286;-0.59765
3246582240;43.674;4.61801
3247049461;47.31387;-2.31126
3248645848;47.43645;0.16038
3248697295;48.45361;-4.25676
3248926519;48.86148;2.37873
3249480766;46.35366;6.14742
3254066854;43.55313;3.3025
3255792807;44.52048;6.15156
3255792840;44.52172;6.15176
3256280950;46.11742;3.08869
3257073190;43.49301;6.36017
3258147955;43.48762;-1.54914
3258598597;45.9955;2.93318
3258955252;43.07794;5.80361
3260663649;45.85112;4.22623
3261724642;47.66779;-1.37989
3261734501;47.59698;-1.4449
3263433239;48.51271;-2.76157
3264063079;45.24618;4.27409
3264583681;43.56553;3.18787
3265392886;49.55349;-1.6878
3265436757;48.44891;-4.25782
3265845732;44.64766;4.78983
3265919087;47.40717;-1.48453
3266130767;47.70193;-3.43236
3266668823;45.76455;4.90941
3268120728;46.23438;4.7114
3268812871;44.2449;2.64409
3268926361;45.62319;3.2049
3268926697;45.62228;3.20487
3270005102;48.80361;2.12229
3270174210;47.48273;-1.25007
3270217875;42.49661;2.03337
3270405831;47.39249;-1.44498
3270454618;47.36308;-1.18163
3270711064;46.36224;-0.29945
3270786461;47.36691;-2.53364
3271197498;47.90065;1.90617
3271219321;45.24623;4.27157
3275094013;46.78126;4.84365
3276547368;48.43009;0.08621
3280124170;47.62415;-0.071
3283470862;47.82135;-3.68898
3283498153;44.86878;-0.63575
3283592758;48.1015;-4.34739
3283592760;48.10232;-4.35317
3283607927;48.10025;-4.33651
3285011705;48.84703;2.35459
3286798884;44.88536;-0.64777
3287974161;48.84613;2.36063
3293321500;42.85114;0.29722
3294911828;47.90243;1.91093
3295139847;42.52675;1.99331
3296795824;46.9236;5.78033
3298483270;49.2345;2.13611
3299152076;48.10778;-1.67239
3299152077;48.11164;-1.67467
3300008075;48.11662;-1.65636
3302079856;46.15921;-0.97226
3309931009;47.74433;-3.35954
3313916827;47.74748;-3.36491
3315234856;47.75177;-3.36482
3315357483;47.75692;-3.36701
3315668420;43.61327;1.43535
3316623899;43.69132;3.35199
3316623909;43.69181;3.35144
3318199123;44.36638;2.59512
3318199124;44.36586;2.59469
3318702083;48.06995;6.87769
3319078284;48.83694;0.91571
3320313731;42.82926;0.32884
3323575251;44.4935;6.55675
3323930001;43.17874;3.00043
3323954487;48.10151;-2.032
3325301369;43.17923;3.00196
3325301371;43.17931;3.00057
3325784115;47.27596;-2.20735
3329312139;48.83188;2.48621
3329363061;48.21743;-1.69628
3331825956;49.90087;2.3062
3332163096;44.16477;4.87738
3333710093;45.8348;-0.78102
3333924062;45.81366;6.5885
3334016375;47.43778;-1.49574
3335115005;47.65723;-3.20699
3335708920;49.23788;1.41355
3336352611;48.75813;7.57
3336436880;48.74784;7.50767
3336659277;48.48957;-2.00063
3336964729;47.57369;-2.70925
3338426133;49.53553;2.97292
3338698298;48.8425;2.37602
3339183182;46.84873;5.57454
3339183242;46.84994;5.57418
3339366355;44.27033;1.8722
3340723420;46.30894;-0.99345
3341541259;44.34858;2.02889
3342943825;48.83468;0.91649
3344472530;48.63797;-2.0194
3344472531;48.63751;-2.02623
3345465569;48.63441;-2.02533
3346098965;44.64674;0.14971
3346458334;43.45184;4.43292
3348709808;48.62658;-2.00167
3348909606;48.77501;2.30209
3349924328;42.69468;2.76996
3350163590;48.63583;-2.01636
3350460150;47.99349;6.90666
3351742087;48.65108;-2.02173
3353597093;48.71736;4.5931
3353955968;44.87395;-0.57297
3354117133;46.05376;-1.08382
3354222523;48.63789;-2.01559
3354698297;45.77897;4.80445
3354761990;44.91344;4.1693
3354784673;44.26669;1.99831
3355141993;45.80272;6.71433
3355704853;43.87351;4.04315
3356269503;43.72186;0.97746
3356563535;48.13982;-2.46065
3357409993;-20.89099;55.50077
3358083415;43.31677;1.24582
3359227293;43.23024;2.94913
3359359905;18.10547;-63.02614
3361536909;45.23224;6.74065
3361550942;45.44566;-0.43127
3362226460;45.29206;-0.56966
3362995148;44.35315;2.03426
3363069713;43.8269;1.29645
3363070114;43.82823;1.29496
3367844412;43.33932;-1.44665
3368114535;43.91217;3.51265
3368533356;44.22112;1.9836
3370633329;47.51817;-2.30335
3370943806;42.97999;-0.73537
3373480430;43.95795;0.92119
3373481584;46.05375;6.77389
3374429729;47.24886;-1.54742
3377075233;50.65461;2.98153
3377198109;47.51372;-2.62249
3377238677;46.35066;1.82794
3377533824;48.85935;2.37198
3377970613;47.39103;-1.29422
3378146795;44.40863;3.41439
3378609876;43.77644;4.93377
3378843550;48.69827;2.13662
3378843551;48.70124;2.13244
3380175916;45.78385;4.79193
3382400163;44.88427;5.24616
3382466327;48.8599;2.38462
3382653703;43.27715;3.36347
3382662919;43.18483;5.69436
3385070646;46.80714;1.04308
3385071458;43.45593;5.85819
3385071459;43.45596;5.85826
3385150997;48.64689;-2.00595
3385236793;46.29466;-0.28826
3385302293;46.62145;0.34301
3385303394;48.90828;2.30323
3385304093;43.96951;-0.18542
3385814411;47.56108;-0.67193
3385884303;43.31744;-0.36882
3387995044;48.69469;6.18371
3388043379;46.98151;2.41629
3388823334;48.86836;2.38188
3389195944;47.33893;-1.52804
3389465998;45.74499;-0.62869
3389504241;48.86356;2.36632
3389938508;46.16031;1.37606
3390680557;45.18849;5.71902
3390680560;45.18974;5.71941
3391806425;45.41859;4.67886
3391869237;45.13338;4.25303
3392688874;44.91029;6.72463
3392878900;47.0084;0.08708
3393040079;47.36402;-1.1773
3393050267;49.42672;0.22939
3394674213;50.96797;2.43272
3395277161;44.52413;3.67758
3395277352;44.52807;3.6871
3396920716;46.41028;5.26506
3396920949;46.41129;5.26437
3396939194;47.31905;-1.34728
3397137000;46.12216;0.65539
3398204190;48.64045;-2.24797
3398564464;45.73144;3.19231
3399583193;48.83488;2.32414
3399688804;48.69335;6.19397
3400370792;49.59781;1.11077
3400585731;46.73769;1.41183
3400819160;43.49416;-1.29148
3400820716;47.17223;-0.05882
3401468291;47.01249;0.08241
3402416410;44.44197;-0.32374
3402764794;45.3857;4.28248
3402867503;49.46039;1.1238
3405755405;45.7522;4.84316
3407568555;48.88112;2.28296
3407719964;44.6099;2.03437
3409026034;47.73219;-3.37473
3409180743;46.10461;-1.05316
3409680259;47.54485;6.43145
3410306497;46.45945;5.07904
3411060858;43.4031;5.05016
3412673453;48.63115;-1.35202
3413177446;48.5514;-1.75186
3413446695;48.73015;2.17264
3414237179;47.47254;-0.56143
3414319493;47.28579;3.35116
3414720359;48.73129;-3.38425
3415034401;48.72941;-3.38513
3415962428;48.73489;-3.53902
3417255960;43.66791;7.04512
3417384284;46.41942;5.29431
3419884194;48.74406;-3.47251
3419889632;48.73322;-3.45665
3421286208;42.9638;1.60843
3421862406;49.58181;2.99996
3423547577;43.81902;1.72218
3427727193;48.84048;2.32685
3429811607;42.7835;0.15803
3430511902;43.64844;5.58145
3433559070;47.32515;0.99172
3434561712;45.55737;-0.95208
3438113028;46.90932;4.75256
3439621184;48.5048;-2.6991
3439928368;47.45416;-0.94263
3440110942;44.3123;4.55299
3440765246;43.74526;7.3999
3441015651;47.90749;-2.98121
3442600857;44.56743;2.62868
3444405418;45.74001;4.85765
3444405440;45.74;4.85769
3449470563;44.32593;-1.14724
3450648583;48.81013;2.31221
3451001768;43.82922;5.83982
3451056369;46.47293;0.61186
3451056394;46.47368;0.61159
3451270083;47.79276;-2.59281
3451271280;47.83749;-2.64089
3451279174;47.7345;-2.58731
3451622247;45.6407;3.10713
3451689694;47.39264;0.73265
3451694871;48.41571;-4.00625
3451722660;48.41697;-4.01009
3452058275;47.38542;0.72291
3452061211;47.38594;0.72333
3452178997;43.95094;4.79343
3452570775;48.60591;-2.15102
3455216966;45.55027;4.58458
3455216967;45.54963;4.58386
3455216974;45.55078;4.58213
3455216976;45.55122;4.58605
3455241472;47.24139;2.59655
3455394909;45.76149;4.81231
3455456569;43.07031;5.79181
3455456576;43.07146;5.79003
3456329460;45.76812;-1.13823
3457551696;44.02596;5.93802
3457787970;43.64305;3.45927
3458067796;43.7216;4.80525
3458067797;43.72236;4.80315
3458095114;43.72479;4.70913
3458101255;43.78829;4.82944
3458111539;43.85374;4.62564
3463126495;44.77161;4.84072
3466221941;46.92877;-0.81555
3472844593;47.94911;1.61771
3474591920;45.72285;4.8248
3474690456;44.57284;-1.22712
3474793650;44.64373;4.87392
3475210358;44.5725;-1.22401
3475651781;43.52787;6.94332
3476213494;43.79624;0.82084
3476233669;43.98185;0.4975
3476709010;45.37094;4.80935
3477281615;46.31218;6.11762
3477444470;48.75271;2.30395
3477444473;48.75275;2.30388
3478224693;47.33932;0.71436
3478505072;44.85865;1.74951
3479039403;47.3251;5.0071
3479303769;47.32983;4.99592
3481562491;47.32403;5.04026
3481669540;49.11648;-1.08604
3482457198;44.38786;-0.0434
3484527778;49.12018;6.17708
3486680649;43.15107;6.34503
3487159238;44.28374;5.03359
3487388133;43.12859;-0.26821
3487584929;49.14958;5.53202
3488798817;43.84932;0.66333
3488968393;45.82907;4.95001
3493706852;50.051;1.40723
3496642357;44.14416;1.97105
3497166268;45.67369;-1.01046
3498208329;43.71026;3.22437
3498247208;43.70734;3.19361
3499086001;44.83376;-0.50411
3500524539;47.70514;-2.07034
3501842247;48.79599;-3.58507
3505077760;48.05799;6.89518
3505132023;44.74875;-0.07521
3505215228;48.6195;-3.23368
3506539337;46.35124;6.41055
3506847396;49.4231;2.81919
3507459923;48.34524;-4.30118
3507716025;46.24932;3.63977
3508025197;44.15964;2.28218
3508631248;48.8201;2.2825
3508744706;49.5498;1.8534
3508907329;49.71673;1.45661
3509197238;43.09531;-0.05574
3509256233;44.59426;4.75211
3511315103;48.56118;3.28141
3511315104;48.56103;3.28133
3512141194;47.78406;-0.0174
3512444493;44.27841;1.39362
3512444513;44.60672;2.03004
3512679298;43.29988;-0.37692
3512822962;44.69998;5.93042
3513892881;44.01415;5.22435
3514798594;42.88849;1.34478
3515663276;48.60316;-1.47486
3517606487;43.74755;1.78655
3520723039;45.10335;4.61873
3523617639;47.22389;-1.63127
3523712074;47.22255;-1.62912
3523713593;47.22227;-1.62883
3523987384;48.86141;2.35453
3525650982;44.54669;2.40988
3526159250;49.20227;3.51384
3526480006;43.30741;-1.24389
3526542123;45.59407;0.6748
3526542154;45.59025;0.67391
3527862929;43.78638;4.1926
3528598655;44.53626;5.01673
3529407594;44.47522;1.77821
3533985287;47.49802;-2.76753
3534152097;43.4814;-1.21102
3534470520;44.48474;1.55358
3536871467;49.8235;0.92687
3536871468;49.8385;0.95843
3537909779;48.85501;2.30043
3538691131;50.43414;3.36943
3540072184;50.04911;1.4188
3542059195;44.20333;3.19447
3542397990;45.88598;-1.19452
3542397991;45.88382;-1.18878
3542815413;47.21134;-1.56396
3544428607;45.02839;0.61689
3544474088;45.57099;2.89061
3544474200;45.57146;2.88984
3544611466;44.75578;-0.62858
3544611477;44.64662;-1.24626
3545117259;44.64221;-1.02909
3545141770;45.95851;-1.10925
3545169498;44.47994;2.93361
3545306080;46.98086;-0.43218
3545306225;46.98802;-0.44645
3545306255;46.98929;-0.45367
3546538505;46.54656;4.79754
3546601123;48.40011;-4.44189
3547288760;48.4831;-1.5687
3551269651;42.76112;2.881
3551269652;42.76121;2.88107
3551277814;49.09648;1.43877
3551374350;49.40292;1.48148
3551901108;49.80488;0.52913
3551901140;49.8257;0.52511
3551912466;49.28532;0.17769
3552127331;49.26991;-0.19685
3553402678;49.34769;-0.85651
3553819386;49.37651;-1.06096
3555245076;50.7342;2.29685
3555325507;45.56342;4.49672
3556206894;49.9147;2.25357
3558197497;45.74207;6.2051
3559049724;47.413;0.75638
3559051257;48.78713;-3.2276
3559713721;43.72336;7.39633
3560322594;47.44472;-2.48408
3561063246;48.62862;-4.30112
3561073307;48.63732;7.44706
3561703065;45.32824;-0.71566
3561724447;45.48403;-0.78419
3563084394;43.57724;7.0192
3563564097;45.91261;6.14846
3563640167;48.86626;2.365
3563873230;46.85437;0.92895
3563962798;48.795;2.41536
3563978606;47.90356;-2.12008
3565590274;47.04147;-1.63867
3565629402;47.58385;1.29784
3566457873;44.08961;7.08774
3566549785;45.42909;-0.75626
3566759985;43.07853;5.89836
3567122299;48.86941;2.35351
3569033519;45.5224;4.49227
3572686403;45.53941;5.90856
3573837855;47.04234;0.90889
3574288810;44.80008;5.7091
3574289053;44.80243;5.707
3574522011;46.94575;4.29955
3574798136;48.98192;1.97668
3574955093;48.88254;2.70891
3574990724;48.18546;-0.12868
3578373648;49.49862;1.1409
3578405932;47.48981;3.90754
3578467808;49.47369;1.07365
3578467809;49.4737;1.07369
3578673569;42.01648;8.82847
3581740569;48.18438;-0.12627
3585384981;46.66668;0.36832
3585384982;46.66805;0.36704
3585384983;46.66906;0.36613
3585384985;46.66845;0.36857
3585384986;46.67;0.37098
3585384988;46.67094;0.37257
3585384990;46.67041;0.36696
3588052095;43.33379;5.07011
3588534204;46.83329;4.80577
3590186606;47.44114;6.72988
3590414698;46.34795;2.21465
3592615810;46.43505;0.12278
3593465188;46.26054;2.29666
3594269726;46.56596;0.20985
3594746156;4.56966;-52.46831
3595417900;45.21988;2.31867
3598407022;48.72599;2.27593
3598961921;43.31592;-1.35041
3599405509;45.99915;1.60713
3605956718;45.18437;4.18243
3607922093;49.04675;7.78697
3608619806;48.86301;2.20613
3609035611;45.54182;4.4894
3609035659;45.54372;4.48573
3609797807;45.12689;5.52658
3612247310;48.79148;2.36419
3612811748;46.0318;3.93165
3612811749;46.03339;3.92858
3612830210;46.00951;3.88817
3613115497;44.04367;-0.54496
3613487227;47.34824;0.54707
3615554704;43.72009;7.39513
3617166848;49.23084;-1.64732
3617168418;48.58956;-0.66109
3617547401;47.85585;3.97509
3618136604;48.07864;7.33282
3620139291;44.1629;5.004
3623124348;45.89863;6.12344
3623124350;45.89867;6.12359
3623661694;43.63447;1.38659
3625431767;48.40967;2.63377
3627455813;43.72164;7.39063
3627677005;47.05255;3.65572
3630255060;-22.1302;166.36898
3633802021;47.74601;1.81037
3634541704;48.68109;-1.96374
3634544646;48.69511;-1.87925
3634544647;48.54827;-1.95459
3635354027;45.98856;-1.09397
3636702349;49.1153;-1.09858
3637297363;45.74731;4.82307
3637363630;43.12788;5.75025
3637809181;47.51815;-2.5821
3638018708;47.43766;-1.50152
3639588038;43.12347;6.36673
3639960238;48.42593;-1.57559
3641386949;43.80861;7.1688
3641390426;45.06241;4.16025
3641411690;43.80731;7.16672
3641528570;47.89808;1.85357
3643285119;48.31972;-3.85833
3643347905;46.3668;-0.59403
3645226109;45.68167;-1.17769
3645735490;43.57717;-1.48684
3646090284;47.2411;6.02372
3646363433;43.79001;5.77385
3646375282;47.765;-1.96131
3646421373;45.09655;4.20444
3646429243;45.58173;5.41678
3646438704;45.07739;4.21638
3646684570;48.68552;-3.98595
3646684571;47.86339;-3.7676
3646688804;47.87253;-3.54574
3647713058;50.37908;2.10114
3647948504;48.29515;-4.18135
3648059409;45.64388;-1.06889
3648927478;45.85248;-1.24913
3649313947;43.00223;6.20301
3649632459;47.89487;-4.00955
3650051675;46.11334;-0.76166
3650913406;45.21799;4.34392
3650940570;47.08569;-1.3997
3650990476;44.91341;4.42825
3651081633;43.69027;1.55156
3651244623;48.4139;-3.95614
3652364417;44.80547;4.61803
3652443468;44.88899;4.85168
3652504397;45.71027;4.74518
3653336632;48.64737;-3.7157
3653339358;46.45004;4.12146
3653762551;49.62845;-1.64186
3654062933;43.84669;6.22297
3654866811;43.55688;4.08924
3655664383;45.87385;6.77946
3655673581;45.82258;6.72669
3655673583;45.8029;6.72194
3655696236;43.5658;4.10056
3655730326;43.49815;1.31159
3655773137;48.67512;-1.91071
3656009390;43.28651;3.51529
3656475072;48.06068;-3.41073
3656475075;48.08741;-3.28788
3656482101;48.23537;-3.66901
3656691930;45.67493;5.47162
3656754197;48.90326;2.45819
3656930848;44.58881;4.52926
3656930874;44.58878;4.52455
3656930896;44.58793;4.52611
3657006253;46.5692;2.14999
3657682192;49.85484;2.83075
3657729321;47.84449;-3.69488
3657867486;43.61228;1.43289
3657867578;43.61668;1.40764
3657869847;45.86313;3.5817
3657870335;45.78621;4.72948
3658335778;43.63635;1.4639
3658484324;47.7929;2.9292
3659021223;48.81147;2.32879
3659316193;42.84047;0.14379
3660271751;44.47518;5.8243
3660744556;44.74631;4.67427
3661402465;47.20624;-1.56454
3661652731;44.34659;2.57604
3661829832;46.78207;4.84416
3662133551;45.58322;1.71992
3662337245;48.87185;2.36548
3662339191;48.87492;2.36366
3662963769;43.88349;4.56331
3663231632;45.25915;1.14368
3663769766;47.656;-2.75638
3665505679;48.81192;2.35613
3665952531;43.6388;5.52666
3666453020;45.98674;-1.09512
3666453204;45.99278;-1.10129
3668306480;45.07266;4.10091
3668755939;45.18483;4.21719
3668877643;-21.13476;55.30997
3669000918;44.45821;3.92812
3669342901;46.18462;-1.39284
3669672725;44.32186;0.7839
3670090229;46.72054;0.45844
3670090525;46.72039;0.46021
3670239681;45.25912;5.90934
3670318787;44.47785;3.9357
3672387825;45.59009;1.7234
3672591433;44.99715;3.91724
3673105604;45.63448;5.56125
3673721613;43.28393;3.51644
3674022562;45.09118;4.84595
3674871563;45.73771;4.65816
3674916526;45.73742;4.65621
3674960185;43.69862;6.04722
3675165763;42.88355;-0.02457
3675532825;45.29961;1.85072
3675583195;48.21235;-0.13285
3675585425;48.21248;-0.12922
3675675692;45.09645;4.86421
3676155029;43.2787;3.50319
3676465222;46.3214;4.74442
3676829415;48.58728;2.60081
3676852735;44.63698;0.74248
3676862170;46.50843;2.70998
3676862177;46.5087;2.71153
3676862210;46.5097;2.71158
3677198249;48.61253;-1.5069
3677873346;45.21639;6.47414
3677993470;44.83518;-0.62745
3678029848;48.81616;-1.57037
3678041882;48.81706;-1.56978
3678216709;46.0727;0.43334
3678423394;45.58966;6.3649
3678456842;45.06397;1.16384
3678471220;47.80845;-2.38077
3678481229;47.86328;-2.5262
3678655847;47.49561;-1.41979
3678681290;43.00788;1.10504
3678711225;46.39419;4.80595
3679073671;45.53691;5.67006
3679131586;42.5007;3.12204
3679131595;42.50108;3.12553
3679177693;47.74293;0.0561
3679785198;47.69865;-0.07485
3680207644;43.86122;5.30652
3680236661;47.53783;4.49302
3680500930;47.46156;0.21914
3680888816;47.60436;-1.34769
3683503778;44.88522;0.89006
3683550356;44.81115;0.87335
3683930690;47.64679;0.15697
3684333464;44.79529;0.49305
3684503736;44.71126;5.09105
3685150736;47.44356;-0.15644
3685167332;47.32225;-0.1873
3685300082;47.52561;-1.34774
3685517267;47.5429;0.31537
3686061706;47.02249;6.43373
3686213761;47.31191;0.47455
3686505755;47.51076;4.52896
3686957637;46.19694;6.22086
3687085322;47.52531;-1.23207
3687480056;47.87236;-2.20977
3687858308;47.8484;4.08599
3687880382;47.79924;4.08803
3687902454;47.69576;3.99589
3687920378;48.53924;2.664
3688065165;48.86834;2.36078
3688275534;50.31394;1.69719
3688508080;47.89246;1.70471
3690911749;45.06155;1.65583
3690946374;45.17409;1.66961
3691005487;44.73227;5.89628
3691196773;47.69849;-2.33819
3691310736;48.02649;2.72442
3691423666;50.51394;1.63735
3691473852;48.87783;2.15316
3691860000;44.11817;5.14348
3692139353;47.88154;-2.18126
3693248044;43.02155;1.96779
3693292421;42.91998;2.04637
3693439328;45.79871;1.13976
3693662439;44.12119;5.14111
3695635034;47.47824;-3.0999
3695748905;47.53681;7.26504
3695786598;45.25026;5.01861
3695791329;47.62455;7.23824
3695884774;45.25492;5.02422
3697272059;45.52723;3.91726
3698616890;48.28542;-1.88862
3698624862;48.55;-1.7562
3698629818;47.88004;-2.42276
3698633928;48.18989;-2.19285
3698636472;48.18196;-2.62452
3698665389;47.86494;-2.44861
3698772617;46.36117;0.60903
3699113203;46.67115;-1.29524
3699172505;4.88757;-52.33171
3699554992;45.31893;3.17049
3699638077;48.63922;-4.44643
3699702811;44.05079;4.53357
3699712245;44.04314;4.53855
3699712251;-21.11292;55.45007
3699805242;46.2807;6.71989
3699813528;45.23016;5.84773
3699834675;45.45588;5.63695
3699861139;47.38941;0.68263
3699861413;44.98505;4.22689
3700242768;49.43701;6.33332
3700833845;47.47927;-0.10166
3700847251;48.18974;-2.84762
3700847255;48.19051;-2.84392
3700854063;47.81221;-2.3827
3701125482;46.78088;4.74092
3701735434;46.43358;4.6626
3701959714;48.11567;0.51657
3702856321;48.01372;0.19025
3703526058;48.65164;-2.02395
3703540455;44.80084;1.61804
3703545709;48.64901;-2.02384
3703599970;45.56184;5.44884
3703599971;45.56673;5.44813
3703604456;43.31481;2.02621
3704179026;43.48376;-1.55939
3704424416;47.62741;-0.14985
3704464965;46.11799;-0.53392
3704723925;43.48142;-1.55435
3704759518;46.95084;-0.08039
3705097737;46.24314;6.02768
3705102821;46.24218;6.02167
3705304705;48.23257;-3.96459
3705336202;48.82622;2.33825
3705340359;47.69747;-1.89486
3705340360;47.69758;-1.89176
3705358338;47.67272;-2.03446
3705358345;47.69955;-1.93544
3705429470;47.76184;-2.12798
3705429471;47.76262;-2.12919
3705495910;46.92366;-0.11789
3705514687;48.22409;-3.959
3705834296;48.12981;-4.2678
3706588525;43.20711;2.36302
3706778046;43.89017;6.82641
3706937206;43.5464;3.9744
3707110169;43.4764;2.38239
3707183928;43.46044;2.34353
3707183955;43.46449;2.34134
3707186771;44.12385;5.18165
3707215571;43.49009;2.37662
3708093634;48.8583;1.79316
3708176256;44.98969;4.26175
3709256049;45.14158;4.43498
3709730143;48.44517;2.60318
3709813525;46.82379;-1.76149
3709847868;46.88399;-2.11925
3709859960;48.17781;6.44159
3710176298;43.36141;5.31161
3710532977;47.85715;1.90755
3710532988;47.86486;1.90138
3710587057;45.06623;4.69518
3710926824;46.47162;-0.66491
3711115291;48.18197;-0.12944
3711638125;43.48304;-1.566
3712481071;46.82963;-1.26969
3712534855;44.9782;1.8377
3712952533;18.06626;-63.08559
3713233604;43.8886;6.863
3713462525;47.13521;0.98176
3713764264;48.12164;-1.71091
3713803681;48.45863;-2.03708
3714011754;45.19119;5.71989
3714336525;43.80778;4.37315
3714582749;46.94184;1.23223
3715629202;45.40494;-0.91074
3715800714;45.30761;-0.94323
3715839972;45.07862;1.52443
3715918197;45.05368;1.58128
3716001470;44.18806;2.07594
3717239640;44.9718;6.50879
3717268433;45.79461;6.50537
3717499402;44.70175;0.41921
3717735492;42.99569;2.81319
3717847229;49.35376;0.93496
3717847230;49.35377;0.93494
3718237850;43.18079;-1.24549
3719057744;45.14622;6.42028
3719141411;42.86795;2.65736
3719141684;42.87351;2.17502
3719142055;42.91517;2.04455
3719682431;48.64858;-2.0285
3719875203;48.73172;2.28922
3719875204;48.73601;2.2615
3719892311;45.12039;4.41247
3719918319;45.12119;4.35888
3719944765;45.18641;4.21637
3720117780;45.39931;-1.05197
3720208867;45.06172;-1.12192
3721150624;46.18597;6.24272
3721571344;48.73327;-3.15154
3722652541;43.61776;2.85709
3722800670;45.9969;6.92653
3725339604;44.06964;7.17587
3725339605;44.06965;7.17585
3725735727;45.0256;3.88095
3725824148;48.52176;-3.94484
3726219136;48.64621;-2.02618
3726353544;44.59802;-1.2006
3726701925;43.54924;6.94266
3728056668;44.63978;-1.01817
3728056699;44.64113;-1.02055
3728862570;48.52532;-4.59836
3729543804;44.71037;-1.05626
3729545042;44.71674;-1.07003
3729641900;44.58269;4.89017
3729958314;48.78023;2.19338
3730370716;45.54358;3.24696
3730791269;45.18853;4.18302
3731107462;48.88062;2.17964
3731435755;46.25565;0.80129
3731841413;48.65879;-1.99871
3731942027;-16.72694;-151.47798
3732012650;46.4943;-0.00628
3734832266;43.49028;-1.4713
3736087158;48.39861;-4.45388
3736199137;47.22627;6.0657
3736295098;43.37108;-1.78655
3737011990;47.26266;-1.53091
3737560879;43.52184;4.13197
3737960629;46.91666;4.63456
3737992846;47.2236;-1.58334
3738826594;43.65274;3.55421
3739324275;42.45816;2.63713
3739529454;43.35799;-1.77823
3739670999;43.64992;2.76904
3739671015;43.65014;2.76964
3739728691;48.92711;3.13056
3739851200;49.00217;2.57861
3739851206;49.002;2.58189
3740000635;45.82905;1.26851
3740257039;47.45275;-1.63986
3740984722;46.63954;-1.89437
3741047049;46.6289;-1.87619
3741368827;46.15;4.4523
3741433916;45.70345;5.89897
3743548338;47.29676;-1.49175
3744637359;42.24827;8.62876
3744677999;43.63074;5.15216
3745470718;49.35529;0.51362
3748131159;47.21564;-1.54962
3749321240;44.56708;2.33012
3749450495;43.65502;3.88955
3750559009;47.02527;3.03189
3750908774;46.96914;1.02144
3750908776;46.96952;1.02268
3751695686;46.7171;4.08122
3751695687;46.71715;4.08116
3752452894;43.1213;6.26002
3753316348;44.90632;5.78699
3754174673;45.01184;4.12222
3754174710;45.01399;4.12562
3754174842;45.02774;4.12275
3754453426;47.07853;6.62786
3754457509;43.52521;3.82978
3755608845;49.84117;3.29219
3755608847;49.84186;3.29471
3755608850;49.83844;3.29788
3755608870;49.86001;3.29814
3756337637;43.47068;-0.92474
3758154964;44.0755;1.7333
3758233284;44.05689;-1.22374
3758265440;-21.13313;55.47679
3758685813;47.1773;-1.67833
3758894308;50.63227;3.06222
3758894309;50.62666;3.04877
3759281165;50.0039;2.64785
3760040957;43.18744;6.64206
3761351534;47.95086;-1.53691
3761371076;47.94137;-2.41156
3761472704;46.64379;5.17719
3761559722;44.94381;4.84117
3761696120;43.61322;4.06965
3762366392;43.49313;-1.47923
3763149809;47.12483;-0.2311
3764229996;47.99768;-4.10689
3765617815;48.88272;2.34349
3765658839;48.86942;2.31276
3766018005;43.07821;1.08064
3766342292;47.28245;1.82888
3766443590;44.72349;3.28567
3767475615;43.52703;4.14115
3770143460;43.4727;-0.92506
3770451473;48.06584;-0.77008
3770568471;43.52179;4.13447
3770633001;48.28561;6.95097
3771393246;48.60655;-2.03462
3774181800;43.65827;7.19717
3774181801;43.65651;7.17953
3775096656;43.96552;6.78673
3775825967;48.90285;2.40119
3776401411;47.03641;-1.6403
3777121751;47.94895;6.77347
3778713327;14.71173;-61.18403
3778853988;43.70618;7.33541
3780192578;48.06529;-0.76959
3781197358;49.29819;6.26796
3781197359;49.29817;6.26806
3781320817;43.74497;7.40164
3782016186;46.33778;4.70028
3782225070;44.11292;7.2952
3782330164;44.02816;3.82297
3782616165;44.93633;1.01282
3783395327;46.77387;4.79871
3783592468;46.67192;-1.29264
3783767476;44.77332;-0.59022
3783776048;42.00584;9.45773
3783827331;45.04795;3.86509
3784935305;48.07844;-0.76967
3785103380;48.8368;2.239
3788742058;47.20075;-1.58415
3790463385;47.27275;0.59956
3792562605;46.19095;5.11922
3792810099;48.06536;-0.76641
3796059767;46.84709;-1.48391
3796059768;46.8471;-1.48386
3796059769;46.84712;-1.48392
3796206031;46.87961;-1.40576
3796895197;46.16729;2.63121
3797734459;43.89803;4.80685
3797908477;46.15863;4.17067
3799170668;44.04553;3.85482
3800869849;44.76996;-0.60296
3801070099;47.28011;-2.06334
3801769810;43.9818;7.12741
3802016863;48.64736;2.15506
3802745114;44.46742;6.18004
3802871809;43.60828;3.89435
3803141604;48.64437;-2.02462
3803809990;48.06823;-0.76626
3803809992;48.06876;-0.76624
3805305676;48.64265;2.23111
3805694194;46.53442;3.37203
3805783498;48.57977;-4.21095
3805814213;46.95649;4.82814
3806528954;45.79329;3.10913
3806833667;43.36303;2.46089
3806919909;44.2519;1.6113
3810234957;45.26837;-0.56181
3810607319;48.77063;2.27
3810607320;48.77272;2.26415
3811940253;48.82228;2.37274
3812283049;46.12107;1.05179
3812644308;46.69971;-1.43199
3812685399;48.91507;2.2649
3812707310;47.53298;-1.63562
3816275484;46.67011;0.39996
3816779444;45.59574;0.67524
3816800564;48.80702;2.37923
3816803228;48.80765;2.38304
3817162662;45.16024;0.27865
3817162663;45.16027;0.27915
3817339980;45.36354;-1.15525
3817651104;43.59175;7.03584
3817771983;47.8363;-1.68774
3817810980;48.60222;7.76959
3818382440;46.29324;-0.2836
3820885725;46.93758;0.60569
3821458620;43.95519;6.89341
3821989346;48.78571;2.27239
3822919506;46.63823;5.90004
3823513052;48.79808;2.3287
3824789410;48.59145;-4.46306
3825095845;47.92795;-1.75038
3825291000;43.62967;4.7802
3825485157;48.68851;2.23595
3827548718;44.42795;6.19814
3828195866;43.32917;5.11443
3828336400;-22.14647;166.70549
3829148865;44.81652;3.11915
3829825981;48.47114;-4.52585
3829825986;48.47177;-4.52531
3829826001;48.47329;-4.5267
3829826002;48.47405;-4.52628
3832125898;49.23139;2.8861
3832673801;48.81614;2.38838
3833230991;46.61923;-1.65783
3834729642;47.62268;-3.19268
3834729643;47.63428;-3.1995
3836359679;49.26997;-0.69824
3836406368;47.70639;-2.11999
3837185216;-21.06207;55.51081
3838730184;44.36582;2.59583
3839750305;46.63835;4.86837
3840920088;44.60339;2.58272
3841821067;46.53358;-0.32287
3842632092;43.65974;1.35958
3843161527;45.26417;3.40508
3843697054;44.66561;5.70545
3845092763;45.77516;0.33568
3845139415;45.99279;-0.08405
3845139416;45.99298;-0.08358
3846501013;43.9081;1.98115
3847346959;48.1797;5.89532
3850137863;43.36009;-1.77441
3851519781;44.11586;6.90606
3852789557;49.32563;-0.3699
3854322895;47.339;-1.27525
3859439085;47.20199;-1.54642
3860544369;45.4297;4.78272
3863997604;46.29831;0.18143
3865162981;45.67678;-1.16163
3865487326;45.6909;-1.18964
3865663403;46.50983;1.30844
3865665690;45.04396;5.0519
3865665691;45.04365;5.05444
3866990379;46.03424;6.67713
3867199114;48.3071;6.13139
3869287178;43.67609;3.98218
3869497404;44.5206;3.496
3870414059;-21.07334;55.22279
3870455863;43.80579;-1.20162
3872589768;48.32891;-1.83644
3875402357;45.03379;3.09562
3879918672;43.95412;3.6453
3880689573;47.08036;-2.03673
3880689597;47.08078;-2.03955
3881037760;47.07227;-0.04277
3881081358;44.32436;3.59249
3881153464;47.13615;-0.00064
3882230686;48.25572;7.4553
3882230690;48.26165;7.45403
3882690262;48.06736;-0.77363
3883794260;44.65776;-1.15065
3883794271;44.65814;-1.14697
3883794272;44.6582;-1.14714
3884124366;43.35488;2.74581
3884913927;48.8077;-3.44167
3884920815;48.80204;-3.44311
3884940346;48.80468;-3.43815
3884978957;48.81624;-3.44506
3885983687;45.75123;3.08818
3886173324;48.81535;-3.45602
3886237367;48.81822;-3.47391
3886335177;48.80121;-3.4447
3886656848;43.69054;-1.4258
3887241860;48.81609;-3.47242
3887853714;45.81176;4.90396
3887939995;47.00894;0.08239
3889833768;47.20539;-1.58373
3889875601;48.81887;-3.43151
3890665030;47.19832;-1.59221
3890748516;47.20438;-1.59434
3890974641;45.64634;1.38119
3891049037;43.46566;-1.57401
3892121526;49.31047;0.55358
3892316043;48.07261;-0.75505
3892316044;48.0703;-0.75186
3892642823;45.19335;5.72112
3893018488;48.81261;-3.44764
3893067602;48.83195;-3.48406
3893586462;48.35449;-1.20085
3893812429;44.65137;2.2549
3894920107;48.82985;-3.52195
3896149963;45.76688;4.85304
3896611440;44.34036;2.55375
3900465611;48.1145;-1.68186
3900473663;48.60531;-1.71035
3900536108;47.99555;-1.66881
3900538465;43.59291;1.44507
3901646836;47.82673;1.96708
3901994827;44.40615;4.43023
3904139725;44.21564;2.77786
3904841133;47.82186;1.02095
3904841134;47.82184;1.02094
3904921812;47.82182;1.02093
3906172120;-21.3442;55.47196
3906583847;48.84624;2.27762
3906689500;48.35418;-1.19545
3907239853;46.14936;4.59645
3907332493;14.64895;-61.07878
3908959353;45.79467;4.82799
3909400949;45.51135;6.59436
3910723155;45.5396;4.67578
3911001394;49.92846;1.07549
3911004109;49.93167;1.08356
3911022484;49.92544;1.07351
3913698834;45.89697;4.17303
3913698855;45.90158;4.16915
3915067463;49.91536;1.07271
3915067680;49.92669;1.07018
3915075112;49.92769;1.07275
3915077285;49.92697;1.07329
3917938322;45.91383;0.65402
3918737857;48.8134;-3.4458
3918934608;48.81454;-3.44057
3922314726;44.72875;5.02354
3922324528;44.72622;5.02654
3923005489;-21.58118;165.34188
3923588359;43.22072;-0.89062
3925221072;48.35937;-4.26033
3925280443;48.46383;2.70582
3925576858;48.41012;4.14329
3925673014;45.15251;4.21871
3927503219;18.07204;-63.08046
3929674299;45.77605;3.0689
3934301471;44.43445;3.20177
3936139924;45.54736;3.2498
3937517273;47.99531;-1.61464
3939287564;47.28374;0.78564
3939311856;46.14349;5.35627
3940774502;43.58979;3.25138
3942476933;47.18166;-2.15172
3943712317;47.97183;-1.89669
3944965761;43.56529;3.24587
3945668879;44.34962;2.57317
3945674571;44.50875;-0.79037
3945911891;44.49295;-0.79048
3946861793;47.82319;0.94662
3950172059;45.25123;3.19744
3951332612;47.79184;-3.78965
3952328541;47.2274;-1.51602
3952499944;47.23946;-1.50088
3953510557;47.47362;-0.54878
3954250521;47.19049;-1.56503
3955116389;47.21172;-0.7944
3955116391;47.21192;-0.79706
3956608135;50.37671;3.47745
3962511257;45.55635;6.64968
3964360200;44.25705;1.13843
3964615721;45.09855;-0.6948
3964798124;48.12463;-1.6814
3966420522;46.64431;-1.43526
3966420523;46.64456;-1.43697
3966601077;43.7204;6.97863
3966731553;18.06906;-63.08294
3966839489;45.90712;4.57481
3966843148;45.90719;4.56878
3966843149;45.90721;4.56887
3966899749;47.4538;4.50306
3968483886;43.58083;4.99976
3968721897;44.0613;5.99732
3970474381;48.41153;-1.36505
3970528544;47.82065;-2.13833
3970584153;47.81757;-2.13245
3970584154;47.81674;-2.13321
3970622980;47.81389;-2.13891
3971903094;45.02855;5.52546
3973294103;44.0633;7.6163
3973552020;43.614;3.88161
3979427858;45.29578;6.57579
3980677849;47.69725;-1.86832
3980786776;45.65102;-1.0925
3982481612;44.56709;6.49686
3983013656;45.261;5.77749
3986117304;43.92764;2.14172
3987034581;46.19012;6.31823
3987631671;44.19012;5.94666
3987631672;44.18998;5.94674
3987908787;48.87676;2.34688
3988378454;48.40282;6.8462
3988485938;47.87389;-4.11987
3988494775;47.58053;-3.07805
3988498419;47.58344;-3.07852
3988545266;48.85986;2.34883
3989379268;45.5444;4.48676
3990139358;43.19935;5.63275
3991851747;44.9404;6.72115
3991882458;47.34042;-1.52608
3992277112;44.10595;0.88522
3992277113;44.10591;0.88534
3993207471;48.72997;2.27448
3994803466;47.21631;-1.54995
3995377407;43.96407;6.67227
3995480963;43.95452;6.89121
3995544266;44.02375;6.62783
3996921448;43.38014;1.17567
3997766812;43.17089;-1.23303
4000534948;48.34974;-1.19457
4000608589;43.71505;5.30711
4000725297;43.7147;5.30757
4002161867;47.53256;-2.49027
4002161868;47.5536;-2.48257
4004746323;43.59921;1.45228
4005383352;47.27642;-2.20404
4006159728;45.40622;2.50216
4007319614;43.70884;7.25969
4007319615;43.70884;7.25972
4009102215;43.58613;7.11889
4010812018;43.71687;5.30987
4011156941;47.99356;0.19557
4012129930;45.89497;4.93018
4012188489;47.24869;-1.54913
4012188490;47.2487;-1.54913
4012188491;47.2488;-1.54875
4012389567;49.28589;0.18642
4013476937;45.29428;6.56452
4014431687;44.78932;-0.58294
4014702180;48.71107;2.38757
4016406624;44.30909;3.17392
4016688117;48.30425;6.18494
4017011116;44.97743;4.14339
4017739800;47.26809;-1.58342
4017984807;47.26305;-1.57666
4018002489;45.83783;5.00234
4018610208;43.27931;5.30646
4018610789;43.27929;5.30645
4018615374;47.81706;-4.22752
4019565024;48.86934;1.07412
4021165297;47.53846;-2.89162
4021860717;47.23962;-0.31355
4022019229;43.63316;3.89453
4022371496;17.89842;-62.8534
4023741584;45.26521;6.0158
4024135643;-21.06937;55.38533
4024186240;47.9611;1.88636
4024193388;44.69387;3.34345
4025395291;-21.13638;55.29347
4026082482;43.64732;1.50566
4026082487;43.64735;1.50565
4026898830;47.75708;1.61562
4027883788;47.24935;-1.54892
4029445520;14.45021;-60.88335
4031361689;46.68871;-1.9383
4031784636;49.15306;7.0305
4031913472;47.74671;7.33974
4031959456;47.75027;7.34048
4031964121;47.74245;7.32756
4032787417;45.61056;5.15896
4033359728;48.48792;6.08763
4034582854;48.48753;6.08935
4035367195;47.00871;-0.07669
4036682253;48.60485;1.68122
4037232230;48.39994;-2.17142
4037876485;45.85819;4.68705
4038608345;43.10566;0.47295
4038732018;46.62632;2.58365
4038974556;47.68677;1.55847
4039088248;47.18781;-1.53742
4039288979;48.06872;-0.77159
4039750414;44.6586;3.2869
4040655981;43.53802;7.03632
4040754359;47.81993;-3.7461
4044952708;45.55946;6.52335
4049006047;47.2109;-1.52373
4050879673;48.0604;-0.7631
4051314901;45.52871;3.33918
4052717802;45.27588;4.82702
4053238160;48.08708;-1.64117
4054696510;47.26238;-0.34318
4057047151;47.65266;-2.75892
4057285527;43.56938;7.13029
4057430567;47.20793;-1.62732
4058515693;45.01877;5.29249
4058640327;49.36043;6.19257
4058641989;45.23958;6.26835
4059240514;49.35916;0.06396
4059240515;49.35931;0.07421
4059383700;47.04489;-1.64191
4059506942;45.64184;5.98311
4059877053;45.64543;5.98327
4059993032;45.67877;5.99881
4062071322;49.65642;3.29221
4062071323;49.65842;3.29459
4064066028;47.85326;3.98684
4064066157;47.87366;3.96864
4067026678;44.93308;6.72742
4067074876;47.11038;0.57258
4068932680;44.58477;-1.13356
4069930295;47.26773;-2.22066
4071232963;45.20514;6.04346
4072942254;43.8588;5.22749
4075173605;47.21383;-0.59602
4075243999;43.08692;6.08427
4076545351;47.21029;-1.51255
4076572077;47.21034;-1.51009
4077315068;42.76313;1.76271
4077457611;43.32276;3.30579
4078398743;43.3978;-1.66097
4080227903;45.58497;4.76575
4081150764;49.3653;-0.86398
4081303808;43.19841;1.0097
4082559482;48.17889;7.3098
4082803589;47.20744;-1.53409
4083122947;48.51405;-2.75625
4083430998;44.55108;4.41498
4083866665;47.70862;-3.35511
4083866668;47.71118;-3.35685
4087178275;44.8756;3.12714
4087671219;44.62157;2.98678
4088599348;44.55062;-0.86946
4090160734;44.11355;4.90432
4092493294;45.37938;4.75467
4093740215;47.85488;-2.83518
4095051552;48.77116;-3.37076
4096821269;45.38944;3.94052
4096886125;44.54783;6.62568
4096886126;44.54601;6.60566
4096886127;44.546;6.60647
4098311828;47.31723;5.0584
4099800834;43.64765;0.59033
4102102389;45.03389;3.10117
4103812382;47.33737;-1.26682
4106376794;45.55436;6.64896
4106442864;47.32047;5.0266
4106538889;45.55441;6.6479
4107278479;43.74915;7.27857
4108027422;45.76322;5.03094
4108401649;48.20481;5.94308
4109188794;45.00056;3.06349
4109263791;43.70922;7.27016
4109458937;48.71165;2.24243
4109654391;43.69834;7.27458
4111405089;43.69485;7.27071
4112031191;47.20932;-1.53356
4112040989;47.20937;-1.53359
4113795567;46.88182;-0.05613
4114324255;46.79329;-0.73377
4114332409;46.53481;5.92128
4117217366;48.60227;-1.7751
4117355534;45.07265;5.39769
4119160015;43.58406;3.80359
4119346617;49.10595;6.22666
4119576709;45.33677;1.04744
4121229391;43.58188;3.76033
4124221148;49.11982;6.17464
4124683221;43.53955;6.94676
4124735906;48.14247;-4.27087
4125084902;45.22335;4.45551
4125989547;44.56867;5.27696
4125989549;44.56951;5.27629
4128360999;47.24318;-1.56016
4128361009;47.24444;-1.56297
4128625520;48.33856;0.83268
4129863398;44.33749;2.55535
4129863399;44.33752;2.55531
4130550855;47.37875;-0.64483
4131288985;47.10643;-1.2994
4131425492;48.00446;0.20947
4133719488;45.64647;4.81412
4133719791;45.66153;4.95484
4133719793;45.66545;4.84912
4133719795;45.66691;4.95636
4133719796;45.66739;4.85544
4133719798;45.67264;4.82236
4133719799;45.67524;4.90054
4133719800;45.69481;4.87567
4133719801;45.69537;4.9639
4133719802;45.69593;4.94901
4133719803;45.69749;4.94325
4133719804;45.69879;4.8569
4133719805;45.70021;4.94328
4133719806;45.70365;4.86238
4133719808;45.70647;4.97734
4133719809;45.71281;4.86106
4133719810;45.7138;4.80699
4133719814;45.74366;4.9717
4133719815;45.74422;4.78346
4133719816;45.76287;4.96515
4133719819;45.80541;4.75384
4133719821;45.80975;4.75142
4133719822;45.81048;4.81353
4133719823;45.8143;4.8193
4133719824;45.86582;4.83462
4133719825;45.89746;4.84124
4133719826;45.89759;4.84028
4136270264;44.35772;2.59509
4137857615;45.21894;2.33582
4138824359;43.71075;5.19819
4139516290;-8.91434;-140.0943
4139574292;14.54076;-61.06485
4139869937;49.42654;2.08811
4140857489;45.16707;2.38552
4142594710;48.51431;-2.78455
4142628089;14.83384;-61.2232
4143011040;5.47961;-53.20669
4144349588;48.68922;-4.09279
4144514095;44.49783;-0.65261
4145103737;48.40879;-1.75307
4147600080;49.44032;1.10246
4147606137;48.79495;-1.52734
4148535657;43.07887;5.89668
4149505111;48.24215;0.1649
4149505127;48.24413;0.16508
4150113773;48.83348;-1.32457
4150944691;46.26856;4.65013
4151583567;48.79564;-1.52663
4151584006;48.79653;-1.52524
4152245171;45.61199;0.44748
4152317423;45.85178;0.06814
4152317441;45.85259;0.06609
4152348172;48.84769;-1.27547
4152702278;45.22873;4.40248
4153296591;45.51211;2.8539
4154041091;44.71216;4.20632
4154380154;43.5279;6.94658
4156263486;45.06839;4.38807
4156270689;43.34633;-1.52509
4157507128;45.87486;4.46614
4157611623;50.16781;1.75499
4157746489;48.0615;-0.7392
4159230856;48.66711;2.54795
4159251128;43.35967;2.16851
4161680172;44.62219;-1.10642
4161917474;47.81071;1.0867
4162721469;47.21393;-1.5513
4163134249;47.86195;-0.69128
4163627425;44.31429;2.53516
4166521748;47.32443;0.71181
4167440902;45.7658;5.76322
4167448823;45.64104;5.62809
4167834393;46.12158;1.04626
4169757333;45.5737;2.9419
4169943789;48.55754;-4.70499
4170038692;48.80354;2.12141
4170038693;48.80484;2.12187
4170124341;47.03378;0.14641
4170184791;48.26948;2.69655
4171606663;50.61563;3.01641
4171857093;48.08984;2.7896
4171861094;47.9954;2.73449
4171956320;-21.33731;55.46286
4172251803;47.70254;-2.65141
4172603062;48.76246;2.30031
4172804007;47.79331;-3.7658
4173016328;45.78129;5.44041
4173021119;45.51854;5.54706
4173222921;43.79927;6.40104
4173297793;48.33149;-4.76839
4173332219;44.3079;4.34672
4173349611;48.25896;0.11457
4173372140;44.22547;4.34948
4173488299;45.67078;6.39664
4173488302;45.67333;6.39115
4173488303;45.67694;6.39184
4173488304;45.67511;6.3888
4173488305;45.67411;6.39697
4173488306;45.67566;6.39593
4176176456;50.65907;2.7674
4176536694;46.17221;5.23494
4176724502;45.64244;-0.18885
4176916491;45.29676;6.58501
4177728594;47.78039;4.86228
4179058152;47.73033;-2.43525
4180574595;45.39517;2.56151
4181400345;45.30629;2.82712
4181413189;50.01052;4.70685
4181526305;43.41743;3.05528
4181672743;46.49782;-1.78624
4181870296;45.64523;5.01206
4182171632;47.79857;-4.19756
4182361705;44.80278;-0.69895
4182361706;44.80353;-0.6987
4183749618;43.49949;3.02636
4183941413;45.82297;5.41977
4183941416;45.82425;5.42061
4185392525;47.18471;-1.54356
4185531399;48.84175;2.2762
4185531793;48.84222;2.27499
4185692826;45.4084;2.62893
4185889232;43.62688;3.43034
4185957349;47.81975;-3.79269
4186942611;47.9956;-4.10121
4187485015;47.20871;-1.50454
4187603255;48.75032;-0.57505
4187610504;48.75078;-0.56251
4188111489;43.47956;-1.55884
4188111490;43.47947;-1.55885
4188254022;47.48378;-0.62881
4188256801;47.48567;-0.62798
4188256803;47.48606;-0.62539
4189139376;43.3297;5.07354
4189199891;48.22398;-0.8736
4189707465;48.69496;6.19124
4190032382;47.67488;-2.56925
4190489353;43.73195;5.18052
4190490963;44.71385;5.05514
4191195527;44.34804;4.76621
4191404959;45.55614;-0.95874
4191406866;45.58296;-0.98079
4191409616;45.5531;-0.94437
4191411438;45.47688;-0.79503
4191728820;48.59522;-2.47923
4192013742;43.44233;2.25855
4192976420;47.30994;4.37298
4193363189;45.67522;3.63627
4193551008;45.95309;0.86056
4194175207;45.8265;6.20362
4194649863;51.02058;2.19216
4194878878;46.20223;-1.52671
4195160790;46.24368;-1.55872
4195313748;46.20857;-1.5148
4195848862;44.91908;5.63603
4197018281;46.31828;5.28394
4198650585;48.77739;2.2954
4200044035;45.76683;4.92737
4200450729;45.56692;5.37173
4200582787;46.97004;-2.21185
4200583203;47.08561;-1.28212
4200719315;46.19228;-1.43418
4201236619;47.22122;-1.5582
4201236620;47.22128;-1.55879
4201236621;47.22129;-1.55881
4202070509;45.89275;6.12613
4202400130;48.61971;6.35134
4202759316;43.46132;6.47934
4203002363;45.81377;6.24705
4203901189;43.60881;3.8766
4205730522;45.81303;6.24595
4205811527;45.84047;6.21096
4209324646;45.00739;5.09147
4209755196;48.09764;-1.72771
4210924008;46.79251;6.29332
4210924011;46.72804;5.95973
4210924109;46.79912;6.30473
4210924114;46.96756;6.01074
4211571538;44.28825;5.69337
4212180489;46.98521;-0.44829
4212283213;48.85266;2.36836
4212339508;46.98595;-0.45032
4212471412;46.98565;-0.44575
4213965355;46.56196;4.91332
4214052656;49.03555;7.69091
4214345698;48.04991;-1.50199
4214350123;48.49453;-2.7284
4214934674;44.79409;-0.55932
4215903708;45.77943;4.82029
4215927889;46.32114;4.06148
4216252773;45.6765;6.39379
4217898923;45.66548;4.95746
4218330330;45.06989;2.65716
4218549000;45.38247;4.44039
4220072907;44.77413;-0.3493
4222026793;43.18894;6.55868
4222033497;43.18798;6.55323
4222330975;44.20235;0.61136
4222359343;44.20525;0.62042
4222429768;43.95819;1.23175
4222447298;43.74263;1.37115
4222747404;43.45313;2.06583
4224059161;44.07099;0.90005
4224514196;48.85105;-0.55695
4225164396;44.18603;0.57372
4225208122;43.3993;-0.38376
4225618487;44.35392;2.03863
4225951745;45.57297;2.81144
4226094861;45.57228;2.80851
4226094878;45.57313;2.80983
4226990337;43.29187;5.64349
4228018065;50.39493;1.56073
4228115942;46.21044;-1.51312
4228338402;47.14013;-1.28206
4228810783;44.90853;5.3329
4229001610;48.84619;2.41127
4229596937;43.60889;2.23775
4230425292;-21.30289;55.49409
4231297389;46.40901;-1.54358
4231702911;45.50096;5.13858
4231702919;45.50235;5.13715
4231797451;43.42763;6.22273
4232615770;48.79839;2.3278
4237664039;45.04899;3.91551
4237664040;45.04963;3.91589
4239432974;44.14948;6.1489
4239545682;44.53894;1.37887
4239545713;44.82103;1.29008
4239679296;43.23786;5.36183
4239815427;46.64585;-0.25126
4239871956;44.45754;-0.3714
4240846050;45.74542;-0.64481
4240846061;45.88134;-0.68375
4240849211;45.93779;-0.96441
4240849329;45.68165;-0.18672
4242159904;43.94551;5.38619
4242732487;45.7074;4.52509
4243101869;49.92426;4.08204
4243282461;45.74747;4.52472
4243513976;49.91873;4.08573
4243548490;47.7498;-3.362
4244042337;47.51782;0.05214
4244073799;48.70459;-3.37563
4244872760;48.36319;-3.74842
4247118928;44.84961;3.8531
4247306441;45.67394;6.38656
4247306448;45.67264;6.3831
4247306449;45.66747;6.37763
4247306450;45.66254;6.37001
4247336012;46.74632;1.04251
4248082651;44.64443;6.20056
4248403602;42.85132;0.27647
4250494070;47.45077;0.44568
4250668793;46.23981;1.49144
4250901253;48.62526;-3.85859
4252255528;47.2136;-1.58689
4252269965;48.68041;6.17072
4253063047;48.68639;-3.92461
4254115923;47.66371;6.50119
4254493280;44.38311;2.52427
4254493281;44.38312;2.52423
4254994206;44.29087;0.27576
4256168091;48.28251;-2.70365
4256334522;48.5119;-2.75995
4257232930;43.92919;4.98219
4257232935;43.92981;4.98304
4257797988;47.23392;6.02006
4258425491;43.92809;4.98263
4258458470;48.27347;-2.69686
4260550556;48.8404;2.36127
4262057447;46.52245;5.60832
4262593278;43.52679;3.93179
4262593566;43.53;3.93982
4262593703;43.53559;3.95526
4262593709;43.53831;3.96172
4262766008;45.16077;4.01872
4263385293;48.58735;-0.80631
4264031471;44.79097;6.92974
4264474982;45.21123;4.35016
4264699077;43.59625;1.45343
4265025227;45.75434;4.34472
4265057475;45.7072;4.30639
4265165019;48.52684;-2.7173
4265607580;43.38554;0.83823
4265715998;46.99175;3.15238
4265848652;43.37726;-0.37951
4268016503;48.09409;-4.46784
4268269228;48.50967;-2.74785
4268269230;48.51764;-2.75352
4268284039;48.52239;-2.72881
4268284040;48.51647;-2.75594
4268284041;48.50539;-2.76366
4268284042;48.50925;-2.75269
4268284044;48.50744;-2.76088
4269686634;48.4444;-2.691
4269933456;43.80198;4.65798
4269985750;48.53705;-2.72015
4270767837;44.17946;5.37469
4271177715;45.63443;4.77912
4272238011;48.52724;-2.72504
4273388097;48.35839;-4.2581
4273581196;43.37256;-1.77805
4277449358;46.43516;5.3421
4277854379;46.3552;6.3527
4278516103;48.04769;-4.70408
4278520341;48.0209;-4.53712
4278520342;48.02265;-4.5431
4278701726;48.11172;5.14106
4278850557;44.5448;6.63281
4278888989;47.47902;-2.49143
4278963197;44.37889;2.57062
4282132439;49.44326;1.08732
4282328463;47.47086;-2.46632
4282328464;47.4709;-2.46634
4282328467;47.47096;-2.46635
4282472889;46.03519;-1.37153
4283571489;48.17579;-2.75331
4284175375;45.07087;3.86016
4284454890;47.48256;-2.47587
4284861917;47.94035;6.87055
4285836918;48.48421;-2.67762
4285904555;48.88602;4.29087
4288572957;48.40451;-4.52228
4290254074;46.12409;3.42356
4290374491;47.49408;-2.44171
4291539959;47.46795;-2.46466
4292703747;45.04668;4.45835
4293351119;48.87235;2.41311
4294548838;43.70923;-1.43574
4294643990;45.84204;5.04135
4294651250;48.7248;-3.32265
4294773392;44.81363;1.15215
4294836598;44.53302;0.76914
4294842645;48.84211;2.30559
4296013889;46.07483;5.68938
4296072641;47.27987;1.11338
4296819891;44.86869;1.0451
4296951080;44.56664;6.4965
4296998005;49.70164;4.94892
4298715811;43.68753;0.45958
4299053912;48.51742;-2.22312
4299929420;42.71684;1.44996
4299937102;46.25394;5.21625
4303007185;48.35433;-1.21118
4303050431;44.57599;6.3612
4303105749;45.45552;3.5456
4303105914;47.11024;0.6162
4304157030;43.71553;3.86038
4304616189;43.60436;3.92368
4305448990;46.88829;-0.92639
4305449190;46.88753;-0.92702
4305754305;44.30189;4.56407
4306169340;45.08125;-0.28436
4306169362;45.08671;-0.28761
4306442591;46.88773;-0.93245
4306459021;44.74352;-0.6494
4307024321;45.99363;-1.31723
4307981397;44.75809;4.98923
4309108658;47.09693;-1.12539
4309738889;49.53475;1.85089
4309746391;46.92114;-0.84771
4309797174;45.04717;4.24505
4309847867;44.2331;4.933
4310039311;48.69784;2.19004
4310502194;47.05154;0.58018
4311474093;44.82124;4.06155
4311604122;45.6867;6.56757
4311911911;44.46752;6.7208
4311936034;45.2025;6.69991
4312288904;45.48836;4.80894
4312369663;46.5637;0.31249
4312484990;-21.28841;55.40819
4312636005;47.24169;0.69402
4312748668;45.25204;6.72656
4312945042;46.10188;5.7023
4313261432;45.28744;2.75987
4313631730;45.40788;2.82659
4314031706;45.69424;2.95128
4314233589;42.97674;-0.60015
4314357300;48.45302;-2.81444
4314742163;45.18464;4.31309
4315464748;44.42126;4.17349
4315845755;47.56066;-2.87831
4315896696;45.03492;3.1065
4316583591;46.39162;4.63523
4316704270;45.36272;4.68554
4316767519;43.6964;7.12249
4316767535;43.65658;7.16426
4316891968;48.89244;2.41356
4316936863;48.7457;-3.26073
4317179341;43.72278;7.39043
4317304186;48.65805;2.33257
4317547625;45.9459;-1.3176
4317625602;43.72647;5.81154
4318196916;49.09128;2.04036
4318458891;44.8805;4.60775
4318470352;47.33677;0.75713
4318519949;45.36449;4.68682
4318530731;47.6078;-1.74436
4318644186;44.75653;4.5988
4319143324;48.83986;2.31962
4319202856;43.57091;2.01408
4319206792;44.48955;2.30849
4319209670;43.69752;1.81608
4319212747;43.57075;2.01346
4319564579;44.87464;4.5409
4319635900;43.60868;3.86858
4319635905;43.61112;3.87337
4319640095;43.60745;3.87836
4319640096;43.60771;3.88891
4319640097;43.63176;3.89044
4319648135;44.82157;4.77406
4320037290;45.1112;5.27857
4320304828;47.49481;-2.49507
4322885809;46.53784;3.77979
4322886149;46.56923;3.74958
4322886152;46.6105;3.73844
4322992973;46.58804;3.32867
4323322154;43.99247;1.71165
4324684296;48.83924;2.65503
4324902038;44.59084;6.00504
4324942442;48.23172;-1.60793
4325975789;50.48653;2.74535
4326010028;44.87427;5.72215
4326497232;45.3923;3.37387
4326497515;45.39;3.36532
4326604759;45.24868;2.69388
4327032995;43.23035;6.66079
4327167498;47.59657;-2.23928
4327193237;47.37286;-3.21964
4327625323;44.2848;0.27021
4327625330;44.40419;0.70419
4327625331;44.40652;0.70219
4327698337;45.74879;-0.6183
4327724238;50.0482;2.93443
4327973505;47.20614;-1.78538
4328175187;48.38899;1.89164
4328175188;48.39011;1.89037
4328305083;44.93997;3.99527
4328312886;44.93616;3.99542
4329339991;44.90563;3.93475
4329343163;44.88914;3.92487
4329455500;44.76623;3.88293
4329632020;47.33811;-1.26558
4330488454;48.28826;-0.89481
4330739911;46.61026;0.32582
4330805789;44.53473;5.82414
4330970607;46.39609;2.70945
4330989031;45.84012;3.15991
4331306489;45.68641;-0.43432
4331388188;47.95624;7.25979
4332036898;46.16215;5.00457
4332243159;46.89979;-2.00171
4332345674;43.63239;3.87147
4332345675;43.63247;3.87136
4332345676;43.63296;3.87126
4332345677;43.63294;3.87128
4332345678;43.63293;3.87128
4332360042;43.63309;3.86872
4332360044;43.63377;3.86944
4332360045;43.63377;3.86944
4332360046;43.63377;3.86944
4332360047;43.63388;3.8697
4332360048;43.63388;3.86971
4332360049;43.63391;3.86979
4332360050;43.63391;3.86978
4332360072;46.42462;4.66585
4332377954;43.63173;3.86952
4332377955;43.63172;3.86949
4332390743;49.50221;0.15796
4333063645;46.4649;0.07022
4333063725;46.49104;0.04436
4333771650;48.89636;2.35301
4334029491;47.21787;4.6399
4334042674;49.50073;0.14566
4335112275;48.57609;-3.82637
4335283990;44.57471;4.45405
4335478733;44.00164;3.04731
4335508362;48.29724;4.07378
4335997003;47.13212;-0.15312
4336039531;48.28723;-0.89386
4336040715;47.08993;-0.20147
4336119527;46.80072;-0.16112
4336653440;46.21508;1.07603
4337618857;47.39512;0.69341
4337633567;47.3946;0.69486
4338049011;46.15829;5.65314
4338461376;44.34167;1.54411
4339530955;48.12708;7.36977
4339548610;45.14296;5.05456
4339608009;50.64449;2.72196
4340168994;48.43657;-0.49558
4340203583;48.65477;6.15696
4340247153;48.85632;2.29635
4340781211;48.05723;4.53787
4341063118;43.14335;6.33844
4341074188;44.54572;6.28003
4341103689;43.19445;-0.61239
4341227002;44.46498;2.94669
4341529202;45.22627;6.65403
4342426836;46.80691;3.55008
4343053977;43.87136;6.96427
4343124163;46.86911;3.64516
4343166443;43.93495;2.14611
4343816590;48.40463;-4.50942
4344793335;47.94916;1.85485
4345516965;46.3929;5.86478
4345520233;46.38694;5.86577
4345885717;45.44973;6.77679
4345925690;44.60412;2.86556
4346023244;43.20396;5.77688
4346160125;48.47696;-2.0071
4346341857;44.98852;1.07056
4346345896;45.06348;1.2471
4346968127;45.76393;6.05541
4347032395;49.37596;3.3236
4347097390;49.38005;3.3272
4347191697;49.56417;3.62421
4347307391;48.19906;-2.05303
4348266389;48.50921;-4.76592
4348332192;44.98471;3.75084
4348368006;42.70241;1.88167
4348506936;44.83043;-0.56682
4348624691;48.85138;2.3205
4348874592;48.27922;-4.59795
4349123292;43.16387;5.84592
4349631234;46.63827;0.16672
4349631235;46.03408;1.29826
4349631635;46.03313;1.29657
4349675710;45.37453;6.04627
4349699099;45.39362;6.10756
4349725931;45.20264;5.83894
4349809573;44.37113;3.53198
4349809574;44.37066;3.53049
4349809575;44.36658;3.41135
4349809628;44.52685;2.26512
4349809630;44.40414;4.39369
4349809635;44.33628;3.38434
4349809638;44.43564;0.97518
4349831103;46.49477;4.53055
4349888580;44.39992;1.12117
4349999389;48.04151;-4.48932
4350013082;44.37599;3.52408
4350034891;48.90396;2.3121
4350144654;44.41181;4.35365
4350196641;47.59806;-2.1002
4350883688;47.18079;0.04724
4350915068;43.4943;-1.47853
4351381343;47.51634;-1.80577
4351450818;47.08362;0.3359
4351493456;47.13226;0.34389
4351632547;42.58951;1.80035
4351632548;42.58817;1.79886
4351691392;43.42342;-1.59929
4351813986;43.52439;0.16079
4352192889;44.98612;3.64856
4352202626;45.4148;4.01023
4352263849;43.86274;6.1273
4352278842;43.77957;6.09491
4352295801;43.63089;5.15401
4352363032;46.14148;-0.2204
4352373234;42.99746;-0.84105
4352455964;46.04935;1.27518
4352484714;42.81899;0.19074
4352620398;43.54372;-1.10132
4353279634;45.32369;5.4675
4353618448;48.7991;-3.00635
4354356416;43.66429;7.12773
4354356418;43.66417;7.12857
4354445224;45.55524;5.79065
4355130546;47.24889;6.34686
4355265502;46.4038;-1.50692
4355265504;46.40395;-1.50635
4355265516;46.40452;-1.50666
4355265521;46.40508;-1.50644
4355265538;46.40579;-1.5066
4355286141;47.42955;-0.52806
4355287322;43.29063;5.86362
4355620100;42.42609;8.90088
4356836750;44.2827;0.76297
4357188478;43.7317;3.55344
4357449730;47.08541;-1.27934
4357862018;46.48904;1.87031
4357886343;47.90562;-2.12353
4358104301;44.49066;1.29432
4358104303;44.49072;1.29425
4358114846;44.48617;5.94963
4358273222;44.39893;-0.35193
4358273224;44.402;-0.35055
4358662993;48.39381;-3.29737
4358704289;42.78456;1.68556
4358959066;46.22024;4.52031
4359214289;47.61219;-3.16798
4359381357;47.92022;-0.6822
4359841100;48.53699;2.65827
4359959092;44.57566;2.90621
4360317804;47.03771;-1.11411
4360322128;49.60119;1.07958
4360322129;49.60298;1.08044
4360322130;49.60239;1.07782
4360594692;46.64806;-1.81797
4360611672;44.82839;2.74188
4360638217;44.85398;2.77522
4361334639;46.77206;-1.23085
4362389096;43.45504;4.57033
4362427169;46.64128;5.90543
4362799231;42.70407;1.82075
4364257828;48.94919;2.31414
4364506384;45.28276;4.39496
4364638121;44.80088;1.21468
4364718841;43.48262;-0.5221
4364814295;47.40062;-2.47135
4365179372;47.93233;0.46857
4365484207;43.52538;0.16176
4366025389;45.06907;1.45191
4366141146;46.45158;4.11895
4366857179;47.86843;1.88031
4367604271;48.80445;2.13067
4368113546;45.17952;4.99498
4368656512;47.3779;-2.55551
4369542705;-20.87474;55.44695
4370378632;44.34722;4.77048
4370378633;44.34682;4.77431
4370651915;47.65194;-2.72308
4371047669;46.10263;6.59795
4371605594;47.28368;-2.37126
4371713546;48.59056;4.86608
4372105279;44.04866;6.14088
4372142046;43.69784;6.85009
4372571827;46.30766;4.60358
4372742395;46.3078;4.60011
4373641233;43.94276;7.12552
4374186001;47.3151;-0.16803
4374204595;44.93683;1.60888
4374229097;45.09523;1.45203
4374229102;44.85845;1.75003
4374329392;45.09377;1.43228
4375551516;47.46189;1.09667
4375619313;47.89487;1.86232
4375994693;43.83348;5.27251
4376519801;45.14228;5.71764
4377086591;45.7855;4.85599
4377136517;46.43711;4.66031
4377156692;45.93888;6.71148
4377536490;47.60074;-2.85228
4377964598;46.27089;5.36687
4378902924;47.82682;-0.70679
4378903223;47.9971;-0.73906
4379116700;45.87124;3.02933
4379138808;-21.35807;55.52149
4379255244;44.31302;0.09089
4379357082;47.29302;-2.50931
4380593856;45.82076;4.99535
4380598786;44.1947;4.52011
4381939995;48.83122;2.36986
4381963238;44.78306;1.85226
4381994209;48.83521;2.36882
4382032892;44.39367;0.53669
4382074991;44.68225;0.89404
4382139390;44.67972;0.89508
4382381034;45.92417;6.8633
4382506136;47.93867;-4.40024
4382918392;48.66863;2.27529
4382986783;48.62084;7.31224
4382986784;48.53911;7.45604
4382987430;48.62219;7.3095
4383002573;49.42089;1.98429
4383002574;49.42092;1.98411
4383219437;45.05407;1.584
4383580989;45.20636;5.46523
4383773725;45.86338;6.80928
4383793482;48.63667;4.94735
4383810592;47.37984;-0.962
4384554592;47.35176;-0.76311
4384857538;46.94711;5.87924
4384901931;45.82946;4.97882
4384910154;43.35963;-1.69554
4385209342;49.2864;-0.09681
4385241442;45.4433;2.50732
4385800743;45.88016;6.32465
4385806438;45.85613;1.26847
4385839243;45.93242;6.76991
4386064096;-21.36175;55.52833
4386064097;-21.36139;55.52685
4386165091;48.54209;-2.72754
4386171590;48.52492;-2.74624
4386195189;48.54309;-2.72178
4386586003;45.09969;3.4973
4386952006;47.78936;1.06598
4387245309;45.92545;6.11297
4387803487;46.30442;-0.59553
4387887059;46.69644;-1.9396
4388680599;45.73435;4.85387
4388912423;46.96348;-1.11866
4388912425;46.96542;-1.11074
4388920777;46.96761;-1.10901
4389800252;46.30377;6.61608
4390339624;46.37966;6.72365
4391366694;45.53569;5.67233
4391568379;45.43642;2.53438
4391685232;42.73052;0.49969
4391687024;42.74462;0.49089
4391696948;45.82969;1.27029
4392354068;48.7251;-1.16681
4392668234;46.20757;6.72075
4392819388;44.91507;5.65771
4393048864;46.14187;-1.16774
4393097627;46.90061;1.27748
4393224441;45.18581;5.72495
4393629824;45.36369;5.59462
4393714194;43.11698;5.78026
4394348522;45.79893;4.94054
4394528390;47.74227;0.88449
4394766604;48.84912;2.35222
4394803414;45.36417;5.59457
4394960330;48.74404;7.50196
4396042849;46.40406;6.62606
4396117791;44.8814;-0.15957
4396120189;44.91535;-0.23661
4396412468;43.36549;-1.20466
4396499303;46.39833;6.53075
4396766827;45.34366;5.47409
4396778466;47.98053;3.39254
4397039666;45.37841;6.14337
4397371095;-21.00728;55.27113
4397420691;-21.00726;55.27156
4398193827;48.86905;2.23613
4398193828;48.86971;2.23754
4398874792;45.14832;3.40283
4399542501;47.03551;6.51342
4399546598;45.93785;6.07458
4399563637;47.08547;6.70309
4399977955;43.30937;3.54131
4399977987;43.30978;3.54022
4399978999;43.31012;3.54198
4399979001;43.31019;3.54088
4400171963;45.16642;5.70628
4400769521;47.73285;4.22429
4403332739;43.30857;3.54312
4403332744;43.30869;3.54405
4403332762;43.30912;3.54326
4403360113;48.76147;2.67324
4403547289;-22.66109;167.44363
4403707874;47.15767;6.60543
4404279673;43.55192;3.90256
4404358534;44.11092;4.41484
4404535927;46.40052;6.58891
4405409598;45.72427;3.33873
4405631086;44.39856;0.58908
4405738758;46.56695;4.90668
4406152845;47.87047;5.26355
4406154577;47.88;5.25313
4406170841;48.85783;2.35581
4406482398;49.08344;1.46522
4406488985;44.2469;4.83045
4406495484;44.29737;4.87409
4406502680;44.33767;4.86566
4406517289;43.97235;5.7393
4406578998;45.12557;6.03153
4406580405;45.20063;6.03927
4406580796;45.20257;6.04025
4406652446;44.09639;6.55399
4406822968;46.8691;4.57391
4406961078;47.47955;-3.12037
4406999490;44.61933;4.38736
4407043590;48.18386;-3.80737
4407457888;44.54795;6.48161
4407802510;45.04655;3.88503
4408438188;45.6216;4.7476
4408880792;44.67892;1.99502
4408904191;51.00478;2.10982
4409258262;47.65136;-3.08187
4409310420;43.42178;3.60401
4409756801;46.22358;-1.43798
4411233961;45.04665;3.88558
4411233966;45.04901;3.88332
4411250064;45.58936;5.09415
4412186255;45.70799;4.59043
4412304830;45.70907;4.58263
4413030979;44.04694;5.04556
4413068392;48.9563;2.34081
4413146761;43.55965;1.46907
4413209215;43.56061;1.46811
4413209218;43.56014;1.46856
4414276880;45.79149;4.8473
4414366391;45.84828;0.63652
4414905950;47.78755;3.57258
4415014234;48.41049;2.78565
4415184701;44.8121;0.94858
4416075500;44.40556;4.13473
4417669605;48.94264;2.32328
4418074006;48.1253;-4.21957
4418893596;45.83148;1.26087
4419248401;43.52596;5.44483
4419374492;46.17033;5.28443
4419531423;48.24598;-4.48857
4420614983;48.97199;4.00975
4421277189;48.33764;-1.93272
4422004814;47.95205;-2.57351
4422112907;48.56975;7.79852
4422317891;47.79243;3.56766
4422317896;47.80058;3.56767
4422724940;45.82859;4.96569
4422736495;48.03863;-4.73174
4423670786;48.771;5.1618
4423670787;48.7748;5.16458
4424999792;45.1613;5.94413
4425626255;50.60075;3.01588
4426131787;47.24411;-1.60778
4426336001;45.18716;4.31468
4426378292;42.98766;-0.42626
4426383544;44.02075;4.966
4426383545;44.02096;4.96633
4426414624;44.02244;4.96775
4427432402;45.76306;4.85088
4427813066;43.3875;-1.66971
4427826199;47.55847;7.53282
4427909522;48.83608;2.3158
4428037941;49.90991;2.32871
4428285965;47.71951;-1.37098
4428630476;42.68381;2.78789
4428668150;48.65251;2.30483
4428723984;44.64128;-1.07163
4430476244;48.16833;7.3198
4431013684;48.22619;-3.96903
4431041436;48.20626;7.36236
4431681565;47.19955;-1.87815
4432857990;49.02493;1.15047
4433176135;45.82841;4.96395
4434171426;46.93757;4.72875
4434179361;46.19188;4.43766
4434417021;48.3242;1.36314
4434612397;43.68992;7.33353
4434830699;44.38864;0.30765
4435052190;44.18566;7.04997
4435697791;-21.00518;55.2733
4437056103;48.4393;1.46614
4438019837;46.14809;4.08791
4438022590;45.84012;3.16146
4439439115;46.25714;4.69786
4440150679;48.83986;2.24279
4440839482;47.4878;4.59293
4442677154;47.59706;-1.67886
4444115322;45.70121;3.93108
4444529229;44.12944;3.38521
4444575693;43.72103;1.298
4444656914;45.79454;4.03468
4448987781;47.44103;-0.98527
4449251439;48.86952;2.22587
4449415697;-21.34259;55.46643
4449417100;-21.34338;55.4673
4449417192;-21.33788;55.45778
4449780279;47.63298;-2.52556
4450146141;43.63665;5.10633
4450624157;44.09365;2.69778
4450624162;44.09752;2.7049
4450947667;47.77367;6.99626
4451369195;47.81439;1.03775
4452026558;48.18535;-3.93083
4452026559;48.19009;-3.93322
4452224727;50.62409;3.18183
4452335506;48.90265;2.36151
4452389266;43.30447;3.53923
4452389270;43.3048;3.53991
4452389271;43.30489;3.54002
4452389272;43.30491;3.54032
4452391195;43.3058;3.54036
4452819291;49.66885;-1.40534
4453744490;-21.16996;55.28642
4453888545;43.30661;3.53767
4454977765;49.28588;-0.20369
4455159600;44.59245;3.90451
4455163482;48.57636;7.77723
4455279705;45.69406;4.18436
4455279708;48.22393;4.88762
4455279988;45.697;4.18053
4455280375;45.6953;4.18101
4455280500;45.69682;4.18925
4455435596;45.85202;5.0681
4455734671;14.52515;-60.98179
4456269846;47.88706;-1.685
4456913536;49.14257;0.22828
4457192839;14.61673;-61.00298
4458066236;48.91527;2.35824
4459998493;47.05053;-1.26543
4460402446;45.88244;6.3218
4461278823;43.31215;-1.58278
4461342090;43.5986;1.44079
4462241753;48.68158;-1.35904
4462333184;44.56544;2.21287
4462420038;47.87139;5.34102
4462599300;44.36162;4.86022
4462997994;47.33986;0.99061
4464817112;48.76051;7.95412
4464967675;45.7212;3.18714
4465502649;47.71877;-1.37616
4465584204;43.286;3.44636
4465920253;44.82239;-0.56283
4466354124;43.81228;1.35867
4466575383;43.56451;7.07368
4467726214;45.44269;6.64704
4467738392;46.04551;6.77
4468421188;48.68381;-1.35825
4471006192;48.7236;6.17937
4471007302;43.75312;7.41946
4471148967;47.59612;-1.71632
4471716588;42.45515;2.635
4472336239;46.14363;-0.39563
4472359099;-21.13271;55.47237
4472678751;46.14338;-0.40674
4473250289;49.11316;6.17171
4473250290;49.11521;6.17163
4475058008;46.14538;-0.40624
4475127282;42.51131;2.82773
4475505539;43.57759;0.33283
4475505618;47.10629;6.14594
4476364267;48.74565;-3.07122
4476716890;48.25294;-3.82601
4478123628;47.72012;-1.37402
4478332161;44.4054;0.1877
4482436619;43.49012;-1.47518
4482797569;45.96357;4.63167
4483479774;48.8261;2.2565
4484116315;45.14261;1.48475
4484127196;45.83696;2.26394
4485632714;46.61357;-1.86078
4485840895;45.00039;4.99312
4488405021;48.75906;2.29142
4489773690;45.45908;3.18465
4492390589;42.70533;3.00679
4494580654;45.67211;5.90404
4494649589;43.52932;-1.05433
4496366731;44.61792;2.1905
4497088875;48.87154;2.40212
4497124705;44.26832;4.02603
4498423891;43.46845;-0.92788
4498821507;47.39298;-1.50093
4502253606;45.57872;4.8076
4507790300;48.58532;7.74981
4510782589;46.56798;0.65104
4510870373;47.04611;-1.64235
4512130601;47.22469;-1.57964
4512746043;45.73635;3.06759
4512927620;47.79797;3.57464
4513373393;45.85331;5.05611
4515193748;43.19654;-1.19246
4515503506;45.54831;4.43755
4516609652;44.4016;0.7026
4519273702;44.34007;2.56319
4519285031;45.5883;3.12891
4519542771;44.94207;4.4295
4519548214;47.32389;5.03174
4521034497;45.90194;6.12809
4522164042;42.70193;9.45154
4522644182;45.82889;4.86665
4524050780;47.2124;-1.56481
4524137615;46.02522;3.64883
4524584389;44.64553;-1.2
4524602025;42.50025;3.12178
4524886892;47.72095;-1.37597
4525367643;48.06004;-0.56796
4528727786;47.18558;-1.85959
4529788432;47.52767;1.38467
4530574903;44.05641;4.53337
4530899112;44.09021;4.54014
4531035689;49.1095;6.23352
4531545789;43.94746;2.2106
4532238014;45.72102;5.07644
4533695522;43.86776;6.3174
4535661762;-22.11769;166.70826
4535683158;45.64469;-0.14127
4536074269;43.5084;6.93969
4536454514;44.43129;-0.21476
4537574850;48.49378;-0.62398
4537574855;48.55145;-0.50819
4538291668;45.05622;5.22648
4538593333;48.74637;2.26773
4542479453;48.97087;2.30555
4545305138;48.80728;7.77567
4547763640;48.8223;2.4138
4548441627;44.38247;4.99234
4551077793;44.52048;2.76456
4554208281;49.47874;0.15651
4554216042;45.45614;4.86772
4555524752;46.1074;0.90973
4555737400;45.14444;5.28231
4555801770;43.23977;5.3667
4556157972;44.24372;5.07297
4557568076;14.52947;-60.98057
4557882599;47.74176;-2.9182
4560302956;45.47002;5.05463
4560746701;47.55534;6.43393
4560746705;47.55631;6.38305
4561484856;45.61944;6.07988
4562385963;47.47572;6.02488
4562385966;47.42453;5.83936
4563726795;49.00582;2.57873
4563765490;49.00499;2.57404
4563897699;47.97692;2.73032
4563900191;47.97671;2.73138
4565230248;45.34234;5.81383
4565230249;45.34131;5.81527
4566447985;48.00586;-4.55737
4566482541;48.00558;-4.5573
4566662002;43.82563;-0.55521
4566701127;48.03552;-4.84915
4566838301;45.89542;1.28381
4568577545;49.29813;-0.30222
4568613306;48.88281;2.46961
4568613319;48.88247;2.46944
4568623595;49.0052;2.57976
4568676290;49.00481;2.574
4568679490;49.00522;2.57637
4568885792;49.00581;2.57487
4568926594;49.00618;2.57455
4570516147;44.62434;3.55925
4572924203;43.7955;6.9446
4573272631;48.06782;-3.20913
4573489912;48.38632;7.41616
4574086237;42.87151;1.83353
4575746715;48.02385;-4.53758
4575754299;44.27988;2.72872
4575830191;44.2792;2.73018
4575900896;50.0619;1.37145
4577174381;45.23168;6.73836
4577240788;45.24858;6.73492
4577323969;45.62378;-1.03201
4577773373;44.45999;2.29793
4578255858;46.49726;-1.797
4578748734;45.68904;4.3528
4579364336;43.63977;5.0985
4579525581;45.42852;4.97068
4579684360;44.61972;5.12519
4579735591;50.06273;1.37093
4579762994;43.39039;-1.662
4579813390;43.39119;-1.66149
4579813691;43.39323;-1.6599
4579859820;49.93379;1.08327
4579915668;48.40074;-0.09833
4580344291;45.1944;5.72785
4581746683;43.69105;6.71339
4582884192;45.68798;5.91492
4582907946;44.08125;6.95585
4585488024;47.3912;-2.42426
4585986226;44.54369;5.10871
4586048073;47.22283;5.0101
4586132892;44.23741;5.05866
4587011506;44.603;0.36156
4592772427;48.17721;0.42644
4594319777;47.07011;-2.02349
4594321815;47.07138;-2.02819
4595406114;43.00512;-0.10084
4595984958;43.894;3.9987
4597012523;43.00722;-0.09965
4597012751;43.0026;-0.10167
4598507896;44.02323;3.93219
4598842465;42.97281;-0.19337
4604060278;48.00377;6.26402
4607510389;44.69584;5.19506
4607568589;44.58648;5.13357
4608158052;48.08845;-1.61773
4608353824;43.80672;4.65738
4608814230;47.13274;1.01131
4608815302;47.12807;1.01251
4610013832;44.58558;5.13523
4611418861;45.87837;6.52505
4616203518;-20.94494;55.29296
4619341391;48.10058;-2.03232
4619352703;48.10023;-2.0293
4623897788;43.41755;5.22722
4624183290;50.68263;2.57191
4626860746;44.60612;4.47288
4632525018;45.74593;4.00449
4634474756;46.85268;-1.11772
4635103477;43.42615;6.76953
4635349776;46.99342;-1.59586
4635923482;46.9917;-1.59737
4637246700;45.51575;1.20273
4638378969;48.85881;2.38932
4641503091;43.80504;4.65489
4641777513;44.87083;0.49471
4641786298;48.24571;3.34934
4641843385;43.32015;-0.75703
4644331601;43.62957;1.37497
4644331641;43.62958;1.37517
4644331642;43.62936;1.37632
4644376564;43.63273;1.37041
4644376565;43.63211;1.37105
4644376566;43.63225;1.37049
4644503808;43.63012;1.37372
4644510809;43.63119;1.37295
4644510810;43.63154;1.37258
4652848392;47.00378;-1.33163
4655313805;45.76518;4.83142
4656965084;48.48855;-1.18803
4659799439;47.37006;4.58337
4663295894;48.98258;1.89272
4663470709;48.74565;2.38524
4665202941;48.84327;2.4359
4665202943;48.84249;2.4347
4665804939;42.81265;0.29556
4667652289;45.36459;5.14121
4669576841;44.88763;3.88143
4670493689;46.94283;-1.06394
4671869547;49.6996;4.94578
4674324534;43.49207;0.59224
4675601091;48.04281;-2.40598
4677824685;42.82533;0.25833
4677824687;42.8316;0.2465
4678185379;44.17597;0.63052
4679453770;-21.58312;165.35678
4679895862;49.69725;4.94573
4682487335;48.71641;2.25205
4683069624;-9.77161;-138.88608
4683069764;-10.51299;-138.68328
4683372254;42.52917;2.02022
4684121643;44.23024;6.89345
4684280822;47.7201;-1.37339
4685182766;48.45223;-4.46821
4686469904;44.5007;0.15849
4686666095;44.50191;0.16823
4686724497;45.08268;2.75004
4686757295;44.49692;0.16748
4686954663;48.6007;7.74953
4688964712;43.69535;7.27598
4690468746;48.00868;-0.15972
4690689056;48.51369;1.77677
4690812153;45.80999;4.79913
4690882061;44.08765;6.94116
4690906066;44.06026;6.9207
4692419448;44.28817;0.50884
4692646570;45.72094;4.79419
4693671664;47.84539;3.60782
4694212866;47.19304;-1.85442
4694241541;47.97959;6.63738
4694613291;-16.83633;-151.3605
4695165330;45.4525;6.69303
4695165332;45.45391;6.69421
4695815547;47.14829;-1.53049
4696515629;47.34645;5.05141
4700669456;44.25681;0.30578
4701295696;45.24922;0.33745
4701303920;45.53625;4.8587
4701365490;46.88129;-0.01771
4701713992;44.76287;6.82052
4702171381;49.48519;0.80638
4704366436;45.27482;6.92232
4704488028;44.79634;-0.61463
4704496355;48.47967;-2.66197
4704984270;46.80538;5.64675
4705010244;43.83483;4.35899
4705010246;43.83473;4.35898
4705121516;47.95302;6.75113
4705121517;47.9531;6.751
4705190077;43.67796;4.42976
4705227489;47.22317;-1.58134
4705472535;47.69812;-2.14613
4706517394;48.88941;2.33927
4707039693;47.32953;6.12824
4711574598;45.69826;4.97471
4711787441;45.33351;5.48364
4712386789;48.6017;-2.14834
4712432934;47.08063;-0.20147
4712986083;46.16635;4.79283
4713828191;43.32966;5.03967
4713839592;43.33188;5.0439
4716138883;44.86573;4.86502
4718160967;47.86924;-3.91814
4718161292;47.87044;-3.9172
4718583858;44.00327;4.70434
4718783829;48.24146;7.37922
4718864872;43.86856;4.43894
4719468854;48.6726;2.35477
4721730978;48.86531;2.46877
4721731946;48.86549;2.47326
4721863791;47.84341;-3.69161
4722568676;43.71266;4.13294
4722626623;43.70364;4.11895
4722626624;43.70375;4.119
4726429756;43.35927;3.34599
4726761387;43.36055;3.3439
4727749969;44.80917;-0.55488
4727856277;43.21479;3.08909
4728057697;43.15425;2.95555
4728057750;43.15419;2.96324
4728094531;45.26588;4.33541
4728901893;47.64285;-3.44748
4728901993;47.64291;-3.44734
4729239326;42.48073;3.13147
4729327838;48.78964;1.60196
4729334695;47.96035;-3.83326
4729548850;47.85946;3.97349
4729772902;43.16041;2.84946
4729817643;43.16963;2.70765
4730493516;45.74884;3.3026
4731074560;44.79765;5.90744
4732195132;44.19009;5.94509
4732288163;45.6702;-0.61633
4733893913;43.6562;5.06577
4734185123;43.87657;4.45263
4734626928;44.64357;3.23594
4736055403;44.8075;-0.59053
4736121774;44.84464;-0.65428
4737493240;43.10027;1.38713
4737779722;45.33537;6.11949
4738733381;45.64931;0.17445
4738794122;45.18579;0.71308
4739216772;43.08212;1.3609
4741153101;43.49674;-1.4708
4741184749;48.74201;2.28487
4741258232;43.37509;-1.63837
4741539304;43.38488;-1.66604
4741568600;43.39266;-1.68487
4741750317;43.37568;-1.76195
4741750318;43.37653;-1.75857
4741844223;43.36827;-1.77193
4742296763;15.89073;-61.22121
4744202006;15.9878;-61.30101
4744202012;15.98195;-61.30451
4745172902;43.54736;3.79128
4745244571;43.28484;3.2799
4747049323;49.93103;1.08071
4748717112;45.60797;-1.00838
4749339700;45.68678;6.56929
4750977848;48.46253;-3.42082
4752128191;43.29801;1.21227
4752554160;44.77488;-0.58912
4754024607;43.22913;2.11578
4754210560;45.42873;5.77922
4754911428;47.27902;-2.21694
4755197843;47.01625;-1.43558
4755866621;43.58968;7.03542
4756591949;44.51721;4.78377
4757794721;45.8943;3.11902
4764914829;47.96696;-1.61519
4766048511;49.63688;-1.62357
4766730950;47.17266;3.33185
4766790897;-21.086;55.22809
4766790898;-21.07789;55.22153
4766790899;-21.07665;55.22117
4768115425;44.10598;6.9331
4769394247;47.09184;5.49223
4769940438;45.07515;5.77279
4770201984;48.83133;2.25276
4770772828;43.68865;3.84763
4770772829;43.68726;3.84918
4770794676;44.04872;5.04465
4770882436;49.07193;2.55138
4771339292;48.37528;6.1878
4772284482;47.25861;-2.34664
4772378415;47.16749;0.63089
4772570409;42.9416;-0.17781
4772986445;44.36243;-0.85181
4773285302;44.83184;-0.50527
4776894162;43.52443;0.16091
4777487380;45.14725;5.03648
4779549271;42.87351;-0.00246
4781023209;45.15869;4.34774
4781261044;47.14453;-1.69329
4782764765;43.60664;3.78497
4783071311;48.67501;2.33741
4783276194;48.7773;2.33414
4783276199;48.77459;2.3364
4784035489;47.1902;3.22598
4784314733;-21.36951;55.73207
4784742839;49.35829;-0.85208
4784828355;47.54433;-0.67376
4785483928;43.10027;1.3871
4785508736;43.10028;1.3871
4786636930;47.06088;-0.88025
4786752023;48.98986;2.29017
4787070822;49.52787;-1.77997
4787882597;45.05022;5.44914
4788627174;47.58632;1.32957
4791280961;43.76691;3.34674
4791340618;46.89146;-1.83031
4791389130;46.8444;-1.87919
4791389132;46.84569;-1.88186
4793005223;47.98549;-4.08351
4793231081;45.02031;4.87696
4793408699;45.89093;-1.19641
4793420194;45.22143;4.77734
4793441367;47.40792;-0.48167
4793655818;43.06846;0.48743
4793655819;43.06845;0.4874
4794810716;44.06365;1.95086
4795382222;43.40521;-1.62742
4795397255;48.85427;2.35467
4795821087;45.86593;4.59675
4796386857;45.50638;6.68425
4796482024;43.35644;-1.63114
4796806871;48.19966;-3.12551
4796806899;48.19968;-3.12543
4796911032;-20.88498;55.46934
4797211076;45.0631;5.30161
4797289163;47.55479;-2.48167
4798062415;43.07857;5.80397
4798553197;48.16618;-1.867
4798558130;48.16747;-1.87566
4798795126;50.51694;1.57877
4798807321;50.47916;1.57561
4799554412;46.32946;-0.46364
4802010222;-9.97059;-139.12522
4803700279;47.27436;-2.34028
4805501068;44.46416;1.66935
4805501688;44.44643;1.4426
4805789753;47.57621;-2.28428
4807534824;4.85303;-52.28317
4807543101;48.46056;7.48569
4807615744;46.9981;2.81888
4809309936;48.09524;-4.33061
4809454221;44.19582;5.94627
4809929924;43.48417;-0.76755
4811222097;44.15175;5.09799
4811666846;48.63609;2.29522
4811694687;48.61884;2.29203
4811699780;48.61295;2.29916
4811812494;48.65373;2.30591
4812073236;43.71394;3.83393
4812186424;46.78707;-0.1672
4812219291;42.73521;-0.01021
4812958076;44.23854;4.71292
4813423238;43.71659;6.13413
4815230578;45.29823;5.63656
4816432242;44.42754;5.21655
4818150978;45.7737;-0.06662
4818193749;48.13178;-2.65766
4818477940;47.08317;-1.33721
4818532312;45.55922;0.14077
4818867006;43.63525;3.86389
4819674421;48.09627;-1.64267
4820305897;47.21501;-1.46531
4820740881;43.65169;1.9756
4820762674;43.65961;2.02578
4820795567;43.66173;2.44817
4820799263;43.61078;2.39909
4821002463;43.08022;1.36061
4823046821;44.45417;4.3398
4823754251;45.57972;2.99479
4823754276;45.51231;2.93149
4823812173;48.56303;-0.15029
4824639322;47.58701;-3.00024
4824796277;49.43975;1.0919
4825206145;49.48073;0.87481
4825440900;49.44501;0.96437
4825567196;43.99251;-1.2724
4825625314;43.92916;3.59013
4826200634;47.81706;3.57191
4826200635;47.81613;3.57083
4827008054;45.55825;6.65152
4827591665;45.44825;5.78429
4828532802;44.74269;-0.70595
4829155023;43.31397;5.42421
4829385494;46.97447;-1.99977
4830082011;46.07142;5.20516
4831003300;43.35122;3.22372
4832342180;44.05107;2.83347
4834701595;42.69227;3.03533
4837144811;48.75585;2.28389
4837968846;43.14405;1.3093
4838159740;47.19776;-1.67376
4840150421;45.78792;4.88228
4840193330;45.79981;4.84791
4841261857;44.83441;-0.56436
4841677222;48.37302;2.81607
4841703639;44.83732;-0.61672
4841750724;44.60717;2.03529
4842193537;47.56634;-1.62325
4842283607;48.26562;-1.14031
4843646832;43.4148;6.84854
4845252537;47.28119;-2.36851
4845591874;48.14035;-3.60566
4846314886;48.18111;2.73075
4846323024;48.23851;2.70513
4846379722;47.35791;0.69862
4846471524;45.09009;6.07662
4846636003;43.82824;1.78085
4847266787;44.64605;5.06066
4850357760;48.88685;2.17244
4850357761;48.88719;2.17075
4850525484;45.74191;4.91963
4850685074;45.11793;1.23204
4850891899;47.22533;-1.5537
4851562500;46.781;-2.06846
4851841321;45.93533;1.02516
4851902623;41.59088;9.36026
4851902624;41.59067;9.36002
4853105076;47.78791;-3.8001
4853502395;44.11347;4.48951
4853664599;43.67418;1.4572
4853705703;43.67781;1.53283
4853705705;43.86582;1.50284
4853707369;43.65627;1.66096
4853707370;43.77886;1.63291
4853713226;48.21034;5.93636
4854141830;44.15684;5.11866
4855370624;49.05532;2.54965
4856171471;45.75117;3.60795
4857188161;47.51683;-2.03718
4857288790;47.28268;-2.39187
4857722421;45.25483;4.70565
4858119450;48.29012;-4.26693
4861557621;45.59027;4.3135
4861793884;48.88842;2.36317
4861896689;48.09804;-4.34018
4861896718;48.09606;-4.34083
4861897329;48.092;-4.33673
4861897340;48.09595;-4.32729
4862628003;48.34995;-1.40745
4864473910;44.08578;3.06032
4864474398;44.07225;3.06422
4864766784;45.87911;1.29162
4864766797;45.8799;1.29342
4865690685;44.38854;0.81948
4865690990;44.4022;0.80699
4865709721;45.03749;0.25462
4865834645;48.09344;-4.32698
4865834667;48.09149;-4.32045
4866476221;45.02917;0.51064
4867898924;45.1279;6.0712
4868214670;48.85369;2.31133
4868342221;48.10344;-1.64889
4869436207;44.60701;3.96939
4870057321;45.0425;-0.49306
4870141349;43.13557;-1.22123
4870344491;48.88293;2.11401
4871783948;44.26619;5.27832
4872011790;46.6267;2.58957
4872467487;48.83582;2.36006
4873714626;45.9234;6.77084
4874491473;45.2243;5.44144
4875764264;48.61851;7.14435
4875791254;48.00787;0.20143
4876247621;49.33544;-0.45165
4876396577;45.80764;3.76656
4878205284;44.88058;6.01772
4878681121;46.90689;3.04786
4879130263;49.0257;-1.28384
4879807383;44.82722;-0.15874
4879824922;47.15847;1.56252
4880130734;47.04547;1.60745
4880318621;46.987;1.17365
4880363321;43.45025;4.4287
4880954650;47.50909;6.80183
4881447068;45.23486;5.76324
4881479821;47.47657;-2.17354
4881639325;43.26933;-1.34605
4881639432;43.23802;-1.31261
4881645422;43.32704;-1.40461
4881917593;46.7706;-2.0518
4882128432;46.88558;1.06621
4882175222;48.09099;-1.64115
4882194319;49.9877;4.71265
4883440772;48.48256;6.57061
4885729912;48.8362;2.32761
4886340222;47.68339;-3.18423
4892022400;45.18266;0.7047
4892835736;48.00868;6.71575
4892906879;48.40608;-1.26262
4892906881;48.40436;-1.26297
4893628302;44.7316;4.92382
4894935492;-22.1646;166.66007
4895409419;47.58791;-2.71629
4895444514;47.95274;1.87405
4895471560;48.60936;1.67708
4895561117;43.24855;5.80003
4895562646;47.58835;-2.61777
4896112864;46.00624;5.68452
4896969254;48.75455;2.15815
4897218221;48.23231;7.36597
4897376928;45.80004;5.84356
4897615827;48.69337;2.40361
4897656382;48.69371;2.40594
4898154312;48.98143;7.51431
4898154314;48.98313;7.51556
4898154316;48.98194;7.51463
4898154318;48.98281;7.5143
4898154320;48.98208;7.51195
4898328988;43.86738;5.14316
4900198556;48.57969;7.73599
4900537188;48.86254;2.31979
4900630240;44.72313;4.94104
4901478979;43.33039;5.10016
4901959122;46.20595;-1.36535
4904540294;49.03298;-0.97728
4904561173;49.02458;-1.03809
4906087321;45.75061;3.11073
4906145277;43.59397;4.9942
4906387125;43.59375;4.99162
4906390547;43.59504;4.99305
4906440354;47.22805;-1.55182
4906471481;41.71857;9.12867
4906676330;45.74237;3.20715
4906775551;44.85347;1.8203
4907394888;45.5667;5.91793
4907562696;48.45932;-1.36448
4907908093;48.93723;2.03277
4908775584;43.28877;0.64755
4909146536;46.12874;4.3989
4909224973;42.70313;3.02611
4909239919;43.3664;3.61585
4909352559;45.02362;5.86298
4909625434;43.35319;4.87927
4910630847;43.68249;7.08342
4910701657;43.68278;7.08384
4911028956;47.21836;-1.56346
4912116818;44.04394;4.44146
4912221543;43.11029;0.61365
4912221544;43.10943;0.61403
4912536054;43.68342;7.08375
4913015905;48.21943;-1.75669
4913185923;50.32191;1.54593
4913246507;43.1283;2.55785
4913578910;43.7411;4.26035
4915128201;47.37503;-2.20958
4916524678;47.27493;-0.1106
4916601721;44.80045;4.78217
4916971423;48.49115;-2.72776
4917210295;45.46539;4.37868
4917256056;49.42571;2.64484
4917717123;43.32697;-1.03188
4920075965;45.42847;5.70735
4920814430;47.52755;-1.23694
4920814556;47.52813;-1.24058
4920964461;49.05257;7.43011
4921063263;50.1969;3.71447
4921700774;43.27389;1.34779
4922020270;44.75518;-0.08678
4922020453;44.69038;-0.08766
4922125121;45.08767;2.74401
4922156814;46.85761;6.15779
4922223993;48.94373;2.4321
4922223996;48.94496;2.43154
4922224001;48.94461;2.42882
4922224006;48.94357;2.42967
4922224007;48.94362;2.42879
4922224008;48.94397;2.42731
4922224013;48.94357;2.42799
4922224033;48.94284;2.42853
4922224034;48.94305;2.42853
4922224037;48.94331;2.42779
4922224038;48.94257;2.4282
4922224039;48.94258;2.42779
4922224043;48.94326;2.42553
4922224044;48.94263;2.42498
4922408476;46.62853;5.22304
4922412981;47.622;-1.37147
4922525440;50.11972;4.08247
4922551979;46.40147;5.11167
4922987759;46.97885;-0.19417
4923677975;44.08237;5.54736
4923867733;45.8555;4.68058
4924202496;47.19833;4.06365
4924654042;45.25721;4.30314
4925059867;46.00504;1.13634
4925879124;45.54514;4.43563
4926871488;46.66637;5.77591
4927139779;46.87196;3.16181
4927425041;45.91906;1.44368
4927995990;43.89675;2.33115
4929066261;45.00182;5.77877
4931407760;43.80056;4.426
4934017074;45.07749;4.45646
4934082522;48.15383;-1.82897
4934580854;48.36405;-3.74517
4935698925;45.5882;3.12769
4935984562;50.7265;1.61636
4936174318;43.21086;5.42033
4936511274;50.64438;3.12014
4936612040;47.20814;-1.56859
4937056718;44.83356;-0.57708
4937073107;45.33678;5.80665
4937175660;45.38302;2.48771
4938236121;49.32088;-0.00556
4938325332;48.56333;-3.14874
4938325605;48.56101;-3.15663
4938326252;48.56066;-3.14539
4938326380;48.56259;-3.15016
4938326716;48.55245;-3.14923
4938611646;45.08415;3.94223
4938894338;47.47072;0.16338
4938955205;45.56569;4.70756
4938999562;48.99132;2.27666
4939232922;43.09517;-0.71728
4941140624;43.31068;3.5429
4941168876;43.30498;3.54019
4941169164;43.30808;3.54456
4941169263;43.3047;3.53868
4942313021;47.09751;-1.38472
4942343121;47.06187;-1.30712
4942573013;45.74011;3.21945
4942578430;43.25175;5.42393
4943313736;-21.10193;55.24552
4943665638;44.4192;4.90647
4943814621;47.08643;-1.28111
4944492036;48.14492;-3.60939
4944719046;48.63652;7.09135
4945547843;47.43711;-2.08856
4946642439;45.4398;4.38758
4946769084;48.99104;2.08865
4947110221;47.87927;-2.35812
4947219986;47.21703;0.05653
4947228519;48.96816;2.19327
4947423440;47.43508;-2.08852
4947444848;49.85472;2.92631
4947456679;45.2076;0.13336
4947460278;47.8662;2.1228
4947460282;44.43181;-1.16663
4948309921;43.09502;-0.71498
4948422522;42.97709;-0.74459
4948444527;42.97789;-0.74586
4948589421;48.85553;2.28986
4949104080;48.48005;-1.12386
4949616734;48.94263;2.42506
4949737660;43.50102;6.75705
4951425396;48.36744;-3.52011
4951481653;44.42872;5.71625
4952213023;49.0754;1.532
4952432834;45.57594;6.69362
4953581644;47.47398;-2.48811
4954915366;47.64561;-2.08829
4955804950;47.23058;4.90558
4956503009;45.11553;2.80673
4956582957;47.49424;-2.47957
4957137626;47.06543;-1.25434
4957282296;44.96528;5.70061
4958174421;45.82772;1.26479
4958477689;45.07991;4.50886
4958663812;48.70635;2.25383
4958663821;48.70462;2.25269
4958772953;47.3929;0.67942
4959914857;47.44315;-2.13601
4960234644;44.16808;0.62558
4961998663;47.52022;-2.30543
4962003222;47.4402;4.78909
4963496723;43.58989;-1.40808
4963607121;48.51021;-1.9525
4963939370;43.12442;0.38428
4965487907;48.84814;2.34938
4965601278;43.99727;4.38481
4965601281;43.9982;4.38426
4965601285;43.99658;4.38308
4965645949;-21.01603;55.26017
4965656223;49.35397;6.14067
4966096654;47.95072;7.41576
4966463418;44.90995;1.74136
4966612185;45.06156;0.86318
4969891890;45.73234;4.88314
4970031721;47.16537;-2.16317
4970092088;44.84871;4.11883
4970497627;47.15653;-2.21332
4970859025;47.06126;-1.3087
4970866121;47.06056;-1.31669
4970941428;47.11445;-2.09739
4972298585;42.34964;9.00978
4972315821;47.15786;-2.19355
4972346722;44.45358;4.33632
4972346985;46.18163;4.7509
4972716577;44.17451;4.75928
4972732021;47.15402;-2.21025
4972732022;47.15324;-2.21922
4972804480;14.70142;-61.18119
4972811865;47.90467;1.91261
4972811868;47.89918;1.9065
4973235282;48.51841;3.73391
4973303042;44.03933;-1.3357
4973303043;44.03993;-1.33349
4973303044;44.03829;-1.33417
4973303045;44.04023;-1.33475
4973303046;44.03974;-1.33703
4973303047;44.03915;-1.33452
4973769239;47.52479;-1.33923
4973873326;46.85948;5.38847
4973881214;47.52636;-2.76759
4973921022;49.42129;0.23196
4973995022;46.44662;4.88592
4974097489;47.88244;6.84729
4974161820;48.51967;3.74151
4974897219;43.72353;4.17029
4974923588;43.63807;3.91434
4975155079;48.46615;-2.21441
4975543121;44.57588;2.07326
4975643838;44.57356;2.07228
4975865079;48.24893;-4.41467
4976295117;43.44982;4.40132
4976524621;45.92308;6.87418
4976668321;43.93377;0.62345
4976804815;43.41372;-1.62599
4977295883;44.06246;3.97849
4977295889;44.06488;3.97722
4977295899;44.06677;3.97624
4977295900;44.06864;3.97487
4977309083;44.0607;3.98372
4977309085;44.06164;3.98279
4977363838;44.07179;3.97296
4977366393;44.07093;3.97386
4977366395;44.0704;3.97343
4977366397;44.0691;3.97334
4977366400;44.06973;3.9727
4978685221;42.76959;3.03165
4978685222;42.77056;3.03062
4979115024;48.85402;2.34939
4979683927;47.39176;-0.86057
4980107222;45.81834;4.18729
4980115021;43.29896;5.38182
4980185922;42.96286;1.61038
4980453121;47.08715;-1.28198
4981055412;46.46472;5.69396
4982292865;47.70036;-0.66755
4982349110;47.4437;-0.40816
4982483075;46.85272;0.54317
4983144922;49.51836;0.53323
4983144923;49.52658;0.53236
4983367144;48.30264;-4.24952
4983403930;44.52154;3.90981
4983582279;-21.0763;55.63157
4984411688;50.44523;1.61732
4984500822;44.64435;-1.11032
4984661921;48.87156;2.38504
4984746022;44.4051;4.13273
4984943234;47.21317;-0.59514
4985320022;44.30027;4.56992
4985397936;45.86451;1.32356
4985605321;49.51833;0.53644
4985606521;49.51784;0.53995
4985729250;48.61746;-4.21139
4986237321;47.08844;-1.2775
4986862821;45.79249;6.21784
4988060306;44.3292;-0.94672
4988342121;49.50758;0.20045
4988364323;44.29458;0.07046
4988644933;45.32904;5.26684
4988770552;47.23687;-2.30124
4989698823;43.36998;-1.77969
4989767358;44.52599;6.40279
4989787048;43.74088;5.97361
4989987326;48.84703;-3.17096
4990240322;44.38641;0.69015
4990393622;47.99038;-4.11081
4990840022;44.63178;5.21609
4991220435;-21.07078;55.22106
4991229800;48.46901;-2.5178
4991229810;48.46948;-2.51633
4992361621;44.397;2.70435
4993027064;48.75091;-3.28105
4993222135;48.55759;-2.53313
4993490126;48.19234;-1.83055
4993499682;48.509;-4.06876
4994499046;45.86119;-1.23851
4994577522;43.55467;7.00962
4994586121;46.94424;1.31134
4995099221;47.075;-1.24956
4996334525;48.22475;7.65608
4996557596;43.21535;3.09345
4996651408;42.98899;-0.42521
4997910752;45.91013;6.14406
4998148423;45.69357;4.96279
4998610874;44.77563;5.60568
4998620182;46.23657;0.90164
4999524939;45.81773;6.51351
4999574857;43.75463;1.10001
4999811602;43.63384;3.83784
4999811603;43.63532;3.83733
5000037478;47.11488;-2.09367
5000049416;43.29498;-0.37543
5001649450;45.919;6.14208
5001705620;48.65491;-3.63257
5001716000;43.92377;5.48413
5001716003;45.64864;0.1601
5001716233;45.5732;2.92414
5001716234;45.18651;0.72277
5001868121;43.59446;1.44943
5001872748;43.83356;5.69657
5002027522;47.08718;-1.28394
5002065423;47.24146;-0.02264
5002087034;48.563;-4.59673
5002155852;45.76441;-0.71288
5002240967;44.38578;0.68827
5002814069;45.79097;6.21996
5002851307;45.79056;6.21775
5002851310;45.79193;6.21996
5002851311;45.79187;6.21997
5002935580;43.36627;-1.41893
5003109331;48.85734;2.34632
5003260639;46.89401;-0.92456
5003651979;43.31379;1.53141
5003722121;43.83763;5.98695
5004314103;45.81306;-1.22139
5004314496;45.86179;-1.23073
5005057523;45.18848;0.73692
5005057524;45.18553;0.7491
5005614588;48.77537;-1.56971
5005697400;48.55352;4.77813
5005812845;44.74071;4.24197
5005942565;47.35956;1.74234
5006240077;44.85453;0.48367
5006465241;45.53294;3.2893
5007845298;45.74351;-0.62441
5007845338;45.63607;-0.70983
5007846144;45.68304;-0.67176
5008003823;43.65816;6.92454
5008065478;45.37641;-1.15872
5008065482;45.37772;-1.15053
5008106761;48.83456;2.38181
5009256933;43.60377;2.24158
5009268521;43.60348;2.24058
5009989926;42.82371;2.02102
5010170259;44.29063;2.83497
5011003932;46.74641;0.92925
5012622496;43.94501;0.31251
5013361651;49.29761;-1.17938
5013748022;46.8916;-2.13614
5014179627;46.89158;-2.13837
5014511724;-21.34081;55.47312
5014964821;48.89076;2.16654
5015284653;47.89208;-2.64085
5015285011;48.04972;-1.86859
5015608844;47.21528;-1.55806
5016230979;48.18008;-1.94451
5016513192;45.58195;-0.98744
5016513194;45.58331;-0.98635
5016628324;48.84643;2.33399
5016824927;47.68973;-0.05339
5016840535;49.23635;2.88984
5017149318;49.01313;2.53944
5017559182;45.55546;6.72861
5017559184;45.55459;6.7285
5017609322;45.67548;-0.17293
5017958110;46.3405;6.39148
5018024467;49.89378;0.87069
5018130681;45.24814;4.60832
5018637371;43.38656;-1.66354
5018969750;45.35879;-1.14958
5018969751;45.35916;-1.14935
5019252021;48.17601;-1.85338
5020501339;46.95107;4.29986
5020517141;45.20188;6.67434
5020612110;47.57087;-1.21741
5020813207;43.55741;1.38068
5020815464;48.80532;4.94678
5021389413;45.35265;1.20555
5022568656;48.49178;-2.02968
5022726570;45.35988;-1.14973
5022773116;45.36106;-1.14913
5023053621;43.43795;1.5964
5023907496;49.28745;-0.11545
5024135622;46.4333;4.47352
5025216771;43.18952;-0.60656
5025827524;45.05373;1.16797
5026153900;44.91574;3.62253
5026326483;47.33756;6.35482
5026581822;43.87934;-1.23804
5026706622;46.02029;0.14535
5027783150;44.99074;3.67826
5028628104;43.76165;4.94758
5028701522;43.35532;1.80424
5028717251;46.67061;-1.42441
5028979723;46.41032;4.21202
5029107698;47.29407;-1.3884
5029457546;44.78792;6.88812
5029457556;44.78861;6.89157
5029457559;44.78854;6.89456
5029457576;44.78966;6.89669
5030102161;43.96185;4.86
5030319902;49.20914;3.74407
5030533354;43.42664;3.60778
5030542537;43.35252;5.41168
5031045934;45.1985;4.53228
5031137540;48.20894;1.18943
5031478068;45.38024;1.51582
5031654335;45.7825;3.12021
5031757428;44.12328;3.22216
5031862731;43.17649;-1.34353
5031911265;41.9738;8.96898
5032316421;43.42952;-1.25594
5032316422;43.42905;-1.25628
5032321921;43.4286;-1.25504
5032323187;48.07913;3.29397
5032324403;44.94628;6.55755
5032408291;43.81836;5.31159
5032462983;43.81773;5.31283
5032468553;43.75078;-0.7483
5032478130;43.83133;5.20648
5032481165;43.83199;5.20764
5032485917;43.75915;-0.75357
5032587322;46.1807;2.80965
5032765572;46.48125;1.74255
5032827392;43.0954;5.82137
5033359778;-21.95334;166.00495
5033364450;-21.64419;166.30506
5033364676;-21.2102;165.57938
5033365024;-20.689;164.97441
5033365025;-20.63633;164.89449
5034240622;49.0019;2.58514
5034249227;49.04134;3.95211
5034530396;49.18752;-0.04732
5035191240;44.41859;4.80239
5035217962;45.58544;5.27635
5035601410;45.90062;4.32348
5036249150;44.21608;4.72323
5036474965;47.51591;-1.75151
5036934297;45.81597;2.94618
5036950269;42.58325;2.36998
5036960443;46.1368;6.50224
5037044866;48.49621;-4.60283
5037199901;45.29047;6.91311
5037421826;47.97388;0.55361
5037690348;49.33489;-0.42201
5037690361;49.33266;-0.39468
5037951846;45.72042;3.01901
5038254893;44.59113;4.80103
5038833698;45.20038;6.67091
5038835574;45.20187;6.6719
5038838575;45.20225;6.67401
5038850429;44.52323;0.03656
5038958321;45.37618;0.94868
5039423718;42.87164;-0.00475
5039548153;47.46127;-1.27934
5040166173;44.79006;4.26244
5040823669;43.3767;-1.74958
5041203179;43.1787;-1.34019
5041401472;45.85052;4.38088
5041509191;43.30295;1.91193
5041748921;45.06794;3.84953
5041756192;44.64243;4.38304
5041765347;50.2156;1.62821
5041765348;50.21562;1.6282
5041782451;50.21492;1.62303
5041782452;50.21489;1.62303
5041810973;44.56169;4.59842
5041823420;50.18744;1.63051
5042098060;48.97294;-1.05523
5043005122;45.77909;3.08284
5043049106;46.3645;6.45036
5043076136;45.75045;1.28842
5043128122;48.01656;7.53574
5043131021;48.01803;7.53597
5043151025;46.62568;3.75208
5043159224;44.1886;3.20698
5043182458;49.89412;2.29527
5043201626;47.10108;-1.3042
5043234722;47.10305;-1.29933
5043250121;47.101;-1.30185
5043274812;47.6923;-2.34841
5043485351;44.59984;4.0501
5043590924;45.15076;4.21761
5044509494;44.91555;3.6678
5044714025;45.05172;3.77983
5044721904;45.11906;3.90646
5044874407;45.93715;-1.24476
5044985624;43.36071;2.16882
5044985625;43.60503;2.2426
5045037712;44.33833;2.62625
5045066921;45.78976;4.83185
5045079732;47.39873;-0.91711
5045141365;43.3042;5.39579
5045271924;45.93392;-1.35919
5045291922;45.93707;-1.24466
5046266135;46.69469;-1.93876
5046308429;46.99082;0.9186
5046310321;46.82308;4.60084
5046633937;47.88136;7.18918
5046633943;47.88149;7.18944
5046649496;48.0996;7.22946
5046705684;48.8631;8.08488
5046747621;47.8003;-2.22336
5047479263;44.60023;3.93441
5047672154;47.63418;-2.77982
5047939826;44.56267;4.50448
5047960843;43.60116;1.43941
5048615597;46.00076;4.32437
5049210468;47.27303;-1.2913
5049210471;47.27155;-1.28622
5049211136;47.27341;-1.2792
5050084421;43.84404;5.16905
5051223059;43.39126;1.69259
5051230568;46.9444;0.89449
5054110410;49.10271;6.15747
5054220738;45.22472;4.55034
5056468390;45.84349;5.06994
5056776339;48.91667;-0.48197
5056936421;47.01548;-1.19752
5057164461;44.73575;3.858
5057768678;43.55854;3.52736
5058175315;43.09672;3.08472
5058580689;46.04697;6.35855
5058863340;47.79594;-1.41604
5059048519;45.41227;2.50009
5059622126;44.46155;-1.12983
5059796924;43.28189;2.73127
5059888620;51.07931;2.52378
5060085112;43.23651;0.07748
5060085769;43.23055;0.07462
5060429719;43.55525;5.60099
5061014921;48.25579;-1.66708
5061568863;43.15096;6.34423
5062248982;49.89943;2.28232
5062365481;46.20114;-1.20112
5063598466;48.08048;-4.41472
5063855944;44.46462;2.94645
5064132337;45.68938;-1.16811
5064132499;45.68673;-1.16454
5064132501;45.98977;-1.09855
5066262330;47.28351;-2.39567
5066956519;48.75946;2.28166
5067295069;43.87411;4.59021
5067389540;44.76722;-1.14078
5067409522;44.6255;-1.13925
5067411363;47.33748;5.04175
5069135568;47.66821;-2.1034
5070131421;44.67612;-0.80103
5071100283;46.90453;5.77202
5071479312;44.81211;-0.58203
5071532407;44.81354;-0.58211
5071722325;48.84764;2.25678
5071757177;44.54446;-0.25379
5071769778;44.54456;-0.25574
5071807221;48.84597;2.25278
5072170048;45.77075;3.08244
5073094105;44.92523;2.43091
5073094106;44.92524;2.4309
5074308621;45.90629;1.60701
5075344316;47.89548;-1.61321
5076802871;42.78485;0.59553
5076972187;45.63339;4.63904
5077349132;45.16692;4.29272
5077494613;-21.34172;55.47707
5077659174;48.06292;6.9566
5079044133;48.57995;7.64606
5079648527;44.85978;3.49018
5081744170;47.4733;0.77653
5081850672;49.44742;1.37732
5081977205;47.85829;5.33249
5083591682;45.46423;2.77786
5083608096;46.66124;-0.00288
5084214121;48.02451;-4.56314
5084218526;48.01857;-4.53253
5084298221;47.98603;-4.42631
5084427756;42.86272;1.08471
5085397877;44.70704;4.65821
5085678068;49.28973;-0.25658
5085708990;50.18817;1.62099
5085740021;49.93921;2.71782
5085977405;46.61346;4.66305
5088814128;48.8508;2.34415
5088965161;45.63686;4.93037
5088965162;45.637;4.93042
5089689926;45.72825;6.76776
5091015222;46.06743;4.64756
5091025022;46.0683;4.65002
5091203884;47.32256;0.40384
5091257576;47.30922;0.51041
5091271061;47.16736;0.23754
5091280887;47.1676;0.24577
5091327682;43.77204;6.60196
5092051689;47.00011;5.13906
5092051690;47.00087;5.13697
5094266166;47.83405;-3.39967
5094463223;45.59449;5.77238
5094555426;45.61445;3.20953
5095134621;44.0667;7.20417
5095151779;43.5922;3.90556
5095348622;44.21897;4.47993
5095348624;44.35199;4.40149
5095388525;44.22;4.48048
5095443608;44.56707;2.36633
5095977921;44.21904;4.47996
5096009761;48.37474;0.56197
5097735741;42.89123;2.74818
5098957131;47.50524;6.80434
5100356775;48.43733;-0.49688
5101021970;44.54648;2.4128
5101898779;44.03341;5.04407
5104014166;45.09885;5.84509
5104131245;43.16517;-1.19434
5104818209;48.30269;-0.6197
5104848201;48.30396;-0.61532
5104868227;48.29329;-0.61928
5104868288;43.93356;0.62711
5104868295;43.93599;0.62595
5104873510;48.27733;-0.62854
5104882866;48.25066;-0.65094
5104930717;48.20833;-0.70938
5104940699;48.1437;-0.75088
5104953371;48.131;-0.74904
5104982168;48.07542;-0.7713
5105441335;45.27355;1.77572
5105832386;-17.48485;-149.84437
5106142942;48.80931;2.21716
5106991924;47.61614;1.51319
5107081466;48.38507;-0.58638
5107088206;48.40139;-0.62614
5107478330;49.64674;0.36815
5107936790;45.78083;4.87051
5107936791;45.78214;4.87036
5108330790;42.61383;8.90667
5108456537;48.12025;6.83048
5108456868;48.12054;6.8287
5108456869;48.12068;6.8287
5110377306;43.72175;6.09102
5110470615;48.0973;-0.34894
5110472821;48.09733;-0.34792
5110472824;48.09726;-0.35104
5110483289;48.17575;-0.74569
5110511154;48.92235;-1.26584
5110540159;48.25482;-0.49726
5111215482;47.33054;1.06661
5111221322;50.29175;2.77993
5111405830;43.6799;7.097
5112506805;46.34371;-0.08058
5112564058;46.30018;4.83179
5112837597;44.23173;2.5691
5113009238;45.84709;1.96828
5113068322;43.43251;-1.59914
5113610666;44.54598;6.27644
5115813692;43.93609;0.62638
5119458361;47.36077;-2.31319
5119483950;47.35144;-2.17832
5119505247;47.43616;-2.19387
5119577417;43.72973;5.96626
5120125957;47.08339;1.35336
5120136878;46.11765;5.1938
5120376501;44.89838;5.32095
5122973500;45.3604;2.33736
5124036872;44.68205;1.98334
5124049551;47.21182;0.07416
5124064493;44.29291;1.19499
5124065562;44.34756;1.28653
5124442280;43.49862;5.34147
5124442321;47.3712;-0.26566
5124727321;47.19363;-0.2753
5125378522;47.75167;0.86076
5126017533;47.0104;0.08238
5126088991;48.6412;2.40157
5126774297;45.49882;5.53937
5128770503;43.38728;-1.66102
5128770508;43.3874;-1.6596
5129075867;43.10335;1.4431
5130666821;48.37763;-1.83618
5132777376;43.75836;6.78882
5133602297;45.11572;4.28935
5136181353;45.86362;2.36859
5137788874;48.83276;2.41429
5138133208;44.88299;0.88804
5139812287;47.36264;-1.02301
5140271485;45.66292;5.85833
5140375289;48.83063;2.35334
5140819347;48.69013;-3.967
5140819353;48.7001;-3.97629
5140819377;48.6901;-3.96702
5140972859;48.81301;-1.56579
5140972861;48.79431;-1.56981
5140972866;48.77093;-1.57002
5141191100;47.86023;-0.28775
5141784348;44.81096;-0.6257
5143404722;44.45619;1.51584
5143916531;43.26483;2.28697
5144140653;14.55327;-61.05279
5144571503;43.68298;3.92762
5148552350;48.86377;2.38922
5149822473;49.87641;2.26437
5149826863;49.87655;2.26532
5149908945;49.87582;2.26251
5152637998;44.08038;3.64043
5153565424;43.95075;4.81412
5153642524;42.61385;2.10303
5153654317;48.85321;2.35958
5154025105;45.77534;4.83475
5154025106;45.77226;4.83462
5154721691;45.44733;4.3851
5154927727;47.74429;-2.20877
5155142188;45.57623;6.73658
5155142447;45.57643;6.73521
5155288947;48.72539;2.25671
5155371230;44.10437;6.01485
5155371231;44.10469;6.01496
5155507732;48.86622;2.39996
5155807983;45.10326;-1.14957
5155807984;45.10251;-1.14857
5155807985;45.1027;-1.14745
5155807986;45.10184;-1.14693
5156782346;43.51202;-0.44426
5156789471;43.47907;-0.50344
5158555001;47.36367;-1.50788
5159562020;44.85379;3.00425
5161778727;48.39997;-2.17236
5161893836;48.79503;2.33292
5163336745;49.24585;4.02479
5163734779;43.90263;3.17907
5163799471;43.9131;3.31611
5164035326;50.37175;2.76995
5164903601;43.77591;6.24279
5165276758;45.61502;5.18349
5167399721;48.12467;-1.21546
5167438021;44.27649;2.43423
5167441215;45.06202;4.8343
5168795285;44.06397;1.94884
5169018230;48.02598;0.20716
5169149195;43.96567;1.81914
5169468734;43.52293;-1.48943
5169551155;48.03844;0.18684
5169949442;46.34428;4.73102
5170066289;-21.22561;55.68488
5171013528;49.4379;3.12962
5173010145;43.8335;5.03437
5173010368;43.8335;5.04723
5173568914;48.69652;-3.00901
5174127247;-21.16589;55.28699
5178218100;47.96853;0.15509
5178538021;43.9522;-0.04194
5179573021;45.57111;5.60326
5179759822;43.52524;5.67179
5180255072;47.44258;-2.10679
5181725224;45.42547;5.44248
5181791975;47.66413;0.23674
5182220325;45.74402;4.22475
5186478036;44.81494;2.31544
5186567255;47.84187;-1.68062
5191229122;43.46684;-1.55182
5191599201;48.63636;-2.12043
5192562503;14.60429;-61.06784
5193422823;48.52451;-1.77602
5194075501;47.2992;-1.55005
5194246137;43.35611;3.53384
5194666580;14.55792;-61.05173
5195033027;44.02771;7.56869
5196204207;44.33656;2.62662
5196296410;48.43625;2.1595
5196593656;45.28141;5.54739
5196770955;50.43741;3.44133
5198301905;45.82768;1.26062
5198586029;44.27424;5.28313
5198894319;47.96557;6.45965
5200048459;48.68468;-1.3654
5200155426;49.30617;-1.24384
5200321180;43.47199;6.56887
5200757322;47.08859;-1.28415
5201520535;44.37653;2.59159
5201926289;48.74507;2.3487
5201966668;48.75062;2.34577
5202211623;49.00756;-1.05851
5203212850;44.64747;1.5679
5203748022;48.8928;-0.88209
5206462017;43.39803;2.24001
5206645352;48.43549;2.16727
5207018403;47.42006;-2.46744
5207018406;47.4129;-2.48432
5208082324;48.42753;-1.5747
5208301072;47.66512;6.95565
5209402770;14.53985;-61.036
5209885322;44.17679;4.76134
5210430193;46.34992;4.2607
5210430196;46.35001;4.26032
5210492523;48.00205;-1.77406
5211049027;44.35953;0.65978
5211444161;14.54117;-60.8294
5212464787;47.62151;6.15435
5212494836;45.42526;5.43606
5213030406;49.51216;0.14299
5213185021;44.84672;-0.5706
5214765409;49.3511;-1.28752
5215028605;48.36954;-1.57127
5215956834;47.24996;-1.5157
5216091638;48.81697;2.52474
5218231654;43.55623;3.72097
5219193074;45.9282;5.23026
5219680425;47.24974;-2.16926
5219967667;45.43254;6.02528
5221354666;43.58248;6.2759
5221429179;44.80337;-0.63111
5221762295;44.60187;2.54602
5222420561;43.80404;7.49711
5223520468;47.9964;0.17547
5228235855;48.81893;2.53176
5228836470;45.61254;5.22582
5228862770;48.01409;0.19245
5229914189;45.24691;0.34441
5230117614;44.30165;4.56553
5231476211;48.07447;7.35967
5231476212;48.0829;7.35049
5232156721;48.77987;2.31206
5232305464;49.89428;2.29622
5233539191;5.29776;-53.05226
5233655549;49.50554;0.11629
5234939430;47.27555;4.09824
5236189467;43.29676;5.36078
5236189468;43.2968;5.36097
5236189469;43.29521;5.36198
5236205177;48.89768;2.09009
5236478921;43.593;-0.74733
5236526621;43.59232;-0.74836
5238320626;47.11323;-2.10706
5239288801;45.99528;4.71482
5240628121;44.76683;6.73891
5240956831;46.94244;-2.17856
5242226565;-22.26232;166.80931
5242410527;44.85235;-0.04273
5242836022;44.83644;0.33216
5242850986;44.42788;2.41168
5243366313;48.61057;-2.06297
5244173421;44.82957;0.70229
5244274523;44.84332;0.79143
5244695390;43.87161;6.96473
5245042143;-22.29381;166.44607
5245592924;44.83393;1.16482
5248858521;47.59832;2.02433
5250239450;46.98554;-2.29072
5251841245;48.46123;-3.06002
5256842912;43.55741;4.72873
5257434623;47.04341;-1.18719
5257789043;44.60702;-1.20815
5260505751;49.53596;0.96902
5262401477;49.23841;4.05739
5262401478;49.23833;4.05479
5262678661;45.86319;4.84558
5267539460;47.01435;-1.19685
5267662885;48.86174;2.37268
5267714708;48.87621;2.393
5267714709;48.89929;2.34054
5267714710;48.83985;2.26308
5267714711;48.86153;2.35003
5267714712;48.89549;2.37895
5267714713;48.89339;2.36986
5267714714;48.84784;2.30208
5267714715;48.88419;2.35515
5267714716;48.82263;2.32886
5267714717;48.83251;2.36171
5267714718;48.83323;2.40401
5267714719;48.86885;2.30123
5267714720;48.84121;2.33234
5267714922;48.85273;2.40899
5267714923;48.84826;2.40003
5267714924;48.89776;2.34172
5267714925;48.88407;2.3534
5267714927;48.9007;2.34025
5267714928;48.88565;2.35342
5267714929;48.8384;2.25862
5267714930;48.84091;2.31643
5267714931;48.83811;2.32234
5267714932;48.83113;2.34444
5267714934;48.83916;2.3923
5267714935;48.88209;2.33917
5267714936;48.87014;2.31017
5267714937;48.84934;2.35485
5267714938;48.86675;2.38339
5267714939;48.89097;2.37725
5267714940;48.8973;2.38565
5267714941;48.89599;2.37586
5267714944;48.84581;2.25599
5267714945;48.83948;2.29131
5267714946;48.82434;2.32112
5267714947;48.84217;2.32316
5267714948;48.86968;2.37117
5267714949;48.87213;2.33855
5267714950;48.86515;2.31809
5268056621;45.87885;6.58916
5269482603;47.92043;0.74328
5269947023;46.1293;5.43145
5271727724;42.64703;2.62514
5271735939;46.95954;-1.34174
5271860805;48.89673;2.27665
5273296256;49.07126;2.17247
5273503621;42.5519;3.04822
5273730225;46.9854;-1.52191
5273905687;43.86139;4.69257
5274213113;49.0236;1.15052
5274213114;49.02813;1.1447
5274213547;49.02876;1.14642
5275774566;47.62249;7.53451
5279155065;43.63384;3.86488
5279155072;43.63306;3.86349
5281990684;46.70133;-1.43241
5282049608;46.70218;-1.43152
5282978620;-22.30013;166.43915
5284687516;47.51136;1.45578
5289341912;46.99238;-0.95434
5290303797;44.52107;0.0381
5291804921;44.17089;0.61738
5293579723;49.00469;2.56827
5295752281;43.72288;-1.05373
5297636912;47.73194;-3.38676
5297865329;43.72043;-1.04962
5297935864;50.96548;1.85651
5300585105;43.32014;6.47036
5301777723;45.28768;6.58324
5301778526;45.29428;6.56453
5302353740;49.63244;-1.61633
5302476361;47.2788;-2.4777
5302476365;47.27896;-2.47737
5304432494;48.16947;0.63074
5305580922;-22.63161;167.42905
5306227603;47.91976;-2.36477
5307379708;48.86521;2.2752
5308684482;47.6847;-2.64682
5310730037;49.43938;1.08876
5311718331;44.89415;1.47875
5312122465;48.87;2.37521
5313822953;46.19667;6.24092
5314752167;45.74779;4.8775
5314752168;45.74779;4.87747
5314929119;48.33727;-4.30058
5315438714;43.5321;3.92798
5315438716;43.53284;3.92765
5316509901;45.67172;6.541
5316585031;45.66872;6.56551
5318090140;48.38217;-4.48948
5318510563;44.58992;0.88185
5318510564;44.56014;0.88854
5318784041;48.16018;3.25676
5318896338;44.89284;5.25409
5319076789;43.52133;3.91761
5320252955;14.53576;-61.03189
5322089170;43.17428;2.99434
5322907622;44.83981;1.14204
5323345421;47.32951;-2.15092
5324039527;45.89407;0.01004
5324114211;47.23278;-1.57676
5324471292;47.80399;-3.44324
5325746906;47.70362;-3.4083
5325748283;47.70434;-3.43028
5325892755;47.71044;-3.31043
5325898787;45.29228;4.31286
5327735477;45.62035;5.22215
5327771819;43.29773;5.6297
5329504727;47.30157;-0.63394
5330152118;46.22621;6.64159
5332169068;-22.30563;166.45044
5332894222;46.14751;6.68619
5335103922;42.91004;3.02759
5336823439;43.33284;5.07449
5337208947;47.43978;0.63343
5337546037;45.69222;5.02522
5337668579;46.5801;1.98804
5339081059;48.7905;2.45838
5339582503;46.89295;-0.9334
5339597334;46.88959;-0.93173
5339605922;46.89174;-0.92711
5339605923;46.89125;-0.92735
5339617612;46.88748;-0.93182
5339617613;46.88636;-0.92177
5339629934;46.89188;-0.93356
5339641266;48.08311;-1.69152
5341668120;45.85066;3.4062
5342541558;43.70638;4.64229
5345641821;48.75566;5.58535
5345774325;48.25896;7.45651
5347144395;48.04075;-4.48651
5347218650;44.73006;5.01627
5347218651;44.73001;5.02358
5348036021;14.81522;-61.22863
5349904123;44.82718;0.03654
5351892397;14.53939;-61.04583
5355046374;46.97763;-1.31346
5355098128;43.72019;-1.12701
5357651149;47.89461;1.90423
5359341820;43.13581;6.09679
5361068249;45.00902;0.16524
5361326248;45.57302;6.82742
5361754580;44.38597;2.33407
5363619417;44.76513;-0.61969
5365955485;46.45182;-0.01641
5366120692;47.60548;1.12164
5366760538;49.06104;6.16128
5368323484;47.2922;4.40171
5368480244;46.83306;-1.19133
5372391451;42.6404;2.90749
5381976808;47.74561;-3.35468
5387452421;44.89209;-0.15604
5389500109;43.54192;6.96203
5391210979;47.38266;1.92068
5397793651;46.87318;-1.01415
5398595629;46.87009;-1.00915
5405178187;47.89091;6.99502
5405382653;45.44316;6.95021
5405382654;45.4467;6.97659
5405382663;45.46847;6.90691
5405382665;45.45234;6.89828
5405382668;45.4236;6.89095
5405607567;43.62262;4.80034
5407794173;44.3964;2.1016
5408214483;48.93958;5.71855
5410298507;43.72929;-1.0671
5410298508;43.72867;-1.06533
5411817093;47.77267;-3.54451
5412095502;48.31378;-1.30879
5412627218;44.21545;2.9874
5412687753;44.48177;2.25986
5412993159;43.63473;6.64239
5414237064;48.43738;7.40405
5414409290;44.84016;5.40663
5416412843;44.28222;2.43981
5419876155;48.62726;-2.36478
5420327813;48.63246;-2.25477
5420944418;49.37891;-0.90266
5421402351;48.84118;2.28059
5422212675;46.78816;3.96968
5424651932;43.89257;5.11395
5424657917;44.80533;-0.62966
5424716842;46.23751;1.49201
5426580428;47.53742;-2.88352
5426725122;48.967;1.86016
5433777781;47.72996;-1.82468
5433800622;46.52313;-0.75617
5435516553;14.46982;-60.87001
5435834156;46.67331;1.7952
5435992028;48.69762;7.88944
5436527685;43.51999;6.14667
5440532394;46.24543;3.61214
5440566224;-17.54227;-149.57353
5440606021;46.77859;-0.56562
5440654133;-17.54338;-149.57598
5440654134;-17.5429;-149.57558
5440654135;-17.54216;-149.57353
5440665264;-17.5402;-149.56866
5440695624;-17.54286;-149.57553
5440695625;-17.54342;-149.57592
5441291474;47.74724;-3.35826
5443976755;43.27614;6.52168
5444035089;43.73232;3.3176
5447248451;48.12998;-2.03499
5447578821;48.00897;0.19963
5448204832;47.85135;0.99847
5449077394;48.0717;-0.11366
5451329345;46.98302;1.41535
5451929852;43.38533;-1.66845
5453778658;46.72757;-2.35005
5454169789;44.38234;2.52682
5454350622;48.08328;-1.67933
5454353671;48.13751;-1.76295
5454378337;45.7034;3.93225
5457368987;45.70125;3.93066
5457561560;45.8297;1.25746
5457684430;48.20172;-3.55474
5457810078;44.35888;5.13825
5459382823;48.84201;-3.22883
5459950454;47.38677;1.92147
5460423322;45.13228;2.98144
5460423422;45.12549;2.97936
5460475809;48.35303;-1.20969
5461869421;44.68756;5.89137
5462118229;43.19545;5.75487
5462710290;45.1835;5.71436
5462795922;48.76422;-3.19994
5462795923;48.81222;-3.29631
5462804221;48.79752;-3.23835
5462828060;45.5308;4.86839
5463154990;44.63112;-1.20334
5463169522;48.82876;2.34947
5463235326;51.04143;2.4042
5464516056;47.89603;-1.11053
5464605962;46.17917;5.32412
5464908706;48.46829;1.57925
5464919965;43.84085;4.92107
5464934778;48.08794;-1.70506
5467975986;45.01775;5.53018
5468006422;48.02583;1.87406
5470108021;44.76372;4.91548
5470108022;44.76377;4.91643
5470108024;44.76384;4.91613
5470693549;48.82391;2.36569
5471265813;48.1967;7.3125
5471410295;45.86971;4.81998
5471875093;45.63195;4.85788
5472512375;47.72835;0.57477
5472624020;48.37849;-4.48697
5473095640;48.28346;-2.482
5473610730;45.2436;4.23208
5473720014;15.95163;-61.3138
5476410372;47.21529;-1.55497
5476410373;47.21723;-1.55448
5477460505;44.94393;6.55759
5477511229;44.94613;6.5592
5477591797;43.14123;6.38114
5478434019;15.88321;-61.31471
5480543338;43.48168;-1.51521
5480889317;45.85304;6.71449
5480889318;45.85339;6.71418
5481060011;46.79278;-2.06182
5482209633;45.85183;6.69812
5482507623;48.84122;2.25461
5483481234;45.26361;3.45619
5483481236;45.26312;3.45372
5484610100;45.48672;6.5307
5484657122;48.08394;-1.6787
5486805230;47.08375;-1.27811
5487068861;43.2385;1.15708
5487165183;43.63119;1.37346
5488933426;47.69776;-0.07941
5489488093;46.49341;-1.79276
5491032231;47.43791;-2.0914
5494628098;47.21191;-1.55866
5494825972;46.30491;4.83485
5496703375;45.92305;6.48343
5499783786;47.30443;-2.18444
5499901428;44.74432;5.74705
5500044116;45.42669;1.56573
5501245163;49.1265;-0.16403
5501980225;47.6493;-2.08561
5502637206;45.60722;4.06028
5502916890;46.30458;6.30287
5503221422;44.48513;5.93795
5503269793;47.21106;-1.56076
5503394421;45.76526;3.03972
5506035717;45.88528;6.12977
5506526271;48.6549;-2.36585
5512313723;43.57604;7.04966
5512514481;45.50163;6.05866
5513718150;48.80148;-3.03364
5515713259;48.84948;2.36612
5516862815;48.7461;2.35682
5517219316;45.6274;5.16426
5517283651;48.8831;2.32523
5518698629;47.57105;-2.99761
5518830944;47.86224;-4.13533
5519001626;50.48648;2.52588
5519057893;46.93733;-1.28603
5519253807;43.61529;3.87414
5519341563;47.25325;-1.57655
5520628716;48.692;6.19338
5520905979;46.80551;-1.42563
5523294070;45.3222;5.58181
5524606623;48.84338;-1.5906
5525171017;47.70014;1.50743
5526022725;42.7687;0.57739
5527957166;48.97734;-1.56047
5527957179;48.97041;-1.561
5529972929;43.38847;-1.68584
5532173484;46.55904;0.04597
5533751825;43.79112;-0.65376
5534106238;43.84724;-0.45959
5535505558;47.83957;-4.16883
5535738586;45.72209;4.82176
5535757822;43.98642;0.00799
5535990521;47.95776;-4.36392
5535997397;45.84137;4.16469
5535997398;45.84135;4.16469
5535997410;45.84055;4.16365
5536088123;44.04172;0.13252
5536097324;44.17044;0.28663
5536107473;44.16982;0.28991
5536606471;48.73033;2.29625
5537252091;44.69203;-0.08626
5537428285;45.83432;1.26273
5537453285;49.22618;2.88123
5537896821;44.49753;0.97035
5538216741;44.5826;1.16535
5538383741;46.24433;-0.46165
5539593521;44.64357;1.22366
5540691046;44.82034;1.75666
5540959607;45.55865;-1.0631
5541320992;48.7932;7.375
5542855226;47.40644;-0.76273
5543043432;43.4826;-1.56724
5543119533;44.92465;1.84244
5543190421;44.42826;-0.49079
5543370221;44.64128;3.67565
5543410002;46.22845;-1.54292
5543577564;47.6557;-2.8691
5544431410;48.77482;7.36224
5544919512;43.65628;1.42654
5547708021;45.80181;2.46809
5548399822;46.09493;2.82018
5548481702;43.71302;-1.05688
5548644861;43.86154;5.5131
5549752642;46.23861;3.15162
5550179521;46.33307;3.44852
5550373524;46.36862;3.52132
5552082044;46.53315;3.74784
5552898893;48.44015;2.47198
5552898894;48.44291;2.47279
5553294362;43.59058;7.10675
5553804522;48.4777;7.4406
5554422386;43.55463;7.13551
5554521225;46.77344;4.544
5554726175;43.4824;-1.53813
5555383505;43.41799;6.84895
5555738402;43.76059;0.51162
5555898817;47.5143;0.12374
5556153426;46.89603;5.02535
5556177121;46.89483;5.02449
5557532829;46.10695;6.59152
5560268903;47.65088;1.60982
5561900185;43.94318;4.81171
5563714126;43.48296;-1.1387
5564809121;47.67112;7.26432
5566290721;47.77025;7.32085
5567255023;43.58091;7.1277
5570422739;46.78879;-0.99633
5570556175;43.31724;3.46664
5570866373;47.29523;-1.39289
5572535722;-22.32758;166.3197
5573792391;47.15736;-1.60155
5573932443;46.91093;-1.08783
5574005386;45.47892;4.64663
5574139543;47.22616;-1.52215
5575972224;45.56363;6.82414
5577855417;45.93618;-0.96505
5578378839;47.20033;-1.58183
5578378848;47.20196;-1.57888
5578617681;44.08732;2.7035
5580752372;47.2595;-2.32634
5582338122;44.48471;4.6896
5583854418;48.64709;-2.007
5583854420;48.64701;-2.00638
5584125822;48.8406;2.2789
5584725160;48.85141;2.41131
5585783522;-22.27097;166.44056
5586171116;48.86596;2.38773
5586225647;45.60942;4.2605
5586526457;49.6074;3.66177
5586692553;48.09992;7.2737
5587121477;47.206;-1.57299
5590811883;45.81372;2.93987
5591567430;46.3748;5.97332
5591905297;47.55242;-0.80876
5592250548;48.39549;2.50296
5592736077;44.08357;2.96081
5592876133;48.3949;2.50505
5592962514;44.57528;2.16267
5593925127;48.54427;2.13948
5593925128;48.54383;2.14227
5594442581;48.52716;2.65389
5594888274;4.89374;-52.32832
5594953538;45.81432;2.94452
5596126977;49.04978;7.42752
5596471284;47.2797;4.23064
5596848921;43.75414;5.89557
5597094203;48.13736;-1.6458
5597117170;48.13558;-1.65183
5597117955;48.13984;-1.64626
5597131478;44.01748;3.30196
5597835593;47.24098;-0.02266
5598307180;49.68743;-1.83754
5598307181;49.68744;-1.83754
5599375980;47.58688;7.56554
5599810108;45.30531;4.11187
5599901024;47.65188;6.85618
5600088677;45.74936;4.83451
5600204521;-21.19236;55.29033
5600204621;-21.18418;55.28721
5600221651;44.35414;5.70893
5600362770;44.66532;2.64474
5600450119;48.87098;2.16683
5600620380;4.92542;-52.28766
5600676978;44.62551;2.31364
5601334816;45.60961;4.64313
5601334817;45.60764;4.64591
5601334818;45.60801;4.64995
5602634278;44.80354;-0.68611
5603111271;46.50086;2.33111
5603111462;46.5081;2.31745
5604155722;44.38603;3.61871
5604228724;48.82167;2.34825
5604499399;43.00358;1.13573
5605390808;43.61367;3.83073
5605435444;47.33193;-2.39182
5605435462;47.32955;-2.39414
5607865668;46.72253;-0.58771
5607910263;47.00707;-0.7454
5609586363;45.81649;3.765
5609697323;41.59706;9.27686
5609791623;47.31578;-2.45236
5609848980;50.64498;3.11975
5609851775;47.72396;7.33915
5610093439;47.36887;3.99711
5610095616;47.69963;2.54371
5611881963;46.46629;-0.79867
5611978465;46.46332;-0.8027
5612184492;48.25961;4.34245
5612186734;48.25704;4.33849
5612309400;44.7646;5.07798
5612309526;44.65123;5.13359
5613280724;43.94587;4.84591
5613316523;46.73757;0.42889
5613332821;44.155;3.09755
5613596325;48.45811;1.48804
5613617739;43.4126;3.69611
5613779641;48.7123;7.61611
5614030274;47.5039;-0.55958
5614033748;45.61356;5.14904
5614597792;43.60609;3.87987
5614597795;43.60486;3.88133
5615053860;47.85696;3.97109
5615691940;46.92051;0.8034
5615691941;46.92052;0.80347
5615860355;44.6408;3.34485
5615951302;48.88619;2.41665
5616958381;46.46339;-0.81408
5617082036;43.30106;6.62592
5617987169;43.3384;5.25778
5617987170;43.33831;5.25788
5617987171;43.33825;5.25757
5617987172;43.33809;5.25745
5617987173;43.33813;5.25701
5618199177;45.32319;4.61424
5618310097;44.88359;4.85026
5619854223;44.38699;-1.18119
5619854225;43.63638;-1.44757
5622515005;43.69303;3.80798
5623083023;44.20569;0.62681
5623087122;44.20452;0.62704
5623663938;45.20675;0.66529
5623844287;46.96709;-1.2917
5624310347;42.87148;1.66773
5624329022;47.95979;1.88318
5624336122;47.9627;1.88172
5626166724;48.78957;2.36683
5626295636;47.95643;6.82411
5626560621;47.88548;6.85428
5628316932;45.62176;-1.02029
5628520921;43.72133;-0.26865
5628927317;44.54917;0.53466
5628929923;43.43094;-1.59042
5629012135;44.37082;0.76684
5629274779;48.70918;6.22103
5630307421;48.89155;2.33158
5630623259;14.76881;-60.89014
5630623548;14.76119;-60.91581
5630944178;47.45519;4.50311
5631075914;43.53775;4.75588
5631157956;45.21994;5.66066
5631258615;43.92619;2.14452
5631940721;48.56054;3.28043
5632547458;48.82607;2.23524
5632911021;48.88514;2.34435
5632919252;48.68499;-2.97609
5633393080;47.46411;3.7429
5633452537;48.2661;4.29905
5634808227;48.25791;7.45209
5635498337;48.82912;2.36072
5635960451;47.86158;7.29783
5636596835;44.93735;1.60977
5637874603;47.6231;3.26381
5638689255;46.97689;5.99911
5639149714;47.51139;-0.54909
5639856719;47.2253;-1.55379
5641220423;46.95864;-1.35179
5642185123;45.82631;6.19506
5642340860;48.10497;-1.6781
5643477589;47.22152;-1.55555
5643540552;44.92996;4.88875
5643609227;48.33823;-4.69963
5643746148;47.28578;-2.21153
5643918292;44.61769;2.25995
5644114406;44.62331;2.26763
5645385385;47.09222;-0.91122
5645482497;47.24022;-2.27867
5645791723;47.72641;2.49057
5646103026;47.96676;6.46424
5646335505;45.41809;2.72314
5647061217;46.5069;-1.34656
5647514221;44.83304;-0.61095
5649292598;46.58427;-1.36525
5649856915;42.81045;2.50442
5651534722;44.6776;-1.02274
5653765343;45.34832;0.53983
5654903905;50.51467;1.63451
5656113111;44.17479;5.1321
5656474030;46.76089;5.48354
5656968812;48.6273;2.58916
5657236409;47.48182;-2.39646
5658167203;44.24333;5.01399
5658399022;46.25333;-1.51796
5658792351;44.79654;-0.61499
5659092105;44.52456;2.2877
5659092368;44.52687;2.26123
5659256293;48.83272;2.37269
5659273666;48.5135;-4.06885
5660654934;42.48195;3.12598
5660873823;45.17008;-0.33414
5661012934;45.93781;4.72086
5661242202;44.01534;1.35296
5661346278;43.1128;5.9375
5661513030;46.84045;5.00272
5661518120;48.90285;2.33878
5661654821;47.81896;1.64121
5663041668;44.48009;2.45749
5666414321;44.75613;4.09264
5667312745;45.95225;4.72618
5667362558;45.82295;6.26303
5670550823;43.28258;3.45354
5670574466;45.49842;6.00062
5670742665;47.45347;4.50358
5672285040;48.40235;-0.62977
5672349521;44.52841;4.29282
5672361912;46.50796;-1.05906
5673454476;45.15523;5.32069
5673454489;45.14849;5.34182
5673464456;45.47507;4.50746
5673546228;5.16929;-52.68408
5673581230;45.07304;5.17543
5673617353;45.03902;5.04352
5674559506;44.67603;4.2222
5674732721;43.25316;5.37485
5675863125;46.55677;-1.06155
5677481248;44.86992;4.28074
5677544780;46.77764;-0.56967
5678058122;43.26402;5.37113
5678229431;45.93055;6.16859
5678305124;51.03434;2.38745
5678429593;47.60588;7.56994
5678450245;47.23506;-1.60523
5679083416;42.63565;8.97879
5679083418;42.26711;8.69364
5679087873;42.35011;8.61415
5679959639;45.059;1.16804
5682183791;47.599;-2.0901
5682915539;47.63661;6.84507
5683157327;49.23293;2.89073
5683354788;48.11898;-1.75507
5684742821;43.26;5.37504
5685287930;51.02961;2.37642
5686094301;44.85204;-0.5744
5686230219;45.55953;5.67996
5687980451;44.62747;0.4594
5688851121;43.28201;3.51467
5690943822;43.5414;-1.38606
5691531454;48.8365;2.4044
5692216123;43.43831;-1.59089
5692440621;43.65604;-1.18751
5693436622;43.25633;5.37574
5694829922;48.88869;2.37393
5695314152;42.15228;9.15101
5696593797;44.84;-0.60578
5697453399;47.09604;-0.19666
5699411423;47.25791;-2.22755
5699558805;46.55928;-0.9572
5703213572;43.70195;6.03936
5705921629;45.88983;4.43907
5706084779;44.52563;2.65702
5706179218;43.70304;6.09024
5706472075;43.66716;4.6384
5707922470;48.75806;-3.36679
5708682955;45.77097;3.12929
5708915339;43.36363;-1.77214
5709005940;43.63719;-0.4869
5709005941;43.63962;-0.48734
5709257977;49.43642;2.87876
5710603602;43.35351;-1.77538
5710623550;46.79151;1.73542
5710778668;43.37213;-1.78237
5711013283;48.08096;-4.40675
5711013284;48.08104;-4.40668
5711013544;48.08143;-4.40516
5711368763;43.67974;4.6342
5711616366;44.72326;-0.62188
5711777829;48.51401;-2.66911
5712347163;45.89483;4.42899
5712858953;47.82635;-0.71121
5712925821;51.04958;2.38876
5713212861;45.55844;5.67508
5713217838;44.22046;1.98211
5713217887;44.21968;1.97822
5713746721;45.18939;-0.48959
5713749518;43.71025;6.50696
5713803496;43.76063;6.44214
5713861771;47.19872;2.57121
5714728323;48.90451;2.19489
5714825059;49.23983;4.05914
5715162324;48.77648;1.96331
5715340299;43.10828;5.94189
5715523526;47.29677;-1.49179
5715882459;48.77603;1.96023
5715882460;48.77747;1.96104
5716938806;43.06311;0.14773
5716958729;48.95003;2.00001
5717420027;45.58658;4.77211
5717886515;44.86419;5.68828
5718004760;48.94239;2.00937
5719744122;45.8835;-1.193
5723023597;44.82434;-0.57775
5723825808;45.89227;6.80006
5723952287;45.36018;6.29914
5725766634;44.91723;4.90031
5726214153;46.62045;-0.87968
5727596880;46.30865;6.03685
5728505759;44.24109;6.62912
5728560756;44.91562;4.87908
5729190882;48.45968;-0.20026
5729712569;49.00273;2.56789
5730943727;48.83466;2.4068
5730989309;47.32004;5.01202
5730992707;47.31894;5.01356
5731005388;49.13547;2.57217
5731009988;43.6868;5.70872
5731049211;49.13355;2.57315
5731883140;47.24245;-2.26711
5731883141;47.24133;-2.2701
5731883142;47.24174;-2.26907
5732153901;47.528;-1.42208
5732986790;45.30716;0.87233
5734277917;48.72917;2.35752
5734627059;44.54074;4.29201
5735765360;46.10459;-0.75234
5735767310;46.10427;-0.75042
5736054133;44.43609;2.51441
5736325500;48.33619;2.74457
5736417330;43.62385;4.52884
5736570177;48.8288;-3.47601
5736598576;43.96331;7.48913
5737339681;44.32655;3.04573
5737384969;45.91557;6.1467
5739957876;46.98912;3.15652
5740884991;47.2599;4.97905
5741432754;48.8402;2.21502
5741437543;48.83946;2.20855
5741679078;48.18452;6.44469
5741826751;47.2381;-2.28038
5741864929;14.78852;-61.13563
5741867721;14.78947;-61.13554
5742274221;46.27147;4.9724
5743251345;48.60715;-2.15875
5743251347;48.60849;-2.15407
5743251349;48.61754;-2.15064
5743251352;48.6071;-2.1587
5743251353;48.61754;-2.15064
5743251354;48.60847;-2.15413
5743689578;45.04613;3.92611
5743899830;48.87406;2.3764
5743947862;44.3995;0.76572
5745005224;50.99012;2.41429
5745067089;45.06168;3.90303
5745113226;48.08049;-4.41469
5745176890;43.35606;5.02537
5745492580;44.93582;5.97429
5745927687;48.60367;-4.60329
5746001900;48.60498;-2.15601
5746002330;48.60502;-2.1559
5746002387;48.60421;-2.15515
5746002417;48.60417;-2.15525
5746525402;44.96052;3.54651
5746571448;44.96871;3.6448
5746621465;44.74164;4.7433
5746647250;49.2898;-0.11244
5747080277;42.30164;9.14813
5747422765;46.47367;4.73323
5747852521;43.28933;5.37036
5747868323;44.82771;2.04698
5747868324;44.8276;2.04729
5748918728;44.50032;4.57551
5748918748;44.4652;6.22927
5748998757;46.65598;-0.91457
5749062321;49.86803;0.7124
5749113326;44.77919;-0.12506
5751404945;45.84562;-1.20749
5751906719;45.72099;6.54416
5751908882;45.72004;6.54734
5752134403;49.32673;2.74131
5752154992;46.96528;-2.24217
5752454353;48.11295;0.69976
5752467557;44.89143;5.5588
5753256392;46.82638;-1.12111
5753738143;46.78026;4.86201
5753738144;46.93191;4.04835
5753852066;47.13271;-2.23939
5754479729;48.77685;-1.56662
5754525876;44.10587;0.88544
5755646283;48.21316;-4.09439
5756525332;47.5119;4.53137
5756979303;44.47757;6.27507
5757096101;47.09646;-1.63822
5757102875;47.31413;-0.14995
5757263336;44.85604;5.54925
5757408700;46.78987;3.12479
5758023716;46.43775;0.01582
5758215970;50.96211;1.8298
5758544030;43.45904;3.42119
5758544031;43.46186;3.42039
5758544032;43.46185;3.4203
5758547280;43.46196;3.42331
5758664660;50.95542;1.85
5758734522;44.97716;-1.07543
5758799356;43.46121;3.42271
5760476664;49.77983;3.40411
5760577962;45.29402;3.38676
5760577964;45.29363;3.38525
5760582492;48.6169;-1.21638
5760651718;48.47816;-4.67241
5760830837;47.74655;7.33965
5760879213;45.87407;0.72003
5761205896;49.89879;3.6279
5761383265;49.3241;2.7447
5761778117;43.41917;6.7715
5763430572;43.68605;3.84905
5763994654;48.04176;-0.48375
5764310644;49.35994;-0.84113
5764620180;46.72028;-1.45838
5767454744;43.34142;6.69414
5768365631;45.71775;5.07702
5768771356;43.40468;5.35589
5769119168;43.42459;6.76135
5769720554;46.3774;-1.0592
5769720555;45.74444;-0.881
5769720754;46.11723;-0.93481
5770249954;47.05687;-1.48841
5770607355;45.43345;5.51367
5771377743;45.12889;6.07063
5771843839;46.62116;-0.76968
5772233522;46.69587;-1.93288
5772792859;44.74472;1.25887
5773070854;44.88749;1.21779
5773088013;43.12235;6.36358
5774054409;44.72605;1.14712
5774672353;44.85064;0.48198
5774685926;46.78281;4.84763
5774737663;46.78465;4.85292
5774744519;43.60213;7.07708
5774747058;43.61189;4.47496
5774748254;49.41774;2.83277
5774759984;48.84448;2.37746
5774777454;43.56862;4.1943
5774813340;49.7051;0.20899
5775254828;45.7168;5.07695
5775254842;45.71735;5.07829
5775347445;47.25551;-2.32031
5775433761;44.40976;0.70528
5775569786;45.71702;5.0769
5776850853;47.03184;2.65363
5776967904;44.5193;6.37313
5776973407;48.17521;0.23352
5777209519;48.77352;2.2687
5777230997;49.61174;1.54734
5777252952;50.06211;1.36748
5777299058;48.11329;-2.89062
5777417553;47.48755;2.43926
5777524913;44.85034;0.68868
5778520826;46.21959;5.69559
5778829379;45.23933;4.79924
5779066663;44.82481;1.17355
5779211186;45.21837;4.33974
5779419129;47.53137;3.63487
5779479487;44.81066;0.82407
5779494240;50.46301;2.8209
5779552853;43.24899;3.29241
5781660610;46.04788;5.34224
5781660611;46.04789;5.34235
5781660615;46.04724;5.34622
5781660616;46.0473;5.34614
5781731855;48.10072;-4.34603
5782173218;44.84071;1.27523
5782493655;47.52307;0.99025
5782759133;47.59145;7.58395
5782800951;47.60118;7.496
5784401254;45.44195;0.78766
5784874324;45.43556;5.98691
5784874325;45.43588;5.98729
5785267383;48.56533;7.29812
5786232854;48.53606;4.14148
5786348345;44.84153;0.65388
5787647540;45.75843;6.5364
5788090752;48.59991;-2.82459
5788091853;48.59997;-2.82463
5788092248;46.12005;6.17201
5788111016;45.91974;6.15973
5789446853;45.4243;1.56352
5789545154;42.55023;3.04663
5789673931;5.28751;-52.58751
5790130853;47.32994;1.0883
5790250947;47.28825;-1.52315
5792545653;49.36719;-1.77071
5792864853;43.65916;-1.30873
5792864955;43.6611;-1.30714
5793261454;49.30015;-0.07721
5793330575;46.08269;4.75449
5794300881;49.09928;3.75914
5795029773;42.78401;1.54959
5795153555;50.40545;1.55864
5795275571;45.77011;4.18188
5795328792;45.9247;6.42149
5795647759;45.94031;6.43028
5795647761;45.9421;6.42966
5795647763;45.94238;6.42788
5795827745;45.90599;6.42065
5795827747;45.90502;6.42438
5795871255;44.90118;5.94967
5795955994;49.22689;6.15448
5795955995;49.22644;6.15551
5796005555;48.83991;2.32774
5796025954;48.42954;1.43322
5796046813;43.55272;3.94788
5796090654;48.4284;1.4344
5796324354;44.83569;0.73883
5796340175;48.8793;2.2618
5796421325;46.9471;-0.83719
5796437051;49.22868;6.15423
5796811346;44.7654;2.77873
5796867853;45.6959;6.73425
5798247862;48.61736;2.40879
5798517153;43.82394;5.30713
5798616753;46.7452;-1.90538
5798937522;45.30583;0.97899
5799198353;48.58599;-3.13723
5799353298;44.22023;2.31748
5799354866;46.58227;5.44455
5800987842;49.22645;6.15655
5802395256;47.86558;5.3317
5802395273;47.86381;5.33398
5803871635;50.4007;3.48619
5804113523;48.28991;3.20535
5804114097;47.5402;4.43921
5804910895;42.6249;8.91508
5805078055;43.59826;1.43677
5805128375;47.59136;1.45891
5806613403;44.50603;1.6538
5806643253;45.01009;6.26336
5806643353;45.02607;6.28917
5806720818;44.39628;6.48762
5806770662;47.01085;0.08411
5806984464;45.04523;6.30336
5807326413;44.80333;2.75854
5807643674;44.92191;1.879
5808065177;43.42445;0.58262
5808527488;43.64098;-1.44583
5808871744;45.40796;6.66839
5808881442;45.40879;6.66758
5809548967;45.56042;6.73413
5810039353;49.59656;0.67797
5810121804;49.89516;2.30163
5810121805;49.89518;2.30155
5810357905;48.54426;-1.99071
5810395124;49.89642;2.31166
5810429668;48.70695;7.72194
5810429669;48.70438;7.71971
5810808862;46.05345;6.48452
5810941114;45.19937;-0.74548
5811123359;47.5225;5.11477
5811810155;45.40674;1.4831
5811810156;45.4075;1.48546
5811817196;42.92259;2.69283
5811817393;42.95818;1.61564
5811817963;42.96627;1.60472
5811956550;45.84826;5.33366
5811995917;42.73602;1.47921
5812087656;42.86831;0.75865
5812101031;47.30526;5.01204
5812196037;42.90889;-0.57278
5812216220;50.72491;1.60107
5812219611;43.03807;-1.02752
5812243943;43.30663;-1.49804
5812388056;48.76063;1.99358
5812467855;44.13433;5.11463
5812467954;44.83746;-0.57662
5813242163;45.86644;-1.07095
5813247395;45.43345;-0.70464
5813340485;47.94776;5.00659
5814401885;46.83585;2.92602
5814626257;45.84453;2.84006
5814709226;50.79939;2.48835
5815154711;48.42976;4.96029
5815624335;43.61228;1.47753
5816277363;45.79178;4.82382
5816299668;48.21098;-1.70785
5817731236;44.75449;2.57633
5817749053;48.17424;0.65518
5817773853;45.00986;6.12546
5817783454;47.85691;-3.75194
5817842154;45.01752;6.12521
5818159797;44.9782;1.05545
5818273698;44.11846;5.14388
5818402742;44.47384;1.15154
5819167584;44.61012;2.23557
5819167615;44.60445;2.25048
5819167616;44.60436;2.24689
5819188154;44.49488;0.96653
5820102794;44.16763;-0.77993
5820125037;43.1521;6.42551
5820273063;50.57644;1.6373
5820424816;49.28;1.77373
5820647656;46.74927;-2.01996
5820915433;42.903;3.05264
5821321953;47.32519;-0.70724
5821517887;45.62808;-1.05317
5822168845;44.55846;-1.23928
5822194231;49.00264;2.59081
5822403482;44.95075;2.68418
5823115588;45.14496;4.12184
5824235954;47.53585;0.61924
5825114875;47.48155;3.88505
5825302354;48.69676;-1.21125
5825349360;48.94942;2.88411
5825359789;48.96078;2.87796
5825736453;51.078;2.51452
5825752205;47.66597;-1.93319
5826345695;48.73936;7.07128
5826426773;43.32866;3.04498
5826434454;43.23649;1.57171
5826590824;46.32272;-0.46
5826717185;47.33117;-0.59425
5826736326;46.38292;5.34605
5826756829;43.31224;1.94995
5826884993;48.61499;-0.59995
5826969472;47.99794;0.25586
5827015777;46.70227;-0.60319
5827015780;46.70536;-0.60666
5827020395;46.70884;-0.59942
5827025902;49.41512;-1.17468
5827444245;47.63593;1.84893
5827497285;42.86725;0.93506
5827797978;43.05282;2.21464
5827876381;43.89854;1.99009
5827884492;43.89752;1.99406
5827988092;44.2191;3.80874
5827988093;44.21801;3.80882
5828004342;43.42388;4.98086
5828005073;43.14789;5.70967
5829204677;49.57686;-1.27343
5830776708;47.61076;1.90407
5830788495;47.76522;2.37501
5830788496;47.76609;2.37556
5831718570;47.51128;4.52997
5832549686;47.14938;-1.46824
5832603063;47.24844;-1.5225
5832818885;42.8957;1.32671
5832855172;43.39352;6.03855
5832855790;43.80331;6.24729
5833208431;42.88265;-0.27067
5833965885;49.13588;2.57314
5833972588;47.57655;0.31282
5834108988;42.92738;2.26265
5834280602;45.18845;4.29546
5834405888;43.23173;6.65865
5834406465;43.01465;-0.09801
5834484927;43.76617;7.45868
5834536749;45.89664;6.12623
5834536751;45.90044;6.13028
5834560490;45.56468;5.91845
5834608310;42.98164;-0.09147
5834885452;43.92336;5.40427
5835903785;49.10615;-1.60659
5835903985;49.10698;-1.60597
5835922886;49.09949;-1.60924
5835930885;45.85963;2.61915
5835931385;45.73536;0.34619
5836043548;47.51262;-2.72929
5836095135;48.84592;2.33384
5836131985;43.8456;6.51061
5836134341;48.83808;-1.58777
5836162516;43.77407;7.50656
5836165021;48.80429;2.12043
5836427690;43.58185;1.38874
5836518624;43.57074;1.40385
5836589986;5.28771;-52.58985
5837277682;47.85802;4.57677
5838005586;50.07012;1.38677
5838018698;44.89874;1.46191
5838186579;43.34493;-0.00844
5838329265;43.46854;0.03539
5838354894;45.89455;6.78154
5838389785;47.15363;1.20453
5838510081;43.99493;3.04301
5838699252;47.99699;1.2332
5838850309;47.86081;4.57465
5838986348;47.62442;4.33751
5839480885;48.83855;-1.58746
5839511385;48.77431;-1.56727
5839601827;48.40414;-2.9101
5839700724;-17.5348;-149.56889
5839724261;48.29344;4.12919
5839900492;45.79867;-1.16441
5839954777;48.04193;6.76419
5840070085;48.03715;6.75909
5840221243;45.46971;4.36054
5840476204;44.51844;5.79822
5840530685;48.75904;-1.57203
5840566706;49.51756;-1.28991
5841197284;46.27505;-0.72227
5841659154;45.12654;1.30575
5841699485;45.12663;1.30485
5841731997;44.2674;1.35333
5841782187;49.10352;2.58362
5841981585;49.32698;0.01349
5842112885;43.02155;3.04363
5842119085;48.79399;-1.56517
5842138396;48.42255;-1.4754
5842207060;44.09199;2.99672
5842287988;42.85147;-0.13677
5842291459;43.18517;-0.11497
5842302067;47.86431;-2.52455
5842394499;48.62078;-0.75349
5842510377;45.56726;5.79452
5844298985;48.02621;3.31043
5844433357;47.23628;-0.00758
5844704137;44.19595;3.37811
5844708423;47.85488;-3.97975
5844915911;44.20628;4.12595
5845629385;47.12845;-2.21986
5845747485;44.80316;1.21446
5845972060;43.11745;5.79948
5846042985;47.41283;0.98584
5846617200;46.58169;0.34246
5846709063;43.69202;4.27516
5846739122;46.62923;-0.65778
5848209478;42.56193;2.15328
5848374785;47.27632;-2.20462
5848421226;48.32144;-4.32428
5848472686;45.19732;4.9694
5848826997;47.27555;-2.19884
5849617644;46.62931;-0.65953
5849908777;43.40159;-1.4306
5850860485;45.44508;-0.4389
5851303085;44.91999;1.12446
5851326039;45.72586;2.89073
5851326040;45.72587;2.89087
5851700571;44.36155;5.13994
5852160412;45.09088;-1.14698
5852191495;48.60433;-2.18497
5852194626;46.16031;-1.27732
5853112245;46.61801;0.07514
5853699465;47.18536;-1.50356
5853807458;44.55272;4.68565
5854608686;44.08915;-0.30816
5855931765;47.16224;-2.17125
5855997888;43.76458;7.48294
5856100551;45.51148;1.3249
5856127387;47.3565;-0.44901
5856187379;50.63776;3.07598
5856330185;47.20773;-2.15855
5856719846;47.7186;-0.01428
5856720451;47.39791;-0.31631
5856723920;47.54348;-0.09987
5857316547;48.15955;-0.19845
5858715008;43.53836;2.20312
5858760772;47.11475;-2.09772
5858905168;42.91905;2.31847
5859220389;47.40375;0.59401
5859254831;44.2593;2.26077
5859497813;46.86871;-0.79514
5859525785;47.11014;-2.11615
5859525786;47.11057;-2.11723
5859629008;48.35964;-4.26008
5859650076;50.00923;4.7187
5860247076;45.77429;-0.06229
5860382938;44.8439;2.66063
5860550562;46.59773;6.11368
5861375607;47.19102;-2.16073
5861376207;45.6712;4.89959
5861376402;47.26848;-2.16709
5861718693;43.16001;3.16863
5861730685;43.17023;3.18167
5861867560;43.02385;1.19649
5861911834;45.43159;5.43781
5862340272;48.88737;2.34354
5862979207;48.4513;6.9366
5863318939;44.72815;2.54412
5863431647;47.13443;-1.74418
5864304017;47.13241;-0.15874
5864537631;45.83525;4.61608
5864772001;43.77288;1.29398
5864843867;44.78181;6.86951
5864951665;44.87385;-0.57538
5865121817;48.41155;7.46785
5865630988;44.38015;0.52619
5865640085;44.49488;0.96648
5865770526;47.95799;-2.43945
5866064675;45.29232;4.19389
5866213297;45.76877;4.84256
5866214862;49.18662;-0.38087
5866414185;43.11582;5.80536
5866594816;48.07517;0.1899
5866608881;45.41676;-1.14286
5867784321;43.35597;5.20041
5868385133;44.87116;1.8033
5868450907;46.97364;0.60469
5869030199;50.10601;1.83419
5869059526;47.11089;-2.10464
5869129037;47.13757;-2.19147
5870530370;48.15329;-1.58004
5870546530;45.47836;4.51325
5871243222;5.58935;-53.83295
5872995427;47.83912;-0.7014
5872999123;47.90609;-4.21148
5873039438;47.78592;-0.77466
5873054811;46.46151;5.93289
5873055918;47.68645;-0.87232
5873436219;48.92655;2.21459
5873531885;44.33813;1.54482
5874150455;45.8095;6.20922
5875438487;48.8379;-1.604
5875537563;47.96205;-0.22651
5876245361;48.71864;-1.10741
5876351421;44.72622;5.02114
5876430402;48.09618;-4.34381
5876820731;49.72741;0.30898
5877669199;45.83087;4.99773
5879175288;44.41995;6.73553
5879492145;46.06047;6.52943
5880911397;44.82584;-0.59851
5881243645;48.34031;-4.71991
5881707130;44.76436;-0.57707
5882099975;43.13293;0.97359
5882249461;46.15685;4.16997
5882622891;49.72788;0.30969
5884308521;46.57442;0.33762
5884393363;48.815;7.78933
5884492485;44.55507;2.21732
5885225737;44.84286;-0.54956
5885435739;50.63501;3.06589
5885477386;41.47193;9.04567
5885573285;43.56659;2.95974
5885629682;47.24559;4.06281
5885752977;51.0369;2.36964
5885778967;43.08151;6.03364
5887110091;47.89013;-0.69399
5887231056;47.50077;-2.38026
5887704007;45.06444;5.20862
5887772195;46.57261;-0.77108
5887772196;46.57062;-0.76973
5887791965;46.83388;5.70384
5887985103;46.60209;1.97915
5888649929;-17.63221;-149.61367
5888742859;43.13417;5.75095
5888754158;43.13792;5.76193
5888759984;44.45108;3.74794
5891144450;-20.90359;55.4258
5891328585;44.96594;1.16118
5891328685;44.99462;1.25108
5891502590;46.1188;1.62752
5893147035;47.00773;0.32007
5893157624;47.18543;3.94669
5893157625;47.18623;3.94376
5893431530;48.61506;-1.50834
5893731056;43.37713;2.07925
5894006885;46.86646;4.1897
5894015969;46.54903;4.67981
5894037800;46.1011;4.49755
5894625462;48.26069;-1.39294
5896401385;45.00941;1.08855
5896607533;49.42464;0.21549
5896607876;49.48585;0.10523
5896729087;44.93636;1.10299
5897312291;44.96785;5.41511
5897586458;48.89915;2.34405
5898776280;47.2742;-1.16715
5898946464;43.04022;1.07858
5899092885;44.63083;1.07513
5899623799;47.57628;-2.2842
5902138119;48.86027;2.34648
5903476103;46.67584;0.64831
5903519287;46.43452;0.59607
5903519488;45.84783;0.28804
5903743977;50.26389;1.58577
5903746442;50.40633;1.55926
5904244309;44.09021;6.23027
5904566717;48.82456;-3.49818
5904746226;50.73108;1.59423
5904746227;50.78006;1.95591
5904746643;50.52438;1.58063
5904746933;50.72551;1.61171
5904843160;44.61581;5.45107
5905859955;46.70198;0.42255
5905988968;45.65145;6.58135
5907096280;50.84434;1.60065
5907265591;45.19553;5.68968
5907746631;48.86626;2.40981
5908256134;47.51412;-1.29038
5908299817;45.08122;6.15939
5908299820;45.1002;6.16464
5908368117;44.62818;2.19776
5908383196;47.72723;-2.13337
5908604349;48.29304;-4.26573
5908609506;46.17681;5.88147
5908742159;50.64023;2.39921
5909936909;45.0181;6.46621
5909941616;47.70348;6.6201
5909991854;45.34111;5.38856
5910433420;48.22282;-4.10741
5910453350;48.28746;-4.26957
5911032251;51.04733;2.38366
5911032252;51.07133;2.48822
5911523643;45.91681;-1.33078
5911724665;44.80214;-0.53669
5911778926;44.44786;4.32164
5912168086;44.44371;0.61814
5913251165;47.32236;6.82146
5913251167;47.05453;6.60662
5913465094;43.87906;5.65961
5914007741;48.00618;-4.49443
5915964285;44.70785;2.20641
5915964380;44.71227;2.19817
5916035307;44.51029;4.37275
5916092484;44.2108;-0.92087
5916173496;45.83039;5.64105
5916443785;47.68301;-3.18709
5916787263;50.26257;2.86484
5917002477;48.19652;-4.09376
5917832935;44.585;-1.2106
5917999589;43.48465;-1.55839
5919105772;48.64953;7.24505
5919361479;43.64589;3.38734
5919989965;48.37319;6.29514
5920095980;44.53926;1.01375
5921065702;43.93517;5.75918
5921520681;43.31059;-0.36519
5921977478;43.93433;5.76089
5922580994;47.83767;-1.67972
5922614829;51.00694;2.383
5922700020;44.52578;2.72747
5922808341;44.54166;2.70349
5923013194;44.67203;4.22162
5923097673;48.61858;2.02316
5923781434;47.53069;3.07242
5924538881;45.87477;4.71377
5924538882;45.87754;4.71166
5924578035;42.46936;2.00107
5925668085;43.7758;7.4947
5927470093;49.35452;2.97599
5928423095;44.83983;-0.57483
5930032762;48.52013;7.71877
5930087785;48.52901;7.7078
5930111830;48.57344;7.75304
5930111832;48.57327;7.76325
5931171144;44.85809;-0.55789
5931172043;44.85733;-0.55969
5931179603;44.85897;-0.55549
5932451936;41.82865;8.78525
5933586966;48.82138;2.32057
5934587141;46.45897;1.93693
5936376370;43.05425;0.97932
5936848726;42.69964;2.89495
5936982867;47.94833;-2.41965
5937008086;43.29594;5.56599
5937023618;47.94873;-2.42007
5937680423;42.60912;8.87246
5937694220;44.89526;1.48011
5937921745;44.44415;1.43111
5938272466;43.61742;6.76435
5938416495;43.18576;2.98182
5938994687;45.33797;4.59957
5939229935;45.03646;4.65237
5939247499;45.10104;4.67466
5940097002;45.92465;-1.23426
5940703686;47.5676;-0.5069
5941197472;48.88763;2.35275
5942284189;45.38345;3.75096
5942512745;45.77447;-0.42169
5942920841;43.18008;5.68742
5942928690;43.16586;5.6944
5943407889;-20.54883;164.31091
5943407896;-20.54821;164.31127
5943530266;47.95011;-0.72057
5947847664;45.74287;4.82378
5948000273;44.67941;4.62561
5949007150;44.20732;0.60805
5949075596;50.63255;1.58982
5949931815;44.85567;-0.5628
5950349810;44.89646;1.4768
5951212860;43.61862;1.39743
5951731086;48.11117;-1.69858
5951793191;48.09268;-1.66711
5951793193;48.13532;-1.63895
5951793195;48.13667;-1.64522
5951841876;48.09337;-1.7458
5951841877;48.09216;-1.73939
5951841878;48.09775;-1.7161
5951841880;48.10491;-1.68669
5951841881;48.10803;-1.67967
5952064788;44.71699;2.35758
5952181543;44.4782;5.3997
5953232341;48.5237;-2.67798
5954851638;43.7324;-1.07269
5956690285;45.8796;3.69509
5956855285;45.87822;3.69616
5959341385;48.83977;2.27577
5959607122;46.0521;0.68345
5959757884;44.83924;-0.58614
5959758886;44.85675;-0.5793
5959758889;44.87062;-0.54976
5959759128;44.85033;-0.603
5959759168;44.85747;-0.62271
5959759868;44.82475;-0.61226
5961441141;43.29075;6.60926
5961906311;47.20418;-1.40359
5963464605;44.89523;1.48303
5963654306;43.08546;0.56665
5963878615;43.62427;6.69701
5964374390;48.69009;-1.84692
5965009242;46.03793;4.47615
5965601498;45.71774;5.3328
5965601500;45.71536;5.3334
5965703843;47.29982;-1.51246
5965945667;47.61831;3.19774
5965945669;47.61686;3.19883
5966123212;45.39497;3.11304
5966716580;48.46222;7.48124
5966716581;48.46223;7.47335
5967766638;44.09029;4.88321
5973151034;44.07205;2.87714
5974709852;43.64066;1.45251
5975832592;43.6039;1.44805
5976247585;43.77242;7.49814
5976247685;43.7772;7.49413
5976678187;49.04298;1.34168
5977854970;46.1735;6.26003
5981033972;46.15756;5.07644
5981524444;43.83685;4.36033
5981594402;44.80253;-0.68725
5982045033;43.44957;3.80541
5982564459;44.58954;0.18066
5982967082;48.86059;2.3747
5983125489;47.8063;2.2945
5985324153;46.26905;5.52974
5986651473;48.15084;-1.6789
5988526324;45.73948;4.83456
5989949604;48.12235;-1.72129
5992821985;48.58992;-1.59188
5993110591;42.90397;-0.21259
5993132286;42.96472;-0.20195
5995131885;47.82335;1.69787
5996219894;42.69259;9.4504
5997684686;45.47388;2.60161
5997734486;45.55928;2.62229
5998092437;45.19284;6.65669
5998512127;47.3941;-0.27436
5998651847;47.78114;7.08968
6000917799;43.37308;-1.77511
6001067285;45.24861;-0.62688
6001067286;45.24856;-0.62641
6001937992;47.70595;-3.38329
6002060352;46.91111;-1.08906
6002443808;48.83304;2.33294
6002852528;43.74333;4.79418
6003208008;46.25779;6.84076
6003252549;49.06401;1.70165
6003503427;48.78972;-3.10046
6005400237;48.26054;7.37467
6005591509;48.81198;2.47446
6007200286;45.15805;4.34599
6007397489;43.00398;-0.09587
6007397491;42.99765;-0.28636
6010506827;48.58615;2.23989
6010729840;42.41584;1.98101
6011826452;47.15552;-1.31299
6012335126;44.84245;1.14408
6012546723;46.36937;6.32709
6012640489;45.78624;4.8939
6012641004;45.78676;4.89483
6012641201;45.78622;4.89496
6012641206;45.78583;4.89419
6012641209;45.78616;4.89376
6012862629;46.37096;6.32456
6012879628;44.8405;1.14657
6012900110;44.83949;1.14983
6013246685;45.14334;4.12422
6015157448;47.68125;4.52419
6015670785;45.3656;3.31051
6015740954;44.7976;-0.63103
6015795887;45.17699;5.69346
6015819447;45.47524;4.51421
6017808450;50.02464;2.81129
6018047444;49.69413;-1.46241
6022189317;45.9829;-1.33179
6022844233;47.97847;-3.05184
6022847510;47.97945;-3.04093
6024574089;48.53344;2.29085
6024617130;48.90195;2.34373
6024617131;48.90266;2.34379
6025132259;45.67474;5.47853
6025132674;45.66923;5.58175
6025132790;45.64854;5.6194
6025800965;45.63017;4.45661
6027474598;45.1759;5.69939
6028542338;46.62985;4.47728
6028562350;46.55784;4.48611
6028806186;-16.71483;-151.0335
6028869272;45.79747;5.29246
6029029999;49.14757;-0.25596
6029598643;42.58681;2.36917
6029810750;43.32205;-0.76111
6030011688;46.17569;-1.13615
6030217126;45.19987;5.41912
6030217127;45.19985;5.41919
6030827894;48.68609;-1.35588
6031460485;49.00263;2.5783
6032030531;43.18579;3.00469
6032068711;43.6008;1.42928
6032223096;44.28817;2.71769
6032264448;48.32796;-4.2419
6032654212;49.93754;1.10953
6032705869;47.23065;-1.61614
6033684658;45.009;0.16218
6034652488;44.80227;-0.64653
6034796483;47.06368;-0.87861
6036490058;43.49909;-1.49511
6037360075;50.46277;1.57249
6037642900;46.15814;6.54804
6038878627;46.66832;0.36529
6039036485;45.05873;2.42104
6041507593;44.88555;0.89008
6041507598;44.92185;0.92623
6042055888;44.94326;2.31422
6042151938;44.14648;2.58117
6044355086;45.08517;2.52784
6045920085;44.97319;2.42134
6046309389;43.76882;7.49149
6047086316;44.78213;2.35334
6047524934;49.01291;2.55874
6048524585;45.13391;2.2257
6049354384;45.75737;5.21988
6049536520;43.60765;1.46655
6049774594;45.53646;1.79582
6049869544;43.35345;2.77676
6050114794;48.86736;2.35396
6050717890;47.87359;-3.02126
6051228934;45.1882;4.81188
6051624497;45.6347;5.14645
6052684855;49.51603;0.67896
6052792731;43.5942;7.00858
6052847647;45.65454;4.49972
6053060855;43.29318;5.38344
6053420911;46.59554;1.62772
6054444419;43.59814;5.96061
6054444435;43.48812;6.07959
6054716897;44.60714;4.49889
6054716898;44.6085;4.49704
6054758586;44.5578;4.50274
6055150018;48.7404;2.35308
6055419402;48.05892;3.09531
6055897570;48.74206;2.40249
6055902403;48.74159;2.4029
6058009254;47.84511;3.61043
6058252050;45.05621;4.65455
6058440487;48.8323;2.32687
6060755149;45.07831;4.56562
6060755160;45.07882;4.56516
6061130590;43.24954;3.29969
6061438154;48.64005;2.23055
6065758554;43.33434;-0.36433
6066523365;46.79644;-1.89916
6066609438;48.80036;2.4024
6067233421;48.75347;2.50541
6067834889;-21.13487;55.47096
6068219987;48.68492;-1.34274
6069235091;-22.01374;166.21855
6069235092;-22.01362;166.21775
6069235107;-22.01324;166.21777
6069341487;-22.26059;166.47124
6069341489;-22.26041;166.47135
6069406952;48.01578;6.58994
6070148350;46.88731;-1.32117
6070188700;-20.64248;166.57244
6070273085;-21.02766;55.53882
6070467749;47.44068;0.64127
6070977004;48.64199;2.22138
6071572044;44.76222;0.04502
6071620076;47.06338;2.39827
6071626126;48.88046;2.38718
6072765103;47.99937;-0.7164
6075098819;-20.55096;166.56459
6075098827;-20.70588;166.46283
6076977832;44.27216;2.52445
6078918186;44.98397;3.49796
6080664969;-22.25464;166.48343
6080667123;-22.27201;166.44038
6080667146;-22.25623;166.482
6080667288;-22.25671;166.48153
6080667300;-22.2682;166.438
6084278782;43.50877;1.37581
6085055361;49.46106;2.06662
6087294288;46.83062;-0.87931
6087853585;48.27659;-3.57587
6088894776;46.10184;5.93137
6090589697;48.89823;2.19238
6092626939;45.00643;6.12144
6093965672;47.8012;6.84876
6095700729;44.17475;6.35018
6098951385;44.79052;4.22627
6103605040;47.28976;-2.39564
6105966933;45.83091;3.09496
6108876314;46.91611;0.06286
6110885041;44.82033;-0.57193
6110984858;49.00287;2.56255
6111513308;48.71374;-2.96414
6113714883;45.67673;0.23185
6113721173;45.6783;0.22865
6115271223;47.81876;-2.28263
6116444325;43.48117;1.43197
6119342886;46.20307;5.2248
6120108843;45.53675;5.81509
6122245778;16.32127;-61.37524
6124181275;48.01488;3.14473
6126529492;47.15745;-1.60097
6126561785;47.15837;-1.60215
6127758123;47.09501;-0.68422
6130189102;45.57703;5.60053
6131217056;43.30705;-1.4994
6134694492;48.32988;-1.83609
6135754550;48.73262;2.29198
6135930115;48.87834;2.22965
6137343694;49.92165;1.20052
6137583303;48.89387;0.33828
6137601170;48.51111;-4.15489
6139952485;46.06357;5.60692
6140677964;48.29963;0.12692
6143027732;47.09654;-1.19353
6143090129;44.63452;-0.95976
6144907885;46.35955;-0.66535
6145419399;47.26274;1.9071
6145420737;14.53604;-61.01149
6145897363;-21.05279;55.22455
6148046688;45.58637;5.27331
6148070731;44.58897;4.70478
6149760024;49.24661;0.37773
6152600076;47.89777;-1.96849
6154033777;48.89474;2.45388
6154432203;46.57991;0.34147
6155729586;43.19643;5.7567
6157246934;14.52548;-61.08928
6159105931;47.80959;-0.54282
6162016031;50.43608;2.94613
6164245700;44.80462;-0.63166
6165436222;43.58147;1.41326
6165469476;46.40916;-0.22352
6166024538;50.57221;2.38056
6166237487;45.57447;4.81284
6166679020;45.85908;6.19623
6167368288;49.65437;-1.55191
6167682077;43.8417;1.39024
6167943196;47.13293;4.49702
6168226485;48.14879;-1.77311
6168738197;49.23511;2.88684
6169995487;45.89271;6.09146
6170197889;45.50262;6.50307
6170419792;43.02882;6.15033
6170419799;43.02881;6.15016
6170419805;43.02881;6.15025
6170539386;49.01277;2.55933
6170548385;49.0125;2.55936
6170598688;46.0543;6.7013
6170784585;49.01188;2.55842
6171418385;47.44723;-2.24104
6173615429;45.26266;1.40963
6173756745;45.89587;0.91476
6173933748;48.71291;2.29855
6173981438;48.75782;2.38738
6174620186;45.40481;6.37189
6174690588;45.41059;6.39381
6174902911;46.91594;-0.70939
6175313313;47.95227;6.75241
6175676214;48.30225;-4.14803
6176064987;46.33427;5.18512
6176886311;48.13774;-0.90731
6177037779;46.81806;5.05993
6177163687;45.21636;4.24524
6177208185;45.46181;6.44451
6177489576;43.12156;6.26269
6178328914;48.58753;-4.56944
6178539041;46.10836;-0.06878
6178596085;45.49876;6.45494
6180502525;50.63901;3.04943
6181492342;44.49528;4.20721
6181919548;48.46228;-2.04309
6183825554;45.86715;-1.06761
6184532475;47.96152;7.23962
6185341314;-20.90072;55.48335
6185696789;45.4171;6.38541
6186687868;49.4327;2.07988
6188804106;44.19748;2.34304
6189371892;48.21575;-1.89161
6189975412;49.86338;2.35242
6192500307;43.08751;2.96024
6192653204;46.56247;-1.78081
6193810758;49.10473;6.8437
6195380566;43.89066;1.19685
6199646481;45.27477;6.92292
6199653034;43.16732;1.27522
6200841155;43.1163;1.61316
6201227136;45.98997;4.70653
6201232804;45.98857;4.69678
6201759696;47.12615;5.5601
6202245007;44.61834;4.38998
6205209689;43.45988;-1.57799
6206450290;48.9895;2.26198
6214130575;47.28664;0.71442
6215966259;48.11487;-2.83169
6216179569;45.47655;6.42976
6218609200;43.72268;7.10735
6219183197;46.65506;-0.07282
6219299299;46.82639;-0.13745
6221709121;48.72313;2.08946
6221966978;48.93022;2.49515
6222857090;46.22238;4.67496
6223081918;45.83114;1.25901
6223488098;43.56907;7.01893
6225432774;47.96371;6.83848
6226288295;14.87439;-61.1789
6227204691;45.76224;4.85041
6227700823;45.77087;3.19264
6227998098;44.59324;2.38432
6231099916;48.74493;-0.5736
6231121797;46.14804;4.45658
6232930866;46.00479;6.79124
6233002239;14.50211;-61.08396
6234084041;44.72773;6.7124
6236464774;45.76317;4.85024
6237832319;45.92498;4.37667
6238099085;47.21424;-1.56175
6238575926;46.2263;4.40263
6238727405;46.2406;4.43675
6240003661;45.50072;4.24185
6240124323;43.17392;3.18575
6240273036;45.96098;4.56536
6240867894;14.47003;-60.87195
6241036032;47.18531;-1.58707
6241495619;47.69027;0.26867
6241495620;47.68993;0.26726
6241626385;47.18075;-1.58859
6242509530;48.26805;3.80649
6246436485;45.856;6.61793
6247191182;47.28982;0.71796
6247292969;47.64053;2.73644
6250505483;47.68805;2.62156
6250539853;46.91266;-1.37929
6251479314;43.43544;1.6625
6251479315;43.4346;1.66257
6252075930;47.51964;-1.95526
6252351471;46.23508;3.39619
6253870427;45.95138;5.77603
6254004666;48.68945;6.20115
6254604529;45.68501;6.56426
6255408427;46.97169;-1.43536
6255988809;45.61438;4.49954
6258065401;14.46931;-60.86481
6258343845;44.52716;2.24713
6259476751;44.92441;6.57105
6259650551;44.91398;6.56279
6261922022;46.44745;4.11322
6262093602;-21.37883;55.61482
6262093618;-21.37907;55.61507
6262093619;-21.37895;55.61516
6262357945;46.51085;5.83959
6262915314;47.2143;-1.55608
6262915315;47.21338;-1.55375
6265484450;45.89444;3.11054
6267335345;46.44457;0.66183
6268152885;47.25364;-0.0646
6268857155;45.37133;4.10365
6269522553;45.27665;6.57986
6270272469;45.2127;1.36638
6274485160;48.79097;2.28743
6276171636;45.00924;6.14459
6280934541;43.80622;-1.14486
6281940661;48.01231;-4.54908
6282768738;45.7694;4.82393
6283467529;48.01683;-4.53263
6283509810;48.08407;-4.51773
6283639569;45.58977;4.77098
6284096007;46.50509;-1.81595
6285495443;45.58757;4.01293
6285526981;47.70495;-3.38456
6286714307;46.99148;3.1619
6287983740;45.1268;5.51996
6287983741;45.12683;5.51997
6289354210;44.97883;2.62662
6291248363;47.28284;-1.88416
6291479886;45.61207;4.7993
6292104808;45.58809;5.19531
6294197496;43.06389;2.96071
6295157356;43.69049;0.91415
6295692485;47.10318;2.28529
6296471939;43.76576;-0.98884
6297590506;47.86719;2.11996
6299096885;46.99248;2.24475
6299585685;43.58387;3.85968
6301066270;44.64997;-1.17416
6301066271;44.64868;-1.17484
6301066272;44.64943;-1.1754
6303482752;43.00096;1.15941
6303770641;49.50411;0.07811
6303786988;16.42214;-61.5329
6305411419;47.79296;-4.25155
6305432210;49.69028;-1.93538
6305466060;49.71145;-1.93181
6305933701;42.77029;0.56346
6307831587;48.1829;-0.12736
6307999647;43.44016;5.22328
6308478124;45.7528;5.83817
6308478126;45.75399;5.83765
6308513721;45.09657;3.498
6308631592;45.79504;5.8188
6308857822;45.79444;5.8202
6312248057;45.78177;4.73902
6312286188;46.91135;-2.04814
6312644913;45.82563;4.31503
6314024286;43.78543;4.19479
6314075776;47.51604;-2.48399
6314143077;48.89886;2.2751
6314295950;48.51983;-3.94545
6314396987;46.20844;4.64261
6315992385;43.61995;6.55224
6316835220;16.3425;-61.5109
6318778875;48.62096;-3.0908
6320594952;45.83568;6.64133
6324276136;44.42058;4.90935
6324356581;46.57646;5.75065
6325363352;43.16009;3.16673
6325451491;43.95359;4.8233
6325829780;44.94207;-0.60791
6326120883;47.7099;-0.95136
6326819253;44.36507;2.58531
6327359186;47.25841;-1.50906
6327645329;48.79333;2.36644
6327709529;47.77707;-3.3439
6328570736;-21.54738;167.87819
6328862438;45.35763;4.80027
6329071685;48.00536;0.31204
6332723438;45.62309;0.68956
6332723727;45.62191;0.68894
6333458709;43.53401;6.39687
6333521236;43.78363;4.72387
6335405933;45.45512;4.38306
6336554177;46.59929;5.6869
6336554200;46.60059;5.68611
6336554215;46.59997;5.68827
6337503488;44.58164;-0.0369
6337503489;44.58137;-0.04001
6337511146;44.69364;-0.08696
6337664998;43.44261;5.22126
6337975434;45.67156;4.75521
6339822678;45.74444;4.88772
6339827281;45.73718;4.86838
6340710104;14.55476;-60.97461
6340710105;14.55484;-60.97468
6341217756;44.36773;2.59135
6341217757;44.36771;2.59131
6341300850;43.44188;5.2219
6341335624;43.55257;6.94319
6341458001;46.0578;3.11232
6341500777;45.10695;5.60792
6342527925;46.49059;-1.42915
6343306187;47.82424;1.69574
6343400385;47.77764;0.79803
6343447749;44.61976;4.3909
6345264673;14.71025;-61.18173
6345301911;43.35794;-1.69514
6346928794;48.84652;2.31695
6347063840;45.54277;0.97853
6347493282;45.7864;4.79581
6347574720;45.7436;4.87902
6347601124;45.75587;4.81868
6349839330;42.70106;1.81328
6350268064;43.8543;-1.38142
6351689609;47.87201;1.90391
6352462570;46.84181;-0.4857
6352759172;46.47007;-1.49354
6352918485;14.48153;-60.99174
6352964906;44.4718;2.07694
6353320784;43.5216;5.46761
6353854733;45.72956;4.83199
6353862898;45.73035;4.86614
6353872185;44.86315;-0.56069
6353873320;45.79864;4.83022
6353987084;45.77961;4.84003
6354012939;45.76341;4.79621
6354026083;45.77473;4.83666
6354037916;45.77278;4.79549
6354053930;45.74783;4.85005
6354067554;45.73263;4.82578
6354947725;47.22969;6.03422
6356094886;47.91243;1.90765
6357029655;45.61678;5.14657
6359052518;47.21241;-1.56806
6360119985;43.83439;5.20401
6360664779;43.59792;1.44525
6362111963;45.82342;4.83984
6362288944;45.02629;-0.79797
6362490311;44.89097;1.4708
6362601575;50.73988;2.54513
6362683816;46.3106;4.82866
6364392666;46.43287;4.27434
6364743788;14.75805;-60.92065
6365101376;45.76891;4.82021
6365121347;45.74885;4.82281
6365430666;48.28813;-1.24613
6366261155;16.17568;-61.6935
6368285853;46.9345;-1.41163
6369561585;-17.5479;-149.56214
6369913506;47.54182;-2.89442
6370719187;45.82274;4.9446
6372024485;47.90272;1.94083
6372566461;15.8511;-61.64806
6372602042;15.85976;-61.62501
6373068162;43.56208;6.233
6373655394;45.9693;-1.29425
6373819037;47.69913;-2.33999
6374194254;47.33002;-0.20058
6374245575;44.13142;2.68267
6374301626;44.13121;2.6993
6374353769;46.11728;4.61339
6374354289;46.12032;4.61628
6374354785;48.57529;-1.88285
6375403787;45.18424;0.77281
6376238216;45.97355;4.33803
6376554197;45.77193;4.84744
6376578748;45.75703;4.86474
6376643536;45.14266;4.12487
6376669651;47.54678;-2.07827
6376740121;45.74672;4.83249
6376747118;45.72962;4.86701
6376750941;45.78924;4.79124
6376754654;45.80183;4.82667
6376759510;16.25389;-61.58883
6376782482;45.78963;4.7976
6376819507;45.77401;4.80524
6376852358;45.77547;4.83238
6376862965;45.7563;4.7973
6376869874;45.7575;4.8013
6376880495;45.74963;4.78395
6376964389;45.73952;4.84024
6376964558;45.72483;4.82149
6378984676;16.41722;-61.5149
6379071092;16.41796;-61.51691
6380022605;-17.52277;-149.77669
6380022612;-17.49654;-149.75751
6382099101;44.03241;3.88782
6384410616;48.34801;-2.17589
6384433774;16.33053;-61.34294
6386052083;45.2298;4.15029
6386186630;43.42688;3.72751
6386857185;44.6152;2.03026
6387187049;47.05511;2.39718
6387189545;45.69341;5.12608
6387656990;48.12117;-1.45943
6387832317;43.30597;-0.36656
6388769965;47.004;-0.74993
6389298769;47.51087;-2.04203
6390433381;46.86456;-1.24498
6390620573;45.32365;3.98276
6390819813;48.3475;-3.21503
6390824202;44.76751;-0.31237
6391327509;44.24058;2.26285
6392265299;48.00288;-4.50112
6395906696;45.73694;5.02261
6396841895;48.79144;-1.46723
6397031703;45.68661;-1.1664
6397255416;44.39584;2.6058
6397255417;44.39578;2.60572
6397272043;44.3995;2.59665
6398073899;47.86556;2.66048
6398506008;46.27548;4.97259
6398996186;45.12781;5.58849
6399457467;49.29263;-0.28297
6400913352;49.01465;2.53869
6400953020;49.01444;2.53865
6401245641;47.90006;1.90261
6401823282;43.61533;3.15811
6402005740;47.19737;-0.36601
6402127192;45.65864;4.56407
6402569666;45.55043;3.73974
6402908988;47.54293;-2.89451
6402999710;44.49558;-0.64367
6403020035;49.65148;2.567
6403459686;48.77307;-3.58409
6403519525;44.174;0.55925
6403538718;47.48529;-3.0996
6403589258;48.31557;-4.28672
6404462624;44.89626;6.6413
6405018892;48.95104;-0.86414
6405895017;47.75715;0.13257
6406454350;44.89416;3.84964
6407179732;45.1998;4.81249
6407179747;45.20349;4.81415
6408513280;43.62032;7.12573
6409444627;49.08954;0.21531
6410361192;48.62543;-2.14236
6410361231;48.62519;-2.13857
6411259485;43.55441;7.13607
6411582703;43.39909;-0.93803
6412506210;49.01379;-1.47075
6413777626;47.27254;-2.42679
6413921811;47.50044;-0.56862
6414173887;44.3471;-1.10382
6415886393;44.36841;4.1557
6417446655;43.93859;2.62023
6418243705;45.85289;4.5842
6418427255;47.10708;-2.09736
6418948449;46.77819;-1.43418
6419194782;46.78551;-1.43312
6420323343;45.79859;5.88186
6420639789;45.99527;5.89123
6420798580;43.10246;6.1718
6421582671;48.99002;-0.48187
6421629926;48.77301;2.263
6421947351;43.18019;5.68313
6421989158;48.35477;-1.20806
6423504286;45.09696;4.05986
6423510191;44.96814;3.88787
6424272649;46.31744;4.79188
6424766980;46.96543;-0.93904
6426028386;48.46121;7.48362
6426537413;45.87343;4.82346
6426537415;45.8522;4.8716
6426537416;45.84882;4.83256
6426537418;45.83749;4.82288
6426537419;45.85619;4.80015
6426537421;45.80773;4.79819
6426537422;45.78297;4.84077
6426537423;45.81587;4.86312
6426537424;45.81411;4.89403
6426537425;45.79569;5.04837
6426537426;45.70269;4.86274
6426537427;45.58717;4.77268
6426537428;45.5878;4.76087
6426537429;45.59458;4.77041
6426537430;45.59791;4.76879
6426537431;45.59706;4.76771
6426537432;45.60494;4.78063
6426537435;45.78111;4.70499
6426537436;45.78284;4.70821
6426716719;44.28109;2.10076
6426787581;45.91742;4.60791
6427492786;45.62014;4.67259
6428021044;47.73573;6.96841
6428164693;48.45825;-0.20045
6429165261;44.77676;1.0079
6429165262;44.63117;0.87175
6430413584;47.07977;2.40234
6431631287;48.39604;7.44192
6431682883;44.29279;5.28061
6432626713;48.60708;-4.50705
6432670574;43.42972;0.57656
6432696638;43.96742;2.64586
6432947181;44.71062;0.23934
6433346310;48.94323;-0.73917
6433568898;46.73864;-1.38533
6433746799;43.93859;-0.33426
6433808499;43.61679;7.12504
6433808596;43.61607;7.12599
6434240805;47.42257;2.87005
6434265385;43.97059;4.55407
6434265389;44.82736;4.79643
6434265390;44.82652;4.79646
6434265585;43.87892;3.7016
6434385437;43.76523;5.36292
6434385787;43.83696;5.03267
6436520584;46.1364;3.43339
6437074240;43.60788;1.44077
6437164989;46.39094;5.86463
6437991017;46.05809;6.53403
6439030618;44.81601;1.1476
6439138085;46.52419;3.57861
6439670235;44.64603;2.56587
6440377298;42.58914;8.90615
6440881361;48.08318;6.74426
6441113090;46.10934;4.74948
6441362685;46.10852;4.75196
6441418988;47.09288;0.03099
6441511649;44.20464;2.45409
6442376281;48.17823;7.54146
6442934197;43.55036;-1.30436
6443528541;45.89288;4.49076
6443544267;49.33521;-0.46119
6443851200;45.28634;-0.41099
6444780030;47.74777;7.35836
6444983363;45.51344;-1.12399
6445513294;46.88487;-2.15481
6445633585;42.10467;9.51151
6446058871;43.94992;-0.04326
6446644305;43.28014;6.58391
6447646328;45.53724;1.795
6448051590;48.39553;2.50308
6451340604;46.82924;-0.88414
6452129151;47.23771;6.02354
6452360802;46.10843;4.74833
6452372589;46.10664;4.74723
6454223278;44.34627;5.77145
6455655936;43.39047;4.85254
6458668724;49.47934;0.77107
6458977283;44.27027;1.8676
6459141282;48.94945;2.03835
6459280382;43.91652;5.05209
6459313996;48.87566;2.3694
6461785002;43.56086;-1.27189
6465087364;43.6151;7.12591
6465326685;41.91486;8.73006
6466353796;46.12809;5.97955
6466717183;49.4553;0.83193
6466842718;47.52721;-0.40915
6466842719;47.52712;-0.40893
6466848551;43.61364;7.12577
6466882019;44.29063;4.09943
6468190795;43.33982;-1.29816
6468550315;44.2703;2.15039
6469352286;45.81589;5.42587
6469352287;45.8158;5.42603
6470415234;43.3384;5.25828
6470415282;43.33816;5.25734
6470560155;47.45091;-0.54313
6472075298;46.35078;6.29266
6472184470;46.41329;4.30762
6472900032;45.53926;4.85368
6473381169;45.32091;3.69566
6473975398;43.8005;7.46166
6475914003;43.22644;6.58618
6475914004;43.23046;6.58574
6476200326;46.65677;-0.99138
6476554849;48.65037;-4.31804
6477369420;44.85591;4.83841
6478668386;46.11122;4.73413
6478668387;46.10902;4.74158
6478680688;46.10966;4.74588
6480338047;44.89551;-0.56608
6480338048;44.89548;-0.56612
6481028795;46.10768;4.75084
6482197815;47.03212;5.77727
6482200129;45.48008;4.43606
6482615330;44.53846;-1.152
6482615364;44.52092;-1.17639
6482615393;44.53134;-1.16094
6482633752;47.44797;-1.34869
6483175543;42.56417;2.52656
6483445437;43.37729;-1.75409
6483445659;43.37766;-1.73881
6483445829;43.37875;-1.75143
6483619196;43.54571;7.03367
6483931849;46.19484;6.2358
6483990101;43.08377;-0.04472
6484005776;43.0808;-0.03233
6484339259;44.87357;5.07782
6485180578;43.60337;3.87982
6485453404;43.53033;-1.52082
6485458962;43.55082;-1.48956
6485467857;43.54129;-1.46303
6485689218;45.45795;4.50388
6485765048;49.73965;0.31082
6485871969;45.57158;2.89713
6485932348;44.65728;1.5683
6487189256;46.16896;1.87234
6488191478;48.20921;-3.21322
6490968985;48.28597;-4.50629
6495219485;47.19556;-0.27617
6495755758;44.91192;4.91307
6497261307;43.39101;3.65447
6497426430;43.3176;3.55562
6497794946;43.31318;3.41856
6499527455;43.3206;3.35323
6499599912;49.16135;1.18509
6500662400;46.37105;5.91362
6501962178;45.03357;3.08955
6501988634;45.05188;3.03901
6503601842;44.35193;1.69095
6504381948;44.07629;1.52245
6504558020;49.52413;0.17315
6504640210;44.30935;-1.18112
6504644214;44.32861;-1.15088
6504689569;43.83625;-0.30102
6505108108;4.9392;-52.32084
6505592644;46.00851;5.84109
6505617930;42.12818;9.13248
6505619098;45.96299;5.83617
6505619101;45.96293;5.83609
6506480274;44.19488;-1.291
6506501986;44.09326;-1.31902
6506502571;43.87486;-1.30137
6507034112;44.10726;2.6212
6507849370;46.8486;-1.87827
6509461969;44.24265;4.72923
6509518786;46.35263;3.80282
6509888975;45.63771;5.64257
6509891503;43.64166;5.53423
6510781295;44.60552;2.48526
6510997064;43.52883;-1.49489
6510997068;43.42702;-1.60839
6511101806;43.05275;0.01606
6511470985;47.49813;3.90664
6511509287;46.13116;0.0038
6511550653;48.49857;7.46962
6511711089;45.09458;5.74489
6511731622;48.99137;2.16564
6512093485;50.40462;1.5608
6512575468;45.46158;4.77825
6512691159;43.08777;6.07812
6512814656;48.84887;2.22934
6513745285;45.26784;0.17479
6514187897;44.05525;3.98474
6514712436;46.67128;-1.90406
6514960246;46.18117;4.74962
6515097799;47.34821;0.66584
6515560885;44.40096;1.64581
6516005405;45.14223;5.19569
6516270486;47.55977;2.83929
6516355039;44.41798;-0.67259
6516372136;43.5169;4.98708
6516404775;16.16844;-61.63155
6516586558;47.12498;-2.2033
6516863969;49.75553;0.38049
6516933101;44.03268;7.13566
6516952646;44.83557;1.24824
6517481885;50.7192;1.59335
6517869413;42.64478;2.45618
6518143344;47.2939;-0.14215
6518244772;42.47735;2.30763
6518323683;48.31347;0.99224
6518670137;48.43007;0.08993
6519040316;44.0438;3.93793
6519232198;49.47268;3.55687
6519232199;49.47259;3.55677
6520817600;44.60552;4.4734
6521382011;45.93285;5.15329
6521382012;46.11724;4.95742
6521382013;46.17697;4.96411
6521828603;42.21165;8.58431
6522122322;47.33728;5.43087
6524598076;45.58688;5.27577
6525455610;45.83906;1.26003
6525711880;48.95884;2.33993
6528002057;48.68833;-3.96071
6528070488;48.43411;0.09854
6528258241;48.43066;0.0847
6528302027;48.32187;0.82145
6528448150;45.05925;5.10794
6528852254;44.26001;5.1463
6530849938;43.55691;4.03396
6531427936;48.85419;2.39273
6532447821;48.24147;-2.88491
6532464367;49.01646;2.54142
6533250011;46.66769;-0.79039
6533952586;47.61034;3.17621
6535381005;45.56095;4.07792
6536874388;47.64112;2.16533
6537100682;48.43802;7.40502
6537570716;46.29883;-0.69588
6537693435;46.62065;-1.65719
6538757636;49.00135;2.59121
6538757637;49.00797;2.59041
6538757638;49.00647;2.59035
6538757639;49.00515;2.58921
6538757640;49.00524;2.59021
6538757641;49.00449;2.5903
6538894185;49.00484;2.5852
6538894188;49.00152;2.58519
6538894189;49.00267;2.58505
6538894190;49.00382;2.58487
6538894191;49.00527;2.58468
6538894192;49.00641;2.58457
6538894193;49.0073;2.58443
6538894194;49.00693;2.58451
6538894195;49.00579;2.58465
6538894196;49.00305;2.585
6538894197;49.00617;2.5846
6538894198;49.00343;2.58495
6538894203;49.00244;2.58508
6538981356;43.88916;3.62546
6539369948;46.32066;2.62062
6539463344;43.24766;2.65912
6539707787;49.76123;1.70569
6539942025;43.71018;3.55243
6542009656;46.59072;-1.64765
6542276594;47.72322;-4.0031
6542775202;43.13482;3.13362
6544298546;45.18787;5.29015
6544766709;46.37248;-0.7077
6545895590;47.03396;3.64047
6547430388;47.08472;2.39138
6547830385;48.57026;-1.973
6547993517;47.25991;-1.55824
6548315008;43.63566;4.79209
6549937825;47.08746;2.39592
6550038842;42.58837;2.05212
6550247591;4.20863;-51.67225
6550282490;49.36988;-0.87737
6550756174;47.46904;-0.57048
6550784998;43.30042;3.53459
6550789597;43.30147;3.53248
6550980540;43.13042;3.1402
6551223821;45.85307;4.35815
6551721291;43.2828;3.47311
6551971740;-9.36088;-140.04947
6552249468;43.29913;3.53318
6552252114;43.29884;3.53336
6553532279;43.4941;-1.46646
6553897290;48.20537;7.35834
6554548720;44.70268;3.25356
6554722490;45.83563;6.74834
6555260428;45.76148;4.91914
6555677886;45.10047;1.45525
6556949238;48.91101;2.44601
6556949239;48.91125;2.44555
6557212823;48.32385;7.42509
6558093126;44.66897;3.10433
6558104764;44.65779;3.07268
6558127729;46.17633;-1.21854
6559389832;45.12832;6.03891
6560468196;45.61436;6.77391
6560475174;44.98612;-1.13222
6560475176;44.9866;-1.13446
6560475178;44.98503;-1.13517
6560475180;44.98262;-1.13489
6560849150;42.85197;-0.14736
6562101450;-17.53874;-149.56714
6562101451;-17.53903;-149.56748
6562856197;43.37338;-1.77294
6564415448;45.20425;5.74131
6564533052;47.18487;-1.56239
6564829364;47.89631;-3.96917
6565092501;43.53913;7.03474
6565100496;43.54138;7.03424
6565227185;-21.3557;165.16905
6565718568;44.60614;2.41935
6565849714;44.26675;4.36532
6565851321;44.26647;4.36365
6565851488;44.2657;4.36255
6566062899;45.68987;-1.17929
6566096999;45.11396;4.29035
6566106057;43.61845;3.89426
6567052226;47.82;6.37793
6567281469;49.11672;6.16744
6568067214;47.09573;-1.28381
6568313036;44.47788;6.31403
6569314688;48.22705;0.13003
6569735543;49.42194;1.07892
6569745377;45.6451;-1.06048
6569758849;49.42208;1.0765
6570085967;45.69103;4.94372
6570481361;47.63755;6.10769
6570484385;43.56542;6.22534
6570531403;47.63047;6.12813
6570539885;44.89108;5.42835
6571819022;49.13219;6.6599
6571973170;47.00881;4.79461
6572126376;44.56539;1.98715
6572141203;44.88803;3.49436
6572554257;43.51679;3.9053
6572607578;44.04475;6.71842
6574648285;43.76642;7.48427
6574796689;44.9688;5.7805
6574850285;44.96967;5.78254
6575027486;43.68541;2.85573
6575087048;45.58955;2.75328
6575087051;45.58959;2.75629
6575087061;45.58969;2.75456
6577059585;43.32727;-1.03307
6577081020;49.23019;0.71489
6578385678;48.82082;6.50652
6578414421;44.73664;4.59994
6578414424;44.93721;4.36775
6578414436;44.84221;4.21713
6578443389;44.3388;4.15308
6578456209;45.20439;4.04527
6578537695;43.36112;-1.40132
6578644842;43.63109;2.49648
6578657026;43.64697;2.77694
6579623767;48.97707;2.01672
6579623768;48.97697;2.01691
6579657008;45.37773;6.36622
6580047124;44.29529;2.72638
6580229113;44.32301;-0.58036
6580229135;44.32061;-0.58217
6580925851;43.27377;6.58127
6581134524;46.72136;-1.02198
6581680255;44.82953;-0.5615
6581773712;48.80562;2.16802
6582153182;47.38369;4.15972
6582703301;45.57346;5.79897
6584345679;43.20128;-0.90275
6585034707;48.59316;7.75809
6585953185;44.60494;2.58353
6587091729;47.32855;-0.67093
6587495858;43.84706;2.20489
6587509307;43.43742;3.67803
6587509316;43.43946;3.68087
6589343099;43.74044;4.25882
6589569409;46.68759;5.66619
6589670570;47.88954;0.02796
6589806906;47.47084;-2.464
6589904511;43.52721;-1.48797
6591093968;45.11337;4.29343
6591777341;43.99767;0.75657
6591803641;44.03687;0.84111
6591811955;44.01746;0.79295
6591823994;44.09989;0.93325
6591837342;43.97951;0.71496
6592084772;45.59386;5.27374
6592721860;48.54304;7.74809
6592721861;48.54298;7.74795
6593163840;47.58304;3.15494
6593927114;45.0787;6.18038
6594067407;43.94727;4.81027
6594129140;43.9427;0.53967
6594166679;43.97141;0.45782
6594604944;43.40702;5.05813
6594609302;48.4046;-3.42735
6594683532;45.07103;5.55237
6595844359;48.15353;-3.79941
6596125287;47.09103;5.4961
6596369124;48.3236;6.7275
6597167585;47.96341;-2.15519
6597313015;46.0777;6.52591
6597487074;44.1797;3.43898
6598520478;43.35815;5.29086
6598787086;49.65293;1.61498
6598978257;48.39373;-1.06636
6600456395;46.99788;2.45439
6600500344;48.60176;7.7669
6600832456;44.58038;2.14336
6601251144;46.2631;4.0884
6601867185;48.85747;2.34072
6601973641;47.58917;1.33742
6602432883;47.18207;-1.57351
6602481015;42.80593;0.41076
6602481016;42.80837;0.40526
6602481019;42.79556;0.41256
6603232618;47.15847;0.34602
6603458075;46.83722;5.71003
6603472247;46.14736;6.08598
6604796166;47.1344;0.79088
6604796168;47.13599;0.79199
6604796169;47.13765;0.79297
6604844392;44.91286;0.93267
6605409172;48.73241;3.55761
6605488296;47.7389;-2.58147
6608994698;44.23848;5.18848
6609480549;42.93406;-0.63514
6610363186;44.23636;1.76947
6610363188;44.2366;1.77347
6610807517;49.70103;0.21626
6611718932;44.84964;5.67199
6611963626;43.59458;-0.32635
6611976674;43.59496;-0.32707
6611987000;43.47871;-0.47214
6612199360;46.02333;-0.35445
6613014497;45.12701;4.06799
6613052848;48.48282;2.72199
6614648485;47.99753;-0.73908
6614737406;49.03152;2.46348
6614737407;49.0315;2.46337
6614941800;42.96437;1.60761
6614987904;44.73146;5.54088
6615906349;45.01893;5.29075
6615967328;44.8112;5.57312
6616075078;44.61905;5.70238
6616391763;45.72037;6.45931
6617225291;45.76059;6.53385
6617531842;45.62199;-1.02851
6617774895;48.6823;-2.31766
6618617371;45.13188;0.26447
6618873985;48.51506;-2.88454
6618916555;44.05404;-0.24262
6620725024;43.89289;-0.30721
6620799532;46.19109;6.7766
6620899716;45.8677;5.42678
6621119250;49.7958;1.32246
6621927474;47.84145;6.56168
6622431015;-20.88766;55.45121
6622559786;44.78447;3.63408
6622998941;46.7647;6.38711
6627498856;43.83074;-0.81277
6627845748;44.7967;-0.57733
6627845749;44.7828;-0.5716
6627845750;44.78076;-0.56783
6627845751;44.78014;-0.56677
6627845752;44.77892;-0.57349
6627845754;44.77632;-0.5767
6627845755;44.76448;-0.58499
6627845756;44.76411;-0.57478
6627845757;44.76052;-0.58407
6627845759;44.77143;-0.54586
6627845760;44.77568;-0.5313
6627845761;44.77683;-0.53286
6627845762;44.75593;-0.58577
6627845763;44.756;-0.58699
6628642161;44.45214;1.44017
6629201372;45.18371;5.72296
6629357365;46.64078;5.94187
6629734022;47.68397;-2.21428
6629872487;47.04576;5.40927
6631000532;48.22094;-1.78851
6631008039;48.44694;1.48721
6631193085;48.48384;0.70477
6632057686;48.89554;-0.20497
6632105840;48.68694;2.01832
6632675878;45.94218;4.72514
6632759631;-21.00374;55.69966
6633007579;48.21605;-3.03585
6633024533;48.22303;-3.39495
6633046185;45.62054;4.8721
6633046833;48.22076;-3.38893
6633203053;47.2466;-0.09325
6633203054;47.24941;-0.09072
6633247376;47.25771;-0.07229
6633251515;42.99648;-0.09195
6633266661;44.63896;-1.11818
6634031431;47.22582;-2.17252
6634060586;48.89414;-0.20152
6634110185;48.8962;-0.19132
6634276429;45.94203;4.72514
6634633599;45.93776;4.7198
6634718815;44.4587;5.3673
6634855186;43.29344;-0.37544
6634907315;43.50605;3.36946
6635093204;47.32771;-0.67153
6635186383;43.23763;-0.39015
6635530999;44.1514;1.75763
6635612567;49.62894;-1.56688
6635742830;48.0848;7.27238
6635835472;46.27659;4.03862
6635838253;46.24283;3.19552
6635861671;46.48093;3.97167
6635863480;46.50677;3.81683
6636798030;47.22172;-2.16767
6636806763;44.18052;2.57119
6636879417;-21.18544;55.82755
6636962582;46.67263;5.56089
6637088797;48.95939;2.88402
6637110021;47.40959;2.92177
6637119315;47.77161;6.94983
6637126678;45.12673;1.3045
6637665420;46.24434;3.1757
6637719400;45.27156;5.6138
6638648654;47.08363;4.85419
6639885771;44.21926;1.97674
6640583266;42.68207;2.73474
6640925580;48.42404;1.47995
6643394449;47.814;6.38187
6644483518;45.56825;-0.9718
6644691051;48.63592;-2.27346
6645841085;43.1577;6.46395
6645897787;46.98037;5.6034
6645978407;46.30946;4.71606
6646143046;45.62054;-1.04253
6646345748;44.16897;-0.7832
6646528145;46.27665;4.00979
6646943466;48.34162;-3.93862
6647036618;48.0125;-4.54146
6647646988;47.17698;3.01031
6647646993;47.17984;3.02397
6647688385;47.17702;3.01048
6648091468;48.76342;0.61799
6648152957;47.61615;1.51806
6649123801;44.15133;1.75593
6649157757;44.15148;1.75341
6649498920;43.63164;-1.42597
6649814291;48.10972;-1.64973
6650875390;45.6091;6.10868
6651389216;43.70394;7.33122
6651389220;43.70373;7.33129
6652928345;45.166;1.55675
6653024561;48.07549;-4.51204
6653165909;48.05487;-4.59381
6653244704;48.0481;-4.6495
6654476133;47.98849;6.76567
6654495997;43.27544;5.70003
6654737256;48.69493;2.40781
6655240457;-21.05433;55.22594
6655344401;-21.05291;55.22582
6655550386;46.32603;5.89009
6655872922;44.34375;5.28354
6656721985;45.49927;-1.04819
6657059055;43.94767;4.53824
6657510283;47.15156;3.87466
6657983307;47.84164;-4.28284
6658421846;47.4729;-0.55677
6658622109;47.32445;0.40596
6660624541;48.96199;2.87738
6660675697;46.07896;4.75919
6660806527;46.51999;5.61027
6660913244;47.98239;-4.27053
6662394411;48.75252;2.31366
6662471803;47.07013;5.41411
6662810656;42.57951;3.04092
6662810657;42.57968;3.04128
6664967044;47.28549;6.1466
6665606160;44.74259;0.34513
6665606161;44.74232;0.344
6665606162;44.74309;0.34328
6665606163;44.74135;0.34556
6665646436;44.77818;4.10338
6665827106;43.9028;5.29265
6666512452;47.22182;4.63946
6666851751;44.37068;3.53714
6667053410;47.56448;3.64535
6668175098;49.27165;-1.09958
6668176080;46.52208;5.61236
6669164246;50.34008;1.56381
6669264387;-17.54408;-149.57879
6670130511;45.41928;-1.14869
6670233422;48.05051;-4.42733
6670233440;48.04037;-4.49448
6670344751;48.02114;0.33085
6672492769;45.23424;5.67513
6673467641;45.41764;-1.14608
6673513363;45.41599;-1.1318
6673513364;45.41641;-1.15834
6673513366;45.40896;-1.15972
6673582811;47.91578;-4.36128
6674271973;47.90335;1.22787
6674271974;47.90272;1.22766
6674330591;48.07993;-4.32859
6675190786;47.73034;-1.83682
6676061219;47.75236;0.13277
6676229087;47.9019;1.2332
6676897066;46.67207;5.55201
6677045641;46.67324;5.55044
6678007487;45.04537;6.31218
6679894298;50.45074;3.59841
6679907552;47.79334;-4.27944
6680050641;48.53873;4.14301
6680110653;45.07565;5.77312
6680110654;45.07562;5.77325
6680164368;43.76709;2.94926
6680165115;48.78942;2.5039
6681335507;47.96009;-0.22362
6681336748;48.1256;7.28153
6681618059;45.03506;5.20856
6683528724;44.12759;4.08526
6683575686;47.93981;-4.30937
6683575687;47.94031;-4.30888
6684724820;48.01393;-4.48627
6684938885;42.63687;2.89719
6685040307;45.79331;5.81913
6685251896;-17.5441;-149.57935
6685436751;46.15162;6.62922
6685560408;-17.5887;-149.50556
6687118270;47.99997;-4.33775
6687320382;46.04698;-1.40895
6687458382;48.79153;2.29086
6687919640;44.66908;2.18709
6688218277;47.90164;-4.28054
6689476787;43.61971;2.25137
6690854333;47.81318;-0.08025
6691052079;47.90654;-2.97889
6691263834;44.74448;4.74402
6691286685;44.77927;5.14279
6691327728;46.03488;-1.37238
6691336771;46.03758;-1.37254
6691705116;44.40969;2.28791
6691785686;43.62936;2.49755
6693384172;45.30065;3.54028
6694158954;47.6831;6.49286
6694248917;48.07941;7.35424
6694322299;49.12019;6.1739
6694340900;48.75993;7.36277
6694389854;44.62323;6.20574
6694487272;47.38103;3.79472
6695260595;48.65157;-1.39493
6695446018;43.29431;5.56728
6695585748;45.98215;-0.45497
6696024553;44.09655;1.01346
6696526536;42.77495;9.47476
6696554432;43.78019;6.34857
6696560086;43.3464;1.89128
6696605906;43.53658;7.03644
6696704886;43.47221;2.58188
6696738032;47.21945;0.04604
6697014399;49.58706;2.84174
6697080304;44.17459;3.43144
6697250499;47.50535;6.79216
6697536641;48.73012;-1.51883
6697545586;46.43999;3.1612
6697582385;44.5113;4.37196
6697919852;42.63454;8.93777
6698894569;43.3194;1.9552
6699060871;46.00551;6.69369
6699060872;46.00731;6.69042
6699064856;49.36012;1.35664
6699175166;48.3856;-2.68372
6700220385;47.27549;-2.43095
6700464984;47.86089;7.29788
6700839253;47.3183;6.81201
6701030285;46.6987;-1.93422
6702437229;41.41965;9.1782
6702755696;44.48324;3.93317
6702780147;47.68081;-0.48522
6702785604;47.60168;-0.54458
6702806593;43.55149;0.07388
6702839768;43.38986;-1.68386
6703303285;44.58116;1.94647
6703493847;45.74903;5.83164
6703799266;46.16666;0.95538
6705267091;48.70412;-1.84619
6705269994;43.50345;-1.44597
6707830386;48.62668;-2.40352
6709607788;43.20801;2.36643
6710071809;48.03173;-3.48623
6710224934;44.66687;5.70776
6710366502;48.58403;7.76641
6710652685;44.32561;3.59051
6710830664;46.7569;-1.78499
6712033491;46.62884;-0.65933
6712751548;48.80294;2.37255
6715323792;44.71605;4.83586
6715347612;41.37715;9.22042
6715404312;48.57679;-2.00095
6715800192;43.82158;6.22511
6715919049;48.5168;7.7058
6716311022;44.81821;6.48683
6716353200;47.2843;-1.25238
6716353226;47.28338;-1.2547
6716777362;46.66486;-1.44945
6716793373;46.41056;-1.53992
6716836454;48.36125;-4.12216
6717372185;47.95711;-2.28997
6717794492;48.57245;-3.60886
6718323249;42.90517;3.05607
6718435964;45.63886;-1.07506
6718663989;43.72445;0.07478
6720143749;44.86541;4.27484
6720355365;47.76105;5.12314
6720394387;48.51329;-2.76374
6720504729;43.88329;1.59214
6721219016;47.57084;-2.85764
6721243940;47.58017;-2.85608
6721440885;48.38382;-1.9794
6721677292;45.96404;-1.38548
6721697666;42.41649;8.65694
6721726426;46.2779;6.57506
6721750282;43.92543;4.26307
6721899487;48.6409;-2.40646
6721899489;48.62224;-2.47331
6722712386;44.92841;4.88546
6722712585;46.19856;5.23548
6723501617;45.18728;5.70901
6723634565;43.69815;6.99994
6723665465;45.18436;0.72119
6724446389;46.32436;-0.45152
6724791085;43.37051;1.10502
6725108282;48.17962;7.32103
6726016600;43.18126;3.00697
6726037545;44.94465;1.70415
6726131569;45.06431;4.83774
6726171871;47.51875;-2.30062
6726231532;48.61897;-1.84894
6726347173;43.97901;3.71788
6726781552;48.72376;2.36629
6727038346;43.67563;4.6256
6727304203;47.44727;-2.45312
6727798960;47.3158;-2.45236
6728175289;45.72284;4.76044
6731724985;43.67072;3.35482
6731735178;42.46764;2.58003
6731995687;42.4603;3.15573
6732375235;48.26027;-1.39925
6732654530;43.62814;2.49703
6732664537;45.90654;6.43019
6732702016;45.95927;6.47668
6732758720;45.90321;6.86051
6732852822;43.43419;6.74308
6732937404;44.21496;5.93666
6733394032;44.85618;1.82198
6734382387;48.3119;0.99103
6734903771;47.09646;-0.08699
6734928805;47.64308;-1.23395
6734928834;47.64178;-1.2402
6734929018;47.67914;-1.18543
6734964884;45.82734;0.68826
6735254588;43.10106;0.70325
6735290152;44.61986;1.21074
6735384365;48.56917;-2.81754
6735566898;43.07963;5.8048
6736512403;48.38325;-4.34675
6737895065;44.75085;1.37741
6737939131;43.00542;-0.09554
6738047400;48.7893;2.13778
6738666127;44.46234;4.84163
6739775249;49.88572;2.50874
6739775284;49.88702;2.51336
6740052538;47.67909;-1.73495
6740060373;47.72343;-1.73212
6740060374;47.72386;-1.73132
6741747642;48.60591;-1.8009
6741826185;47.09026;3.19287
6741852086;47.85648;-1.47823
6742070433;43.47476;0.9163
6742276438;47.2937;-3.08188
6742336857;42.99089;-0.20317
6742336859;42.99098;-0.20319
6742439600;45.27158;6.09606
6742474046;47.7901;-3.48824
6743093268;45.82349;1.26957
6743617786;44.46566;6.75391
6743650354;48.13366;-2.65816
6743727787;46.74053;1.82956
6743971010;44.65219;-1.19586
6744447510;43.97063;6.19079
6744828810;43.66981;4.14615
6745477734;49.91172;0.98243
6745583959;48.8601;-3.22698
6745693366;46.35618;2.80288
6746798259;47.09817;0.43892
6746843394;48.21502;-4.07363
6746969715;46.34092;5.52512
6747005635;47.34405;-2.41889
6747100890;46.89794;-56.30082
6747115841;47.06748;-56.28538
6747200447;43.56791;2.3104
6749341897;46.84739;-1.87746
6749365890;48.76971;-3.58481
6749365891;48.76964;-3.58491
6749424186;44.367;5.77098
6749835232;45.03053;6.36327
6749835237;45.07172;6.20465
6749835256;45.08758;6.14895
6749932614;46.67966;5.55941
6749932615;46.66862;5.53576
6749948913;45.03691;6.04187
6750606908;43.63538;3.87099
6750692986;43.39899;-0.93799
6750746430;43.37883;-0.85027
6751056373;47.0696;-56.29142
6752648235;43.29055;5.57058
6752897949;43.2424;5.36766
6753122878;47.09734;-56.38411
6753130584;47.93173;1.66423
6753192386;48.28145;0.01955
6753261846;46.77985;-56.17131
6753267915;46.78322;-56.16911
6753492384;47.67163;0.61108
6753934274;43.57382;2.35092
6754309344;48.50026;-2.76073
6755499824;46.94938;-1.19048
6755729119;47.38183;-2.54671
6755821811;47.34871;-2.49011
6755849785;45.81806;5.42907
6755849885;45.81811;5.42907
6755888265;47.90338;1.46176
6756060285;46.01909;5.92947
6757021857;47.37263;-2.5487
6757170548;44.75815;0.40868
6757186885;45.77664;5.48347
6757380381;46.25663;6.53085
6757496280;44.8757;5.37957
6757544282;44.28211;6.39131
6757643649;46.00541;-1.39055
6757747481;46.7895;-56.14651
6757750001;46.78628;-56.15061
6757806204;49.26072;3.96412
6758144284;45.05146;4.39514
6758153617;45.22453;2.81726
6758165382;45.05035;4.38642
6758243866;45.47552;3.44565
6758978469;43.43226;-1.59694
6759057377;43.63492;3.87054
6759063204;43.63461;3.87081
6759071506;44.84294;-0.57749
6759080299;47.55397;0.57476
6759148098;45.55348;5.74348
6759260739;47.55574;0.59573
6759296134;47.45737;-2.49752
6759558658;42.50217;2.11305
6759860158;47.54147;0.33813
6759868299;49.27979;0.43938
6759984126;43.63415;3.8705
6760212367;48.60808;-1.45188
6760280968;44.52357;6.39815
6760413702;45.73741;4.46599
6760433749;45.73861;4.46479
6760433750;45.74077;4.46282
6760433751;45.73774;4.46464
6760472903;44.15148;1.74937
6761325185;48.67328;-3.92267
6761527508;46.4077;2.73447
6761573047;45.24169;4.66789
6761628269;44.48876;0.18155
6762035473;47.43757;-1.53813
6762087952;47.88958;-0.23738
6762230844;44.27713;6.39096
6762542714;48.64277;-2.02462
6763539282;47.39263;0.68382
6763913342;46.76489;-56.17906
6764146199;43.49132;6.04298
6765374357;45.57263;6.6505
6765471127;46.89194;-1.4837
6765869725;44.29132;-0.26195
6766396023;43.24425;5.37059
6766453897;43.67358;4.63709
6766488710;47.24609;6.88253
6766551276;46.55252;3.13221
6766582544;44.383;4.41379
6766623469;44.9947;5.77609
6766826539;43.36008;2.16972
6767721154;47.85553;-3.90192
6767749186;47.85616;-3.90162
6768554040;43.31081;3.54331
6769010459;45.75721;5.69049
6769075486;45.7592;5.68555
6769216885;45.52503;2.51419
6769448359;43.36004;2.16514
6769781936;48.57704;-1.09172
6769886433;47.0941;3.00367
6771134908;48.69546;6.16568
6771344168;47.44463;0.49915
6771431742;46.59123;0.94951
6771830085;46.27183;4.76964
6771932302;46.11201;2.1767
6772276408;43.36239;2.17016
6772278052;46.1636;1.85262
6773992795;45.83634;1.26781
6774458061;47.30201;0.06473
6774715155;42.54603;3.02244
6775007501;46.13485;6.13287
6775773820;47.86713;-3.90639
6775773821;47.86638;-3.90763
6776601121;49.49307;0.09445
6777082437;48.59398;-2.22392
6777082442;48.61356;-2.24424
6778918908;46.84248;-1.49376
6779129385;47.33227;2.84169
6779129387;47.32978;2.83585
6779532488;45.59519;-0.99193
6779688766;44.56403;6.49392
6780261144;45.85237;0.76492
6780522962;46.35344;-1.25107
6780636445;47.42309;1.14688
6780721232;44.79875;4.84532
6780831960;47.26769;-0.50136
6780882105;46.99992;-0.64274
6781028615;47.8436;6.56453
6781215378;47.16466;0.23527
6781223602;47.16481;0.23446
6782585689;46.20421;-1.35442
6782981418;48.65804;-4.17477
6783226544;43.634;3.86892
6783226558;43.634;3.86891
6783371184;47.27173;0.60065
6784798810;43.27286;6.5216
6784889144;43.31072;2.21374
6784946129;45.75939;5.683
6784957256;45.75676;5.67652
6784963751;43.16578;6.51976
6785831600;43.90829;5.34582
6785966220;48.16575;-2.99635
6786046134;43.90763;3.74491
6786212599;44.95562;4.10016
6787369386;47.07141;1.66108
6787565642;46.64045;-1.7128
6789030878;43.71589;2.61446
6790072645;44.79241;-0.6227
6790201464;45.75552;5.67754
6790611197;44.79587;-0.61695
6790885706;46.91507;-2.04405
6790885805;46.91677;-2.04663
6792352201;43.28304;3.47442
6792364418;48.36887;7.59352
6792663057;48.10819;7.28436
6793514652;46.94312;1.22408
6793596974;48.87444;2.39929
6794692437;48.50105;-2.76225
6795476386;48.08424;7.2675
6795573246;47.26738;-2.45379
6795713787;46.97729;2.0691
6796405185;48.83446;-3.51053
6796405186;48.72621;-3.98558
6796405187;48.61905;-2.01177
6796583081;48.64798;2.29952
6796804694;45.06179;-1.12635
6796815285;43.98608;7.55425
6796999658;43.6237;2.32586
6797014685;43.24188;-1.28439
6797137946;49.49443;0.10272
6798325986;47.23214;5.98539
6798596930;44.18495;2.30586
6798970723;47.42364;-0.55152
6799137098;44.35698;5.13736
6799151616;48.19164;-3.98258
6799151624;48.19006;-3.98545
6799500864;43.6901;7.22892
6799651035;49.45005;0.27097
6799670021;49.529;0.35853
6799681895;49.54566;0.19249
6799681896;49.54581;0.19247
6799850658;49.90411;0.92521
6800445591;44.09576;7.35703
6801335686;46.94187;-2.17675
6801823085;42.70246;2.88462
6801907986;42.702;2.9021
6801956702;47.25617;6.55325
6805213887;45.98396;6.92726
6806168327;46.79793;-1.13025
6807309607;47.51331;-3.12743
6807565227;43.22854;5.43914
6807590136;45.75982;5.69148
6810639666;-22.21013;166.45353
6810864180;46.83159;-0.88248
6812839985;45.89308;6.71095
6813629282;46.83285;-0.86017
6814009653;44.66182;2.55834
6814311187;43.09832;-0.04122
6814686242;48.76858;-3.58639
6815205685;42.70734;2.90157
6815239480;49.29717;-0.37327
6815241993;45.70612;4.8882
6815373417;48.83702;-0.8924
6815493818;48.83705;-0.89241
6815623412;46.31828;4.84081
6815778449;47.41271;-0.85433
6815840144;43.53528;4.64419
6816005760;45.67392;4.75447
6816005761;45.67781;4.75098
6816594418;-22.30169;166.44212
6816594419;-22.30129;166.44245
6816594420;-22.30128;166.44289
6816594421;-22.30141;166.44292
6816594422;-22.30158;166.44307
6816594423;-22.30209;166.4426
6817029353;48.80002;2.18362
6817531686;45.71692;6.5742
6817967311;45.26379;6.80708
6819183399;45.8945;4.58741
6819279585;42.6897;2.91515
6819317497;46.23058;-1.13965
6820015483;47.03306;-0.60616
6820331122;45.90047;6.12175
6820331126;45.90128;6.1192
6820664524;48.26085;-1.39803
6822268639;48.68855;2.11541
6822323754;44.66781;0.39591
6822418885;45.18724;4.63734
6822449393;-20.89189;55.51266
6822726648;49.15746;3.91115
6822771116;43.58526;6.66664
6825171485;42.67951;9.30165
6826430792;43.49881;-1.45674
6826715285;43.47892;-1.49874
6827411409;47.50537;6.79561
6827493523;47.52926;6.85597
6828289673;46.86041;-0.2516
6828425882;44.0234;3.30472
6828425883;44.02339;3.30471
6828693543;46.58606;5.6981
6829493698;44.94634;0.80848
6829622809;44.13205;4.80904
6831181410;48.23124;-3.40869
6831653952;48.69777;2.16499
6832111287;45.61415;-0.99094
6832377685;45.01035;4.39471
6832410437;45.84864;5.80766
6832804680;46.28757;5.2932
6833043432;45.83752;6.57069
6834195207;47.75812;-2.76662
6834315138;47.38645;-2.52837
6835577372;45.86069;4.71205
6835751312;48.89413;2.35176
6835821317;45.05118;4.27628
6836398757;48.81933;2.33771
6836844286;43.77364;2.10387
6838087287;43.83423;6.84253
6839466109;43.69895;1.81544
6839933753;46.06775;-0.41576
6839984514;49.49082;0.10511
6840038076;49.49033;0.10591
6840236482;45.76198;5.68412
6841770693;48.31371;-0.61281
6841900075;48.02972;-0.62718
6841900644;48.02903;-0.62672
6843965785;49.66879;-1.87658
6844124385;46.55758;4.99995
6844667189;46.56218;5.00558
6845024033;48.41494;7.67156
6845254949;48.07456;7.38856
6845971598;-22.4771;166.46793
6846969767;45.76119;5.68637
6847215070;48.45353;7.19974
6847285988;44.15192;1.86054
6848063448;45.18716;5.71368
6848221940;47.90769;1.89375
6848286294;47.46661;-1.67985
6848392294;48.39677;-4.38393
6851292370;48.05486;0.25309
6853076590;44.39242;5.47127
6853077608;44.39244;5.4703
6853661152;44.37749;4.41951
6853690120;44.11463;3.49127
6853700631;45.3466;4.81667
6853890547;48.29637;-1.51766
6853985359;48.16321;7.31828
6853996522;48.16204;7.3175
6854195223;43.35474;1.55
6854817851;47.68328;6.49336
6855137371;43.3083;6.63824
6855191027;43.70705;3.83384
6855712468;47.71329;-0.95639
6855712469;47.71329;-0.95637
6858411369;43.52677;5.44553
6859828108;48.7061;2.58614
6862116560;46.98475;-1.2318
6862116565;46.9835;-1.23133
6863346836;44.81504;2.31541
6864773891;43.91853;7.26327
6868209349;48.19387;7.33782
6869178061;47.20055;4.17654
6872496972;43.53368;4.13878
6873274587;44.56868;5.27698
6873275186;44.50958;5.34768
6874918379;47.01324;-1.11828
6876287792;44.85631;2.19926
6876964985;43.85549;3.38628
6878795460;46.51329;-1.48455
6878809848;43.60471;7.06482
6878809849;43.60225;7.0761
6879420425;45.19795;5.77784
6879420426;45.19793;5.77784
6882634686;45.13793;2.10013
6883170196;45.59463;5.29852
6885600162;43.70366;4.64453
6886072946;44.33351;3.89569
6886935781;43.62432;1.34006
6887962961;46.67742;-0.84744
6893367458;49.57479;-1.62719
6893582986;48.11655;-1.36122
6895718656;44.70137;4.45793
6895968949;44.94719;-0.24545
6896050787;43.10605;3.08801
6896237314;48.3617;0.87408
6896703535;43.53551;4.75362
6897550225;44.72637;3.83669
6897709043;47.509;3.99164
6898071186;44.89391;-0.7149
6898145449;48.63645;2.14764
6898145450;48.63641;2.14767
6898320447;45.94056;4.61721
6898796051;43.52571;0.16225
6899622522;46.57452;-1.50593
6899736084;45.33953;4.85646
6900063391;43.54161;6.78592
6902293477;44.15966;1.89406
6905505116;46.90353;-1.37886
6908884229;43.48182;2.37649
6908935090;42.75445;2.99429
6910882279;43.76732;4.89292
6910882281;43.76612;4.89283
6913021318;48.27437;1.04852
6913687892;49.51989;3.31379
6914994302;48.54253;7.4924
6915093744;46.40023;6.58225
6915093747;46.40037;6.58255
6915839893;49.03338;2.67894
6916765710;44.17235;4.15851
6917092431;47.0994;0.30291
6917119995;47.01555;0.31857
6917443501;46.62457;-0.34877
6917896351;44.87443;-0.62099
6919219704;48.81803;2.30785
6919807636;46.53497;-1.21874
6923406260;42.83821;3.03401
6923932281;44.92556;0.75193
6924350690;46.26249;5.17469
6925257167;45.10244;-0.64341
6928033219;44.21521;-1.29725
6928329418;48.40349;2.46957
6932443140;46.07293;-1.09324
6933028266;45.76188;4.84039
6933197047;44.72777;1.93019
6934499046;47.36109;1.74174
6934697913;47.11887;-2.16472
6935149406;47.21155;0.94865
6937812866;43.21959;-0.88546
6938746965;46.46579;-1.62164
6938772281;46.46639;-1.61933
6938996790;46.84248;-1.49377
6939689421;48.82972;2.24051
6942465285;49.2551;4.02539
6943354846;44.70752;-1.05405
6944281086;43.54673;7.01417
6944525740;48.86585;2.32401
6944941289;44.87894;-0.60082
6948130475;45.76208;5.68843
6948141037;43.96652;5.8873
6950723680;48.68147;6.1982
6950725894;48.64242;6.18268
6951037693;44.64797;-1.03694
6951169647;47.78643;3.58769
6957716089;44.69739;2.08934
6960249270;44.35507;2.92986
6964500386;45.66598;2.72409
6964537327;47.74797;-3.08378
6964537328;47.74805;-3.08392
6964768055;45.63128;4.78338
6964916896;43.1195;5.80181
6964917091;48.46125;7.48365
6965016667;44.36627;4.53418
6966232593;46.06646;6.31553
6967214924;47.89939;1.92437
6967218878;47.89893;1.92159
6968042958;43.65949;7.19716
6969853018;45.9134;4.09293
6971857646;46.46888;4.05409
6972032551;-21.0016;55.27695
6972324527;48.82692;2.36612
6972808499;-21.04787;55.34196
6973846992;43.9574;5.59168
6974321782;49.69446;-1.40968
6976192012;48.68283;6.16043
6976192013;48.68283;6.16051
6976192014;48.68284;6.16043
6976192015;48.68291;6.1614
6976192017;48.68289;6.16134
6976192019;48.68285;6.16051
6981387511;48.50343;0.1011
6982122926;46.61115;-1.57641
6982291295;44.76656;-0.60793
6982694889;44.60627;-0.94028
6983125950;47.40253;-0.9226
6983262360;48.70182;2.13349
6984298849;49.24262;4.04236
6984318153;49.26638;4.04553
6984332481;45.85571;6.18885
6984432403;45.86379;6.18692
6984476486;49.25467;4.02772
6984533225;49.25711;4.02534
6984977885;49.23252;4.04831
6985156585;49.22359;4.01406
6985168996;49.25575;4.02017
6985224151;45.89412;4.4232
6985279585;49.25463;4.03467
6985289660;42.66503;2.83682
6985629358;47.28242;3.82257
6986266566;43.70414;7.30992
6986352124;43.70429;7.32117
6987068368;46.25264;6.32817
6987262305;45.11013;0.9148
6987428111;45.17987;4.93033
6987487736;48.69366;6.16646
6987487738;48.6845;6.15908
6988014162;44.65143;0.08022
6989456515;44.87565;-0.65199
6989896241;44.8612;-0.52475
6990552601;48.64732;1.85751
6990575759;46.28957;2.65904
6990575760;46.28763;2.65826
6990625765;46.28656;2.65093
6990954533;44.23129;-0.98478
6991837670;43.97425;5.67241
6991837674;44.36297;6.62721
6993619778;49.10081;6.70924
6993619779;49.10436;6.70564
7004526656;49.19717;6.69136
7006509367;48.81487;2.21103
7006555742;-20.89521;55.54065
7007061639;5.09757;-53.05039
7007816532;48.82715;-3.51122
7008880887;48.02249;6.78732
7009722991;49.76599;1.74376
7009875978;48.91329;-0.4749
7009875981;48.91459;-0.47446
7010204685;43.42287;-1.59856
7010614752;-21.3718;55.6015
7011556312;5.05026;-52.60422
7012047962;46.45978;-1.33734
7012176959;-17.52678;-149.54993
7013276132;46.40645;-1.26774
7013276608;46.39871;-1.30226
7015031630;48.33242;4.10392
7015031631;48.33245;4.10392
7019074835;43.42597;-1.60978
7019204800;43.42469;-1.60883
7019900592;44.7766;5.14354
7019960919;43.76992;-0.42702
7020866114;48.83014;2.38176
7021272671;46.26301;-0.71215
7021530945;46.2343;4.70088
7021530946;46.23516;4.70972
7021956107;43.75468;7.39724
7022410734;43.475;2.37792
7023362474;44.62358;0.25546
7023675639;44.62206;0.25761
7024067466;44.6471;0.34102
7025219525;45.48871;0.3651
7026130798;48.84526;2.37771
7028564887;14.72885;-61.17993
7028587486;14.74379;-61.17629
7028587585;14.53814;-61.03432
7030820274;46.39914;-0.66312
7031647283;46.31426;-0.7336
7033506939;43.81082;5.74862
7033724316;43.97437;5.67228
7033724319;43.88148;5.83677
7033724322;44.10451;5.61902
7033724324;43.87702;5.84293
7033724325;44.07008;5.53066
7033724328;43.87411;5.73508
7033784036;43.87927;5.84092
7033784039;43.8584;5.70124
7033784040;43.90422;5.79144
7033784041;43.92481;5.89231
7033784042;43.87749;5.84196
7033784043;43.97125;5.67106
7033784044;43.89198;5.86861
7033784045;43.93064;5.68153
7033784047;43.83238;5.78174
7033784048;43.89123;5.76102
7037125923;43.86075;3.90525
7038118304;43.91307;6.40645
7038118305;43.94299;6.55789
7038118306;43.91363;6.54101
7038118307;44.18075;6.62587
7038118308;44.00318;6.64289
7038118312;43.96897;6.37543
7038118315;43.96869;6.5083
7038118316;44.09757;6.55516
7038118317;43.88672;5.88902
7038118319;43.93746;6.02351
7038118321;44.29109;6.56833
7038118322;43.96739;6.50757
7038118323;44.16908;6.60599
7038118324;43.86961;6.57919
7038118325;43.89836;6.19968
7038118326;44.24037;6.61631
7038118327;43.75928;5.88594
7038118329;44.09077;6.5011
7038118330;43.96615;6.66416
7038118331;44.29004;6.56936
7038118332;43.98527;6.39984
7038118334;43.97351;6.01932
7038572868;47.38482;6.76748
7038735362;47.38545;6.77104
7039244954;44.27858;2.95156
7040194087;43.43437;-0.34543
7041392305;48.75359;7.46619
7041525963;47.67054;-0.24406
7041715906;44.30725;4.47217
7041938927;44.70035;6.86829
7041979944;43.40545;-1.5709
7042340441;43.91963;5.49897
7042359288;43.89567;5.56586
7043594247;44.88422;0.36601
7044532843;49.43296;0.82218
7044689540;47.67008;-0.24655
7046074602;43.55764;1.46312
7046074603;43.55762;1.46314
7046744788;46.63352;-0.50862
7046744838;46.63476;-0.5109
7046798278;46.18589;6.29107
7047284696;48.69174;2.37632
7047671966;50.28179;2.78454
7047690739;50.28357;2.76146
7048526585;49.25832;3.96452
7050188988;48.13211;-1.53462
7051330336;48.68058;6.16614
7051713580;49.45542;0.82897
7052215048;44.38749;5.72959
7052417112;44.45205;5.84207
7052742513;46.77117;-0.64833
7053773322;45.56616;-1.06429
7055042460;45.1914;4.7933
7055226104;46.79327;-0.73381
7055273764;-17.54688;-149.58622
7056166880;46.82133;-0.67001
7056261495;43.92316;6.12834
7056261496;43.92494;6.12492
7056261497;43.92003;6.13431
7056575120;44.192;0.62003
7057439185;-22.66262;167.43985
7057823987;44.37777;2.56914
7057823988;44.37796;2.56894
7057823989;44.37799;2.56891
7057899108;46.82979;-0.3527
7057971685;43.50636;6.9395
7058495613;48.83245;2.37534
7058702170;44.25349;-0.90459
7061767323;50.28285;2.76263
7062750048;43.72648;5.81161
7062757153;43.70228;7.30893
7062966349;43.28434;6.5944
7064003469;48.68838;5.32414
7064653270;46.17684;4.74165
7065776368;43.52348;5.44205
7066580507;45.70487;5.88748
7066600702;47.40303;0.66236
7068132185;44.68317;-1.01594
7068139787;44.74113;-1.09868
7069312745;45.28322;4.44463
7069850820;45.20422;0.13826
7070140478;48.70942;2.16836
7070140480;48.71264;2.16855
7070140481;48.71265;2.1685
7070193429;50.38124;2.33707
7070454522;44.08344;6.22504
7074211187;46.63595;-1.16965
7074412605;47.99731;-1.6079
7074501697;46.92158;-0.96481
7074559156;44.41428;0.67138
7075027417;50.94676;1.85286
7075332436;49.01485;2.54119
7076119678;43.55876;4.08317
7077729085;49.21615;4.05429
7077786280;43.29795;5.38143
7079224307;45.97656;5.31847
7079496785;43.45378;1.61397
7079966481;44.79662;-0.61568
7080292236;43.2412;3.2835
7082781728;48.25501;-1.39675
7083738278;48.11376;-1.60706
7083740694;45.73314;-1.09847
7084029302;48.3889;-4.49992
7084066185;42.72175;2.84367
7084235688;46.639;5.52422
7085975785;-20.93457;55.32062
7086163121;50.82642;2.58563
7086163123;50.82639;2.58549
7086221086;-21.32601;55.47076
7086302690;45.7239;5.25234
7086578281;43.12142;6.12754
7086795662;44.10063;3.08293
7086879025;47.927;1.90664
7087625848;44.93268;4.83689
7087876104;50.68997;3.1804
7088417774;45.31529;6.54352
7088615885;49.21493;4.058
7089190585;44.86571;0.79527
7089255724;49.64877;0.15459
7090467004;44.34899;-1.07082
7090491913;44.44898;-1.25437
7090703777;44.54759;6.62563
7093332160;47.41066;0.99179
7093364708;47.467;0.59934
7093432894;45.33981;4.41743
7093441511;47.4702;0.60898
7095081121;48.00632;-1.84649
7095181494;43.08349;6.15801
7095456094;47.69939;1.95253
7095746653;43.29704;5.37672
7095947086;46.13161;1.18287
7095965867;47.60178;-3.11243
7096054124;45.40942;4.38741
7098259030;50.57244;2.37743
7098411769;49.45016;3.92459
7098411771;49.45016;3.92469
7098411773;49.45017;3.92459
7098634702;48.22047;-1.78555
7098651301;48.82406;2.38687
7098651319;48.85521;2.35906
7098698450;48.83687;2.37871
7098795209;47.99555;-4.10817
7099529237;45.36281;0.96663
7100202939;43.00463;-0.10046
7102183840;-21.04834;55.26699
7102239422;43.97972;3.18671
7103307185;49.52406;2.72272
7105402547;45.54591;6.7559
7106599786;43.54361;4.13066
7106722752;45.65989;4.55948
7107621086;48.54321;7.73952
7109096869;48.08589;-4.48559
7110863021;48.67548;-1.85219
7111581960;48.83313;2.36693
7111679985;42.78542;2.16796
7111926252;44.68848;5.89217
7112330585;42.82944;2.17888
7112330685;42.82734;2.2264
7112414159;43.42528;-1.60977
7116217288;44.73704;4.29395
7116267665;44.85004;0.48737
7121626103;46.02877;5.49968
7122752785;46.05115;3.92564
7122774485;46.30959;3.28935
7124531685;45.96026;6.50318
7124689572;44.30205;1.79193
7126677454;46.67335;0.65327
7129339942;42.56596;2.3833
7130844685;43.43908;-1.58879
7130844686;43.43935;-1.58837
7131148438;47.25023;-1.54711
7131148439;47.25017;-1.54712
7132280375;14.80597;-61.15118
7132767002;44.85901;0.47669
7133078981;43.75777;0.46075
7133114835;44.88575;1.59658
7133475331;48.84222;2.35476
7133475339;48.84895;2.35719
7133644460;48.68369;6.19397
7136843345;47.34737;6.83499
7140939185;47.33097;-1.62749
7141528036;44.63722;-0.32185
7142207856;49.11419;6.16952
7142465401;43.09345;2.30824
7143230375;50.90164;1.81104
7143447435;47.04124;6.25993
7145790156;43.11663;-0.86312
7146257933;46.18032;6.70662
7147034449;44.88957;6.63291
7147054645;48.58536;-1.32659
7148257059;49.77038;0.84128
7148442053;44.08972;6.24778
7148442054;44.08972;6.24783
7148713832;44.84421;0.48579
7149713294;46.46191;2.71488
7150702870;44.8435;0.47803
7151449668;45.9952;4.71895
7151605068;43.9336;5.59061
7151986708;43.9481;-0.39474
7156153300;43.514;1.17782
7156733266;45.92668;4.69112
7160349011;48.89263;2.42865
7160716075;43.70922;7.26088
7160876719;48.89093;2.4077
7160893720;48.87407;2.3294
7160893729;48.85751;2.35328
7160893738;48.87401;2.32731
7167111842;46.72821;0.65329
7168633770;44.88754;1.21562
7171905317;48.84698;2.35443
7171905318;48.84694;2.35436
7171996982;43.31125;5.39055
7172954777;43.55641;4.08241
7173165760;46.26022;4.7596
7177208032;45.92251;6.65447
7177216165;48.16332;-1.63718
7177337843;48.20624;-1.73014
7177558985;49.2154;4.06081
7177558986;49.2155;4.06062
7179108089;45.50853;6.68033
7179334462;45.50641;6.67733
7179369210;45.50456;6.67438
7179414307;48.85125;2.25577
7179684907;48.89873;2.12197
7179768237;48.13088;-1.69565
7183761720;43.48447;-1.47627
7183866285;44.884;1.2139
7187664207;49.24026;4.08588
7188389486;44.63248;-1.02571
7188474462;48.42247;-4.78567
7191418286;45.86204;6.04577
7191821892;44.7552;2.50859
7192016747;45.5713;6.73907
7192708086;45.73105;4.9516
7194819529;45.50746;6.70733
7196037874;45.59674;-0.05596
7197475688;43.65542;1.37491
7199815762;47.16837;-1.72038
7199815776;47.16958;-1.72242
7200413189;47.12318;-1.63512
7203306892;43.53639;1.34596
7203350403;45.01288;5.47181
7204138827;47.51851;-0.46224
7204467676;47.82941;-4.1619
7205621169;48.01737;6.61497
7205655653;48.01792;7.53034
7207063001;45.91325;4.70191
7207830483;48.73265;7.71702
7208852371;45.04686;5.06012
7209336991;43.52405;5.46119
7209337064;43.52359;5.44097
7211682729;45.04705;5.05716
7212447404;45.76892;4.82977
7214649159;44.2397;2.37302
7216712634;48.58535;1.98839
7217167879;45.41802;4.67004
7221310086;44.6464;0.33793
7222110308;45.74563;-0.81071
7222225156;45.69368;5.91046
7222326747;45.54376;5.39706
7226701821;45.11744;1.22829
7227482497;43.01678;0.17748
7229448138;47.71628;7.13351
7229674899;47.22176;5.01095
7233168053;43.3451;-1.6214
7233468908;43.46135;-1.57682
7234411886;49.44948;3.43841
7234700788;45.26331;0.36313
7234848578;45.40262;4.18174
7235015061;47.21275;-1.56506
7235318813;43.87692;7.45129
7236454938;47.49135;-3.11145
7236823638;43.31231;5.38725
7237106198;45.59942;2.59915
7237303478;48.89313;2.42845
7237324366;48.06819;-1.72582
7237324367;48.06827;-1.7268
7237348766;48.06831;-1.72524
7239639585;46.31537;4.84029
7240870434;44.85813;2.30734
7241053605;45.48559;6.52557
7244644087;43.38589;-1.66076
7244998463;44.35644;4.70401
7245725358;44.8934;5.89939
7247405585;43.57322;2.96782
7247518329;44.3138;5.82611
7247817877;48.68234;6.1939
7248028109;48.69155;6.17312
7248115685;43.6145;-1.12664
7249260627;46.11307;-0.53316
7249917145;43.602;1.45448
7249917146;43.60217;1.45456
7251079310;48.85368;2.35901
7251437087;46.42639;0.26173
7251437088;46.42586;0.26299
7251443985;46.42792;0.26415
7252144421;47.79053;3.67196
7252232886;48.68547;6.16401
7252245290;47.50494;4.0342
7252297775;47.1044;4.7128
7252322953;47.11385;4.71156
7252704387;48.44898;1.51791
7253679039;48.39967;-4.47492
7254763976;47.33536;5.07437
7254942760;47.31461;5.02973
7255734385;49.26405;-0.23525
7256094700;46.08918;3.44847
7256147254;45.28947;5.89751
7256343652;48.5876;-1.63471
7257172129;44.80539;0.01677
7257176263;43.13007;-0.46196
7257958135;48.51037;-3.56167
7258281821;-21.01916;55.42521
7259185044;43.90932;-1.36668
7259604686;-8.88872;-140.02768
7259646485;-8.81284;-140.13098
7259731054;45.90443;4.73035
7259777757;45.27773;4.82873
7260151127;44.00184;4.6996
7260589480;48.73209;7.71025
7261068118;44.83089;-0.58833
7261764915;45.3684;4.66285
7261833876;45.69108;-1.05381
7263097951;44.44366;0.61992
7265576025;46.7016;0.36588
7267316822;46.75379;5.62446
7271561713;47.71134;-3.10589
7271721728;46.57365;-0.02302
7272259083;47.66523;-2.9822
7272712060;43.67447;4.13168
7273014756;49.28675;-0.10736
7273971188;45.85471;3.80981
7274747470;44.12458;2.24676
7276677641;49.42564;0.22916
7277451760;45.93546;6.12364
7277537432;45.86433;5.22242
7277545757;48.10451;-0.83482
7279988444;44.66773;6.23087
7281765985;45.14996;0.79954
7283196703;43.41514;6.45499
7284438573;45.84567;5.07058
7285498715;47.36973;0.67486
7285531439;42.99317;-0.41389
7286579439;43.77899;1.56641
7288720185;45.18785;4.79978
7288907859;49.11026;7.07082
7290826387;-8.91453;-140.09505
7291499364;43.39388;3.66612
7292667068;49.03466;2.07284
7292671078;44.96735;2.19056
7293838607;46.19114;2.23991
7294741425;47.76166;-3.12024
7294856628;48.11357;-2.06613
7296672373;43.80954;4.36591
7299246497;43.45608;4.42779
7306331608;44.39631;-1.16516
7307117639;44.36463;2.59845
7308400775;45.61356;5.21292
7316163310;47.81376;3.8002
7318188644;44.91249;-0.24832
7319959502;48.09402;-2.79536
7321612299;47.34882;2.0484
7321612303;47.34808;2.04997
7323206365;45.77793;4.81394
7324083178;48.03733;-3.35083
7326120442;47.51122;2.86786
7326708417;45.50929;4.04335
7326860223;45.37967;3.99518
7331182457;47.85466;-1.47984
7331851253;43.82744;1.29565
7332187080;47.26375;-1.04407
7333422641;44.36567;2.59563
7333422642;44.36565;2.59561
7333422680;44.36556;2.59569
7333422681;44.36554;2.59566
7333425999;44.36586;2.59585
7334666496;43.60326;3.87473
7334666497;43.6037;3.87213
7337273649;47.36549;-1.60523
7340196563;47.204;-0.97552
7340697932;43.54224;3.96851
7340759606;43.60687;3.86721
7340827427;43.36678;1.7839
7346091897;47.14698;5.58076
7347219902;44.87777;-0.57923
7348645066;46.4947;-1.79674
7348699778;44.87913;-0.58537
7348840512;-17.58077;-149.61571
7360183718;47.88323;-1.44101
7362965918;49.21472;1.78172
7363790679;49.26386;4.05636
7364212631;44.77849;-0.57326
7368478328;49.43797;1.0957
7368537483;46.02889;6.50619
7369876623;46.05969;6.62628
7372163952;49.27752;4.05697
7372294179;47.88292;-1.54571
7373736693;50.58214;3.08154
7374769200;48.61127;2.31601
7375432787;47.8833;-1.54527
7376451793;47.62233;6.16059
7380607723;47.79774;3.58516
7387272485;46.42114;-0.68362
7394223355;46.26528;6.37127
7395264010;44.68933;2.65808
7395482652;46.68877;1.6486
7398380099;48.92173;2.02755
7398607233;48.53339;-0.4794
7399307285;43.29831;-0.36673
7399778764;44.51089;2.00361
7401684949;45.41158;2.49666
7402449976;47.57377;1.33857
7402775149;43.92019;5.12051
7406487944;47.88517;6.27361
7410948116;43.60431;2.24505
7414914009;43.61333;4.0094
7417838260;48.10876;1.8522
7418445983;46.67448;5.54031
7418445984;46.67446;5.54046
7419147899;47.85596;-1.51101
7427977839;45.47033;4.40064
7435626023;47.63608;6.85794
7444136934;43.85376;4.62867
7444906876;47.08806;5.50382
7447372703;45.89086;3.09418
7449940164;48.74246;2.35695
7452281976;48.36787;2.80544
7452770954;48.79236;-1.56417
7457389423;43.4776;-1.55323
7458420443;44.22386;-1.22287
7463201676;45.73803;0.53851
7465854699;43.75444;5.20264
7467082376;48.34402;-1.27413
7467769254;46.43482;4.6535
7468049072;47.33142;1.09235
7474098947;46.1983;1.29793
7476710379;47.48327;6.83833
7484928322;44.74176;-1.09662
7487381661;48.27744;-3.56313
7489217578;43.33631;-0.40685
7490573797;45.6083;4.06661
7490959792;-21.56607;165.49657
7496337632;45.05502;5.97434
7496774069;48.90995;-1.34961
7502527072;48.82325;-1.41094
7503862652;48.08195;-0.63944
7504070253;47.51812;6.79072
7505804153;43.45959;-1.5684
7507243247;43.21814;6.61169
7508378454;47.44581;5.59268
7508679971;48.80076;2.30457
7512429091;45.75561;4.89136
7514417759;43.29134;-0.38083
7514793463;43.42756;-1.60741
7517198132;47.44163;0.7462
7522780473;47.51864;-2.64933
7523858494;47.23439;-1.53285
7523858495;47.22707;-1.52712
7523858496;47.22665;-1.51228
7523858502;47.23035;-1.58593
7523858503;47.22748;-1.59139
7523858504;47.2184;-1.60807
7523858505;47.22117;-1.55146
7523858508;47.20527;-1.56466
7523858511;47.1909;-1.52972
7523858514;47.18355;-1.55263
7523858515;47.1818;-1.57022
7523858516;47.17173;-1.55832
7523858517;47.16472;-1.53205
7523858518;47.16362;-1.53178
7523858519;47.14739;-1.51142
7523858521;47.16833;-1.47238
7523858522;47.21737;-1.46598
7523858523;47.24929;-1.48673
7523858525;47.26735;-1.44077
7523858526;47.2663;-1.43824
7523858527;47.29667;-1.39247
7523858529;47.19947;-1.59278
7523858531;47.16776;-1.62288
7523858532;47.17735;-1.62935
7523858533;47.22193;-1.63928
7523858534;47.21157;-1.65359
7523858535;47.21429;-1.68235
7523858536;47.21563;-1.72483
7523858537;47.21117;-1.72756
7523858538;47.20974;-1.73037
7523858539;47.20303;-1.75514
7523858540;47.20125;-1.75513
7523858541;47.19572;-1.72496
7523858542;47.18995;-1.68371
7523858543;47.18787;-1.68337
7523858544;47.14171;-1.6886
7526191685;48.60386;-3.41345
7527680996;48.42067;-0.13362
7533199398;45.75442;5.83715
7533341162;43.30558;-0.33332
7535360672;45.51653;6.64977
7536702634;45.82517;4.86976
7537137299;48.63703;-1.99209
7538507000;44.01997;2.40347
7541490084;43.38742;-1.66793
7541647383;43.39044;-1.65917
7543506113;49.85032;3.28313
7543816033;45.76533;4.91155
7544418726;45.76193;4.91148
7544622487;47.47748;-0.575
7545177557;48.85099;-0.55086
7545574323;45.08863;5.13169
7547301586;50.24314;3.63825
7547611976;45.29169;-0.61346
7547646889;43.38948;-1.65892
7549176101;45.75741;4.84052
7549176586;47.28161;-1.2582
7549341357;43.64125;1.38014
7549614027;47.33034;0.98871
7550340123;47.32709;-0.8163
7550384696;47.17403;-0.343
7551995870;43.63836;1.46208
7552134619;48.84697;2.36141
7552322700;47.66553;5.96703
7552599454;43.77691;7.50815
7553127380;43.85803;5.20258
7553248818;48.45218;-2.04145
7553378588;45.59249;5.29153
7553463587;48.1608;2.33499
7554212323;45.87721;6.40621
7554374452;44.34915;2.45438
7554700987;47.89593;0.12682
7554855216;43.6041;1.43528
7555388264;47.46714;0.01645
7556256108;49.08145;1.62923
7556463493;45.26888;4.49401
7556475170;44.38755;2.33697
7556475177;44.38751;2.33694
7556795987;43.58616;2.44169
7557017885;48.14696;2.70491
7557188893;43.29712;2.6794
7560001708;46.31614;3.40698
7560001711;46.31213;3.39796
7560052881;46.31533;3.39802
7560052882;46.31278;3.40404
7560079885;46.31979;3.40769
7562095335;45.86659;4.19453
7562095336;45.86877;4.19084
7562099485;44.01859;1.38165
7563078288;46.7935;-1.21094
7563092736;49.66073;3.34921
7563804767;44.34378;2.43842
7563937085;43.77687;7.48749
7563941709;43.1812;5.71102
7565472145;43.47689;-1.56095
7566427869;44.38741;2.33449
7566458841;45.77451;5.30812
7570015515;46.76929;-1.30109
7570048472;48.71428;0.43118
7572198248;49.51916;3.324
7574644517;47.06514;0.31766
7574658993;47.06708;0.32293
7574849285;44.8035;4.97927
7574858014;44.80521;-0.65549
7575243871;49.19903;6.69072
7575404361;43.4969;1.31142
7575452886;43.2926;5.42415
7577149232;48.85354;2.3539
7577428107;46.08047;5.4657
7577428113;46.1634;5.57552
7577496495;-22.26601;166.47156
7577864049;44.39351;4.38071
7578280528;43.57922;3.00641
7578381259;46.83157;-2.12962
7579555009;44.12776;1.87933
7579570182;44.37675;1.92362
7581157283;46.64928;-1.43773
7590504854;45.9448;4.59169
7591461750;43.38887;-1.6591
7591491992;43.38918;-1.66073
7591595319;46.26911;6.31644
7591724895;48.81447;-0.73674
7592150834;49.33733;-1.4957
7592336543;49.28728;-1.49098
7593478285;46.1472;4.08473
7594225602;46.9924;-0.95169
7594567111;47.31878;5.02361
7594917719;43.27516;6.57836
7595289610;43.29215;-0.36752
7595387272;43.2925;-0.37012
7597349938;46.97567;-0.93987
7599478012;45.10238;-0.38928
7600048433;43.95416;5.02701
7600057279;43.95309;5.02737
7600139448;49.31275;2.46052
7600270688;49.92621;2.92815
7600644585;45.02232;-0.43622
7600873846;47.22232;-1.55236
7604356298;47.78364;6.96854
7606293034;46.86133;-1.25781
7611905295;44.54576;0.94931
7612024224;49.06586;-1.24067
7612211208;44.73692;2.7289
7612788011;44.48393;6.55324
7614879625;47.67809;-0.04921
7615668238;45.78458;1.99475
7616775338;47.24575;1.3477
7616775339;47.24576;1.34783
7617270332;45.77088;4.87039
7618092801;48.85601;2.37669
7618137531;45.5362;1.79405
7618593152;46.40019;6.5119
7618593154;46.39944;6.51108
7618593156;46.39909;6.50999
7618593166;46.39876;6.50891
7623228309;48.81341;2.29258
7623448040;43.27084;1.6629
7625267348;50.66771;3.1682
7626490597;49.86816;0.79784
7628306721;46.47589;-0.7082
7631606919;43.39028;-1.65612
7631873471;43.38273;-1.65602
7631888087;43.38284;-1.65901
7631898270;43.38151;-1.65441
7633137737;49.30231;-1.24445
7633392810;43.44714;3.65945
7634744309;43.38361;-1.66806
7636231885;45.89884;2.71479
7636727721;47.88337;-2.83286
7639743038;43.61121;1.43552
7643267040;47.4791;1.18206
7643270361;47.47754;1.18343
7643443585;48.41342;-1.92407
7643497585;46.55562;4.82352
7643507885;46.55;-1.00771
7645139275;46.7836;-0.83633
7646480501;47.79266;6.5625
7646510148;51.01697;2.38052
7646922607;43.78248;6.21325
7646922608;42.63699;2.89721
7647322016;50.82975;2.58011
7647521696;48.83533;2.40899
7652578875;47.63654;6.86436
7655214270;48.45066;-0.14449
7655276839;45.03204;5.04717
7656450656;50.36371;3.08602
7656653427;46.74188;-0.84896
7657211101;47.2856;-2.51615
7658083921;46.75971;-0.95868
7658426687;45.46124;-0.43225
7659370682;45.44304;4.38062
7659450741;48.89882;2.39939
7659450762;48.89858;2.39822
7659450770;48.89949;2.40797
7659450774;48.89853;2.39968
7660168985;45.33612;-0.4505
7660402586;45.28768;-0.41006
7661172959;46.25261;5.77791
7661350799;44.50511;4.16486
7663751916;46.27939;4.7447
7666489486;43.20938;2.36009
7666708507;46.67993;4.14047
7667130336;44.99397;-1.20183
7668838901;45.05249;2.14784
7670661092;49.24713;0.37593
7671668539;45.06004;2.23392
7672044156;47.2451;-2.29328
7673177042;47.17166;4.05912
7673373638;48.67261;-3.34621
7673572362;44.49736;0.98863
7673829385;43.4936;4.97503
7674920595;45.13177;5.94459
7675976352;46.43339;4.65822
7676428773;43.38868;-1.68453
7676599811;46.53529;-1.22115
7677283595;45.54688;2.3087
7681505352;44.67809;-1.02083
7682792786;43.85294;1.80977
7683259635;46.53584;-1.22401
7684567430;47.77416;6.99716
7684852742;47.86152;2.82
7684874848;43.26912;6.64004
7684874850;43.27236;6.58559
7686818030;46.94386;-2.18107
7686972102;43.34228;2.25396
7687160985;45.13367;3.99166
7688113550;46.83636;5.70932
7690465485;43.39421;-0.13878
7691586637;43.52433;2.83131
7692155469;45.03652;6.13016
7692262786;47.56814;-3.02003
7693055794;46.15415;6.19316
7693916004;46.89011;-2.13969
7698857049;48.55826;-2.06298
7699750878;46.18661;6.70192
7699842559;44.39972;5.50433
7699856596;43.70679;3.19291
7699856636;43.70811;3.1949
7700446551;45.622;6.78312
7700446554;45.62242;6.7845
7701244443;44.68855;6.25545
7701868740;46.01066;4.37639
7701926824;43.70552;3.18704
7702250885;43.78208;-1.40277
7702716990;48.62482;2.12414
7704484734;46.63594;-1.16964
7704810653;47.86699;1.91157
7705593385;48.56059;-4.33535
7705807189;45.16497;6.42979
7706586187;47.63504;1.4075
7706596664;46.78552;-0.83972
7706617238;47.49991;-2.3785
7706617242;47.49993;-2.37854
7706708930;48.11761;-1.67863
7706708935;48.11781;-1.67872
7707175205;46.55248;-1.83227
7707205987;49.34716;2.97824
7707243063;47.26946;0.8341
7707279831;44.45851;-1.2537
7707382215;43.48669;-0.77368
7707806043;45.02053;5.77643
7709847742;45.28648;1.97543
7710640458;44.87307;5.6774
7711441685;45.28536;-0.70066
7711795287;46.6665;5.81516
7711952608;45.99646;6.93455
7713077876;47.17838;3.01746
7713304184;42.92314;1.03085
7713667181;49.49259;2.00399
7713763986;44.80098;1.2034
7714405314;46.66847;5.81355
7714824485;46.7436;-0.94981
7715623496;42.48446;2.11841
7716915685;44.65982;-1.16768
7717212747;44.24263;4.02263
7717545517;45.49217;2.89263
7720495486;48.64174;-2.46363
7720836017;49.69028;-1.47695
7721536097;45.31623;5.20483
7721734421;45.3611;6.70564
7721811252;44.92311;2.80318
7722193496;48.36949;-4.21409
7723427627;44.91959;2.93481
7723519985;45.88999;-0.59624
7723612686;50.14769;3.22188
7723735785;45.95433;5.34191
7723885101;45.18106;4.92972
7723886085;47.1366;4.9495
7723945285;49.48241;0.77215
7724669066;46.18698;-1.31627
7724770154;44.9207;2.84013
7724827848;48.39999;-4.22858
7725993385;45.2963;6.07979
7726105856;46.74801;-1.7408
7726698583;46.25018;1.77904
7726922073;48.83232;2.3758
7727072781;43.60622;1.44659
7728000144;43.92601;5.25405
7728108847;47.00211;5.66102
7728120185;46.62033;5.82149
7728226011;46.7105;-1.97876
7728227027;47.00241;5.66294
7728245757;48.06737;-3.20747
7728320486;45.97793;3.69733
7728326885;48.59869;-1.51366
7728489161;47.5023;1.4588
7728755951;49.02885;6.92553
7728755954;49.02883;6.92548
7728833626;46.21224;-1.52922
7728871323;48.09072;-4.29936
7730832445;44.11764;3.06833
7731105669;45.11103;4.89654
7731143309;45.21078;6.33806
7731927245;49.92468;1.07024
7733469586;46.6159;5.8227
7734019835;44.74301;-1.09829
7735798090;46.71899;-1.90171
7736952347;46.81058;-0.55955
7737190311;43.77049;6.20916
7737190316;43.4602;6.26288
7737190319;43.52764;6.14851
7737266271;45.83741;4.26749
7737792113;46.77675;6.37355
7737839189;45.90062;6.27627
7738157808;45.60944;1.23652
7738243929;46.27682;3.4749
7739953862;43.53628;6.45476
7739953867;43.53725;6.46215
7739953869;43.59767;6.45001
7740640976;48.83293;2.38447
7740676501;44.94732;2.2292
7741684177;50.29124;2.77703
7741744488;48.85083;2.37031
7741775704;46.10862;5.82555
7741775705;46.30431;5.94361
7743209554;43.42489;6.76717
7743209576;43.42421;6.76891
7743234808;43.42375;6.76875
7743234833;43.42344;6.76942
7743288369;48.06634;-4.25601
7743470685;47.01547;-1.41475
7743505186;43.1282;5.9299
7743898085;46.78991;6.29009
7744255222;47.50481;-2.71026
7745146486;46.86467;4.18975
7745146686;46.86384;4.1898
7745288133;43.40706;6.70658
7745288134;43.4071;6.70656
7745697089;47.28832;-2.51444
7745697090;47.28831;-2.5165
7746885806;46.77685;6.33749
7746922368;45.94711;4.58233
7747682753;43.29849;-0.37155
7748192645;47.92354;7.0298
7750098008;47.28177;0.16888
7750149289;47.28394;0.17156
7750269209;45.82915;1.00808
7750345185;44.97772;2.62808
7751910485;46.26276;-0.34674
7751963088;45.76188;6.33795
7752571652;45.76591;4.66084
7752749727;46.7915;6.29247
7755519279;45.41648;4.51594
7755860086;48.30098;-3.95521
7755889971;43.29581;5.39815
7756277757;48.40553;2.70092
7756451685;45.13032;1.76397
7756454722;44.90545;3.79343
7756582388;45.51591;4.61418
7756601001;50.35927;3.28105
7756803929;45.98784;4.6251
7757316972;46.39562;2.60764
7760507088;43.73253;5.93719
7761122993;47.6289;-3.43745
7761175585;46.93766;-2.16633
7761175785;45.82306;-1.10345
7761427068;42.81617;1.94988
7761427069;42.81597;1.95059
7761461486;47.79113;1.07537
7761900760;47.64754;0.15351
7762438373;48.54125;-2.96789
7763035458;47.28182;-2.49084
7764088379;50.27898;3.96756
7764342085;47.41259;0.98397
7764342086;47.50044;1.17362
7764342185;47.48591;1.11251
7764713786;45.99265;2.76377
7765670175;48.92757;2.04358
7767161034;44.92826;4.88833
7769643786;43.42639;1.89685
7769783325;45.74386;-0.64133
7769804182;46.25856;1.7635
7769819119;45.79016;1.89687
7769962630;45.41316;2.95944
7770141286;45.47024;-0.15299
7770417207;45.1561;3.54034
7771060161;45.70692;2.85875
7771597990;46.65268;4.68353
7772327437;46.33047;-0.67385
7773027159;47.87349;-3.54584
7773111697;44.96267;6.61101
7773777646;48.5582;-1.61317
7775052185;49.27521;-0.70423
7775377103;48.83953;-1.55089
7775795221;47.26184;3.93731
7777552485;42.53306;2.39302
7777634003;50.45222;3.3655
7777781785;43.78461;7.51303
7778202100;46.37367;2.4782
7778216275;45.53933;4.85373
7778299737;46.34302;6.35856
7778303469;46.34467;6.35946
7778314389;45.81007;5.78793
7778314485;46.3442;6.35828
7778315673;43.72349;7.41046
7778318266;48.36521;-4.53845
7778320102;43.88035;5.1059
7778321724;48.36544;-4.53914
7778322225;43.72531;7.4108
7778344338;43.72731;7.41134
7778390148;46.34587;6.3595
7778457386;45.67772;1.00242
7778739535;43.77825;6.33784
7778766190;48.80483;2.33918
7778790131;47.98073;-3.0446
7779081373;45.35756;6.30301
7779210264;45.60463;4.06764
7779234081;44.02879;4.07464
7779399805;43.59754;1.44505
7779921568;45.02927;1.78362
7779933367;45.09125;1.72364
7780215693;44.02794;4.07319
7780215717;44.02777;4.07183
7781850624;47.30573;-1.03068
7781850809;47.33551;-1.03852
7781925090;46.00283;5.29213
7782080536;43.84551;6.50981
7782091583;49.64159;-1.62095
7782162513;49.50453;-1.47278
7782162525;49.39299;-0.98662
7782271000;43.83858;6.02213
7782889496;44.70767;2.49933
7782889509;44.70255;2.41368
7782889511;44.70303;2.41345
7783032112;44.06085;7.12921
7784190675;47.07556;-0.84382
7784419047;47.61658;-2.71267
7784554891;43.47445;-1.47776
7786790805;47.39773;-2.29956
7787526793;47.19072;-0.29874
7787711557;43.51154;-1.20436
7787835773;51.04704;2.41677
7787852132;47.91617;-3.33478
7787890098;43.48426;-1.14065
7788373076;46.7447;0.06147
7791907486;48.67116;-4.32785
7792140479;43.33345;-1.31696
7792169438;43.39715;2.37123
7792191894;43.39946;2.42792
7792330657;44.31459;3.2429
7792403159;47.68517;-0.85741
7792408795;45.90907;-1.26308
7793850036;43.34795;-0.37816
7794598152;44.36419;3.7427
7795105601;48.85152;-1.58299
7795466185;49.30167;-1.23057
7796346555;43.67431;4.12996
7796380974;43.27914;2.23048
7796459675;45.4181;2.7249
7796819886;42.95786;2.56753
7797236595;45.0684;3.74961
7798116602;49.63424;-1.84535
7798249976;47.77524;6.77902
7798343186;47.07544;1.81366
7798423244;42.98425;1.78223
7798942420;48.39077;-2.06424
7798942421;48.39152;-2.12701
7799077056;48.83267;2.37533
7800225713;48.66958;-1.33116
7800275885;43.06475;6.1476
7800490181;50.34153;1.55053
7801087352;43.52674;6.94916
7801152266;43.95482;-0.1612
7801192385;45.4423;4.23888
7801588308;45.89621;6.64437
7801619934;47.61785;-1.75187
7801707985;44.76932;-0.31137
7801967943;47.34304;-0.23151
7802005392;45.92172;6.60995
7802032641;42.83341;0.9868
7802049090;47.24054;-2.16583
7802187855;45.88866;6.62249
7803251115;48.55272;-1.5051
7803618114;46.07788;6.40912
7803862600;47.4544;-1.28134
7803862626;47.46143;-1.28167
7803864685;45.42835;1.30578
7804481285;45.93647;-0.95756
7804759778;45.89653;6.64096
7804928619;46.98221;3.16064
7805026638;43.30475;-0.37462
7805074561;47.85539;2.2348
7805074562;47.8564;2.23227
7807501643;45.97862;4.28172
7807511880;44.39023;6.56738
7809538036;45.85373;5.26247
7810338600;46.77477;6.03681
7810424284;44.93565;6.594
7810495791;41.63753;9.34722
7810515628;44.92619;6.6075
7810785612;47.28612;-2.3898
7811040904;43.21625;6.614
7812159628;43.33343;-1.62341
7812169220;43.35576;-1.56884
7812249285;44.88361;1.35295
7812357885;43.80511;4.6433
7813241633;45.65461;5.86483
7813318997;46.65543;2.69036
7813584704;47.4674;-1.86342
7813587390;46.02589;6.63849
7813596713;47.4586;-1.67454
7813861452;48.56934;1.99058
7814574925;44.36029;6.58604
7814583885;45.6555;5.86406
7814594486;45.65425;5.86391
7814594585;45.65523;5.86544
7814664037;46.55806;6.06924
7814742503;46.00899;3.93576
7814916208;49.22955;0.72064
7814993725;46.98816;-0.45095
7815042365;47.88219;-1.54222
7815075860;45.57985;-0.98686
7815358386;46.30796;-0.65199
7815419694;45.61202;4.05539
7815559685;47.33978;-2.8779
7815567985;46.1091;1.36899
7816143949;44.59672;5.52849
7816788750;45.39799;0.13118
7816880221;-22.27423;166.44095
7816905085;45.9133;6.85325
7816941116;48.69073;-1.87489
7817112724;48.41145;-4.54872
7817117985;45.5864;1.98081
7817225511;45.22463;4.55179
7817274285;48.542;-0.3018
7817764178;48.57039;-4.59586
7817834137;45.45069;4.39399
7817878212;45.42876;4.41422
7817966556;43.6728;4.63382
7819954056;44.91838;6.41626
7819979940;44.9375;6.41168
7820187185;46.05397;-1.08905
7820374785;45.58477;6.24812
7820683906;43.15635;6.47552
7820939728;46.12211;4.3068
7821055714;48.55588;3.30178
7821071224;45.74386;-0.62768
7821182632;50.47721;3.40328
7822275525;45.45033;4.40384
7822618872;42.08007;9.05273
7822755083;49.48954;-1.50403
7822817926;49.03161;7.76897
7822817936;49.03166;7.76606
7822818213;45.86486;3.85679
7822825835;49.5068;-1.46933
7822839427;45.87295;4.13585
7822887564;45.96391;4.00783
7822980334;46.00736;3.93664
7823704576;47.02616;4.12004
7823720552;47.01401;4.23437
7823823086;46.06651;3.91482
7824145762;45.44251;4.40168
7825265120;47.42526;2.05133
7825599331;47.12255;-1.41763
7826264722;46.00542;6.53726
7826272577;47.44881;3.77558
7826305325;43.88281;0.3807
7826472563;47.77333;-3.60773
7827793409;45.61816;5.22739
7827848065;46.35236;1.82738
7829794344;45.83567;-0.65017
7829816786;45.78686;6.69409
7829943085;45.82089;6.72783
7830163085;43.24151;2.76721
7830203270;45.45744;6.29316
7830537750;48.21575;5.83273
7830593600;43.94996;6.81201
7830938997;48.50863;-2.76141
7831821741;45.14644;0.52999
7831821742;45.14483;0.52734
7832059964;43.88044;0.38006
7832149171;47.39363;0.0539
7832283085;49.30034;-0.37972
7832503577;49.29572;-0.37721
7833673727;44.8227;-0.60167
7833706766;46.70822;3.97429
7834154358;46.03336;6.93303
7834290584;50.7697;1.61183
7834447027;50.74386;3.14805
7834492088;43.712;-0.83894
7834515307;45.24278;-0.58005
7834856435;45.39508;0.1567
7834869286;47.26955;-0.0814
7835079085;45.90673;2.75564
7835138002;46.63317;1.0643
7835363499;46.08393;6.72605
7835544062;48.18251;2.75517
7835800798;48.78016;7.81673
7836063515;48.40956;2.69466
7836063516;48.40953;2.69459
7836063534;48.40977;2.6952
7836063535;48.40979;2.69527
7836306659;48.50794;-2.76724
7836382502;48.06749;6.95079
7836382520;48.06749;6.95076
7836576823;44.84155;1.75326
7836655888;50.80613;1.60044
7836998220;43.90859;-1.36414
7837146055;49.24904;4.02601
7837232072;46.94345;1.31389
7837262933;44.8405;-0.60683
7837283535;45.56786;-1.06434
7837353692;44.52222;3.50196
7837504971;45.90022;-0.61974
7837638957;43.94521;6.51568
7837696329;45.34178;2.75865
7838038415;44.85413;-0.58657
7838084096;45.13312;4.05486
7838126505;43.63388;2.42978
7838126744;43.70579;2.69158
7838126756;43.70597;2.69093
7838130475;43.64835;2.77673
7839019604;48.19443;-4.30229
7840495626;46.20381;3.43251
7840622480;43.47046;2.54432
7840781724;45.06097;5.34467
7840821007;45.43091;2.50185
7841010094;47.01258;0.32475
7841058113;48.58914;-1.92041
7841090809;45.91107;-1.26199
7841364312;43.74285;7.42635
7842623685;47.76777;-3.55467
7842956463;45.97485;6.80055
7843062456;43.2856;5.56017
7843767183;47.44181;2.80935
7843800198;43.65852;-1.42988
7843856903;42.89219;2.19814
7844030631;46.888;-0.92964
7844220813;48.40142;-1.89689
7844374436;47.40946;2.92542
7844412128;43.91072;-1.37133
7844412205;43.90792;-1.36936
7844412207;43.90698;-1.36805
7844412208;43.91038;-1.36733
7844412210;43.91079;-1.36842
7844412212;43.9118;-1.36772
7844412216;43.90994;-1.36869
7844412217;43.90939;-1.36797
7845884260;43.6514;4.67044
7846028080;43.67296;0.42828
7846116623;42.7908;1.33331
7846267064;47.86453;-2.94376
7846270930;45.08104;5.08586
7846446497;48.74438;-4.01249
7846550447;48.71674;-3.96736
7846550448;48.71535;-3.96706
7846562191;42.87619;2.17639
7846635736;49.28603;-0.11848
7846675585;46.04021;6.12143
7846677186;50.1088;1.45368
7847351855;45.39066;2.29073
7847678227;50.42773;2.83245
7849187244;43.63867;5.09544
7849420163;48.62974;6.15401
7849704185;47.81784;-2.80795
7849913494;47.13465;-0.1092
7850351996;45.25668;5.02884
7850822119;48.33209;7.68107
7850877675;46.39017;5.86046
7851268014;43.15097;6.3402
7853337175;43.64457;-1.43385
7854116748;46.76258;0.47937
7854986451;45.94537;6.68924
7854988048;45.16131;6.49462
7855108910;47.23245;-0.29424
7855271688;-12.80281;45.28293
7855971674;46.40735;-1.54657
7855996653;44.36141;6.78744
7856105522;44.66347;-1.16698
7856247985;45.2538;6.26138
7856299469;45.80976;6.51954
7856399497;47.59308;7.57878
7856487869;48.91141;2.28757
7856529633;44.81513;-0.60902
7856686095;44.87984;0.94739
7856777250;45.62364;3.20059
7857689714;47.39907;-0.3746
7857720223;47.20064;0.14506
7857870820;45.74038;6.37105
7858071459;45.6653;0.18942
7858211672;47.7079;-3.35647
7858351040;51.04613;2.39115
7858568985;47.06761;-0.06948
7858706768;45.80973;6.51956
7859245834;48.32757;-4.16248
7859385159;46.91659;0.06035
7860880166;50.12884;3.42862
7861324639;45.35256;6.30419
7861898030;46.38268;1.68167
7862049403;47.781;-2.51355
7862430249;43.44692;3.66229
7862913969;47.86675;-3.23369
7862967547;45.7664;-0.49632
7863762880;45.82998;6.22037
7865484750;47.93461;-0.89609
7865525213;44.83828;4.89291
7865913994;45.10195;1.94401
7865913995;45.10193;1.94406
7866533301;45.20823;5.65714
7867171946;46.39182;1.62227
7867309400;47.21589;-1.55934
7867600586;44.07352;0.89669
7867816585;44.07118;0.89931
7867821261;47.89725;-1.75388
7869024256;44.57628;6.36191
7869028361;46.41804;-1.6288
7869079480;45.79675;6.18888
7869397366;45.0655;2.07783
7869710403;48.89713;2.36285
7869710431;48.89636;2.36367
7870931762;45.96924;5.81037
7871581096;48.62252;2.12443
7872715355;46.68256;5.57928
7872715356;46.68263;5.57916
7872723819;46.67257;-1.43562
7872730866;45.20099;4.95723
7872730867;45.20105;4.95513
7872730868;45.20013;4.95667
7872903133;49.1073;7.06909
7872981539;49.35096;0.93364
7873520312;43.64706;0.5834
7873626012;44.25791;5.10849
7874723951;45.36052;5.59055
7875220963;44.86913;1.04846
7875555004;48.61797;2.12362
7875748086;45.77062;2.96244
7875780485;46.16636;1.85376
7875809225;48.6161;2.12725
7876416661;45.0464;4.03547
7877426927;44.33876;3.46978
7878059385;47.21414;-1.55295
7878179941;48.45628;-2.05521
7878551288;49.46376;6.17899
7879043485;45.67214;6.31173
7879912433;47.45191;5.59929
7880262404;50.61665;3.13222
7880262405;50.61669;3.13217
7880524942;47.05124;-0.26275
7880541084;48.66883;2.12108
7881196336;48.73346;2.20775
7881307989;45.97456;-1.23903
7881464033;48.70753;2.33567
7881558177;45.69651;-1.22668
7881760732;43.88275;-0.52079
7881789461;47.34662;-1.28771
7881920727;47.68322;6.03989
7881928164;47.5234;-1.1829
7883056285;44.44857;4.30733
7883097964;43.29625;5.37593
7883985811;45.59996;-0.05445
7884549863;46.37349;6.47782
7884882863;42.67621;2.61213
7886987660;48.15378;-1.68219
7887082491;43.84712;6.22174
7887304750;49.1308;-1.41203
7887705731;46.76284;0.48255
7888022748;45.28149;2.66608
7888050796;49.43899;1.10174
7888086683;47.3797;-2.55007
7888100349;47.37018;-2.55195
7890935302;48.88813;-1.57129
7890948885;45.5586;6.1665
7891087828;48.11482;-1.52334
7891452421;45.69596;-1.23028
7892867493;49.07678;3.64149
7893111662;45.55922;6.17158
7893111667;45.55873;6.17041
7893326985;46.15467;5.59687
7894179773;44.80061;6.71362
7894262064;44.82546;6.67673
7894262065;44.80005;6.7158
7895751386;43.57354;1.32
7895751395;43.57346;1.31947
7896655822;47.15666;0.4487
7897243652;47.77449;0.96192
7898149198;45.43392;4.41617
7899405476;45.99244;5.02681
7899508746;45.44124;6.65176
7899574166;46.76061;0.48666
7899900050;44.09441;6.16172
7900225756;48.71746;-3.96933
7900347997;44.84483;6.81568
7900381098;44.84484;6.81563
7900455236;43.19442;-0.60482
7900493458;45.7426;3.222
7900506595;45.74134;3.22325
7902258521;47.27027;-2.34511
7902517398;45.69666;-1.23036
7902517424;45.69544;-1.2282
7903997710;44.98652;5.75524
7904890279;45.43145;1.70319
7905447994;45.74289;3.22085
7905489270;44.09587;6.16261
7906081934;45.53918;4.18259
7906131652;44.23608;4.17064
7906152068;42.78559;0.02065
7906155073;42.89133;-0.11332
7906158884;42.78853;0.01997
7906161315;42.89191;-0.11424
7907620301;44.05612;1.66581
7909014246;44.23795;6.70704
7911904085;43.91491;5.19788
7913169729;45.99067;5.03064
7913974192;47.0874;0.09911
7914159312;47.1354;0.12401
7916672942;46.13543;4.01214
7919784914;47.69939;-3.35013
7919876167;43.1785;-1.29981
7920233185;47.52335;-3.14727
7921041776;48.11551;6.95834
7921982373;46.67677;5.78191
7922438554;47.61752;-0.89282
7922841265;45.22823;6.78028
7922841266;45.22364;6.77577
7922841267;45.22858;6.78093
7922980523;43.67142;1.28718
7923461353;45.77657;0.55148
7923561909;48.5965;6.50075
7923941782;50.61313;3.12366
7923941783;50.61606;3.12549
7923941784;50.61611;3.12548
7923958285;50.61636;3.12501
7923958286;50.61614;3.12462
7923958287;50.61667;3.12656
7923958288;50.61665;3.12653
7923958289;50.61272;3.12338
7923958290;50.61274;3.12341
7923958291;50.61599;3.12507
7923958292;50.61294;3.13257
7924901785;43.66873;4.63034
7924942288;45.52897;1.20022
7924942289;45.52912;1.20195
7924942296;45.52902;1.20277
7925004786;49.59497;3.38108
7925010443;49.34705;6.12722
7925285586;48.84691;2.67334
7926303085;45.40625;2.04679
7926356657;46.82632;6.31958
7926356658;46.82631;6.31956
7927336091;48.11577;-1.53235
7929502686;49.23197;4.07013
7929502710;49.2319;4.0706
7930511352;41.683;9.36976
7931873212;45.77454;-0.14105
7932164446;47.69998;-2.14642
7932177743;44.48451;-1.08866
7935095407;46.189;2.42552
7937915713;46.98028;3.09391
7938457317;43.69591;-0.37694
7941285534;48.642;2.08758
7941911025;48.13312;-1.535
7942045769;44.79995;6.71396
7942377456;43.53465;-0.41028
7945017938;49.67322;-1.73773
7947152321;47.48596;1.11247
7947299492;49.01001;2.02547
7947425975;44.27589;2.4312
7951510666;47.3313;-1.69571
7955015689;45.30646;5.91349
7959324154;42.77601;1.75026
7959956330;45.76242;4.77856
7960788869;46.67109;-1.28581
7962338254;46.87834;-2.12478
7962608432;48.44579;-3.83511
7963777966;42.99183;0.905
7964761404;45.65627;6.36624
7966261552;48.62452;2.12391
7966261553;48.6244;2.12424
7966427334;43.29855;2.22176
7966470791;44.28025;3.22904
7967008128;44.274;2.43445
7968522931;42.67099;2.94314
7968841026;43.66039;3.90392
7970040001;44.36498;2.59668
7970040002;44.36499;2.59662
7970305282;45.07521;5.77811
7970671543;48.71742;-3.96881
7972556784;48.85881;2.35642
7973092108;46.9665;-1.57733
7974101189;43.81677;2.75475
7974587961;48.51729;-3.5884
7974841061;49.25973;4.0288
7974900446;48.59026;7.6636
7974900447;48.58898;7.66311
7980112771;49.40886;1.07122
7981280090;44.73603;2.67821
7981281291;44.73889;2.67847
7981393677;44.79645;-0.61528
7981615237;47.4275;4.45708
7983870080;46.18135;2.32416
7984815980;48.80319;2.57947
7984945622;48.80324;2.57764
7985520691;46.7203;-0.804
7987708790;47.99376;-3.4322
7988520097;47.49793;-0.49541
7988520098;47.49803;-0.49702
7991582819;46.09266;2.05895
7992761226;47.20633;-1.54786
7993227995;46.23035;-0.49984
7995068271;49.84527;3.3108
7995350348;44.08384;6.22591
7995380560;43.35324;4.87924
7995886087;42.67178;2.94314
7995907986;42.6705;2.94204
7995911285;42.67142;2.9432
7996589949;48.84919;-0.88461
7996741427;45.58487;5.27914
7997131411;44.48919;2.62745
7997811600;43.1729;6.53116
7999524388;43.04157;-1.07474
8000061010;46.83423;5.70922
8000162585;43.34178;6.69272
8003022924;43.6744;7.1921
8003111086;45.16389;5.7075
8003249031;47.21476;4.02488
8003490832;44.19162;5.00737
8004250318;-21.29349;55.51787
8004250320;-21.28967;55.51888
8004626600;44.17638;0.66491
8004813012;44.3772;5.51473
8007018195;50.45511;1.61363
8007676284;47.59163;3.7666
8011148512;49.28552;-0.26142
8012865643;46.67382;5.55723
8012865644;46.67376;5.55723
8013055810;45.89396;0.02796
8014209013;46.82967;-0.08665
8014407949;46.15023;-1.15152
8015539487;48.40752;-2.81762
8016313086;50.77979;2.72644
8017003161;48.29216;-4.26775
8018052283;46.83995;-0.55304
8018269798;-22.28418;166.44112
8018802400;44.47068;2.71741
8018879757;44.19397;2.41495
8021650514;-20.90095;55.48537
8021672805;-20.90123;55.4843
8021672806;-20.90133;55.48526
8021672807;-20.90103;55.48443
8021672808;-20.9014;55.48344
8021672809;-20.90144;55.48366
8021672810;-20.90148;55.48388
8021672811;-20.90147;55.48305
8021672812;-20.90258;55.48422
8021691833;-20.90134;55.48537
8022826431;46.74748;5.91018
8022826469;46.74749;5.91018
8022826475;46.7475;5.91024
8022954979;46.7475;5.91024
8022954980;46.74748;5.91018
8022983025;47.12468;0.0534
8023077826;43.68109;2.40985
8023114243;43.50582;6.95072
8024398885;48.61902;-2.13377
8026360277;47.11762;-0.36557
8026520297;45.07482;5.77238
8026594587;46.4407;4.30191
8035253789;45.61088;5.1569
8037440141;47.65979;-3.2119
8037656708;43.93294;2.46146
8037657211;43.80332;2.37165
8037663558;43.86368;2.42369
8037664175;43.80211;2.36984
8037664551;43.88779;2.46086
8037670254;43.9409;2.35855
8037673850;43.8178;2.416
8039823083;45.91909;0.2409
8040035388;42.864;1.20163
8040080705;45.95706;0.07854
8042276385;43.40454;-1.44909
8042276386;44.17855;5.12912
8042276686;43.33934;-1.44801
8042608817;48.24694;-4.5026
8042629326;43.76968;5.89871
8042676767;47.58566;1.33044
8044008794;45.78606;4.92608
8044143440;46.01284;-1.3454
8044210823;45.53718;6.6274
8044217097;44.50014;3.57184
8044278819;50.1807;1.49148
8045152270;48.88122;2.33351
8046854198;44.14325;1.97152
8046903278;43.91919;2.16858
8048187821;46.28763;2.66179
8049919335;45.76299;0.12378
8050647618;45.86164;0.09722
8051160420;47.19476;-0.30251
8058806999;47.1615;-1.54578
8058807003;47.1602;-1.54747
8059340815;43.10002;-0.19859
8061728352;45.53485;5.67007
8061966385;49.2943;-0.11556
8062606852;47.19121;-1.49456
8062916949;43.30808;-0.35884
8063179122;46.74158;5.91294
8063850674;47.79369;1.07088
8063971795;47.19228;-0.27666
8065246865;47.7175;-0.01844
8069123664;45.89926;6.16175
8069881429;44.21649;6.14839
8070928965;47.15452;-0.29604
8071855816;46.15436;3.43173
8074130491;45.88316;0.07418
8074335285;45.87649;0.18035
8074744799;45.85418;0.06964
8074885878;45.86785;0.35407
8074974930;45.79557;0.1926
8075040083;45.89021;0.24018
8075076800;43.52206;5.51078
8077349098;45.89726;0.16887
8077393227;45.93433;0.0677
8078079880;45.80343;0.13847
8078161165;45.89465;0.28997
8078220076;45.89189;0.11693
8079428200;48.81923;2.33842
8081072142;45.88304;-0.10531
8082180970;43.91315;6.40621
8085712693;46.515;-1.77824
8088577601;43.07105;-1.41717
8089026492;47.12019;-0.71294
8090144977;47.74189;7.30984
8090729063;49.47078;1.09405
8091060007;43.29695;5.37127
8091454757;45.5692;6.15791
8093416423;45.63311;6.31348
8096967812;45.67698;-1.04992
8096967813;45.67587;-1.05092
8099614943;44.68351;6.07559
8101894958;45.17936;0.72829
8108582396;46.68922;1.65004
8108802168;45.59127;4.05113
8108935557;48.54382;7.73673
8111306425;42.70144;2.94092
8111387775;43.64039;-1.43244
8111392526;43.63859;-1.43044
8112732134;45.76606;4.82903
8112736332;45.76476;4.82927
8114412518;14.61687;-61.10307
8114412519;14.61563;-61.10227
8115184891;45.36809;5.58841
8115252984;46.83933;5.70892
8115318230;46.84145;5.70677
8116983774;48.8363;2.37591
8117270720;45.62418;-0.46467
8118404110;46.94845;-1.2938
8118902537;47.15768;-1.52264
8119615415;45.51895;-1.12181
8120306559;46.67099;-1.42429
8120427096;43.30691;2.21993
8120586472;43.95237;4.84004
8121124450;48.82162;2.37589
8122158696;45.91282;6.12182
8125326726;47.62584;-2.67282
8127372361;45.93511;-0.48959
8128557564;45.7988;3.05222
8130383288;43.64485;-1.42487
8130387955;43.65515;-1.43802
8130423806;43.64077;-1.4235
8133006846;45.82502;-0.4827
8137624857;45.76107;4.83582
8140187025;45.24319;3.32636
8142056780;50.571;2.15692
8142056789;50.5701;2.15547
8142056834;50.57104;2.15372
8142426962;48.78045;2.31304
8143476448;44.65239;-1.14253
8146292687;44.09946;4.1485
8146292688;44.0993;4.14967
8146641530;43.92884;-0.6403
8148981553;46.37944;6.49683
8149335987;43.12205;6.36002
8150728990;48.82722;-3.47858
8150785164;45.73862;-0.50558
8150837587;49.4362;1.09056
8150895816;43.5581;3.71935
8151059188;45.23042;0.6124
8151152317;46.25584;6.84168
8151554556;43.25949;5.41519
8154655606;45.54905;3.74307
8154872465;44.35137;2.57339
8159620134;43.00159;-0.54365
8163773819;47.96999;-2.171
8165163736;45.11042;5.75618
8168137588;43.38476;-1.30608
8172419002;45.89037;-0.52283
8174060433;48.69534;6.19596
8174307631;47.04125;0.11974
8174497699;45.56743;4.06087
8176182517;48.62894;-4.51318
8176512176;44.26825;4.02599
8179076408;45.06827;4.8662
8184436017;47.10316;-1.81188
8184781765;46.12369;6.28694
8188411093;47.98134;0.21379
8188411094;47.98132;0.21381
8191161752;47.28297;-1.51557
8191161753;47.28296;-1.51557
8192038918;45.16458;6.42711
8194240464;49.00342;-0.75322
8194729474;43.65598;-0.59432
8195257957;43.46788;1.33531
8196161631;43.73542;6.62475
8196571293;47.08446;-1.32885
8198202375;47.73494;7.32192
8198669740;47.8249;-1.41817
8198691066;47.28781;-2.03504
8198845119;46.80994;0.41215
8199104774;48.71202;-3.81037
8199230233;44.56416;6.49362
8202889524;48.76934;2.46579
8205219122;48.82257;2.45847
8212544873;46.34957;3.16711
8215173261;49.3778;2.4165
8222214306;43.66216;3.55975
8222344136;48.89412;2.35239
8223099360;48.46414;-2.52393
8223867268;43.57452;5.06247
8224008317;48.89415;2.38624
8224074523;45.79667;6.0138
8224296851;45.76669;-0.48971
8225428591;48.28649;6.94624
8225428592;48.2865;6.94746
8225432446;48.2881;6.94766
8225437504;48.28735;6.95887
8225437505;48.28689;6.95819
8225474405;48.28748;6.94799
8225474406;48.2875;6.94764
8225495818;48.28516;6.94727
8230713438;44.04596;2.15928
8234169219;45.82947;4.97114
8236770428;44.605;-0.94129
8237607898;48.75311;2.36111
8237607902;48.75402;2.36197
8238115788;48.88924;2.3156
8239695506;44.92464;-0.4845
8243633746;45.94675;6.1228
8244527118;44.48087;-1.10313
8244607587;47.47108;-0.55168
8245188718;44.89321;-0.72055
8245421199;47.52992;-2.76841
8247138810;50.05956;1.37384
8247138813;50.06036;1.3731
8250245522;48.81741;7.79146
8252139036;45.98962;-1.25439
8252529030;43.44168;6.77695
8254273245;48.26301;4.03508
8255456985;45.14645;1.47221
8256878823;45.6033;4.21055
8256979758;45.82742;3.24249
8256979759;45.82853;3.23991
8258497612;42.15661;9.55373
8258944132;43.93503;0.62001
8259388878;45.75172;-0.66361
8259590006;48.79204;-3.4468
8259946908;44.89455;-0.71421
8261880902;43.31631;-0.35749
8261880903;43.3159;-0.35888
8261881891;50.67268;2.98043
8262781261;45.22651;5.80318
8263382942;49.21477;3.99446
8263617136;44.14934;-0.74049
8264025346;50.47952;2.53756
8265523306;46.48079;4.43957
8267254080;44.60903;2.04953
8268322650;48.02349;6.58141
8268322651;48.02326;6.58192
8268322652;48.02399;6.58129
8268322653;48.02417;6.58084
8268322654;48.02377;6.58054
8268322655;48.02273;6.58265
8268322656;48.02293;6.58316
8269553423;47.7625;3.70217
8270690139;46.9187;0.80085
8273767391;47.25424;0.67091
8274123630;47.2174;0.65659
8274123683;47.21939;0.65868
8274183249;45.01648;6.618
8280989029;46.7157;-1.90223
8280989174;46.72046;-1.89997
8281004039;47.68568;2.63129
8281586912;45.2174;5.78108
8281944825;45.30393;4.787
8283322217;45.76091;6.53278
8283682735;44.89259;-0.66587
8284221319;43.32075;-0.34551
8284260260;49.11996;4.24338
8285223097;43.75678;-0.03542
8286179634;43.99186;3.6033
8286940066;43.61253;1.31281
8287493442;-21.29865;55.45798
8287965977;45.62273;2.45706
8289858494;43.81532;-1.37864
8293106147;47.47666;-3.12717
8293176869;49.44486;1.09245
8293799598;47.47881;-3.11714
8294132524;47.48303;-3.09755
8294394689;43.65319;1.43808
8299495808;43.39253;-1.25313
8300165859;48.35315;-0.08116
8300956261;47.32604;5.06669
8301195570;46.26726;6.8408
8302642812;43.78694;-1.4018
8303064817;43.23989;5.36262
8305043902;47.37717;0.65583
8308174734;49.28023;-0.70751
8308293118;44.90304;-0.64653
8308480594;43.99038;3.60798
8308805239;48.90595;2.14618
8308805240;48.90552;2.17755
8308961992;45.89769;6.09313
8309019810;-20.98951;55.28198
8309498125;49.24262;4.02733
8309498126;49.2426;4.02751
8312890501;43.51729;6.24131
8314685546;43.59949;-1.47265
8315680956;47.5262;-2.77006
8315784529;47.50576;-2.6849
8315855967;47.48719;-2.79919
8315860609;47.52794;-2.76865
8315867928;47.48618;-2.79199
8315879544;47.54706;-2.8461
8318380393;50.28124;2.78198
8318536313;49.24264;4.02674
8318536314;49.24279;4.02671
8318536315;49.24261;4.02728
8318537217;49.24274;4.02623
8318537218;49.24302;4.02655
8318537219;49.24316;4.02701
8318537220;49.24233;4.02645
8318537221;49.24229;4.02671
8321589910;45.63244;6.86921
8321876346;44.9891;4.56287
8322133917;14.4372;-60.82654
8324618030;45.91736;6.1125
8324802477;48.85351;2.3698
8325954713;45.57027;5.91968
8331720037;48.73089;7.71147
8332296532;48.7316;7.70915
8333560026;43.42227;-1.47898
8333924829;43.59528;-1.42554
8333937368;43.5949;-1.42635
8333997777;43.59488;-1.4258
8335704858;43.78603;4.08699
8338771095;44.44507;-1.24881
8339106226;47.76126;0.27399
8339106227;47.75881;0.27524
8339429444;49.18313;-0.3988
8340049877;48.58424;-2.56273
8341675914;43.09269;6.0252
8343336566;44.43913;2.2764
8344589717;43.7855;-1.39829
8344840506;43.75869;-1.33718
8344861317;43.75438;-1.33131
8344861342;43.75547;-1.32693
8344892296;43.75256;-1.32731
8345139609;48.55824;2.61451
8348510595;48.59166;7.69768
8349134958;45.32256;7.0013
8349481322;43.65943;-1.30308
8351205094;44.49336;4.05132
8354264141;48.61868;-1.31032
8354336091;43.51538;6.24205
8356885011;43.83027;1.19963
8358273688;43.21408;2.35519
8361018110;48.43992;-2.54142
8361031971;43.32308;-0.39759
8362785770;45.71438;4.63128
8362898663;-17.54425;-149.57527
8362898664;-17.54406;-149.57566
8363548517;44.8958;-0.71849
8364457129;43.84912;-1.35932
8364583291;43.6886;-1.22903
8367011017;44.90545;-0.56596
8367049587;43.5659;-1.17881
8374573517;46.27042;-0.87414
8376376909;44.3489;2.57834
8378371055;45.90409;6.10052
8378878647;44.38359;2.5871
8378878648;44.38356;2.58709
8378878665;44.38265;2.58825
8378878669;44.38275;2.58781
8381434425;45.19412;5.71992
8382112617;49.28195;2.77884
8384216950;45.69287;5.9097
8386601556;43.53445;-1.01395
8386713016;48.8438;2.61496
8387204996;43.98074;3.71543
8387204997;43.9803;3.71662
8387204998;43.98262;3.71584
8387205016;43.98131;3.71804
8387338506;43.97929;3.71406
8387817677;43.7595;-0.57505
8388410997;43.69948;-1.04201
8388702260;43.67998;6.97467
8388702261;43.68041;6.97173
8388826780;45.78169;6.22326
8389792204;48.17748;-2.92064
8390545602;42.67667;2.90413
8390545615;42.67583;2.90248
8393348611;43.55137;-0.98374
8393358768;43.55125;-0.9833
8393459615;43.54698;-0.98391
8396163622;49.03682;-1.59805
8397999497;43.4356;5.04274
8399513868;46.588;4.81261
8399913458;47.95611;-1.4979
8400895212;46.32102;0.23133
8401635528;47.82279;-1.82332
8401640112;48.60601;0.17217
8401890790;44.64326;-1.06603
8405740817;45.58522;0.15471
8407489669;46.91554;5.45675
8411914213;44.55149;5.13495
8412528287;44.9221;1.55569
8412603551;48.00699;-1.09248
8412644783;43.72469;-1.05651
8413153312;43.81982;4.37163
8414396417;45.53588;4.54762
8415197085;47.05458;-0.94194
8416286838;45.90699;6.1282
8421048468;43.50647;1.3909
8421143483;43.29883;-0.38218
8422586517;43.50963;5.49085
8423071194;43.95817;0.37482
8423383488;49.40883;1.0712
8423383489;49.40889;1.07125
8423813750;48.72906;7.7162
8425856734;47.30803;-0.15281
8426331336;45.2974;6.58162
8426361955;45.12624;6.03803
8426453975;47.43601;-0.69954
8428494817;46.55652;6.02344
8428539128;45.31301;6.53875
8429132162;45.80696;6.72613
8429527240;43.73837;5.97185
8431578582;43.79821;-0.82539
8432115853;43.86489;-0.59087
8432137071;43.86332;-0.59242
8432213564;43.88081;-0.53494
8433053654;42.72266;2.93831
8434469858;48.50696;-2.76683
8434469859;48.5084;-2.76196
8434469860;48.50988;-2.75667
8434495443;48.49848;-2.77827
8434635830;43.94096;-0.4468
8434738794;43.97196;-0.35992
8434764369;43.96877;-0.32522
8434845351;43.8668;-0.40629
8434920983;43.82995;-0.50143
8435588441;46.13781;6.27802
8437728302;50.18392;1.49337
8438511850;46.13456;6.26872
8440047091;48.45713;7.42464
8440248395;50.13389;4.84774
8440336516;45.905;5.6787
8440653491;47.54213;7.1504
8440672035;46.15887;4.16131
8441017119;45.18778;5.73649
8441083756;46.65974;6.0741
8441121892;43.60814;1.33556
8441537196;42.85168;3.03718
8441743012;44.93792;5.02863
8442451620;43.7738;0.92965
8442451718;43.77424;0.92906
8442480490;48.82974;-3.49079
8443039262;44.69976;1.23943
8443656955;44.63784;-0.97419
8445078824;47.92732;-1.60804
8446095028;43.65402;-0.68495
8452432805;45.19948;0.70122
8454906569;48.74072;2.43833
8458029800;48.21468;-1.58641
8458033985;43.70235;-0.2615
8459319225;47.14591;-0.53547
8459348404;42.81284;3.02062
8459348405;42.81534;3.02062
8460568975;43.57521;-0.83406
8460907546;43.60031;-0.90709
8461592389;47.86643;-1.88508
8462135180;42.53739;3.05523
8464537270;48.88145;2.18567
8464675746;46.69381;0.88421
8464676814;46.6959;0.88337
8464684434;46.69555;0.88361
8467181317;43.36263;-1.69966
8467353229;45.18813;5.74271
8467358424;46.82283;3.44899
8467368226;49.92519;4.51999
8467392017;44.0161;-0.84627
8467482896;48.59741;-2.2885
8473756763;46.1302;3.42529
8473760272;49.46952;2.87111
8475599017;45.51239;2.93373
8476292948;43.50197;-1.53952
8476681443;45.89413;3.11524
8476867476;45.89514;3.11944
8478613555;43.76238;5.58977
8479392057;43.69247;-1.3291
8479416825;43.79949;-1.30313
8481197669;49.03104;-1.59661
8482640169;42.66951;2.98058
8483094601;44.34283;-1.09774
8485133918;45.15398;5.74966
8488467927;43.49556;-1.53086
8489551349;47.91967;-2.27814
8489563418;45.22398;5.68863
8490296655;45.58754;4.01095
8491426117;43.78734;4.83188
8491504617;47.14591;-0.53541
8491914929;45.71498;3.53436
8493020430;45.16909;4.25387
8494541952;48.02193;6.78583
8494737478;47.24575;-1.61766
8496640883;44.18875;2.36112
8496720050;48.81957;2.35216
8496720927;45.16567;6.42555
8497178079;48.85693;-3.14281
8498271412;46.95149;4.29955
8500305078;43.66287;-1.44173
8500333343;43.65868;-1.42652
8500334303;43.68074;-1.42728
8500367330;43.66002;-1.42621
8500410807;44.01348;4.4202
8500585753;45.622;-1.04686
8501508701;46.87217;-0.53769
8501508702;46.87565;-0.53844
8502074574;43.59;3.8898
8502077549;43.60392;3.88873
8502086179;43.60181;3.89906
8502651951;43.63444;3.83326
8503585071;50.94759;1.75824
8503705635;50.94423;1.80867
8503713417;47.35749;-1.60166
8503845316;44.03348;-0.3172
8503966585;43.9777;-0.37657
8506440062;47.24725;1.3479
8507213931;44.22132;-1.20657
8507216436;44.23314;-1.11965
8510046728;43.57139;-0.93101
8510617543;43.66086;-1.44377
8510642825;43.6801;-1.43959
8510654117;43.6711;-1.44158
8511408270;43.75476;-0.81512
8514494971;46.59241;-1.40186
8514880821;47.02407;-2.25141
8515366319;45.16275;6.42952
8516182832;46.10693;5.83164
8517730056;46.15833;6.3427
8518024873;44.93081;4.89433
8518377348;43.52035;-1.3693
8520490464;47.14364;-0.53579
8521353915;45.77626;4.86772
8521387377;43.56861;-1.45214
8523770673;45.75172;4.91512
8523929000;48.5627;-3.14368
8523929001;48.56267;-3.14371
8524137640;43.55138;-1.48932
8524637524;48.63075;-2.87025
8524641518;48.57665;-3.00229
8524643715;48.55656;-3.18512
8524685022;48.46033;-3.30653
8524692407;44.91665;-0.14088
8524692408;47.83404;-1.31702
8524693130;43.75404;-0.73585
8524694314;43.73178;-0.87017
8524709766;43.73412;-0.87407
8524711298;43.73284;-0.87453
8524711618;43.75502;-0.78782
8525221160;43.7791;5.03878
8529995818;43.64313;1.3751
8530225699;45.69491;6.43883
8534150367;45.9415;-1.30693
8537130952;44.2098;-0.91824
8537146967;44.2132;-0.91879
8537150444;44.4091;-0.82807
8537157908;44.30702;-0.77917
8540600135;48.66306;6.1728
8540600136;48.66303;6.17276
8540600137;48.66303;6.17279
8540600138;48.66304;6.1728
8540600166;48.66303;6.17277
8540600167;48.66303;6.17276
8540600168;48.66304;6.17275
8543507653;43.94968;2.38058
8543837153;48.76862;2.35726
8544175778;43.89204;-0.99276
8544481628;46.98392;3.2154
8544849103;44.84383;-0.66419
8544917417;45.52428;4.6063
8545054218;49.34887;0.04752
8546964811;50.37873;1.69612
8549902230;44.80405;-0.68729
8551133614;46.16134;4.67986
8552908642;43.53482;-1.49801
8553574726;43.58641;-0.96093
8553670659;50.53922;2.78679
8553954543;43.69021;-1.22333
8554231997;43.60499;-0.99633
8554795574;49.54793;1.0735
8555383334;43.65377;3.93419
8555404363;43.6783;4.43827
8557163705;44.27256;-1.18316
8557179190;44.30595;-1.1818
8557424838;43.60603;-0.99661
8558243460;48.54083;5.82604
8558517926;46.73746;0.76559
8559455849;47.13855;-1.33446
8559782017;44.03288;-0.90865
8560624039;43.6852;7.2105
8560894486;44.01559;7.31959
8561031063;44.75849;1.37316
8565750617;43.39526;-0.55129
8566459089;46.18222;6.24643
8566924873;45.54833;5.53498
8566940591;48.58755;-1.92408
8567589776;45.93856;4.68861
8567863844;48.78583;2.34808
8568667426;43.75572;1.46788
8569062420;43.15703;-1.26035
8569406017;48.83405;2.48426
8569406018;48.83184;2.4903
8569770156;43.53644;4.75343
8569854714;48.65708;-1.98398
8569909814;50.37682;1.69827
8569947614;48.80887;2.2191
8569973144;48.80806;2.22052
8569976421;48.81012;2.21567
8572043917;47.86316;-3.89995
8572226344;43.78672;7.27624
8572226345;43.78348;7.27625
8572640823;45.5964;6.79456
8575184191;45.99092;6.12855
8575208120;45.68898;5.89536
8575552342;43.69762;-1.43837
8575565295;43.68955;-1.37385
8575581516;43.70871;-1.43053
8575587415;43.70844;-1.43378
8575799049;43.09009;-0.25275
8576377318;45.18183;5.73198
8576393260;48.22983;-0.7692
8579461095;43.656;-0.59191
8579466923;43.65283;-0.59169
8579469239;43.66093;-0.60179
8582778481;44.03317;4.45655
8582781879;44.0339;4.45724
8582829107;42.58861;9.04271
8583022008;43.71306;-0.98036
8583452271;48.7932;2.16045
8585427329;43.37451;-1.76643
8585674665;43.71226;-1.0748
8586509207;44.07444;-1.16599
8586536252;44.07639;-1.16763
8586536722;44.14516;-1.24257
8586818956;43.78434;-0.79685
8587869014;47.53578;-2.87687
8588097089;43.9423;1.94794
8589438162;46.18233;-1.4047
8589955127;46.25607;-1.51588
8590278769;43.1266;5.93673
8591395066;45.59667;-0.17129
8593197587;47.49255;-2.83383
8593536747;43.32368;-0.39422
8594837108;46.20775;5.22805
8594837109;46.20774;5.22805
8595596475;45.29344;6.53066
8595644199;47.95428;6.77997
8595770493;48.67105;-1.85327
8595788917;48.55367;-1.50597
8596155308;48.89507;2.28713
8596227344;43.69448;4.27044
8596278551;46.12523;3.42494
8599108502;43.58395;-1.2647
8600533035;43.2907;3.42794
8601960401;48.90175;2.29284
8602516607;43.67172;-0.99357
8602534481;43.80607;-1.04632
8602545649;43.80434;-1.04878
8602550933;43.67881;-1.15403
8602778922;45.81456;4.407
8603073766;45.72058;6.19777
8603646389;42.6344;2.91633
8604190955;43.95807;0.37308
8605103730;45.55695;-0.18249
8606028109;44.43995;4.62426
8606875200;43.53493;-1.09976
8606881620;43.53492;-1.09976
8607025577;43.47726;-1.51733
8607025579;43.48362;-1.51334
8607025580;43.48363;-1.51339
8607025581;43.4835;-1.51159
8607025582;43.48587;-1.51433
8607025583;43.48655;-1.52388
8607025585;43.50023;-1.51213
8607025586;43.50342;-1.51133
8607025587;43.51641;-1.50201
8607025588;43.5164;-1.50203
8607025590;43.49569;-1.54503
8607025591;43.49568;-1.54501
8607025592;43.49749;-1.544
8607025593;43.49748;-1.54398
8607025594;43.49982;-1.54274
8607025595;43.49983;-1.54277
8607025596;43.49976;-1.54282
8607025597;43.50067;-1.54063
8607025598;43.50199;-1.53951
8607025599;43.50359;-1.53862
8607025600;43.5036;-1.53861
8607025601;43.50605;-1.53673
8607025602;43.50604;-1.53675
8607025603;43.50607;-1.53677
8607025604;43.50606;-1.53676
8607025605;43.51055;-1.53413
8607025606;43.51053;-1.53414
8607025607;43.51052;-1.53415
8607025608;43.51412;-1.53102
8607025609;43.51411;-1.53101
8607025610;43.52081;-1.52536
8607025611;43.52079;-1.52533
8607025612;43.5239;-1.52471
8607025613;43.52392;-1.5247
8607025614;43.52621;-1.52334
8607025615;43.52622;-1.52332
8607025616;43.52623;-1.52266
8607054617;43.52624;-1.52268
8607054618;43.52723;-1.52097
8610657922;43.79251;7.39869
8610850147;43.65116;-0.91649
8610858704;43.67038;-0.90933
8610860345;43.68251;-0.92886
8610860357;43.71032;-0.69617
8610989418;43.68618;-0.86696
8610989420;43.68631;-0.86598
8612014517;50.29871;4.10161
8612027256;43.71906;-0.672
8612089901;46.35492;2.61848
8612101703;43.09725;6.16766
8612241261;49.66554;1.93592
8613273495;44.55459;6.08583
8614348740;45.92101;4.88212
8616871519;45.81052;4.59986
8617864596;45.83204;4.87816
8617909572;48.45314;-4.14164
8617913841;43.81718;4.50665
8620909239;43.66348;-0.87596
8622599717;46.73144;2.63815
8625982685;43.98785;0.00867
8625983363;43.88818;-0.30849
8625989420;43.89403;-0.30716
8626525117;46.65233;5.60021
8626991498;48.17164;2.25492
8629403581;43.92145;-1.24722
8629413027;43.91988;-1.24582
8631104955;46.66166;-1.74814
8631374372;46.29657;-0.68816
8631712390;44.03882;-1.33961
8632413896;43.6248;-0.28923
8632414455;43.64294;-1.03638
8632417107;43.74506;-0.99569
8632421748;43.80328;-1.14167
8632496965;43.62608;-0.28682
8635363821;48.68943;6.18284
8635515983;43.87226;-1.07246
8635535404;43.89408;-1.2625
8635535467;43.88338;-1.14468
8636433238;45.60833;4.06077
8637511110;43.18977;3.19816
8637515224;43.18142;3.19337
8637786417;43.64911;3.83195
8637842014;43.76455;1.76305
8637920218;47.23862;-1.34885
8637926949;43.54089;-1.39018
8639499981;47.07755;-1.2437
8639752020;43.52203;4.12749
8639779320;46.65984;-0.52943
8640004049;43.64269;-1.07945
8640017462;48.43179;0.03447
8640029008;43.83062;-0.80751
8640114017;49.22478;-0.16719
8640458365;48.10084;-1.7067
8641130857;43.20152;5.77844
8643196594;45.17468;5.72384
8643340519;49.17925;0.30939
8643537820;46.14996;0.2978
8643540157;46.14873;0.29491
8643540237;46.14733;0.29711
8643633682;43.75761;-0.90934
8643869957;43.69105;-0.64567
8646757067;43.84407;-0.81845
8647457992;43.95624;-0.76136
8647465731;43.97528;-0.73756
8647478439;43.97366;-0.73037
8647492238;44.00514;-0.78911
8649940864;-12.84516;45.18738
8651249487;44.26154;-0.51616
8651523750;43.7862;-0.98927
8651915318;47.51741;-1.29377
8653391094;48.85142;-0.54938
8654915639;48.54611;-1.74624
8655263186;44.04648;-0.65264
8655267020;44.10383;-0.54369
8655847517;45.85618;1.43751
8655929827;43.65328;6.16704
8656057215;46.30141;-1.09662
8656598938;44.59874;2.40329
8659157172;43.55792;-0.88013
8660345840;45.27317;3.97016
8660364008;45.27994;3.98475
8660565585;47.65496;-0.49894
8661808454;43.53735;4.14055
8661977117;45.61401;4.80045
8663938786;45.68846;1.31015
8664232327;47.92891;-1.94057
8664263311;46.33115;-1.30848
8664292741;43.51453;4.12453
8664652943;48.71426;2.19898
8665684554;43.7537;7.38236
8666677340;46.1687;4.4105
8666708880;46.82016;3.3571
8666770106;47.82641;0.07329
8667758735;49.02214;6.1011
8667758736;49.02145;6.10104
8667758737;49.02112;6.10231
8667758738;49.01955;6.10034
8667998453;48.43247;0.08279
8668129538;48.1983;3.29036
8668895708;45.07224;4.09723
8669793046;45.68327;5.85609
8671720385;48.43597;0.09512
8671809746;43.64116;-1.17559
8673042833;44.902;5.0227
8673447517;47.71369;-2.21974
8675396470;43.77833;-0.28587
8676447540;43.75921;-0.57438
8676447623;43.75851;-0.57181
8676580519;43.77133;6.59897
8678593353;-17.52662;-149.54922
8678593354;-17.52686;-149.54991
8678593355;-17.52672;-149.54921
8678997622;43.60202;1.45591
8678997623;43.60244;1.45588
8678997624;43.60244;1.45551
8678997625;43.60248;1.45441
8679442448;43.53465;-1.14866
8679518888;43.53468;-1.14861
8680069542;43.77754;6.57945
8680857340;48.43873;2.13835
8681160738;45.89098;4.66836
8682539411;43.70284;-0.9276
8684529960;44.32953;-0.962
8685394198;43.81108;5.59541
8687850297;43.94559;1.3243
8688079947;43.63878;3.96318
8688472441;45.78569;4.83294
8689957511;47.1249;-1.41914
8690086636;45.76105;4.92498
8690807473;43.5361;4.14012
8690811011;43.53827;4.14166
8690890516;45.60693;4.08564
8690913669;47.19572;-1.00672
8697787117;43.66997;-1.10799
8702376557;45.94245;0.63783
8703039252;48.87545;2.39478
8704615042;48.87493;2.36059
8704832207;50.68511;3.20124
8705226949;43.58333;7.12552
8707550674;49.30892;-0.35686
8708855656;50.37369;3.54017
8709096702;50.73399;1.59414
8709291778;45.85216;1.26363
8709574871;44.06244;-1.07035
8711789078;45.9369;-1.35605
8712674997;48.45977;-0.19905
8712824354;43.49258;2.16084
8712843519;50.60328;3.27338
8713100785;45.95231;-0.60527
8714881267;43.51103;4.13427
8714969163;43.51892;4.13692
8714969183;43.51768;4.13762
8715009353;45.46958;0.38331
8715033916;47.32777;4.78818
8715134738;48.75404;2.21558
8715290574;43.51929;4.13043
8715290575;43.51927;4.13011
8715349616;47.26838;1.37239
8717437718;50.18599;1.49626
8718470387;43.97013;-1.09322
8719009220;47.274;-2.3562
8721638076;44.35798;-0.76058
8721852209;45.74194;4.22203
8721852210;45.73903;4.21831
8724492028;48.15777;-1.71313
8725189603;43.78508;-0.86012
8725851109;48.6846;5.32694
8725876005;47.39697;0.70127
8730539213;47.21381;-1.47073
8731331090;48.63764;-1.90569
8731341267;48.63778;-1.90319
8732329724;46.59558;1.80672
8733506825;48.66184;2.16324
8733537617;48.63644;-2.05112
8733807544;42.98977;1.61405
8733886317;47.90833;-3.9797
8734382773;47.6211;-2.73611
8734573178;43.39534;3.36512
8734616153;50.65297;3.14104
8734616154;50.65296;3.14107
8734616155;50.65347;3.13943
8734616156;50.65349;3.13946
8734782721;44.61742;-1.07516
8734797894;48.06648;0.3444
8734812644;44.94241;4.90013
8734812745;48.04547;0.3476
8735698455;45.74931;5.68203
8736743827;48.1339;0.39692
8736789154;48.2151;-1.50671
8739704988;47.12353;-1.58317
8739726375;47.57766;1.21448
8739825368;48.40923;-2.02863
8740226924;47.63908;-2.94214
8740233980;46.31932;0.326
8742801362;50.24246;3.63884
8743762718;43.28402;5.38547
8744613268;43.52889;-1.15004
8744637460;43.52928;-1.15107
8746509243;44.74944;1.3781
8747062289;42.62387;2.82107
8747220738;48.59613;-4.11335
8747589099;45.55734;6.26961
8749039285;46.46224;6.03155
8749277586;48.68655;6.19659
8750116911;43.82277;-0.84844
8750169019;43.1646;-1.2448
8750692215;47.24074;6.0296
8751944385;47.32821;0.99709
8752051270;43.34781;3.21576
8752302072;47.4115;0.7992
8753054167;43.71069;-0.41236
8753056867;43.71122;-0.41425
8754177866;48.37033;-4.21179
8754781569;43.30074;5.40101
8755214194;47.92607;-3.04438
8755422998;42.84695;1.60563
8756007922;49.21461;1.16813
8756613014;47.74713;7.37052
8757487693;47.23288;5.9884
8757640688;44.85527;3.33244
8758055530;47.72873;7.33494
8758106419;46.02753;6.3249
8758119217;43.33348;5.19622
8758515704;42.5158;2.95796
8758577605;48.67398;2.34914
8758656738;45.83404;5.29112
8758702609;45.8377;5.28647
8760540471;48.87664;2.58775
8760803417;45.76071;6.34469
8760940479;47.92282;0.1532
8761140795;48.98687;2.46641
8762302102;49.06614;-1.58316
8763968991;46.01263;0.0797
8764056609;48.90703;1.27373
8764592488;42.95551;-0.21171
8764643631;48.19262;-3.89737
8764677718;49.61415;0.54627
8764921673;43.33826;5.25781
8765035718;49.314;0.83443
8767913967;46.14425;5.33058
8769190551;49.60694;-1.23098
8769763580;46.25867;-0.34435
8770145732;48.66916;-1.8575
8770181310;46.00528;5.03099
8771590718;48.07179;-2.75561
8772395637;-20.89364;55.51009
8773052752;48.42477;-2.44677
8773058981;48.32186;0.81834
8773070625;44.22687;1.20288
8773276287;44.99666;4.84455
8773934876;46.18419;2.93376
8773936681;46.06025;3.51479
8775315991;45.58942;5.7968
8776638844;43.58865;-1.17747
8776778983;43.59179;-1.10939
8777041680;44.64358;2.34358
8777169639;45.87947;3.69522
8777317375;46.59696;5.25594
8777766015;43.33138;-0.35137
8778792973;46.18885;5.23225
8779067551;45.80489;0.70986
8779084413;44.30417;3.23925
8779259321;42.87312;0.73548
8779847731;47.48758;-3.10444
8779961380;48.73847;2.09194
8780878117;46.25287;4.04476
8781452573;47.20552;-1.30643
8784787417;46.02182;0.03559
8786453817;41.90189;8.61906
8786693914;48.6369;-2.47652
8787121057;47.38091;-2.54318
8788542161;43.65277;7.12881
8789168775;43.48334;-1.55805
8791830529;43.60491;-0.99746
8792499631;45.22149;3.9411
8792512939;45.20175;3.98541
8792518007;45.37395;4.01637
8792747069;47.34492;-2.51224
8792824533;47.27496;-2.42409
8792957567;49.43797;1.09556
8794575742;45.21734;-0.18826
8794735926;45.24397;-0.27261
8795196853;45.77707;5.1708
8795347417;45.37259;-0.56991
8795441626;43.06544;2.21632
8795636683;43.94051;-0.37195
8795863712;43.86407;3.31723
8796034890;43.17666;5.77179
8796321317;46.1001;3.19912
8796352217;46.13155;3.45666
8796817801;43.95663;6.86201
8796817803;43.95751;6.86095
8796817805;43.95768;6.86223
8796817807;43.95852;6.86195
8800617581;45.15611;5.73508
8801264714;43.6484;-0.97215
8801264715;43.64826;-0.97329
8804160880;48.82588;3.09239
8804202341;48.82413;3.09202
8804243793;48.82471;3.09094
8804243794;48.82476;3.09103
8804269859;48.82411;3.09197
8804269860;48.82588;3.09236
8804552665;43.67874;-1.15336
8804552666;43.67875;-1.15335
8804830823;43.84841;7.36453
8805069554;45.14368;3.90851
8806883291;46.03959;5.40923
8806961627;46.0521;3.78178
8807218237;46.96027;4.82209
8807487036;43.17216;5.60547
8808021604;47.75801;-1.07071
8808108194;47.73641;-1.01213
8808377840;43.67659;1.62393
8809127317;48.96971;2.30771
8809469931;43.55838;5.02774
8809808324;45.56502;4.37116
8809812222;45.53541;4.42369
8809991424;46.13854;6.71016
8811756564;44.54258;2.68497
8811804707;45.84632;2.06452
8812137139;45.08986;4.17333
8812601745;48.02699;0.11492
8813812281;46.34113;-1.43811
8813920985;46.02864;0.19988
8814153968;47.08084;1.86471
8814864992;51.05554;2.42353
8814977280;45.9186;0.1665
8815655412;43.59857;-0.23678
8815672353;49.89726;3.62331
8816929117;45.97497;0.15626
8817013966;45.95919;0.16246
8817211128;47.85992;2.22259
8817981587;44.61101;-1.11708
8819674234;45.19623;5.73699
8819704891;45.67913;0.272
8821072047;48.16961;6.44812
8821310218;44.53962;4.32465
8821332340;44.53769;4.32602
8821462925;44.54172;4.29453
8821526688;44.53825;4.2921
8821913684;43.29585;-0.36814
8824054270;48.45153;-4.25093
8824479324;48.63636;-2.47299
8826187887;48.06349;0.13596
8827547718;45.77078;0.95763
8829441653;43.50581;6.83379
8829819560;49.35684;6.15792
8829819561;49.355;6.16055
8830088343;45.11541;4.28589
8831562014;43.77361;6.20932
8832572056;48.88259;2.25003
8832679760;45.6094;5.68307
8832701968;45.5994;5.6278
8832725338;45.59256;5.72044
8833654517;48.90926;2.24619
8835386777;43.84328;6.72843
8835552154;45.63413;5.36613
8838642540;44.35788;2.59421
8841782614;46.11783;5.49045
8844526918;46.54024;3.34312
8844609207;46.56679;3.33074
8845715249;45.80811;5.79062
8846772116;48.07474;-0.69977
8847615254;47.65532;-3.20575
8848902121;48.57983;-3.82983
8848933851;48.5812;-3.83176
8849032524;47.65808;-3.20028
8849199433;43.7377;7.36969
8850015223;47.55823;-3.13572
8850365872;48.7098;2.23641
8850821784;48.8587;2.39921
8850860124;45.93399;6.09668
8851393905;45.36898;6.32972
8852000557;47.18154;-2.16195
8853540723;47.08055;2.3993
8853818517;47.77586;-2.07993
8853942151;48.74403;2.25343
8855221324;44.22862;3.52399
8857841056;42.5898;2.36464
8857978762;46.8472;6.00598
8858593350;43.30468;1.94138
8858593351;43.30428;1.94251
8858593382;43.3064;1.94097
8859528467;43.76797;7.48963
8859776851;46.20174;0.75433
8860038843;48.44505;-2.5683
8860100673;43.75379;5.9483
8860102258;43.75451;5.95002
8860113719;43.75508;5.95002
8860768936;48.02425;-1.7489
8860875157;43.30541;1.94023
8861114708;47.12482;0.99642
8861150422;47.12744;0.99894
8862843801;48.57566;-3.8207
8863882020;45.95193;5.32849
8863882021;45.95246;5.33029
8866358795;47.18671;4.89586
8867471751;43.67452;4.63573
8867557883;46.7097;5.65829
8868291052;43.29394;5.47901
8868677178;46.06072;5.99402
8869362808;44.5147;6.75102
8869728364;47.95742;-2.97274
8869820181;43.16597;1.12122
8869905752;48.29593;-1.43306
8870106685;45.9038;6.42254
8870163960;43.83104;7.32884
8870230600;43.84486;6.21437
8870249618;43.79536;6.43729
8870249620;43.79526;6.43729
8870303875;47.39095;0.97241
8870350290;43.84201;5.85075
8870390414;47.40923;0.99147
8870573882;48.97575;-1.53809
8870655620;49.08145;-1.46253
8870667655;48.97747;-1.54162
8872545917;45.59873;-1.00751
8872546217;45.60412;-0.99986
8872640517;44.44899;4.59804
8872759748;43.67418;4.63552
8872984916;47.26849;0.43469
8873004531;47.21542;0.06217
8873016593;47.16404;0.2364
8873286253;47.0109;0.32382
8874769206;48.85763;4.48374
8874843417;46.31123;-0.99356
8875349920;48.94305;2.16261
8879610185;46.75446;5.62652
8880761312;45.18909;5.9357
8881026860;45.04931;6.15567
8882426499;48.23385;-2.37497
8882493231;45.95664;6.38513
8883354556;48.07602;-0.69738
8883517095;47.34261;0.65088
8885234126;47.98864;0.25092
8885234131;47.99684;0.20613
8885234132;47.98225;0.20661
8887809196;43.13884;6.00718
8887810768;43.13643;6.00681
8888141391;45.13814;2.0987
8888264959;44.47752;5.97637
8888367157;47.98695;0.25389
8888837821;43.76048;5.50177
8888884600;47.10579;4.95025
8889694737;48.91069;7.28783
8890001672;45.09337;1.94053
8890454257;46.49631;-1.77716
8890551261;43.75814;5.50731
8891128454;45.05587;4.39038
8891928806;43.35364;-1.78102
8892006689;46.92142;4.31936
8892048590;45.05038;4.38654
8892225838;48.93018;2.30397
8892370215;47.68945;-2.7301
8892429337;47.77374;-2.0844
8892479393;43.35605;2.74288
8892962009;45.91709;6.13254
8893171716;48.46843;5.96224
8893423433;43.5126;3.88288
8894402867;48.88097;2.39869
8894835663;44.60744;3.28151
8894835690;44.60756;3.27734
8895483023;46.20901;4.07785
8895587530;47.61712;-0.71711
8895826437;46.09603;5.9623
8897430684;48.36022;-0.07803
8899314920;44.05703;5.35454
8899637093;49.06483;2.30035
8901565775;47.62054;1.93539
8902043480;46.61806;0.42075
8903454248;50.47359;3.30031
8903932559;43.08712;6.07593
8904031997;45.43803;6.20738
8904572355;48.84643;-3.00766
8905269237;46.29475;6.07934
8905602470;44.54873;6.46636
8907484555;44.13172;4.06629
8907637226;43.87338;-1.07187
8908007412;45.17055;1.987
8909406736;45.38461;4.72633
8909646242;44.51557;3.49828
8909660789;45.57264;2.80894
8910259917;44.48509;5.93717
8910402940;49.46921;3.55968
8911092284;49.16687;-0.34809
8911140217;48.02454;0.07205
8911364351;43.55802;4.0511
8911440451;44.21498;0.48262
8911544803;43.9916;-0.53041
8911685598;48.63797;-2.25917
8911717336;43.9916;-0.53045
8911969811;45.55836;5.96302
8912177526;43.54695;3.97808
8912921982;45.81889;-1.13631
8912927049;45.56495;-0.97055
8912930139;45.81565;-1.13519
8912935656;45.91459;-0.95841
8913055076;43.64214;-1.08216
8913162345;43.76098;-0.31606
8913205675;48.6091;-2.3375
8913239427;45.8209;5.84711
8913469998;45.18903;-0.49283
8913719617;47.26102;-1.53305
8914047899;47.81364;-0.70378
8914141408;48.84038;2.2512
8914323800;43.35493;-1.55125
8914452502;46.67444;5.49652
8914600247;49.10193;6.18552
8915955669;44.81887;5.94388
8915955687;44.45719;6.29477
8916027301;44.90641;5.7832
8916363321;48.88463;2.3875
8916569992;-22.28066;166.46765
8916648672;43.08542;6.07074
8916707984;43.33119;3.20057
8917391714;45.91447;6.09138
8919035496;46.50481;-1.73746
8919107095;48.11444;-1.67175
8919171417;42.81923;0.14121
8919435289;48.92905;2.46758
8919806707;42.48969;3.1286
8919854555;44.07295;2.03564
8919896788;43.34178;-1.44568
8920395515;45.61293;4.08637
8921754962;48.53006;2.01119
8923228517;44.18976;2.03994
8926095665;47.35647;-0.65502
8926829774;43.69479;-0.37816
8926956221;45.18485;5.72421
8926956222;45.18521;5.72396
8926988470;44.8403;1.27435
8927439348;44.21738;1.97088
8927439729;44.23143;2.04184
8927800339;48.89772;2.3766
8928122029;47.75261;7.05732
8928244201;47.98832;-2.83125
8928280480;48.11339;-0.97293
8928292517;45.82706;3.05246
8928309345;46.51988;6.02405
8928917134;48.56424;-2.2765
8929063175;45.9957;1.37731
8929104331;48.66877;-3.89528
8929342917;43.32937;5.11126
8929485986;45.93794;6.11655
8930265218;45.15515;5.14974
8930363117;45.82971;3.09942
8930376989;45.16584;1.97862
8930691421;45.81828;6.72752
8930926022;48.35681;-4.77726
8930997387;47.68053;-1.13132
8931299373;48.07393;-0.05996
8931306648;48.04036;-0.05699
8932433258;45.56163;4.81024
8932683557;45.80087;6.72314
8933017222;44.22519;6.93155
8933346426;44.52016;0.03331
8933347030;44.52153;0.03274
8933362917;44.36269;2.57995
8933500698;43.27411;3.48201
8933633743;42.8976;-0.39634
8933657025;42.89751;-0.39618
8933757311;47.10399;6.16286
8934137654;47.68851;6.04277
8934914344;43.44851;3.65154
8935023688;43.27537;3.49244
8935723542;44.89315;5.54888
8936021699;47.89124;-1.78616
8936429607;45.92188;6.06245
8936661293;48.47092;-2.4973
8938748913;47.85005;-1.94321
8938811132;47.48018;-0.55928
8938881327;42.30095;9.15853
8939428372;43.65569;-1.44516
8939466411;45.92229;3.06684
8940773817;44.54266;2.68459
8941104292;46.11901;1.04851
8941476078;48.64991;-2.02754
8941747814;48.59667;-2.53773
8942239938;48.05518;-4.15612
8942328794;45.18086;3.24405
8942332730;44.90993;3.79785
8942432876;43.2757;3.51327
8942433076;43.68095;3.00321
8943343911;49.94474;1.70842
8943529417;44.61173;2.50968
8944210358;48.83765;2.36346
8944337176;44.68356;2.85067
8944338664;44.81694;3.12137
8944416596;42.98463;0.22693
8944478850;42.96286;-0.06812
8944668417;45.07172;5.6422
8946356294;49.7302;1.4334
8946573246;49.59277;4.50405
8946629945;46.56878;-0.63435
8946711484;46.5964;5.87231
8946717139;48.00229;2.08537
8946966120;48.56846;-2.77065
8947521340;44.12588;1.24663
8948260117;44.61694;2.19276
8948569298;47.93733;-1.6576
8949051716;41.72156;9.29974
8949286316;43.28693;6.60289
8950761317;42.92271;0.80108
8951403838;45.56465;5.92282
8951413987;43.42025;3.60237
8951649806;43.85416;5.10325
8952084964;48.02965;-1.75816
8953259057;44.4623;-1.13052
8953912017;43.79392;6.39842
8953999814;45.46979;4.37409
8954299612;45.90233;4.18154
8954554285;45.59248;5.90125
8954602197;45.95959;5.83219
8954735442;42.87357;-0.55455
8954905691;44.87506;-0.5444
8954905692;44.85899;-0.56573
8954905694;44.82952;-0.56293
8954905696;44.82889;-0.55376
8955003292;16.25085;-61.27929
8955156367;43.26355;3.3131
8956500286;44.89407;6.63399
8956652918;46.32837;-1.32875
8957028017;43.02936;0.57234
8957409906;45.61571;6.86104
8957409907;45.61897;6.87148
8957555156;43.16851;6.53052
8957656561;44.65154;3.89099
8957949860;43.76235;3.88947
8959280947;44.24293;5.07442
8959280975;44.24379;5.07493
8959280992;44.23816;5.07237
8959879697;48.23225;7.40364
8960218352;44.42799;6.43495
8960241817;46.7034;-2.37545
8960322764;44.42774;6.4344
8962535805;45.10039;4.72502
8963170521;44.13579;4.80807
8963277760;43.36997;-1.39961
8963662279;45.31521;0.00547
8964112315;46.33013;-1.32578
8964737414;46.29845;0.17836
8967646821;46.54576;3.33038
8968568604;48.16401;-0.97119
8969037008;48.60347;-4.59804
8969145794;42.70803;2.84644
8971375778;46.84647;4.63523
8971542036;47.72026;-1.37071
8971636031;47.25712;-0.07251
8972106045;44.80711;1.29694
8972134989;44.6401;-1.14621
8972330482;48.98541;7.85809
8972455444;45.01469;4.65374
8972537639;47.20884;0.99942
8972630441;49.16569;-1.56857
8972865093;44.79089;6.55638
8972894308;46.88019;6.37151
8972950541;47.97458;-4.09848
8973588299;47.48592;-3.10238
8973693528;43.97136;1.59681
8974185530;44.14529;1.96885
8974236837;48.45622;-2.13016
8974385119;47.86613;1.14085
8974385123;47.64478;0.89484
8974385127;46.77128;-0.18967
8974639474;48.31798;-2.26194
8974896667;45.86638;5.94102
8974986734;45.86691;5.9441
8975000511;48.4953;3.50144
8975082717;44.2215;1.96763
8975120636;45.98612;3.74234
8975156703;46.07761;3.69784
8975156739;46.08063;3.69409
8975288435;43.67039;3.35671
8975288437;43.66954;3.35745
8976071355;48.42907;-4.7817
8977011917;45.8421;6.22332
8977574704;49.57034;5.27422
8977865578;16.25213;-61.59051
8978017812;44.84152;-0.58059
8978472210;47.98697;0.28075
8979259213;46.95923;-0.89934
8979333738;47.51473;-2.72774
8979485463;45.53937;5.79945
8979485464;45.54141;5.79966
8979686390;47.89675;1.93568
8979693618;43.61849;3.35662
8979700720;43.86414;3.3172
8980296649;16.33374;-61.36561
8980312598;16.33135;-61.34455
8980315401;16.26481;-61.51294
8980699229;45.59753;6.79511
8980778017;49.84955;4.77401
8980824302;50.42917;2.79761
8980942880;45.4422;6.66166
8980942907;45.44241;6.66273
8982539157;45.38254;4.75372
8982631246;45.44154;6.66324
8983316128;46.34564;-1.4123
8983746361;47.56275;3.64662
8983757411;49.36355;0.08189
8983911789;45.06523;1.0961
8983916237;46.33217;-1.29175
8983917155;47.63074;-2.28697
8984911509;43.27502;3.51173
8985099518;44.78121;6.02798
8985213418;47.26595;-2.34619
8985213419;47.26307;-2.34373
8985243718;49.6818;-1.79107
8985408833;42.98421;1.14298
8985808918;42.85787;2.72044
8985887666;45.59575;6.79296
8986003623;45.97353;4.32633
8986010561;45.92402;4.4527
8986041817;45.82703;6.20166
8986105824;47.98721;-4.47422
8986327205;45.57667;6.78166
8986569464;42.77616;1.7551
8986635265;44.96655;1.76958
8987491829;43.93218;0.24938
8987587300;44.3758;4.42163
8987884591;46.09867;-0.50768
8988089807;45.89708;-0.79651
8988258775;49.33836;-0.62476
8988418397;47.93493;0.18523
8988682209;16.21845;-61.51641
8989353040;43.08559;6.07469
8989404181;45.93331;-0.49011
8989458045;45.93136;-0.66345
8989458465;47.87138;5.37935
8989734517;48.83585;-3.48103
8989834717;46.36942;6.32994
8989843697;44.47356;3.86233
8989927117;46.37079;6.32735
8989972394;42.91216;1.2328
8990559324;46.6546;6.00894
8990680729;47.10672;6.14704
8992517517;45.45865;6.74431
8992520217;44.3;4.57103
8993357256;43.67118;-1.38944
8993430604;48.23645;-4.48907
8993546331;44.5149;5.21382
8993554716;46.24045;-1.5553
8993827692;47.95522;0.08734
8994179767;47.27251;0.16811
8995123687;44.30597;4.55962
8995168986;44.29993;4.57433
8995468149;49.77129;4.78329
8995497580;44.5029;2.18054
8995749517;46.23792;3.15401
8996254549;48.62869;2.08104
8996274451;48.64291;2.08721
8996932145;44.30394;4.56133
8997078465;45.35781;5.95277
8998060661;44.35197;2.56276
8998062117;43.27427;6.52209
8998162362;44.76123;5.15363
8998162363;44.76123;5.15362
8998221517;44.30176;4.5554
8998837416;47.29622;-0.32545
8998865527;47.33303;-0.36251
8999500655;44.91051;3.11613
8999518623;44.97365;5.95946
8999670052;45.75562;3.75761
8999674788;45.21999;1.97786
8999686101;45.76977;2.76284
8999710829;48.09883;-0.35158
9001028117;44.1043;4.55556
9001484469;45.23938;4.671
9001665137;48.54959;-1.75353
9001837091;47.78126;5.60193
9001939618;48.51211;-3.87314
9001968206;48.00864;0.06982
9002419185;43.97138;1.22564
9003551369;47.55012;6.43213
9004093329;44.09965;4.75575
9004237395;45.11908;5.23381
9004274477;44.10207;4.75811
9004567798;47.39029;4.36599
9004577065;46.48282;-0.4071
9004603921;45.54399;5.81287
9004647731;44.64025;-1.06993
9004727336;48.31799;-2.26194
9005287821;47.8908;-2.89115
9005344260;47.89004;-2.89228
9006000217;43.32782;-0.78235
9006135338;43.15699;-1.26041
9006164567;50.2171;1.62027
9006289542;46.95905;-0.88706
9006294291;43.51913;4.12497
9006547599;48.00848;-1.42948
9006673103;43.55276;4.11232
9006709309;43.54378;4.12885
9006719020;43.54669;4.12407
9006878977;48.86577;2.37761
9007009314;45.66045;2.97711
9007917083;46.70356;4.98243
9007922634;42.87645;2.35183
9008071223;49.4263;2.90551
9008283665;50.25721;3.29838
9008419517;48.43241;-4.784
9008698750;45.85518;6.66913
9010230269;43.28665;3.5101
9010437944;44.77945;2.63677
9010605337;44.52586;3.90831
9010625719;47.31694;0.28397
9010681385;42.96501;1.09824
9010717427;45.80425;5.29898
9011245626;43.18719;6.54952
9011997417;47.46546;-0.55085
9012240930;47.77875;-3.19567
9012240931;47.77884;-3.1958
9013405043;46.24277;3.63931
9013537821;42.74448;1.46533
9014422406;45.44222;6.6558
9014434195;48.04049;-1.51711
9014458554;42.88804;-0.1158
9014575713;45.39607;6.61975
9014707463;47.65301;-3.20217
9015220180;47.22841;-1.18112
9016143421;46.15407;6.29411
9016824614;47.74999;-0.64242
9017077902;43.45552;-1.58174
9017432067;49.0821;3.94137
9017459847;46.47034;-1.60267
9017975682;46.07419;3.90728
9018069242;47.54358;7.01715
9018340132;48.05408;-1.88989
9019835497;42.95711;-0.33219
9019966247;43.56444;3.18979
9020065917;49.83503;0.62581
9020132316;44.53701;5.01425
9020187072;45.9635;1.5339
9021291011;44.46528;1.67758
9021354081;44.04727;2.89992
9021703392;45.37572;6.72098
9021730205;45.37475;6.71971
9022166109;44.56073;4.75092
9022782799;44.26997;5.12711
9022794971;50.01737;4.04471
9022816677;45.06579;2.07444
9023148281;43.94228;2.36704
9023166703;43.94137;2.23921
9024069727;45.22797;6.40837
9024319041;47.13801;0.27487
9024462429;47.29435;-2.53365
9024799570;43.8413;2.67254
9024955146;48.0424;0.17493
9025010220;43.2844;5.31645
9025148629;45.96821;-1.38544
9025249173;45.94024;6.4272
9025349868;48.81685;2.35968
9025493154;46.32241;0.67381
9025494100;47.14564;-0.54272
9025973517;46.86608;0.56098
9025997797;45.73351;3.83553
9025999955;44.62068;4.38675
9026001446;43.03137;1.0203
9026009144;42.78983;1.33636
9026046617;45.70765;6.10613
9026128282;44.13417;6.3423
9026176929;43.97533;2.71916
9026253121;48.36338;-1.95308
9026253122;48.3408;-1.89297
9026331351;44.66832;6.7781
9026371866;43.8858;2.88027
9026393686;45.36619;2.58217
9026403934;49.64733;-1.61685
9026403938;49.64711;-1.61715
9026458002;50.40893;1.56072
9026526979;49.07045;2.17827
9026855458;44.42173;3.0191
9026985003;47.16163;-1.26419
9027011039;44.98974;3.68035
9027011044;44.9872;3.69313
9027129006;42.79151;2.38039
9027674285;44.49008;3.73926
9028651498;43.35375;-1.54998
9029434523;48.25957;7.45433
9029813652;45.54364;6.75734
9031001629;47.16781;5.90372
9031216217;44.36865;4.37079
9031665314;43.35119;-1.40826
9031694875;43.40154;3.69612
9031905467;43.48741;-1.55574
9032228972;46.03275;-1.37778
9033018325;46.35478;-1.4733
9034001782;44.23897;4.45708
9034435180;48.84722;-1.58044
9035084993;46.20523;-1.10125
9035459294;47.28737;-2.36991
9035676085;45.80132;-1.15995
9036264481;47.27024;-2.35218
9036379335;46.19306;6.42911
9036989647;46.34172;-1.39379
9037165886;42.70116;3.03686
9037208929;-12.78245;45.22627
9037388663;46.34122;-1.44497
9037619338;43.09492;-0.71595
9038309843;44.40358;3.74607
9038923779;47.62229;-0.50497
9038951161;47.85465;-0.29958
9039045117;43.09448;-0.72102
9039992423;46.59127;-1.39197
9040018140;48.867;7.19218
9040318352;44.04073;1.00427
9040337698;46.3514;-0.69154
9040350185;47.34887;-3.15977
9040509743;47.26032;-2.33893
9040509755;44.78213;2.35188
9040770295;48.53001;-4.11628
9041006054;45.86102;3.54338
9041075257;45.85559;3.54897
9041638166;48.67089;-3.89858
9042594757;43.13932;5.76775
9042671132;48.63375;-2.05588
9042785717;46.40276;0.70562
9043521161;45.74181;4.85662
9043684121;47.25858;-2.34671
9043770943;44.02459;3.37306
9043772989;48.70242;-3.77625
9043870128;47.63737;-2.15298
9043897610;44.86838;0.5873
9044108311;47.14796;0.48665
9044274519;44.63384;0.53856
9044288825;44.8809;3.49956
9044316456;44.75959;3.3555
9044328299;44.65432;0.58859
9044407967;44.6512;0.59246
9044430289;44.60246;0.36065
9044433380;44.61434;0.54082
9044436318;44.65896;0.55966
9044848019;44.07302;7.16696
9044962684;48.38559;2.80478
9045411439;46.70527;-1.37671
9045421398;46.16025;1.6447
9045470260;44.30019;3.31205
9045470596;44.03165;2.53847
9045640990;49.48712;-1.66483
9045675365;50.47712;3.4024
9045720981;47.50238;-0.57133
9045774613;43.53091;2.25555
9045961829;47.48499;-1.11073
9046184748;46.78967;-2.0596
9046223418;45.68359;5.17601
9046223419;45.68359;5.17596
9046228781;46.67968;4.45909
9046479724;44.5998;3.93622
9047373055;48.81419;3.12871
9047537566;47.57166;2.83049
9047560852;43.3994;6.71557
9047566052;45.14499;1.15385
9048086307;48.65998;-3.63221
9048138225;48.6107;2.63488
9048333401;44.87758;4.57409
9048896447;47.28161;-2.39231
9049145455;48.15677;-0.40007
9049176103;42.57581;2.09775
9049347966;43.63614;3.85389
9049859117;43.79197;-1.40675
9049967398;48.96875;0.07255
9050014277;44.52496;3.26961
9050046519;45.28588;6.88271
9050117922;44.65514;5.00157
9050816780;47.90123;-3.44001
9051263923;48.10832;-0.4613
9051524910;45.09352;1.9374
9051613309;44.40318;-0.29
9051705826;45.08593;5.33953
9053187727;46.02237;-1.16461
9053249032;43.26114;5.39615
9053455154;49.53678;2.7881
9053962010;48.46785;7.44957
9053988994;48.56398;-3.15963
9054023361;48.56467;-3.16084
9054079900;48.56339;-3.15735
9054098683;48.5642;-3.15728
9054114766;44.54935;4.74771
9054132957;45.75213;4.42318
9054691036;47.42567;-2.457
9055012808;46.25498;6.11207
9055252401;47.34183;6.35581
9055318017;45.44067;-0.43714
9056339927;45.65824;4.7729
9056472917;45.80136;1.86402
9060346244;44.46535;2.97331
9060372637;43.9753;3.71638
9060635637;45.63057;6.86875
9060646787;44.51548;2.81496
9060674180;42.89025;2.20034
9060721014;47.5631;1.45331
9060721015;47.56384;1.4571
9060721016;47.59322;1.45374
9061270767;48.42777;-4.31499
9061781100;50.39338;3.11396
9062436982;42.95761;9.45554
9062795370;50.34141;3.1076
9063057116;48.84178;-3.00198
9063448413;45.34996;-1.14813
9063544933;45.98332;4.713
9063817492;44.56304;2.67848
9063882765;50.52252;3.21769
9063886862;50.52269;3.22001
9063910625;46.68568;0.24495
9064031010;45.8742;4.49162
9064040874;45.87246;4.49652
9064067106;45.35088;-1.14973
9064319011;43.95214;4.53514
9064360245;46.63601;-0.94111
9064403600;48.42302;2.74884
9064774017;44.55581;4.75085
9065682329;45.6868;0.56748
9065706005;46.15204;-1.10852
9066167756;48.35992;-2.63406
9066249517;49.30369;-0.0739
9066249917;49.30558;-0.07377
9066586614;44.6476;3.06561
9066590793;44.81677;3.11619
9066591061;44.48231;3.27825
9066591092;44.46175;2.9632
9066641125;48.90676;2.39654
9066641126;48.90677;2.39652
9066819652;47.29698;6.05199
9067401698;44.81654;3.27137
9069713350;45.54948;1.13196
9070191604;44.51123;4.85373
9070616386;45.34649;-1.1491
9070631941;45.34733;-1.15056
9070911897;46.12985;0.16891
9071554562;49.28757;-0.09843
9073685269;45.37322;4.48891
9073705385;47.8815;6.94429
9073753632;43.8482;5.11494
9073760526;43.76592;5.36099
9074545084;44.98363;4.22239
9074694677;48.95316;7.94165
9074860433;45.3477;-1.14783
9074892054;42.46381;2.86019
9074898340;42.47211;2.66875
9075632179;42.48513;2.65541
9075872067;49.75086;0.87727
9076012591;47.74345;-0.88681
9077160096;-21.16665;55.28625
9077180827;-21.16918;55.2864
9077180840;-21.16955;55.28788
9077446231;45.90797;6.12397
9077782166;45.70282;3.85079
9078528476;50.27595;2.82004
9079062352;44.83894;-0.58322
9079350341;43.3179;6.46945
9079775514;50.19002;1.62761
9079966593;42.55063;2.38439
9080834345;46.72902;3.24094
9080958643;46.71415;-2.31276
9080985844;46.69167;-2.28287
9081059506;42.75963;0.00119
9081180116;43.27538;2.7082
9081654591;-21.38716;55.64401
9081654615;-21.36884;55.54849
9082109956;47.68901;-2.54219
9082228891;49.14747;0.22707
9082433480;48.87584;2.30496
9082583317;44.56166;4.74958
9082995472;48.20461;0.40243
9083592093;47.39548;-1.45417
9083622834;44.21493;-0.75133
9084741644;43.08665;-0.41922
9085079131;48.33057;7.31384
9087977795;45.74828;4.83367
9087986982;43.71603;5.3288
9088222226;-21.34758;55.48157
9088285147;47.90415;7.1031
9088937133;48.93733;5.7129
9089019617;48.82181;2.36531
9090319197;48.42213;2.74794
9090489020;45.39186;5.26082
9090528099;45.17492;5.21545
9090677802;44.78949;5.19533
9091297849;46.77181;0.53693
9091300397;50.48099;3.23667
9098589698;48.81071;2.14946
9100104393;46.57359;-1.343
9100587917;45.47741;3.18567
9101610814;-20.90477;55.60779
9101648931;-21.06963;55.2208
9101648942;-21.06768;55.22142
9101750371;46.59475;-1.18108
9101750467;46.59547;-1.18123
9101913902;45.58368;5.27577
9102280699;46.17195;4.20628
9102925533;46.57863;-1.02813
9103315821;47.97265;3.51215
9103807504;45.83345;5.0972
9103852029;46.2197;-0.15071
9104969233;47.03349;5.77795
9105212817;43.29412;-0.40442
9105362781;43.67693;4.62945
9105512300;47.31174;-3.20163
9105512308;47.30825;-3.06573
9105512313;47.31133;-3.20274
9105709263;46.23178;0.10602
9105796550;48.31979;2.08885
9106062990;45.66665;0.49903
9107885499;50.64053;3.07419
9107910431;43.67305;-1.38575
9108222706;45.49349;1.06151
9108344823;43.60437;1.43976
9108448161;47.68018;-3.00052
9108553462;46.1765;4.21361
9108844859;50.22091;1.63095
9109474035;46.17795;4.21067
9110121259;50.64055;3.07414
9110289115;43.55388;7.12232
9111205126;48.83497;2.3647
9111434917;48.43218;0.06159
9111509381;45.70912;-1.02829
9111731370;43.29522;6.61721
9113174195;43.94557;2.89483
9113435849;43.09924;3.11323
9114110396;43.60647;2.77975
9114117931;43.60739;2.78099
9114632205;49.36935;1.47957
9114700535;43.23605;3.2676
9114700538;43.23685;3.26657
9116569367;43.44541;-1.58873
9116630170;45.4929;1.06037
9116865214;47.37014;-2.55183
9117118666;45.42621;0.74493
9118361572;49.38767;-1.04799
9118495584;45.55986;0.82258
9119208119;43.77435;7.4974
9119208324;43.77509;7.50688
9119609609;44.53411;1.86326
9120345623;45.30599;0.87363
9120380915;45.30759;0.87325
9120420773;47.62169;7.23507
9121255231;48.99372;-1.46654
9121680051;46.46634;-0.80396
9121801108;49.62526;0.68316
9121816423;49.85403;0.60506
9121818609;49.85295;0.6008
9121983259;49.57755;-1.27248
9122432976;48.54047;2.66046
9123863163;45.30926;0.81923
9124118984;46.53703;2.60864
9124124459;47.61433;1.36502
9124134430;49.32791;-0.39201
9124253620;44.73475;1.378
9124273045;46.02347;6.47874
9124293711;47.50179;-0.5675
9124293712;47.50182;-0.56745
9124383064;45.414;0.92057
9124615953;49.15072;0.04746
9125007935;44.5253;2.28314
9126641248;49.69965;4.79326
9126656962;43.9826;3.60753
9126656963;43.98257;3.60749
9127341569;45.0331;3.08223
9129827210;47.01982;-2.30074
9130557488;48.60455;-1.78185
9133194208;44.15901;1.89637
9133287231;47.23888;-1.34976
9134843458;46.57076;0.4654
9134888146;45.87469;4.48957
9135546830;48.11541;-0.78376
9135808466;46.9083;-1.45351
9136812603;46.53988;-1.61714
9137372827;47.25382;-1.37411
9137706992;43.05042;-0.67584
9137768997;48.88325;2.52711
9137948857;47.87719;7.11806
9138238861;46.89313;-1.42051
9138238862;46.89359;-1.4214
9138594437;43.29038;3.12859
9138764796;44.37602;2.59459
9139373309;47.87094;-2.49943
9139581113;42.59216;2.97793
9140607895;46.76147;5.33321
9141372233;48.42711;2.54074
9141481649;45.78086;5.46016
9142484818;45.79166;3.71712
9143283787;47.14732;0.65422
9143283797;47.14659;0.65317
9146912405;47.16246;-0.54865
9149327967;50.72901;1.59581
9149528690;48.01855;-2.17025
9149543950;47.05612;-0.93974
9149543955;47.05623;-0.93826
9149852573;43.33376;-1.14574
9152126110;47.07748;-2.03698
9155625986;48.04033;7.13237
9155781079;43.67101;4.64039
9155997445;44.73509;4.59905
9156450527;49.66103;5.04957
9156450529;49.66202;5.04901
9157247340;44.25883;4.6475
9157658689;43.04553;1.62808
9159351276;43.6118;3.86192
9159921663;47.81229;-0.82409
9160821441;42.67157;2.62916
9160879816;47.8256;-0.72057
9161080113;48.0116;0.45537
9161933536;43.44976;3.04888
9162540018;48.38998;-0.604
9163098938;50.94138;1.74151
9164315049;43.55006;7.0201
9165185947;47.17586;-1.26034
9165216888;47.16788;-1.2686
9165702000;47.91183;0.33687
9167543593;43.16244;-1.23734
9167724930;46.68633;-1.51207
9168304592;45.28451;6.81459
9168304593;45.28392;6.81461
9170025476;47.52284;-2.85882
9170046785;48.52073;2.26566
9170325864;47.7318;7.34794
9171052326;47.2075;-2.04345
9171586737;49.45753;1.04626
9172191641;45.2773;6.34308
9172191841;45.31193;6.34076
9172280503;47.43834;-1.22682
9172387200;48.60744;2.29413
9172387201;48.60747;2.29408
9175325520;44.15205;1.77617
9176003371;43.6653;-0.84421
9176113439;46.20163;6.24684
9176412702;46.23371;6.04468
9176412703;46.23373;6.04466
9176413596;47.32874;0.99636
9176583818;46.99571;-0.97824
9176586953;46.83839;-0.77497
9176786588;42.68365;2.89883
9176786589;42.68367;2.89879
9176786590;42.684;2.89884
9176786591;42.68393;2.89874
9177504419;43.7599;6.15309
9177749874;43.92914;4.12571
9177749881;43.94176;4.08136
9177761020;47.9899;2.73944
9177852041;43.83588;4.06511
9177872623;43.83038;4.02668
9178948479;16.27011;-61.52779
9178957794;16.26976;-61.52639
9178957796;16.26989;-61.52613
9178968618;16.26976;-61.52662
9179408311;47.25653;-2.01911
9179672653;47.69554;0.41827
9180314583;45.73943;0.38956
9180582846;48.46992;-2.51196
9180634675;48.74464;7.36245
9183473426;43.64161;-1.44479
9183474401;42.68319;2.89897
9183523202;46.3688;6.65445
9183692667;47.69666;0.46312
9184086056;44.31151;5.69668
9184086057;44.31142;5.69877
9187906900;48.27108;-1.85361
9189769409;44.82432;1.25082
9189769410;44.82356;1.25127
9190636331;42.68403;2.89973
9190636332;42.68397;2.89838
9190636333;42.68398;2.89835
9191210559;44.86313;1.37338
9191338407;43.50981;-0.53577
9191338408;43.51045;-0.5357
9192149492;47.31173;2.79176
9193724944;47.00773;0.08323
9193814127;44.66492;6.77627
9195015769;46.88949;-2.11019
9195241357;45.31902;4.76979
9195940368;43.61726;4.00805
9196960217;43.23842;0.07518
9196994800;42.68201;2.89874
9196994801;42.68203;2.89868
9197126407;49.17941;-0.84128
9197179430;48.94196;2.25374
9197344646;45.57457;-0.54868
9197970417;45.37056;5.5853
9198039389;43.96805;1.79011
9199150652;50.28599;2.78812
9199185602;43.32098;2.87724
9200020723;43.45056;2.06541
9200297071;44.31338;4.2146
9200401922;46.7681;-1.50992
9200843487;43.27928;3.48252
9201264407;48.17247;0.24658
9202438162;43.54985;5.03311
9202877769;45.89474;6.64473
9205075702;43.26055;-1.61857
9205564634;46.2279;0.29125
9207257975;43.56349;5.07183
9207338252;43.29973;5.38242
9207339162;45.74829;5.17122
9207428066;43.30183;5.37998
9207528467;43.56788;4.18946
9208273746;48.66238;6.15533
9208310487;43.72288;4.71033
9208892403;48.06943;0.51874
9208892410;48.01915;0.56914
9208896155;42.52888;2.40164
9209324092;45.43149;5.51531
9209921064;48.7842;2.18257
9210068567;43.19917;5.61706
9210582100;47.67572;-2.29564
9211395941;44.56666;1.53268
9211548137;47.48546;-3.11838
9211818633;45.53771;5.81294
9211943859;43.61714;4.01091
9211989650;44.58241;6.08306
9212295624;50.62809;3.14979
9212832553;48.05875;0.49231
9213956817;46.20788;-1.51507
9214384787;44.53105;0.76768
9214408295;45.20826;5.76296
9214408305;45.20829;5.76307
9214429398;47.6773;-1.01664
9214816619;42.68431;2.89929
9214889052;45.84478;4.40389
9215876505;48.56534;2.59403
9216297115;45.84809;5.65101
9216423697;45.06946;5.55
9216778361;48.7919;-1.46801
9217176339;45.7521;4.83745
9217204825;48.10488;0.58306
9217204828;48.11621;0.51336
9217204829;48.08281;0.5107
9217801917;46.20606;4.07796
9218420108;43.42249;6.84986
9218621234;46.10286;6.11934
9218642482;43.41222;1.11696
9218787187;45.90722;6.10961
9218949417;43.45117;4.4242
9220583633;46.88294;-1.70548
9220996513;47.15884;-1.26229
9221195731;48.83012;2.28863
9221195738;48.82958;2.28862
9221195748;48.8294;2.28861
9221195755;48.83166;2.28794
9221701748;46.77454;6.36892
9221865675;44.02083;4.96992
9222050521;43.12701;5.92555
9222086584;46.15879;-1.27211
9222306458;44.27361;4.34899
9222306461;44.27352;4.34921
9222998609;-12.83795;45.13164
9222998610;-12.83816;45.13253
9223156804;47.79717;3.56376
9223393017;45.27658;5.88517
9223611217;45.92616;6.87408
9223759756;44.83787;0.73885
9225361364;47.479;-0.53416
9226016895;43.61061;1.48674
9226850417;49.63096;-1.55067
9227568224;44.87566;1.22384
9228184425;43.62036;5.0494
9228221904;48.54021;2.62394
9228424157;48.03557;0.24707
9228424158;48.03404;0.23979
9228613635;44.84543;5.62086
9229780423;48.88022;2.30902
9230374271;43.61716;4.01096
9230604282;44.34384;1.79523
9230664420;45.54477;3.2463
9232332313;49.02012;-0.03245
9233019525;49.01824;-0.0323
9233320205;46.70863;3.00394
9233824236;46.19477;4.60451
9234530695;47.28144;-2.40694
9234716145;45.90343;6.12385
9234906408;-21.08339;55.22583
9235950071;48.80557;2.16811
9236523583;47.88964;-2.89035
9238004037;46.86491;5.82927
9238675715;45.94204;-0.95533
9240449546;43.64267;7.00708
9240607135;47.3026;-1.52408
9241160304;48.01899;-2.17355
9242600984;45.02049;5.44234
9243018394;44.41053;0.21963
9245161898;45.74472;-0.63182
9245172075;-21.17749;55.28715
9245622847;47.26852;-2.34955
9245848417;48.94392;2.32116
9245848517;48.94388;2.32117
9246555796;42.80907;2.89191
9246951184;48.14614;0.17072
9246951185;48.14533;0.18305
9246951194;48.14128;0.09443
9247226337;46.10804;5.96739
9247842735;48.86668;2.32333
9248410940;43.29089;1.94722
9248607764;48.81958;2.36396
9248793436;42.59954;2.97214
9249103347;47.8656;0.46999
9249797419;45.79;3.16056
9250353037;45.80456;4.71974
9250353038;45.80466;4.71978
9250955067;47.22997;6.03479
9251418327;47.24776;1.35266
9251437113;47.13423;-1.74725
9251448625;47.37196;-1.97232
9253115817;45.82465;3.14545
9253695012;48.86106;2.12349
9253895601;49.8158;0.5321
9259606938;48.29175;0.04852
9259607020;48.29309;0.04764
9259741655;45.58446;4.69492
9259925022;48.7361;4.58657
9259991983;43.38383;-1.668
9260699749;49.04806;2.01102
9261767865;48.83649;2.22978
9263028117;48.93729;2.31013
9263281312;44.8482;0.50316
9264591595;48.31151;0.13321
9264707890;47.31513;-3.10066
9266141513;45.82158;4.86285
9267069422;45.91456;4.77872
9268639503;44.78024;6.73524
9269343712;45.11444;6.00369
9269407679;45.05361;5.85473
9269416181;43.69333;7.25527
9269538417;48.89797;2.32938
9269658318;48.82954;2.33447
9270584990;45.05929;6.0384
9270621845;50.96604;1.85902
9272712759;44.75663;6.79025
9272860073;48.56297;-3.15192
9273436632;48.17511;0.42678
9273436633;48.17891;0.42571
9274009933;48.35537;0.34645
9274016873;46.89101;-1.24896
9274016899;46.89165;-1.25061
9274724858;45.67729;6.38711
9276616037;48.80621;2.23509
9276617796;-22.29092;166.43888
9277769878;43.32656;-1.03465
9277919216;43.32905;-1.03268
9278011662;45.87739;4.83987
9278932291;45.49567;2.84915
9279007059;44.74009;1.83061
9281400773;16.13614;-61.57149
9282534265;46.96342;-1.43437
9286435112;49.59806;1.11005
9288557977;42.53197;2.2762
9289017672;48.91362;2.27255
9289214234;47.82526;-0.01864
9292813679;48.44694;-3.83364
9293512436;-12.83323;45.12377
9293512437;-12.83323;45.12299
9293663560;46.19197;5.25887
9293669168;46.1902;5.26903
9293672202;46.19027;5.25979
9294628274;16.33411;-61.34958
9296470267;45.8443;4.83704
9300419414;45.8465;4.83191
9301159041;16.39448;-61.4064
9301467491;42.62618;2.95182
9302634810;44.48214;-1.07582
9307339472;44.02207;1.3547
9308935997;46.12574;6.26738
9309574022;47.99493;0.4252
9310352433;48.58305;-2.55658
9310743616;44.98671;-1.08995
9310915518;44.33111;2.59229
9310915522;44.33111;2.59253
9311030729;-12.69464;45.07093
9311448864;47.90049;0.63107
9311448865;47.90334;0.57401
9313229715;16.33462;-61.35697
9315760553;45.41828;5.34697
9315918027;46.21783;0.53005
9316976224;-12.78933;45.13122
9317463434;45.73002;4.00726
9317705194;48.97935;2.18141
9318064204;48.70625;2.04167
9318064206;48.70636;2.04193
9318156175;43.99802;1.50202
9319109487;45.83015;1.2628
9319523652;46.36879;6.48123
9320656139;48.93093;2.42464
9320870450;48.72187;2.45223
9321272890;48.37334;-4.37004
9321302829;45.14417;4.12445
9322395502;42.77395;1.67494
9324720088;45.05343;5.5869
9325523126;48.10276;-3.99711
9325746856;46.33209;-1.32908
9325931623;44.11154;0.89126
9326658937;48.58258;7.7571
9326658938;48.57557;7.74982
9326658940;48.52751;7.71033
9326658941;48.57456;7.7542
9326658942;48.58736;7.73689
9326658943;48.60356;7.71266
9326658944;48.58375;7.74563
9326658945;48.57809;7.75188
9326658946;48.58139;7.74842
9326658947;48.58467;7.73532
9328391588;16.34819;-61.77525
9329135464;47.00351;0.06212
9330038228;46.69708;-1.94421
9330038961;45.22208;5.77853
9330102385;-20.98787;55.294
9330781569;48.02718;-0.2723
9330781575;48.01724;-0.18909
9330781603;47.99385;-0.15306
9331415957;47.38131;-1.0303
9331808767;46.4439;-0.44894
9332072117;49.46099;0.83376
9332161811;45.36501;5.59173
9332169824;48.86291;2.36214
9332247564;44.84645;-0.52849
9332287164;45.85884;4.71201
9332302167;48.3012;4.33669
9332419573;-12.84528;45.18729
9332419574;-12.84528;45.18726
9335196919;46.44519;-0.44727
9335262053;47.26914;-0.07168
9337771891;45.57128;5.91967
9337771892;46.16145;6.55413
9337771893;46.16131;6.55415
9339846754;47.26152;-1.04561
9341638062;48.03001;-1.93242
9344526738;44.83638;-0.57277
9346944696;45.41702;0.92186
9347056742;47.20343;-0.98235
9347523945;49.39668;2.9691
9348140264;47.20202;-0.98648
9348316146;42.67835;1.7972
9348793743;48.68159;-1.96823
9348889189;45.75661;4.84123
9348985461;45.67398;4.76387
9349321915;45.70357;3.85062
9350219002;42.54737;3.02283
9350269977;47.28106;-2.40349
9350364123;47.28119;-2.38817
9351138588;47.85025;0.10885
9351138589;47.82808;0.07903
9351141136;44.01174;4.87301
9351530281;50.63739;3.07404
9351543086;50.33544;3.51752
9352722980;44.35944;5.14243
9352761472;45.42106;6.36371
9353504904;48.99156;1.84372
9354195132;47.82095;0.23809
9354195160;47.81973;0.1537
9356263466;-20.88558;55.46069
9358346968;44.91218;4.46525
9360317974;48.29028;-3.23132
9360497433;44.82833;-0.59987
9360642211;46.42619;0.86486
9360714615;46.35536;2.80198
9362516010;43.40556;5.04522
9362664270;47.75957;0.26044
9364462840;48.86258;2.34267
9364565791;15.8654;-61.58367
9365277496;46.20914;6.57673
9366331712;43.97535;5.46628
9366357649;47.77054;7.35977
9366748097;49.75761;0.35977
9367532048;45.20856;2.71612
9368134896;44.13798;2.43504
9368650270;44.88635;4.38645
9369966097;50.96568;1.84546
9370249908;45.36722;5.59477
9370717450;47.31613;-0.80358
9370786490;44.95269;1.8321
9370800655;48.87767;2.36736
9370953269;43.08126;5.80682
9371953585;47.28635;-0.84799
9373138300;44.57217;2.25257
9373222505;48.74576;2.28988
9373500473;47.31012;4.50134
9374542948;47.82739;0.4908
9374542949;47.84125;0.58388
9374557824;47.83626;0.43117
9374557827;47.83717;0.43184
9374557828;47.93015;0.41525
9376394830;46.68893;-1.42444
9376858737;48.99277;1.91285
9376872964;49.38442;6.22456
9377022720;48.78644;-3.52687
9377249930;48.433;2.75355
9377264178;44.93107;4.88002
9377264179;44.93795;4.88388
9378630995;45.15531;5.08809
9378990291;45.09423;6.07131
9379433229;49.76761;4.72498
9379674591;16.25025;-61.27295
9380052706;47.02182;5.66232
9380373221;44.72429;2.00152
9381683974;46.71475;-1.97849
9382173383;45.20257;5.68289
9383693717;42.83247;0.23685
9383712410;45.54125;5.39205
9383969017;43.52778;3.9328
9384154757;48.64591;2.07808
9385398019;43.47065;-1.42807
9385536418;48.85992;-3.10343
9385685570;44.08345;6.20264
9385777718;49.04542;-0.32615
9385787328;49.61043;-1.56756
9386076125;47.23128;-1.11528
9386410844;48.82404;2.46018
9386410854;48.83281;2.38917
9386410863;48.83274;2.38925
9386410864;48.83253;2.38883
9388547113;47.09098;-1.06469
9388558533;48.99889;7.85707
9389575160;16.33373;-61.36561
9392257611;47.55481;0.2496
9392438922;46.72378;0.45564
9395274812;44.79595;-1.1461
9396670049;47.25666;-0.07289
9396717575;47.33087;-0.1848
9397325541;44.63616;1.77284
9397683803;48.84623;2.35488
9397867832;46.28584;5.84795
9397964859;43.41659;1.62894
9400770745;44.439;0.56693
9402647501;43.41809;6.77418
9403327759;44.72367;-1.20491
9403484126;47.73221;0.45297
9403484155;47.75399;0.44763
9404537520;44.69774;-1.22901
9404738103;43.53073;5.44298
9405533160;44.67141;0.40477
9407228576;-21.3437;55.47687
9407578404;47.65505;1.48844
9407609965;47.68525;1.55996
9407609967;47.6317;1.48105
9407609969;47.61348;1.41687
9407609981;47.58537;1.59788
9408142917;43.42674;3.61149
9408584244;46.17422;5.8473
9409588985;43.24793;5.58585
9411918492;49.53135;0.54939
9413053322;48.76808;7.85672
9413190508;45.6015;5.88734
9413938695;42.65481;2.95372
9415382107;48.46809;-2.51724
9415809665;44.60001;1.91861
9416387370;48.54666;-3.39661
9416387371;48.70397;-3.44786
9416430416;48.67892;-3.52022
9416437817;48.67119;-3.39855
9416437818;48.60809;-3.44781
9416437820;48.56633;-3.34323
9418046932;43.52336;-1.15769
9418299317;43.40736;-1.64033
9419099251;43.11926;6.01255
9420030616;45.79912;6.23077
9420269317;45.97747;3.51995
9422180454;45.80136;3.26132
9422342427;44.63536;-1.02157
9422552182;45.72098;5.07643
9422792854;43.57585;1.2764
9423626803;45.11073;5.87603
9425143664;45.14504;4.12432
9425549639;43.84415;-0.75993
9426369522;48.03676;3.02334
9428040941;47.12968;-0.15308
9429480533;45.55752;5.91062
9429480536;45.55845;5.90237
9429998917;-22.30267;166.4378
9432927594;43.7984;6.24341
9432947685;43.79581;6.23566
9433188178;43.55701;2.9139
9433580039;43.26819;5.72896
9433985295;47.03614;-1.18452
9435842926;46.977;-0.27749
9436316133;43.61059;4.01324
9436719688;16.25845;-61.51822
9437261479;46.92499;-0.32205
9438291597;45.68151;5.97746
9439559692;47.4124;-0.86516
9440267427;47.40836;-0.76142
9441906526;48.15874;-2.82997
9442464461;46.66112;-0.73244
9442686036;45.76637;6.34902
9442747414;44.10673;5.10419
9443042026;48.28311;-4.1072
9448234862;47.36577;-1.17551
9449715739;46.02638;6.66508
9449785472;46.02516;6.64449
9449924381;45.41649;6.36287
9450151969;46.28169;5.84119
9451049742;48.43424;-4.62166
9451384787;47.74597;0.55816
9451384806;47.74336;0.55783
9451452797;16.1092;-61.77306
9453486340;45.36534;5.58493
9455165380;16.13237;-61.76962
9455180766;48.00849;0.19614
9455180767;48.00849;0.1962
9456279175;43.07991;5.81032
9456289417;44.52564;-1.17344
9456500060;45.06946;2.65752
9456614710;43.38076;-1.66493
9458049594;46.20398;-1.45306
9458049595;46.20359;-1.4539
9458094764;42.82957;0.32719
9458149122;42.83152;0.00134
9459431513;45.73758;4.91739
9459665740;43.21429;5.53527
9459891269;48.64728;2.15499
9459975606;48.64525;2.15253
9461698434;45.61547;2.38236
9462264818;43.12439;1.17475
9463512871;44.37937;4.69736
9463754361;47.52188;1.93298
9466671482;47.76318;-3.34906
9469157719;45.4448;-0.43646
9469894723;47.50965;6.79765
9469912540;44.19993;0.61585
9469914922;44.63215;-1.15006
9472027222;47.25337;-1.04181
9472193703;49.28931;-1.54252
9472300407;44.6525;1.91226
9473681679;47.49821;-0.31859
9476145417;45.82738;4.8756
9477286793;46.58727;1.52
9482938907;47.70244;0.07436
9483137486;45.63967;4.84076
9483241010;47.59931;-3.11156
9483246501;44.58225;-0.0343
9483258563;45.98032;-1.04147
9483540720;45.44256;-0.43436
9483610598;47.70166;0.07389
9485607878;47.81247;-3.7067
9485744725;47.76319;-3.34913
9485777288;46.71387;5.64444
9486168012;46.23542;6.32123
9486948740;44.37133;1.54507
9489321321;46.75487;5.6113
9489918500;46.52039;6.02248
9490118402;43.46739;6.67147
9490584039;46.57589;5.95549
9494676664;15.96844;-61.64384
9494857378;45.52667;3.12959
9497431457;43.09859;-0.05791
9498710900;46.2956;6.78815
9498710901;46.26792;6.84054
9499036688;42.84356;1.74453
9499101771;46.6439;6.14109
9500792089;43.25778;-1.23242
9501036705;48.46992;-2.51844
9502737181;45.82773;3.07876
9502744882;49.08268;3.94663
9503403948;45.28784;5.97044
9504241224;49.99028;3.65377
9504394156;43.68304;-0.59844
9505130744;43.64362;2.04548
9505766026;48.68164;7.40698
9506355885;46.24841;3.63434
9508449758;43.42049;5.36156
9508449759;43.41885;5.36082
9510504911;45.65427;4.90651
9510841798;47.30212;-2.20798
9510922039;47.73061;-2.59105
9510922040;47.73269;-2.59105
9511973987;45.8225;6.72649
9512826322;42.46648;9.45905
9512949895;47.28175;5.99347
9513365502;45.93724;6.13276
9513365503;45.93719;6.13265
9513365504;45.93735;6.13328
9513365505;45.93655;6.13186
9513365506;45.93697;6.13225
9513365507;45.93731;6.13208
9513365508;45.93738;6.13217
9513803565;46.17536;6.45029
9514225512;45.01076;4.78211
9514502076;45.20302;5.21959
9514768214;47.69011;6.8308
9514880827;45.7239;4.91348
9515015204;46.82938;-2.1446
9515123565;48.72107;-3.98282
9516255472;49.22227;-1.36872
9517775011;42.63964;2.98034
9517863638;16.27474;-61.52659
9518451531;43.48893;4.40519
9518847579;45.84608;6.7389
9518869848;45.9057;6.70189
9518938415;43.43729;1.60119
9519021866;46.72003;-1.94572
9519257352;45.24619;6.56978
9520456066;44.74299;1.78658
9520465927;43.23051;0.07501
9520584281;45.70972;4.74582
9520957534;48.23446;-3.31635
9521186503;47.73785;-3.43081
9522208983;47.0955;2.24261
9522449815;46.48063;-1.76104
9522555992;45.73863;4.65751
9522594547;48.0056;-1.47653
9522655621;43.22138;-0.89026
9523604452;47.06825;6.69086
9523848461;44.37417;3.4351
9524449026;42.68067;3.0343
9524679216;42.51158;2.07068
9524833417;43.76409;7.48724
9525654736;43.09824;-0.05191
9527170384;49.25604;-1.40683
9527170394;49.25339;-1.54881
9527210530;49.30399;-1.42235
9527210531;49.32515;-1.43737
9527210532;49.17895;-1.33327
9527210533;49.33523;-1.59416
9527261944;48.87871;2.3586
9527343061;49.18521;-1.4083
9528370456;48.20126;1.88623
9529030224;47.76019;-3.35317
9530731511;48.83194;2.31321
9531806016;44.63701;0.74482
9532144674;47.29134;-0.91496
9532257110;46.43458;-1.65854
9533040674;47.87706;0.21781
9534239457;48.07698;-4.33029
9535417752;45.90097;6.70692
9536752710;45.76034;3.08268
9537189720;48.79627;-1.39744
9537382145;46.46476;-1.61797
9537626044;-21.16124;55.82333
9538399012;48.9686;2.25468
9538777908;48.91347;-1.56516
9540184140;47.80634;-3.28325
9540316132;45.65008;0.15777
9540316139;45.65544;0.15065
9540316140;45.65545;0.15091
9540452827;45.69557;-0.32729
9542910717;48.84497;2.38036
9543007432;45.74474;-0.63595
9543419729;45.54373;4.26499
9543516541;44.00423;2.82406
9543516616;44.02391;2.79404
9543592554;47.77207;-3.30092
9543662260;48.97448;7.06426
9543662271;48.97451;7.06425
9543692364;46.31897;-0.45498
9544335006;41.67845;9.14655
9545038961;48.64886;-0.94498
9545178617;44.97609;6.5108
9545397151;47.80996;-3.24226
9545839638;43.29779;5.37426
9546731017;49.2736;-0.6867
9546958823;44.59217;1.84002
9547062665;49.33158;-0.45698
9549401953;48.46792;-4.75781
9550245315;44.93022;6.72216
9550466080;46.32185;-0.46557
9550495994;46.32438;-0.46975
9550995668;42.58043;9.28752
9552025783;47.38305;-0.65682
9552385698;48.16544;7.29931
9552446387;42.52588;3.06869
9552460698;48.16654;7.30144
9552493791;46.36607;-0.36625
9553353730;-20.8779;55.45731
9555203673;48.80472;2.36363
9556050807;44.67575;6.60793
9556067332;45.60371;4.52153
9556073219;45.58657;4.51962
9556270624;45.89021;5.15751
9557214997;45.57158;4.48213
9557595340;48.89926;2.37445
9557922895;47.97808;-1.72157
9558418974;45.54228;5.77581
9558530556;47.44033;-0.2147
9558746347;43.59268;2.25362
9559775884;47.76515;-3.23775
9561463486;44.06308;7.614
9562711353;48.50761;-3.02583
9562739285;48.47669;-3.19096
9563045152;44.18902;2.76623
9565861527;43.63419;-0.69468
9565986884;46.44092;4.33802
9566033528;43.63395;-0.69515
9566144426;48.53714;7.79218
9568558281;50.01452;2.07434
9568710602;45.86973;6.14312
9569335956;47.68101;-1.58899
9569576178;50.51168;1.64603
9570618395;44.21327;2.71103
9570784208;47.24409;-2.27832
9570903483;47.26358;-2.23453
9570944938;47.27986;-2.25985
9570946584;47.27347;-2.24993
9570953126;47.26446;-2.24361
9570971789;47.28276;-2.26046
9570973371;47.28636;-2.23584
9570974230;47.27026;-2.21583
9570974231;47.27293;-2.22181
9570986233;47.27108;-2.22754
9570994675;47.27141;-2.20543
9570997888;47.27407;-2.21336
9571009024;47.29922;-2.1836
9572066122;45.75708;4.84526
9572066123;45.75711;4.84529
9572066124;45.75712;4.8453
9572987155;47.09631;5.48838
9573020451;45.77276;2.98765
9573107500;47.50932;6.7945
9573140428;47.51045;6.80165
9573812450;47.92905;0.18717
9573818745;48.87137;2.36502
9574752818;48.78623;2.23908
9574770268;48.78923;2.24461
9575503917;47.78928;-3.41698
9575504943;45.08513;4.97207
9575511772;47.63319;6.85378
9575511795;47.63643;6.86503
9575531743;47.63923;6.85513
9576747271;45.91935;1.43853
9579331908;46.38869;2.92468
9580900519;45.19641;0.71835
9581850664;43.27434;3.50921
9582835680;48.85771;2.40601
9583581848;46.35669;5.76538
9584066495;48.39803;-4.26802
9585121133;48.62817;2.0979
9585121134;48.62806;2.09807
9585121138;48.75603;2.37234
9585983117;45.60167;6.25453
9587201454;48.69485;6.18821
9587524917;44.77936;6.55988
9587832063;48.5857;-3.81895
9588371481;46.53278;0.33532
9588671905;48.96858;2.25469
9589840339;43.43512;5.46435
9590121229;43.67253;4.6378
9590271251;45.15903;3.58009
9590541968;45.55471;6.83647
9592608208;50.96584;1.84255
9592608209;50.96562;1.84162
9592742026;48.03226;0.16713
9592742050;48.03879;0.1518
9595103929;44.37404;6.68059
9595530452;47.28839;-2.38984
9596175664;18.06707;-63.0867
9598196122;46.15255;-1.15321
9599362849;43.86903;-0.74214
9601923063;46.36852;6.47875
9603657351;44.04279;2.15243
9604150480;43.93454;-0.92392
9605628934;47.70304;-3.38476
9605806560;48.96071;8.19326
9606456219;48.69603;6.17168
9606456230;48.69611;6.17163
9607454496;48.02574;0.20674
9607597818;47.93032;0.36385
9609175191;44.0951;6.92806
9609316880;43.67667;4.43249
9609730951;47.71005;0.50948
9609915996;47.7619;0.65633
9610733817;48.4422;-2.03864
9610918654;47.92095;0.74312
9610919308;47.23485;6.02565
9611160552;43.85094;7.16375
9611230134;47.23154;6.03219
9611461301;46.25632;4.59715
9611462568;45.45884;3.9957
9612404402;48.59783;-2.55477
9616577302;48.92448;2.0283
9616577304;48.94744;2.15403
9616577305;48.94713;2.15386
9621494817;45.57221;6.82812
9623129123;48.81363;7.78271
9623696223;48.29661;-0.94001
9624389483;48.66602;7.70721
9624445799;45.42476;-0.17989
9624543424;45.29517;-0.23848
9627141227;45.17905;-0.2268
9627197249;45.12861;-0.20448
9629026217;43.77737;7.50706
9631596510;45.75983;4.84071
9632924637;44.10197;3.07439
9634032868;16.26084;-61.51629
9634087591;16.23163;-61.53417
9634475917;48.02879;0.3841
9635594715;46.10429;3.89659
9635887757;43.61543;3.15621
9637534468;48.67524;7.85682
9643040439;46.55716;0.29101
9643551107;43.50897;2.79363
9644118884;46.83352;-0.48189
9645399861;43.99633;6.19669
9649576846;43.60097;1.43502
9649583295;43.91741;0.4324
9649587648;43.60114;1.43449
9651363045;46.30183;2.78158
9653431025;47.52454;-1.34661
9653431099;47.52255;-1.34645
9653694838;45.09483;5.1127
9653940390;47.62469;7.42899
9654144313;45.85978;6.6205
9654191010;43.76651;7.20218
9654834417;48.55643;2.20735
9655729433;47.27562;1.55019
9656063745;50.64472;3.04554
9656425074;43.68139;4.62049
9656718307;47.92366;1.89357
9656815492;44.99495;0.44804
9657895546;43.60955;1.44255
9657895547;43.60959;1.44254
9657898167;45.20256;5.70685
9658660645;43.26998;5.40072
9658660649;43.27088;5.40051
9659990027;48.84324;2.35078
9660437464;46.29547;6.61478
9660943160;43.40454;-0.08492
9660972263;43.45657;-0.01682
9660976236;43.49463;0.08803
9661152395;45.78349;4.82058
9662770817;43.14723;5.77387
9662833517;43.14791;5.77277
9663454172;46.71528;0.45568
9663553767;43.08747;1.87398
9664466417;49.77395;1.35918
9666125218;45.02461;5.64541
9666187565;48.12495;0.62275
9666953729;46.07774;6.41618
9667186289;48.84863;2.35527
9667539872;45.98591;-1.09727
9667702448;47.36389;-0.52285
9669284427;47.98785;0.23449
9669284434;47.99416;0.17373
9669330181;48.01471;0.27016
9669713476;42.68315;2.89892
9669713480;42.68341;2.89967
9669713481;42.68348;2.89975
9669795863;45.78994;4.61225
9669795864;45.78998;4.61224
9669847817;47.27471;-2.43321
9669896904;44.44872;1.43337
9669896905;44.44931;1.43332
9670072283;43.26258;5.37556
9670203004;45.03614;0.36696
9670257601;42.56603;2.90359
9671544571;45.61648;-1.00948
9671544580;45.61431;-1.01151
9671544586;45.61786;-1.03141
9671950499;48.82616;2.15296
9671982455;46.70751;-1.9791
9672272593;43.83404;5.09257
9672595893;44.49639;2.14125
9672670073;50.403;3.55457
9672782055;42.70148;2.82204
9672868787;50.32964;1.60243
9673201609;-17.57319;-149.61997
9673206040;45.76838;4.83738
9673206041;45.76836;4.83739
9673971723;43.16275;6.31968
9673971725;43.16274;6.32104
9674014217;44.65941;-1.19269
9674242407;48.07029;-0.77132
9674243568;45.37735;6.50427
9674252217;45.70487;5.8875
9674998899;42.89199;0.88676
9675044079;-17.5713;-149.61922
9676878265;49.92332;1.07934
9677017069;45.81956;6.51243
9677042523;48.201;-2.98572
9678331800;43.22491;3.2436
9678331815;43.2242;3.24466
9678572113;45.35652;-1.05992
9682206026;47.24049;-2.27069
9682913727;43.22062;3.23467
9683229218;43.27959;5.32579
9683684954;47.16993;0.24176
9684027768;45.25515;1.29326
9684906617;48.5701;-2.1815
9684906618;48.57652;-2.15237
9685022271;43.22522;3.24407
9687311017;43.56673;1.5155
9687981718;48.44346;-4.41958
9689738417;49.33135;-0.46423
9689878156;43.33212;2.79636
9690004533;44.39362;0.68594
9690006419;44.39451;0.68566
9691431271;48.85819;2.35836
9691431278;48.85828;2.35853
9691467666;43.61614;3.81933
9692015300;45.60374;-0.62219
9692629900;47.5001;-0.49008
9692652915;48.21885;-1.34212
9693176787;46.15049;4.11141
9694013202;44.17959;0.60197
9694532198;46.44029;-1.67137
9694532215;46.4406;-1.67181
9694586828;46.71763;-0.9194
9695077212;45.44236;-0.60684
9695632095;43.11843;5.93523
9695810516;45.55261;-0.51008
9696086201;42.4632;2.03246
9697863735;48.54607;-1.17275
9698057715;47.50873;7.46902
9698861017;44.87672;-0.1895
9698877790;48.59571;-2.19137
9699025579;45.77619;6.22063
9699869424;46.03234;-1.38015
9700204903;43.44769;-1.55416
9700215990;43.44755;-1.55456
9700215991;43.44753;-1.55454
9700229627;43.44669;-1.55312
9701196992;46.44064;-1.66995
9701552066;46.46765;-1.61856
9702277423;44.50902;4.29071
9702362750;16.25228;-61.5895
9702980106;47.77885;-3.1958
9703370083;44.44384;4.53928
9703442636;43.29072;5.65011
9703442637;43.29165;5.64458
9703780704;46.13457;-1.11199
9703867844;46.13325;-1.11278
9703895712;46.12836;-1.00567
9705132010;16.15016;-61.59376
9705507817;48.82798;2.66012
9705637221;49.14106;-0.33894
9705744999;44.46447;1.44346
9705759534;44.46401;1.4426
9706616890;48.5773;-1.09344
9706655105;43.70404;2.13898
9706731146;46.23901;-1.48113
9707347094;43.24882;3.28508
9707407617;45.9587;5.49507
9707438645;48.38914;0.44243
9707664619;46.87122;0.86213
9707729407;43.11237;5.93194
9708223902;16.38427;-61.48677
9708237246;16.38437;-61.4867
9708696183;49.86767;1.17845
9708750982;43.84379;-1.37853
9708873139;16.26983;-61.527
9709558796;16.26989;-61.5274
9709613742;47.55449;-1.70313
9710169974;16.27043;-61.52535
9710173501;16.2701;-61.52721
9710228473;16.2702;-61.52715
9710253062;16.27012;-61.52769
9710253117;16.27007;-61.5277
9710337807;16.26539;-61.51252
9710911406;16.26465;-61.51342
9711013400;43.43649;-1.52134
9713461274;45.12796;-0.66672
9713942924;43.60207;1.44335
9714233517;45.71454;0.78642
9714277292;45.64579;5.0101
9716252120;46.56963;0.64916
9716253709;45.59733;1.92719
9717436720;43.47399;-1.20317
9717645607;47.43693;-1.4957
9717913471;47.82828;2.36918
9718470812;43.98945;7.55158
9718484335;16.3276;-61.34715
9718494619;16.33068;-61.34488
9718495798;16.32798;-61.34723
9718498016;46.18008;-0.47419
9718503545;16.33077;-61.34497
9718504924;16.33121;-61.34473
9719089216;49.04091;2.34099
9719177168;43.50976;-0.92205
9720051723;43.86715;-0.10602
9720540079;48.10791;-1.40366
9721159275;45.29674;6.50978
9722406496;47.50978;0.19105
9722705843;46.55949;5.00108
9723658449;44.70504;-1.0469
9723700017;47.51946;-2.57746
9724122633;46.85289;-1.1765
9724399662;45.17235;0.44635
9724441178;45.16487;5.84902
9724563108;46.31658;-0.99
9724572985;47.67134;1.23906
9724602223;46.31678;-0.98708
9724602237;46.31744;-0.98867
9724696274;46.89221;-2.13895
9724696275;46.89221;-2.13895
9724925730;44.08553;0.79378
9724925746;44.08552;0.7938
9725247785;44.66514;2.15619
9725248424;48.83095;2.24208
9727320211;44.21652;-1.29675
9727605396;43.77506;-1.40789
9727718023;46.82115;1.20911
9727765187;43.75549;-1.3375
9729797409;43.26055;-1.61869
9730759480;47.89846;-3.96542
9730764802;48.46547;-2.0869
9730766707;48.46387;-2.08762
9730938202;44.72562;-1.08021
9730938208;44.72597;-1.07874
9730938209;44.72412;-1.07926
9731054390;44.79936;2.07944
9732133043;43.83199;-0.80934
9732193859;46.33642;2.79789
9732733345;46.33659;2.79521
9732953381;45.93837;6.64379
9733544702;42.75482;2.99287
9735224458;45.61406;1.49557
9736376019;46.61906;-0.912
9737964496;45.67536;4.92476
9738005826;45.67279;4.92573
9738005874;45.6729;4.92399
9738008681;49.12579;7.1821
9738335119;45.55646;5.79125
9738393430;46.08066;6.71495
9738396720;46.08093;6.71372
9738967702;45.08943;4.17228
9739323333;48.50495;-3.87307
9739818523;48.07866;6.94622
9739888607;49.9905;4.09767
9739927405;44.74029;2.01916
9740059351;44.9329;4.31978
9740897220;45.55714;5.78925
9741159184;48.87375;2.50096
9741239542;48.65214;-3.10541
9741687226;45.75125;3.97579
9741717494;45.74033;4.00878
9741735017;45.54429;5.81377
9742023547;48.66739;-2.28733
9742288182;48.12315;0.43024
9742936820;45.93636;4.71709
9743080858;48.72943;2.37451
9743860883;45.28818;5.64357
9743974130;49.9745;4.10269
9748273082;49.90449;0.92251
9749261013;43.65315;-1.43932
9749277518;43.65144;-1.44171
9750086448;43.36122;1.77553
9751414197;43.29674;5.36886
9751542806;46.57713;1.54882
9752145881;44.36612;3.41073
9752749348;48.5736;-2.20735
9752902469;47.50483;6.79299
9753416776;-12.78115;45.22735
9753416781;-12.78253;45.22675
9754816836;46.03765;5.7036
9755659651;43.21586;2.47198
9757193041;49.90767;0.93376
9757404882;43.57383;6.9859
9758833572;44.46079;6.16548
9758922152;44.08427;7.10541
9758961228;44.5266;-0.65609
9759400693;48.5165;-0.43951
9759496534;46.01511;4.61039
9760145857;47.60244;-2.06185
9760926600;48.8955;2.31012
9761409957;46.56231;3.28994
9761822501;44.4794;5.39772
9762161786;46.39839;6.53157
9762802043;45.44567;4.42462
9762851899;48.0099;0.20452
9763808331;43.30705;3.12791
9763878586;44.62371;-1.24695
9763878587;44.62372;-1.24693
9763878588;44.62371;-1.2469
9763878589;44.62371;-1.24688
9763878590;44.62368;-1.24688
9764514399;46.10609;4.78002
9765123972;47.89109;1.89712
9765435565;45.44532;4.42143
9765655852;48.27282;0.46044
9765655876;48.23047;0.39314
9765655892;48.14726;0.36195
9765751693;43.21594;2.46969
9766526413;46.38936;5.64754
9766590111;43.34547;-0.41884
9767583286;47.00282;5.8252
9767900898;44.31509;5.82339
9769215007;47.81002;-2.38375
9769248205;50.45444;3.59031
9769444560;47.79731;-3.83241
9772368474;49.45821;1.29358
9772400817;47.25877;-1.53948
9772870907;43.6553;1.37993
9773234616;47.28302;3.82477
9773395958;44.6568;4.76259
9773499612;45.47998;4.64392
9773602773;48.0377;-0.11603
9773719252;45.47951;4.64596
9773863526;46.34631;6.69693
9774759517;44.34212;1.18199
9774875832;45.76967;-1.13931
9775016971;47.28103;-2.36224
9775171290;47.28305;3.82473
9775171299;47.28293;3.8243
9775468531;45.76783;-1.13554
9776742886;47.29886;-2.51554
9776811605;47.30178;-2.52475
9777007531;43.10946;0.72345
9777019011;45.5601;1.81462
9777035795;42.9609;9.45181
9777423255;48.77712;1.81059
9777834795;45.80654;-1.09256
9778912099;43.56796;1.3429
9778974570;48.23567;3.70077
9779224098;46.42189;-0.68192
9779300708;46.53032;-0.58867
9779305152;46.55429;-0.62885
9779712400;47.74408;-0.4173
9779848963;49.39133;3.32679
9779875755;44.65417;0.07765
9779893834;42.83908;2.91768
9780182818;48.42028;-2.65821
9780222246;46.87428;-0.64994
9780941426;47.33752;2.798
9781202717;49.67565;1.33552
9781256016;46.83476;6.15682
9781286929;45.47051;6.56385
9781375656;45.03094;6.01929
9783557322;47.08299;-1.40992
9783903375;46.86078;3.1648
9783903376;46.85901;3.16861
9783903377;46.86175;3.16991
9783903378;46.86695;3.1694
9783969417;44.2871;1.16938
9784032844;47.26972;1.86461
9784035417;47.26954;1.86531
9784069085;50.30909;1.60427
9784069086;50.30931;1.60527
9784603209;45.34216;5.38974
9784608707;48.40497;-1.7468
9784609755;49.39116;3.32698
9784652256;49.38429;3.32924
9785440545;47.3694;-1.18693
9785535828;48.67659;-1.02153
9785768398;47.89682;-1.68718
9785825054;44.09812;3.07924
9786841108;48.66937;2.27484
9787517780;44.19435;1.69637
9787517783;44.19356;1.69707
9787587613;44.10419;3.07565
9789680882;41.7502;9.17083
9790126470;46.20318;4.07829
9791038178;45.52133;4.25473
9792202769;45.84087;6.17522
9792398124;48.53478;-3.79032
9792644926;45.8278;6.19535
9792677888;48.60709;2.16368
9792899418;45.47224;-0.15261
9793638095;44.05065;4.2271
9794396523;43.26848;6.57429
9794530799;45.77584;6.08805
9794531985;42.63707;8.93699
9795206904;47.35364;0.64153
9795231818;45.51427;-1.12579
9795398503;45.79254;6.21939
9795524407;47.75833;-0.491
9795527400;42.70221;2.89626
9795583310;48.01924;-4.02195
9796194289;46.36936;-0.59526
9796349013;46.99044;-0.24164
9796349014;46.99488;-0.2463
9796556417;45.18979;5.62528
9796575617;44.76279;1.61778
9796610391;43.34138;-1.47377
9796812387;47.58194;1.99091
9796812455;47.54488;2.19201
9796812612;47.54492;2.19221
9796987230;48.89157;2.3891
9797072957;43.67679;4.62637
9797128777;47.82518;1.70859
9797966217;45.45846;4.69459
9798052347;47.54231;2.19039
9798052350;47.54239;2.19068
9798679255;47.20343;6.88218
9798720912;45.68313;6.30465
9799072703;48.90957;2.17857
9799274119;45.70552;0.85201
9799675385;48.03313;0.16735
9799889755;47.22185;2.06804
9800328085;47.99315;0.63095
9800328104;47.93606;0.70209
9800328109;47.93673;0.70134
9800711056;43.62115;1.41639
9800711057;43.62114;1.41633
9800941017;47.54943;-0.29375
9800988116;48.67428;5.92725
9801137327;43.85869;1.24097
9801494264;44.82464;1.18369
9801627974;44.44538;1.43975
9801697875;46.90782;-1.13302
9801699576;46.58223;-0.38181
9801776252;44.29076;0.04054
9802153406;47.54249;2.18817
9802154045;47.54448;2.18969
9802154070;47.54433;2.19118
9802154071;47.54438;2.19123
9803251586;48.59665;-1.50421
9803791819;45.55326;5.78986
9804098369;43.59489;-1.42541
9805721767;45.7866;1.87161
9805743156;49.30335;1.21519
9806525584;43.58862;6.93909
9806547845;47.6145;-0.46799
9806556546;42.79631;0.40557
9806556561;42.79615;0.40421
9806762812;45.36462;0.65207
9807240236;48.8731;2.29609
9807332051;47.32705;5.0501
9807337095;47.08476;6.70838
9807346260;45.40367;4.08177
9807392864;45.36832;4.04123
9807404676;45.38128;3.99703
9807482472;47.03597;-1.17554
9807840424;43.39109;-1.6892
9808016700;47.24508;-1.5525
9808388203;45.88211;2.17572
9808640626;47.64566;-2.74769
9808877209;47.88699;0.73863
9809399817;49.65983;3.37232
9809567652;48.73122;2.36218
9810805056;45.02876;5.85687
9811184369;44.34191;4.4687
9811196017;45.08134;6.05753
9812322717;45.90786;6.82057
9812726432;45.06997;4.83014
9813228500;45.31813;5.94351
9813228503;45.31756;5.94306
9813228516;45.3165;5.94475
9813233417;45.31651;5.94477
9813306008;43.663;-0.08137
9814263826;47.2121;2.11859
9814274153;46.09785;4.20955
9814597049;45.39011;2.30322
9815310950;45.97271;-0.45543
9815706118;44.34736;6.29455
9816624404;48.34989;-0.07969
9818046530;49.04711;3.40346
9818075639;48.98496;1.71618
9819693317;44.78116;3.38777
9819693417;44.51531;2.81497
9819799897;43.37365;-0.6227
9820141923;46.79135;-0.60514
9820563668;45.76446;4.83167
9822273358;43.52449;5.43922
9822288371;43.52447;5.43932
9822293689;43.52471;5.43877
9823248959;45.1492;0.7938
9823571434;43.17228;5.69959
9823571435;43.17163;5.6975
9824419369;46.03436;4.07326
9825298341;45.82764;4.61149
9826592841;48.16718;6.35979
9826696814;48.70942;2.17115
9827925424;49.12043;4.24509
9828652557;47.2064;-1.56694
9830484458;43.12394;5.7877
9831252849;43.05487;-0.43364
9831759112;45.76567;4.84089
9832431352;45.65384;0.07745
9832431368;45.66256;0.09054
9832431397;45.65776;0.08514
9833183457;47.64078;-3.48223
9833423546;46.08182;4.28783
9833841416;47.77105;-2.31705
9833861019;47.77177;-2.31653
9833960027;44.21833;5.20999
9834029094;43.16856;6.53041
9834816882;45.76088;4.8408
9834816883;45.76091;4.84081
9835129219;-20.90752;55.40129
9835177111;44.33963;5.91375
9835251065;45.89208;1.27788
9835670125;43.31789;-0.41334
9835826069;47.01371;-1.11299
9836056217;43.55438;2.17787
9836105734;47.19708;-0.20931
9836105742;47.23492;-0.15797
9836105743;47.2349;-0.15797
9836294044;45.91669;5.90103
9836451826;43.28341;6.5874
9836846680;46.56918;3.36138
9838015979;48.12599;-1.63993
9838607078;46.13736;4.2824
9838832115;44.9057;0.54887
9838882582;48.5761;-2.56652
9838928789;46.10261;4.11722
9839260841;49.53238;1.65933
9840775585;43.28347;6.5874
9840820154;47.19677;5.52539
9840948853;47.34632;0.67063
9841076538;48.51851;0.52924
9841481157;49.4115;6.11836
9842025917;46.50513;1.30874
9842081311;44.50301;1.13409
9842233877;43.65117;7.15312
9842531876;44.00112;5.14546
9843572418;47.70144;-0.04668
9843984832;48.63596;-1.51171
9845337051;48.01343;0.27668
9846049717;44.13365;5.97842
9846550237;45.52227;6.00865
9846583952;48.50138;0.2737
9846881617;47.32749;6.12596
9847787534;43.54925;3.99081
9848196757;47.11946;-1.12476
9848241265;47.49591;-2.68216
9848432317;48.83488;-1.32378
9848674084;46.59313;-1.31621
9848907926;48.28824;-2.15416
9850207217;47.28616;0.30664
9850621921;46.17863;4.24582
9850729477;46.20355;4.37609
9850770021;43.64978;-1.42798
9851049291;47.22067;0.323
9851629277;46.84417;-1.87171
9852762895;49.13016;-1.55971
9853236392;48.28182;0.02178
9853907014;46.33535;4.88913
9854075976;44.39287;4.75275
9854135228;44.73041;0.60514
9854184127;44.7287;0.60534
9854897651;46.69371;4.13771
9854946164;47.29597;5.13899
9855132452;47.95772;7.25872
9855649759;48.11429;-1.89351
9855685327;44.03761;-1.33724
9856088118;49.85641;4.73847
9856088417;49.88541;4.73816
9856345649;48.48989;-2.73826
9857595213;45.61098;-0.59883
9857618146;46.70187;0.37158
9857630084;46.91687;-2.16888
9857630087;44.52874;-1.24919
9857633485;44.97803;-0.43249
9857634365;45.94268;-0.84952
9858126998;48.69379;2.30136
9858396572;47.83522;-4.17018
9858427267;48.68658;-1.36325
9860078808;43.60187;1.43889
9860078809;43.59763;1.44117
9860152813;50.4487;3.42852
9860898805;48.0021;-2.10165
9860921634;48.79512;2.15514
9860971093;47.89997;-3.97299
9860985237;44.99123;-0.44018
9862147534;49.80748;1.96868
9862147535;49.80751;1.96885
9862164739;49.16671;-0.27555
9862202187;45.83657;4.61808
9862268508;48.68273;2.16877
9862268510;48.67905;2.16877
9862619903;45.89786;0.92113
9862623222;47.71421;-1.12999
9862623259;47.71447;-1.12771
9862742957;43.33538;5.75726
9863340925;45.76566;4.8409
9863493581;48.35358;-1.18226
9864059706;43.03932;1.77966
9864085795;48.84447;2.37717
9864586271;43.59276;1.31623
9864764851;49.24886;3.90874
9864995156;49.72776;1.37116
9865186610;48.64431;-0.63208
9865286367;46.09804;4.2965
9865412335;46.12717;4.26634
9866082819;49.04439;3.95984
9866246408;47.60459;1.37404
9866246477;44.99216;-0.44865
9866368375;42.96375;-0.61222
9866540917;14.6721;-61.09153
9866545934;42.79285;0.42622
9866583398;51.07993;2.51579
9866963594;47.68903;-0.17047
9867639525;16.25215;-61.19808
9867814691;46.12271;4.22168
9867889639;46.10876;4.23246
9868228629;47.90099;-3.97673
9868228630;47.90101;-3.97662
9868438782;49.37856;-1.42212
9868446485;48.12057;3.99709
9868465461;46.55885;3.29126
9868666917;43.27372;3.35206
9868667217;43.27491;3.35472
9868899968;42.59536;2.41646
9868940717;43.2758;3.35832
9870004302;46.99129;-1.59341
9870608645;50.88738;1.65887
9870608646;50.88737;1.65889
9870629970;-12.792;45.12493
9870629971;-12.79197;45.12497
9870637080;50.87201;1.61685
9870747578;47.96812;1.96557
9870747579;47.96814;1.96551
9870822424;48.14402;-1.63322
9870954165;48.18764;6.438
9871857735;44.91555;4.87606
9871904018;48.27175;-1.24567
9871915919;48.50105;-1.73408
9872314668;43.31887;3.30165
9872699667;43.7668;4.07404
9872809384;42.60596;2.99084
9873036969;47.96714;-0.23437
9873036973;47.95471;-0.24923
9873250160;44.33304;2.55443
9873711417;45.2542;5.66594
9873957268;45.88296;2.17205
9874031069;48.80619;2.06069
9874147975;44.85883;-0.5373
9874296473;51.07879;2.51918
9874778932;48.44968;-2.04481
9875018041;43.12075;6.35613
9875564625;48.13983;-0.11463
9875956462;42.61862;2.42511
9875963098;42.52089;2.05985
9875963099;49.92979;2.93202
9875963150;49.93028;2.93553
9876042012;44.11315;0.53064
9876391960;45.38047;7.09066
9876716317;44.93838;5.11703
9876815781;16.24642;-61.37568
9876882743;16.24642;-61.37563
9877038686;46.14358;-0.60627
9877532302;43.11742;6.35172
9877532303;43.1174;6.35165
9878533377;45.60173;4.58899
9878575454;50.03509;1.31674
9879233121;16.2039;-61.60546
9879507297;43.46348;3.42222
9880487396;43.43497;3.77452
9880723599;44.13083;3.3841
9881724866;43.92705;-0.64071
9881812591;43.33019;3.19779
9882517116;48.54201;7.50055
9882583720;48.54205;7.50052
9882671681;46.02889;4.06585
9882713808;43.77656;2.69915
9883260231;48.21079;-1.50062
9883786551;43.27201;5.39279
9884589814;47.45588;-0.6568
9884701629;43.50582;6.95081
9884788832;43.80279;3.10445
9885177769;48.62484;-2.24646
9885255801;47.9504;6.75503
9885288322;48.87722;1.94374
9885633818;45.19419;6.66799
9886000952;43.21294;5.5304
9886704151;50.46977;3.60502
9887086978;43.54879;-1.47236
9887099317;43.43806;6.07381
9887229305;44.59645;2.29355
9887769234;42.56949;2.25411
9887810889;49.982;2.65825
9888008599;45.87555;6.5804
9888585093;48.08908;0.65268
9888585094;48.08948;0.65267
9888595122;48.2216;0.59279
9888595133;48.19279;0.68372
9888665551;47.73513;7.32365
9889066792;44.65773;4.36731
9889066793;44.65772;4.36735
9889376299;47.1251;-0.99536
9889394018;46.98516;-0.21048
9889537983;44.07275;0.20949
9889601957;43.23684;5.40315
9889762304;46.43154;5.72681
9889798657;47.74434;-2.25941
9890257003;48.91398;7.75233
9890457758;48.84945;-2.99846
9890704103;47.8725;-0.09951
9890704104;47.87113;-0.09723
9890704107;47.87253;-0.09688
9890704108;47.87307;-0.09494
9891079855;44.07352;0.20647
9891083222;48.67625;2.17024
9891508842;45.58616;4.91147
9891611026;43.81975;1.72518
9891616339;44.23917;3.57825
9891651437;46.9692;4.46492
9891896545;47.22829;6.03592
9891952564;45.06688;1.16279
9892741140;42.8467;9.44048
9892864996;47.40498;6.44651
9892864998;47.41085;6.55061
9892993257;44.84419;1.55709
9893099417;43.21103;5.54385
9893131477;48.89368;0.17731
9893652607;46.36706;6.0146
9893800650;48.91416;7.75238
9893800662;48.91622;7.75226
9893852102;48.17692;6.4618
9893852103;48.17693;6.46178
9893867318;46.99231;2.11744
9893903503;45.81728;3.76745
9893976683;49.04834;-1.60092
9893976684;49.04306;-1.59962
9894870214;48.73115;4.2055
9895035866;50.70701;1.56975
9895559216;48.37816;2.79945
9896261088;47.28064;3.49196
9896300893;49.02066;-1.04197
9896897812;42.55114;9.44146
9897060439;45.72027;5.42222
9897076971;46.43706;0.59977
9897083875;47.24075;6.02948
9897134303;48.06908;-2.75166
9897206385;45.67654;5.46979
9897648766;47.16659;6.24591
9897649982;48.05575;-0.48736
9897758274;48.73393;2.86798
9898202717;46.6073;-1.85405
9898217816;48.52165;0.54624
9898243720;48.52166;0.54628
9898525196;47.87819;0.22746
9899358181;50.17623;1.57827
9899421124;47.89979;-3.26181
9899654883;48.68154;-1.97829
9899971534;46.78919;3.59708
9900182830;50.62577;3.15038
9900208999;43.12339;6.07369
9900315131;50.00273;2.64928
9900565975;48.56684;-0.1444
9900565983;48.64032;-0.21123
9901395313;46.88333;5.76017
9901413274;48.58878;-0.35812
9901445617;48.17375;2.25692
9901499472;43.2053;2.37228
9901625722;46.36642;5.99663
9902127785;48.29718;-0.91854
9902133737;46.12521;4.73661
9902396255;49.07212;4.7888
9902641516;48.78723;-3.10253
9902693527;45.80372;6.09713
9902846498;48.57133;4.8476
9902846499;48.57124;4.84568
9903563276;48.29539;-0.94148
9903563277;48.29741;-0.93361
9903735917;42.90315;0.10198
9904077854;48.55739;-0.41843
9904511530;48.51309;-1.6608
9904690883;47.38141;-1.10197
9905080412;46.28617;-0.09001
9905430933;41.60159;9.2655
9905668649;48.20124;-3.06979
9905828825;47.79571;-4.2836
9905852349;48.70055;6.16173
9905978966;43.56745;6.17872
9906135984;47.48164;1.18755
9906213818;44.81534;4.40075
9906307386;48.34796;-2.01134
9906307410;48.30549;-2.0116
9906308418;48.18768;-2.19259
9906318542;43.28114;5.96955
9907050236;46.35326;-1.25244
9907123551;44.73557;4.62348
9907410417;45.83472;-0.67721
9907458969;43.42898;-1.59746
9907489733;43.42092;-1.62063
9907489737;43.41399;-1.62771
9907555609;44.68791;5.59816
9908064669;44.91189;5.78342
9908224929;49.7095;0.20512
9908281564;46.13043;5.4358
9908283030;45.03739;1.6393
9908284534;48.77064;-3.07413
9909117607;50.96264;1.83234
9909194338;43.47356;-1.20569
9909381217;42.8135;2.74701
9909593246;43.17843;5.68945
9909660917;44.69908;6.86667
9909697053;48.62804;-2.83539
9910011087;42.81178;2.37512
9910058043;43.87839;2.60471
9910364780;43.51702;-1.10404
9911314624;47.31028;-0.03198
9911347099;43.47973;3.48227
9911413817;42.69736;2.89239
9911672215;48.09554;-1.37209
9913010420;44.9984;4.51278
9913197514;45.69221;-0.32852
9913350643;47.06603;-0.87018
9913745147;45.47169;3.91154
9914024517;44.57209;6.67964
9914049687;43.22548;-0.56972
9914391721;43.72432;7.41012
9914426711;42.81006;0.40473
9914994917;50.73333;2.29467
9915004900;44.90274;4.15637
9915074599;45.5844;3.69128
9915092505;43.29348;5.36324
9915093817;48.58635;-1.65682
9915194359;48.04851;-1.50307
9915542510;48.67113;-1.85135
9915787418;45.7476;-0.63372
9915825163;49.1386;2.27786
9915889216;50.40986;3.12797
9916751919;45.08722;5.46676
9916974907;43.87561;6.51897
9917154655;47.45136;6.57801
9917257240;44.02837;3.67409
9917320214;47.69808;1.50584
9917385400;44.38916;0.81688
9917502128;45.31874;6.81763
9917616584;47.88855;-3.9022
9917971014;48.39421;-4.13133
9919153614;44.57601;2.2719
9919343763;44.85507;0.9114
9919999663;43.75908;-0.03444
9920135010;46.66865;3.25523
9920136879;46.66869;3.25519
9920276274;48.43711;-0.49399
9920497473;44.63543;1.77289
9920715317;43.10545;1.36995
9920823947;44.9765;6.50801
9920905799;42.57747;8.83513
9920922350;42.65418;9.06301
9920939590;42.51564;2.11431
9921012564;46.67624;0.57645
9921099017;50.40542;1.55868
9921112621;43.48106;-1.56271
9921745344;47.87858;0.12934
9922088637;45.57137;6.77841
9922174864;43.10934;0.72553
9922488730;47.25361;-0.07198
9922500367;46.22939;0.6506
9922554935;44.89536;2.39723
9922558030;45.90447;5.17482
9922585349;43.06575;-0.42294
9922713656;46.28869;5.28557
9922831493;44.09311;1.40771
9922967717;44.13212;4.79731
9922980826;48.83603;2.81464
9922980828;48.8358;2.81401
9923017687;48.43752;-4.23421
9923282086;46.08439;-1.07396
9923321930;45.87917;-0.68573
9923344284;48.19282;0.29781
9923344288;48.13759;0.2863
9923937254;45.69459;6.25275
9924646018;44.30416;3.97307
9924646019;48.84088;-3.18401
9924664838;48.82479;-3.20889
9924671901;48.45221;-2.04407
9924726951;47.00065;5.14395
9924824789;47.60014;-2.79492
9925024756;42.76671;2.86866
9925293817;45.71653;6.51283
9925315644;43.69581;0.41781
9925638497;46.57066;0.64829
9926244617;45.68982;5.91118
9926749584;45.36749;3.50294
9927375272;48.78668;-3.10482
9927566465;45.55644;6.76226
9927566478;45.55101;6.76333
9927567034;45.54934;6.73939
9927685227;47.74091;5.30681
9927829518;45.45043;6.10199
9928001222;44.19621;5.94117
9928082139;41.82382;9.26279
9929118671;42.76822;1.49981
9929220705;47.58151;7.58329
9929225718;45.88197;-0.68935
9929378485;48.76889;-3.58401
9929478503;44.08868;7.59425
9929524296;45.21722;-0.1861
9929637618;48.59753;-4.56248
9929916620;48.76962;-3.02589
9930128521;46.44043;1.61358
9930166487;44.88783;6.44629
9930239099;46.50087;6.07929
9930260296;46.53653;6.13858
9931428117;45.84122;-0.7107
9931468896;44.49422;1.20652
9931502565;47.07458;-0.83827
9931607727;48.00452;-0.21754
9931645628;47.07434;-0.83564
9931816318;43.10449;-1.19541
9931836833;41.71357;9.12083
9931965764;44.83443;6.48428
9932121620;43.9246;2.5463
9932152373;45.07264;5.55259
9932152377;45.06794;5.55187
9932179536;44.06061;-1.22549
9932287442;45.08913;5.55734
9932422532;45.14813;6.63351
9932828114;45.7467;6.29447
9932837737;45.74694;6.29376
9933179053;47.24799;1.35493
9933436183;47.50336;4.03574
9933629723;47.24094;-1.4668
9933638353;46.69269;4.84306
9934020445;44.88335;6.44645
9934050207;47.62344;-2.65821
9934118932;49.48733;0.11243
9934130653;45.58883;2.74095
9934130672;45.54181;2.81706
9934130680;45.59791;2.73402
9934130692;45.5791;2.73508
9934213202;50.30102;2.74708
9934268218;46.79771;0.52311
9934466458;46.39451;5.97898
9934958565;45.0434;3.88859
9935254250;48.57947;7.75003
9935260193;48.58099;7.75081
9935260194;48.58097;7.75151
9935472344;47.26155;-1.43654
9935487022;48.23731;-3.70453
9935534269;45.27887;3.40651
9935548902;46.24571;4.78656
9935566889;46.20667;-1.36743
9935583864;48.04251;-4.86654
9935775780;44.59922;2.40019
9935975071;47.24201;-1.57865
9936127484;42.30504;9.15038
9936226483;45.57188;6.77819
9936272049;44.43169;4.8026
9936766969;45.38304;6.71921
9936804421;49.61624;0.14601
9936874762;45.34733;6.70178
9936913127;45.39545;6.70882
9936978419;44.93673;1.60889
9936979977;48.26329;1.09916
9937041604;46.18374;6.70403
9937054626;45.9003;6.83963
9937559027;46.17923;6.70387
9937667217;47.12271;-2.05439
9937716783;45.98854;-1.0981
9937752576;49.15508;2.47953
9937942427;46.53479;6.01527
9937955308;47.79609;5.27915
9937958300;49.15757;2.44258
9938238359;45.82353;6.22225
9938719518;45.64782;6.58437
9939101765;45.78852;6.05434
9939118918;49.60826;-1.57031
9939293335;42.55339;3.04567
9939622818;45.29383;3.3804
9939945085;45.52281;6.71728
9939977117;46.61575;0.36166
9940943822;48.81023;7.78935
9941003334;45.87687;6.76102
9941320259;48.91034;-1.34986
9942003031;41.70158;8.85859
9942022733;41.67265;8.91772
9942251109;44.49207;1.08236
9942255569;46.15575;-1.332
9942275226;44.50673;1.13552
9942416317;48.63229;-0.55126
9942821067;43.73034;3.32013
9942886424;43.30662;-1.49804
9942936022;43.36746;-1.42168
9943025644;46.06488;2.59908
9943386600;47.52434;-2.48904
9944302117;44.82128;0.98664
9944313680;-20.9891;55.38629
9944382942;46.62629;-1.87473
9944407671;46.14618;6.58245
9944477491;44.42709;4.78611
9944488571;48.72049;-1.15151
9944874040;43.08575;0.81294
9945057170;44.74678;6.58078
9945169936;44.12247;3.48048
9945399758;47.87195;4.40284
9945425457;41.62947;8.81409
9945538520;48.80977;2.36855
9945718150;44.79859;-1.22849
9945863800;43.74332;1.18164
9946083959;48.35364;0.35789
9946083963;48.34998;0.36868
9946083980;48.34855;0.36833
9947332618;47.28451;-1.38371
9947354747;48.6237;-2.0506
9948044664;43.95948;1.23712
9948100373;45.84759;3.77218
9948105024;45.85753;3.83424
9948717617;44.5214;3.50233
9948785886;47.55735;-1.39969
9948872292;49.20554;6.69582
9948934483;43.47103;6.56705
9948943587;44.72254;3.28509
9948957186;47.60176;-2.86284
9949391198;45.07104;5.24369
9949402616;43.71858;5.35786
9949421679;49.59753;1.10924
9949497314;44.61994;-1.10475
9949575067;44.3512;2.57612
9949706021;45.84717;4.53083
9949834555;45.06099;5.346
9950488070;45.15195;5.83832
9950636218;48.82756;-1.46457
9950753052;45.86869;3.48292
9950901100;45.57534;6.74321
9951090179;45.59243;6.75107
9951491179;42.93598;0.30109
9951622757;44.16207;4.72903
9951781618;44.06239;5.83684
9952086472;48.69604;-3.15968
9952121237;48.23616;-3.31811
9952219071;43.58135;1.27334
9952303424;45.59869;-1.00751
9952337018;44.52489;2.76547
9952406644;48.19879;7.30197
9952412672;48.60767;2.18653
9952433456;48.63289;-4.54255
9952585460;44.84905;-0.56088
9952607721;44.77778;6.55862
9952607723;44.77879;6.55916
9952777833;50.91865;1.70847
9953030865;46.18035;6.70134
9953269944;44.93926;1.3155
9953306479;50.1797;1.50086
9954095415;47.96364;-4.42412
9954120219;46.21406;1.08155
9954349017;44.46465;3.34486
9954439692;44.70433;3.38555
9954716512;48.55385;-1.50973
9954753338;49.67005;-1.25864
9954816385;46.19633;-1.35178
9955122200;43.72823;1.04848
9955275962;48.84262;-3.2753
9955399012;48.45317;-4.2595
9956222808;46.88505;-1.59822
9956450083;44.85599;3.33082
9956644130;46.57489;0.33955
9956649111;46.5571;6.06958
9956658712;45.90625;1.50709
9957112577;47.02175;4.83669
9957173816;45.3739;6.0554
9957335185;48.52759;-4.7594
9957407158;46.10282;6.77198
9958740538;42.98234;-0.41734
9958740539;42.98235;-0.41728
9958890563;45.40673;6.08534
9959296072;50.86491;1.5898
9959442009;48.5711;4.84659
9959903690;48.55316;6.55607
9959924503;47.28192;-1.38593
9960094303;48.63246;-2.25726
9960917626;45.88016;6.52467
9961090617;45.44138;5.52631
9961181927;47.48242;1.19061
9961444517;45.03619;3.08401
9961517717;46.44045;3.36702
9961910976;50.93352;1.80796
9961982491;46.11264;6.83754
9963311826;45.19143;6.65179
9963644467;44.60165;1.25092
9963681779;49.42151;1.98185
9963915987;47.95182;1.22694
9963916003;47.95255;1.22649
9963992917;43.12134;6.12509
9964276819;45.21432;6.47355
9964362018;44.59122;2.231
9964363417;44.56968;2.15908
9964363517;44.55794;2.07299
9964470658;48.03805;-4.84957
9964472125;50.96842;2.44025
9964600909;46.03122;6.68156
9965422667;46.01956;6.76624
9965423788;42.73282;1.85534
9965423790;42.7329;1.85422
9965493950;45.58623;5.19166
9965511042;42.88287;2.71883
9965511059;42.88307;2.71849
9965567738;46.65281;4.94646
9965781617;44.09828;3.07976
9965870057;49.61346;1.54596
9965870058;49.61345;1.54599
9965889638;46.66682;6.0482
9966245093;51.02929;2.3868
9966329887;47.32386;0.40976
9966346010;42.69645;2.89965
9966363462;44.81692;4.59617
9966363472;44.83138;4.67516
9966525122;47.88691;-3.98817
9966640496;46.76163;1.16244
9966667914;46.72041;1.17349
9967089898;45.31565;6.10837
9967106826;48.68281;-1.97381
9967115047;45.31409;6.13532
9967127517;45.33319;6.10968
9967224917;44.4173;4.0232
9967272183;47.46651;3.52058
9967313875;45.25941;1.14965
9967561402;49.81658;1.26513
9967574343;42.70214;9.45289
9967825717;45.74239;2.34298
9967892217;44.90701;4.43134
9967970517;45.26903;4.50523
9968144140;44.02101;4.96946
9968241442;48.64645;1.53241
9968280154;45.75176;5.7879
9968406678;44.93795;4.36927
9968407553;47.10131;-1.30636
9968782907;46.06179;-1.09191
9969142438;46.20711;1.99727
9969243397;47.76924;2.37967
9969272260;45.26526;1.12887
9969331759;44.55101;1.32747
9969403824;48.57169;4.84848
9969591013;44.68203;2.85421
9969608818;44.21838;3.80948
9969631617;44.47842;1.58153
9969832017;46.06677;-0.41522
9969999269;43.55242;-1.45836
9971983425;45.00883;-1.19673
9972249666;48.64489;1.81966
9972286939;48.26887;5.86426
9972349917;46.40638;1.20188
9972678817;46.47996;1.1923
9972728370;46.47033;1.6027
9972974255;46.81193;1.69471
9973081869;47.14023;5.85065
9973596075;45.71319;6.27531
9974346873;44.51981;1.93992
9974461946;47.08588;-1.28627
9974500085;47.94153;-1.23115
9974513952;47.9427;-1.22731
9974544816;44.50401;1.13679
9974680517;45.5099;2.93172
9974721093;48.33247;-3.26755
9974763494;47.55441;-2.90115
9975523704;44.66831;6.77799
9975690236;43.37465;-0.84638
9976580859;44.16255;1.5392
9976687326;48.60628;2.18989
9976849020;44.51435;3.47614
9976919241;49.80367;0.63334
9977355978;45.49638;4.90824
9977420373;48.37192;1.46417
9977479351;44.30735;2.74209
9977479354;44.30739;2.74342
9977479365;44.30561;2.74546
9977947643;47.68585;0.37138
9978525068;48.34793;3.62588
9979255509;47.48045;3.41459
9979383865;43.85193;0.66536
9979424312;45.92725;3.114
9979549549;45.05024;6.14284
9979568388;47.45816;3.52169
9979693295;46.68376;3.16374
9979724590;47.25093;1.92175
9979729597;48.1159;-2.83429
9979888195;45.6653;1.54214
9979942343;50.09607;4.81144
9980010251;47.26087;-2.33549
9980074211;46.70608;-2.33152
9980074212;46.69673;-2.31171
9980098479;47.85878;-3.98626
9980128209;47.3373;-1.26322
9980133370;46.71881;-2.33684
9980198089;45.25968;1.14555
9980221350;48.97469;8.1767
9980221351;48.9747;8.17666
9980252617;49.00328;2.57647
9980260951;49.00346;2.57428
9980260953;49.00392;2.57732
9980296348;48.78769;2.22912
9980335163;47.42439;6.67179
9980462542;45.97201;-1.37742
9980640187;47.14699;6.21114
9980650398;48.17747;-2.72907
9981113688;43.81627;6.09064
9981288488;48.86419;2.57219
9981437952;44.67632;0.18122
9981500623;47.62772;-2.82289
9981577401;44.48535;1.55518
9981839597;48.90349;2.36709
9982095737;45.61606;-0.99141
9983205446;45.5077;5.77498
9983259320;44.61241;4.47063
9983261917;44.61083;4.4732
9983490388;48.8643;2.3605
9983675248;45.9506;6.73965
9983728290;43.93009;3.59191
9983754435;46.67552;-1.61104
9983768282;48.67405;2.31566
9983972788;47.04372;4.02169
9983992163;47.26783;-1.69736
9983996103;47.26873;-1.6965
9984078259;43.21104;-0.61298
9984130751;49.17593;-0.62532
9984148924;43.1869;-0.61773
9984330718;44.84127;2.65938
9984384136;46.00346;-1.11955
9984558552;45.93399;6.18966
9985721568;50.69784;2.87578
9985774507;-20.98913;55.29887
9985822700;45.05821;5.37301
9985822701;45.05325;5.36771
9985893476;45.84859;4.6098
9985988112;45.22364;6.02095
9986191385;44.91938;2.62345
9986544373;48.48142;2.71404
9986560365;47.90515;-3.13422
9986820957;48.90755;2.34606
9986843902;46.64037;-0.26246
9987776014;46.4586;-1.22957
9987953840;47.23163;-1.21902
9988243030;44.72772;4.08896
9988322240;44.56381;6.49796
9988672947;44.0861;7.48059
9989236357;49.27747;1.88882
9989312275;47.12412;-1.41567
9989410608;48.96615;7.91251
9989479767;46.96876;1.03033
9989850349;48.90881;2.26029
9989968726;42.21452;9.55111
9990211964;48.11524;-1.68051
9990379364;44.1137;7.29411
9990565198;44.81734;5.75061
9990650007;48.55989;-2.53402
9990692255;48.36229;-4.55422
9990831997;49.0864;6.16206
9990881595;45.81338;1.77374
9991139368;45.18154;4.17573
9991350432;45.79056;5.17044
9991711218;47.8695;-4.3375
9992297285;-20.92947;55.3006
9993057607;48.03431;-1.0358
9993129241;48.03198;-1.04035
9993294832;47.02132;-0.70432
9994083761;45.4999;6.28572
9994242995;45.6177;1.43414
9994295596;48.5713;-4.52186
9994498244;43.76293;6.1612
9994608020;49.1899;-0.6422
9994951455;45.71808;3.1174
9995108364;48.08016;1.33167
9995210441;48.60522;-4.50823
9995424879;48.08375;-4.48195
9995607897;45.42471;1.5666
9996647678;45.40966;4.44733
9996936375;45.14935;-0.00392
9997614325;46.21752;1.07819
9997625110;44.19102;0.6201
9997703108;47.73031;-0.32487
9997818137;48.82765;2.31142
9997838382;45.03911;1.39664
9997857610;47.76678;-0.32494
9997878779;47.81242;-0.27347
9997894741;47.79923;-0.30236
9997941235;48.85332;-0.55693
9997941236;48.84388;-0.55523
9998667610;47.74688;-0.15102
9998672438;48.63346;-4.4525
9998686826;47.76794;-0.16217
9999258179;47.35057;0.85151
9999294521;45.41493;5.85499
9999332765;47.34908;0.64267
9999424684;45.96265;-0.54633
9999553234;44.02327;4.89
10000045035;43.89483;-0.50771
10000045054;43.89546;-0.51816
10000369075;47.54884;-1.12281
10000423642;49.41891;2.83145
10000423644;49.42181;2.82293
10000423648;49.41854;2.83115
10001412279;47.48476;1.19427
10001474817;47.48644;1.19689
10002644893;50.41093;1.5635
10002811009;49.08902;6.15203
10003968118;48.20364;-4.52801
10004192093;50.21373;3.86528
10004239146;48.27407;-4.59604
10004442481;45.03045;1.12813
10004729548;47.78528;3.58771
10004765440;47.78576;3.58641
10006513118;48.63819;-2.0693
10006623188;43.54003;2.26343
10006680479;46.48378;-1.75598
10006821265;43.92795;5.89109
10008574583;48.58002;-4.20992
10008594209;46.66798;0.36469
10009350066;48.76957;-3.58471
10009628818;45.96108;-1.11923
10009898857;48.64447;-4.36454
10011269817;44.82265;1.11057
10011270413;48.69121;2.30505
10011568883;47.45183;5.60248
10012271704;43.45276;5.85885
10012830209;43.33091;-1.73818
10012833208;43.54571;-1.10455
10012840747;43.12492;-0.20761
10012851197;43.39841;-0.62379
10012853452;43.23494;0.19741
10012853542;43.47016;-0.92456
10012870445;43.3353;-0.50627
10012871168;43.17499;0.01928
10013167657;43.59303;3.906
10013254942;47.61871;1.93469
10013290026;44.97447;1.32246
10013518112;48.55327;2.1253
10013814240;44.47828;1.28783
10013820311;43.26482;3.32464
10015144360;42.79185;1.68865
10015195996;45.20876;6.44524
10015221261;43.46923;-1.42364
10015228114;47.41348;-1.65245
10015533731;49.19372;2.47984
10015681217;46.22741;-1.41279
10015719834;48.97432;4.37451
10016061117;46.19082;-1.43095
10016953726;46.14764;6.72248
10017626744;46.05382;1.47968
10017742586;46.93186;-0.51748
10017743918;50.28599;2.77788
10017757931;50.28586;2.76679
10018269446;47.97758;1.85755
10018778565;46.25862;6.57197
10020162850;47.07991;5.88591
10020539194;49.90923;1.07875
10022531656;50.63867;2.39624
10022569092;49.90746;2.51232
10023303048;49.90752;2.5165
10024013252;49.12316;-0.71765
10026861434;48.83224;2.31952
10027058837;45.51051;1.202
10028104741;47.62195;-2.84019
10030115841;45.66626;4.85534
10030378095;42.6203;2.70202
10030901757;48.38089;-4.48625
10030901758;47.85516;-3.74665
10030901761;48.38992;-4.50061
10030956876;43.28557;5.395
10031484057;48.46967;-5.05558
10031738520;48.12676;0.62299
10031749959;48.80621;2.06076
10032036153;46.36651;4.23157
10032096527;44.76096;-0.65577
10032150476;45.9371;4.26926
10032407074;43.61744;3.36092
10032409417;43.79989;3.21342
10033776319;44.65153;4.44256
10033795045;48.1185;-1.67051
10033802791;45.89826;6.04099
10033817155;47.74147;-2.5012
10033949771;47.30696;2.87
10033980809;45.88715;-0.31113
10034704460;50.64092;3.07668
10034990880;48.40524;-4.44938
10035017934;48.40821;-4.44968
10035805329;45.16573;6.42905
10036558292;46.31735;2.95301
10039091847;46.21037;0.16316
10039806770;44.7623;4.91519
10039957474;46.64207;-1.719
10040184578;42.69372;2.89555
10040387286;46.65751;5.96482
10042412098;48.79621;2.33438
10043432417;43.86367;3.31274
10044148982;43.29178;-0.37035
10044222551;43.29443;-0.37287
10046701817;47.32626;6.12289
10047354554;47.8946;-4.01146
10047396124;48.22347;-4.49977
10047414190;44.06378;7.13185
10047929129;47.50375;-0.80119
10047929130;47.50389;-0.80094
10047992151;44.80846;-0.17237
10048135146;44.45926;2.29805
10048720817;46.49547;5.31632
10049042247;46.17014;3.85483
10049090357;42.99276;-0.12659
10049129317;48.88239;2.34413
10049687754;45.40338;3.12613
10049718397;42.72832;0.09585
10049776629;45.15578;6.42312
10050220555;47.45962;3.51899
10050939864;43.77281;6.2054
10051043447;45.66601;0.16129
10051674459;45.38729;0.17188
10052165041;47.7757;-3.34228
10053652564;44.84189;0.21351
10054041447;43.73417;5.96299
10054514886;50.70142;1.56538
10054514889;50.70295;1.56605
10054514890;50.70362;1.56621
10054641590;50.05758;1.38858
10054641592;50.05733;1.39199
10055644708;48.33628;7.28803
10055649019;48.33617;7.29139
10056530609;44.45947;2.29895
10056563056;46.32555;1.90815
10056612785;47.58443;-0.76365
10056983874;49.6824;0.21286
10058150887;48.34253;7.3018
10059579787;43.74267;6.00045
10061027877;48.96619;7.91241
10062599939;43.16022;6.47893
10062622817;48.8915;2.3611
10063603495;43.44669;-1.5104
10066532013;44.50443;1.13947
10066656282;44.50464;1.1395
10066678680;48.16273;-0.96939
10066783677;45.84472;5.0704
10067088821;47.50847;-2.80586
10067120971;47.50082;-2.84929
10067125526;46.23231;0.68828
10067464602;49.36178;6.17749
10067642532;45.57099;2.89067
10067995364;46.81995;1.20853
10068083406;50.4392;2.57764
10068418251;43.68394;3.81824
10068587445;47.51532;0.2452
10068662141;48.11796;-1.60196
10069306292;50.481;3.00474
10069452844;43.60974;1.44483
10069511810;44.65996;4.7081
10069551584;45.98392;-1.09518
10072967519;46.56553;4.90955
10073443684;48.33689;-4.41482
10074436885;46.84418;1.55558
10074970302;47.20792;-1.55838
10075409980;48.3104;-3.31786
10075661890;49.2132;1.38697
10075661893;49.21526;1.3836
10075879895;48.73958;-0.01676
10075879896;48.7395;-0.01691
10075952762;49.30394;-0.32932
10075952765;49.30436;-0.33055
10078006834;48.14763;-1.31208
10078197456;50.28518;2.77752
10079243105;43.12618;5.94185
10079297843;43.12626;5.9403
10079390832;47.65691;-3.20196
10079522270;46.2148;5.23516
10079727358;48.64575;2.25983
10079902033;46.19753;5.23607
10080325773;43.79305;4.82921
10080610277;48.34154;-4.43901
10081535334;44.94488;6.5713
10081626021;47.90327;4.52944
10081719817;46.97798;4.76862
10081961617;46.43375;4.93569
10082089757;44.31195;3.33596
10082220794;45.0541;4.3947
10082771780;43.60485;1.43872
10083229672;45.87528;4.96129
10083515099;43.75186;7.16228
10083908606;44.57034;4.38922
10084941879;46.55686;-1.05676
10085992314;51.00526;2.27918
10086985961;48.92627;2.44386
10087143811;16.4136;-61.51547
10087143812;16.4135;-61.51506
10087143813;16.41391;-61.5145
10087143814;16.41226;-61.51537
10087143815;16.41226;-61.5154
10087287074;48.92;2.45138
10087287075;48.92001;2.45137
10087287076;48.92003;2.45134
10087294408;45.22455;-0.5738
10087321723;43.50859;4.13716
10087332795;43.50592;4.13826
10089084999;16.379;-61.48515
10089085586;47.50836;4.46864
10089097331;16.3785;-61.48506
10089099171;16.37901;-61.48514
10089563117;46.42465;4.66579
10089628231;44.96986;3.88777
10089864561;43.50949;4.13663
10089993987;44.98827;4.37222
10090022736;44.39357;2.69114
10090022771;44.39457;2.69246
10090255817;48.79879;2.16674
10090414927;46.21271;4.01875
10091659467;43.78243;-0.63968
10091683147;45.63793;4.5941
10092677953;45.38959;3.94487
10094648065;47.88149;5.33947
10094730720;43.78826;-1.4116
10094839329;47.67659;-2.10495
10095344271;43.21318;2.35138
10095574976;44.46594;4.41444
10095574981;44.46695;4.41429
10095575525;44.43611;4.42907
10095575527;44.43765;4.43104
10095626640;45.24077;4.80483
10095671440;46.06178;4.71886
10097089601;45.39128;3.95068
10097440718;46.5433;4.93981
10097490217;43.36599;2.05884
10098043356;43.17307;5.61082
10098848333;47.38909;0.65147
10099303939;45.22354;6.74478
10099469821;16.41309;-61.51463
10100629244;48.63856;-4.42568
10101063046;48.59242;-0.64127
10101298611;42.70117;2.88988
10101348832;44.9856;4.58448
10102257061;45.4831;4.5746
10102776317;48.8715;2.30446
10103311840;43.0572;2.21523
10104460187;44.11063;6.95848
10105944044;-22.27523;166.44126
10105949834;-22.27531;166.44123
10106259188;48.56888;7.73464
10106566659;46.22479;1.25623
10106664458;48.13266;-1.63646
10106713972;50.29742;2.77884
10106808943;45.21617;6.41669
10106934117;45.39854;5.21343
10107006199;43.37367;2.37804
10108397405;46.9796;1.61031
10108626594;44.94877;-0.09677
10109306217;43.25187;2.36773
10110739620;48.35976;7.4639
10110806347;42.99902;-0.60021
10111212217;47.65694;-3.20195
10111633591;45.8052;6.0988
10111711388;43.66854;7.21547
10112412787;48.31725;5.58145
10116060646;46.68739;-0.84206
10116178884;-22.29078;166.45914
10116975519;45.06762;4.04128
10118266349;16.41441;-61.51533
10119932829;49.33546;-0.44621
10120269891;45.23135;2.93501
10120285715;45.04008;5.05382
10121080745;45.93659;6.64265
10121365329;43.78471;-0.00813
10121774429;43.0744;5.79988
10125635797;50.15614;2.34277
10126380506;48.24934;7.34458
10127037535;46.94584;-0.59579
10127517617;43.18152;2.41531
10127775222;16.41319;-61.51555
10128009317;43.56403;7.13218
10128110917;43.56326;7.12523
10128182627;46.40024;6.58235
10128182628;46.40038;6.58266
10128314559;44.73677;1.38187
10128336540;48.25621;7.38629
10128653574;47.92954;-2.39741
10129201992;49.0612;-1.60366
10130057117;43.54533;7.13093
10130792094;44.31375;0.08853
10130966089;47.38563;6.05854
10132097415;43.10799;3.08716
10132519717;50.05899;1.36661
10133093711;48.25632;7.41541
10133760927;47.2862;-2.38972
10135425801;45.00945;2.28319
10135837232;45.7116;0.13766
10136184482;47.89343;0.12269
10136463753;46.34422;0.20677
10138010977;45.50957;4.13039
10138010980;45.51296;4.10411
10138532901;44.40515;3.74717
10139088027;48.84698;2.32817
10139329903;47.5178;-1.43147
10139365321;43.49273;1.14462
10139371687;45.82765;1.26626
10139392388;14.78646;-60.99715
10139406033;14.78448;-60.99656
10139409017;46.56679;3.33076
10139425616;43.33625;5.48167
10139431629;44.89823;4.23991
10140245945;42.72752;3.0385
10140521718;48.85199;2.3608
10141348286;48.17895;0.64466
10142544649;46.94601;-0.59367
10142791075;42.78537;1.87734
10142862805;47.22316;0.0283
10144405885;42.47218;2.11715
10146631455;47.17969;3.33188
10146677376;50.27987;2.78348
10146751618;48.76228;2.4254
10146847237;50.43032;2.80472
10146847238;50.43107;2.80362
10146887980;45.2649;1.07447
10147734765;48.90517;2.31723
10147998171;45.47826;5.18953
10148073771;45.54866;5.57576
10148073772;45.54913;5.57555
10148237764;46.53781;3.42857
10149070318;43.88033;5.38525
10151327419;46.99254;6.46201
10151680715;43.69691;7.32796
10153260706;45.93029;-0.95807
10154239717;48.56075;-4.2633
10154833297;49.5693;2.97662
10154867648;49.48622;2.93968
10156463009;44.46029;-0.372
10157206582;49.03192;2.69878
10159140736;48.66818;6.17425
10159140737;48.66819;6.17425
10159140738;48.66819;6.17424
10159140740;48.66822;6.17428
10159140741;48.6682;6.1743
10159140743;48.66822;6.17427
10159140744;48.66823;6.17426
10159140745;48.66824;6.17426
10159299757;44.49332;4.05117
10159417295;45.92207;6.08544
10159463017;44.61178;2.50977
10159463117;44.56308;2.2659
10159463119;44.56306;2.26519
10159627549;45.62253;5.56745
10159684062;45.62126;5.57202
10160340136;44.67778;1.99692
10161503021;44.28415;6.86612
10161934417;45.55594;-0.94569
10162132433;44.89075;2.51818
10162174717;45.68146;5.97464
10162262324;44.20396;4.72983
10162481787;45.13675;5.74817
10162481788;45.13676;5.74822
10162540284;45.05046;3.88027
10162543046;43.9029;0.94072
10162548391;45.39893;4.22484
10162797291;47.41789;1.42484
10163986106;46.24299;4.66642
10164031626;46.24386;4.67598
10164031628;46.2422;4.67747
10166521507;43.74831;7.14363
10166887004;48.81119;3.08594
10167013186;43.44377;6.70392
10167025991;49.63567;-1.61844
10167220696;43.21536;6.61247
10167488409;47.47026;-0.5606
10169136377;48.08134;-1.71354
10170157829;49.64549;2.56762
10171653743;47.62395;-0.72823
10171714620;47.67445;-0.48242
10173248145;43.55765;3.96357
10173461918;43.6061;3.87686
10173510130;43.60559;3.87409
10174316197;48.74979;-0.5467
10175571915;48.02429;6.58155
10175573629;48.02309;6.58285
10175573630;48.02338;6.58174
10177333411;46.91541;6.26915
10178290414;46.21409;4.25509
10178434194;45.90189;2.77657
10178434195;43.33317;2.38124
10178543113;48.26474;4.61471
10178545466;48.26525;4.61557
10178553989;48.26222;4.6158
10178575839;48.26271;4.6136
10178609478;47.68548;-0.86937
10178703492;46.72139;-0.58973
10180070511;45.22866;6.74027
10180543818;42.99768;-0.08179
10180775101;46.19163;4.6982
10180783825;46.19229;4.69658
10180925074;48.88333;2.12996
10180938107;47.91823;-2.36341
10180954124;45.01409;2.664
10183427050;45.78601;1.54515
10183427052;45.76882;1.5366
10183427063;45.76339;1.5705
10183427109;45.90935;1.61511
10183495134;44.4072;5.72481
10184364190;46.32769;5.78836
10184642666;46.21481;1.16624
10184667265;43.59276;3.90523
10184667266;43.59284;3.90612
10185484071;45.75018;4.83736
10185636069;45.83281;1.64778
10186707070;43.39195;-0.65238
10186837507;46.15157;5.71447
10187968660;49.04647;-1.44133
10188378544;46.04359;6.76456
10188647211;45.74299;-0.83735
10195159677;44.49418;2.57371
10196147117;44.85329;-0.03622
10196629031;46.53471;3.74363
10197206872;45.79586;1.62663
10197206875;45.79748;1.63128
10197335510;45.63048;1.58318
10197756943;47.88764;-1.50678
10197978906;16.22423;-61.39037
10197998130;16.22422;-61.39034
10198283620;43.07651;-0.60607
10199354417;43.20778;-0.90609
10200085700;48.88192;2.35478
10200093624;43.43422;6.86362
10200423458;46.16153;4.6794
10201699177;43.3984;6.72979
10201699178;43.40107;6.73011
10201699179;43.39531;6.72868
10201744580;-21.05236;55.22598
10202023987;46.40901;-1.5784
10202301990;43.61488;7.1229
10202317760;43.61487;7.12505
10202360059;43.61656;7.12424
10202375719;43.61604;7.12415
10202382602;43.61494;7.12298
10203517224;48.61138;-3.47316
10203713089;45.49851;5.48374
10203788473;48.49201;-0.53904
10204075533;46.51795;-1.3859
10204201677;47.69557;-0.04933
10204456098;48.16438;-3.88519
10204579855;47.86275;-4.09451
10204661688;47.87602;-4.11373
10207622929;45.07377;5.98199
10208057959;47.21668;-1.55444
10209335817;43.19643;-0.96527
10209620716;48.89475;-0.89005
10209750633;48.8462;-0.88359
10210025826;48.18359;0.0204
10212122284;47.84164;-0.34223
10212132063;45.21547;6.72091
10212328974;44.69902;4.83518
10212586928;48.92659;2.32944
10216742504;48.73867;0.93011
10216763716;48.56024;1.03665
10216810960;47.74268;2.87951
10216813302;47.67063;2.80988
10217153559;46.297;-0.37026
10217326402;43.61228;1.45329
10217326403;43.61265;1.45265
10217326404;43.61298;1.45242
10218097668;43.53795;1.34461
10218858234;45.75846;4.82621
10219498659;44.5418;4.84802
10219834581;48.69874;6.16542
10220549269;45.21381;6.69721
10220972527;50.44555;2.88052
10221233202;48.21381;-0.21811
10221753481;43.64057;-0.37806
10221807877;44.42176;4.81348
10222091317;45.62891;4.82461
10222332007;43.10938;6.12311
10223415774;45.66475;5.61323
10223469611;42.54419;3.02178
10223509173;47.58141;-1.06982
10223538523;45.45301;-0.43846
10223626149;46.31616;6.69262
10225557824;42.54569;3.02505
10225815335;46.46048;5.79354
10225816263;48.95761;2.33952
10225816271;48.95758;2.33952
10225816274;48.95763;2.33954
10226030284;48.39519;-1.06356
10227933892;45.12258;4.41706
10228543316;44.03366;1.11603
10230804044;48.12453;-3.06983
10233400455;-20.95612;55.30876
10235607460;45.82233;4.91042
10235903033;50.2699;2.76583
10236000960;43.29096;-0.40093
10238247610;43.3627;-1.69836
10239189712;48.82627;2.81464
10239235217;43.64702;0.58597
10239306762;48.10788;0.14972
10240511963;44.9356;5.43196
10243446499;45.76333;4.82916
10248518912;47.63939;2.73131
10249258310;44.69247;0.12127
10249918458;48.01998;0.00893
10251494399;16.23893;-61.5757
10258945920;48.95863;2.34129
10258945928;48.95862;2.34135
10258945934;48.95862;2.34147
10258945936;48.95862;2.3414
10259034705;48.39219;-4.43462
10259430955;48.7132;2.16347
10259430958;48.7132;2.16359
10261340061;48.72785;2.25202
10264846470;48.82582;2.26994
10269553178;47.21786;6.0079
10269851583;47.61731;-3.00106
10270138062;49.17653;-0.34713
10270255290;47.89473;0.06741
10271181219;45.71727;4.88607
10271496810;43.3078;5.36644
10271552862;49.73715;1.42969
10271719003;47.87124;0.33267
10271748520;46.20597;0.16355
10271854411;48.40401;2.69897
10271995065;43.72247;7.35678
10273292308;46.97683;5.79983
10274252755;47.74131;0.5146
10275178133;48.56022;3.30277
10275525437;47.62714;6.86331
10275888147;45.74889;5.18517
10276287073;48.1106;-1.69664
10276873013;48.0237;0.65472
10278740057;43.17095;6.532
10279029221;47.59189;0.04951
10279827563;42.93497;3.03185
10281244970;48.13707;0.79532
10281244984;48.1172;0.70317
10282033030;43.35502;2.74583
10282331473;44.90196;4.46047
10284881125;48.02722;5.34083
10285066403;48.8261;2.3937
10286078509;46.12242;3.41752
10286095071;43.18872;6.55604
10287233590;48.81404;-3.44329
10288303509;16.24663;-61.53357
10288303511;16.22278;-61.38269
10288303512;16.30659;-61.79414
10289455005;44.19849;0.50781
10290373655;46.90984;6.33631
10292014642;48.78312;-3.52728
10293615141;46.13893;2.92903
10294109424;47.76943;-0.05817
10294109455;47.78805;-0.11817
10294151932;48.51944;-1.30111
10294266221;45.02054;0.53908
10294835009;46.14108;2.93403
10294835510;46.13894;2.93705
10295150100;48.82068;-3.01898
10295386883;47.34052;-2.87577
10296649810;45.27812;0.5474
10296649813;45.27809;0.54746
10297854469;49.00632;2.57887
10298049191;46.40362;6.61981
10298207109;46.01181;-1.33789
10298299052;46.18184;4.74903
10298678339;46.87451;-1.00705
10299261784;43.19063;-0.83953
10299275705;45.81061;4.59749
10300404941;48.89904;2.33406
10300474218;45.29444;5.76512
10300617903;44.37074;2.5896
10300645209;45.94051;6.14202
10300811115;45.82719;4.9561
10301022746;48.75549;6.09669
10301144118;47.35543;5.05494
10301470520;42.76674;2.03366
10302570404;43.9492;7.00674
10303295902;45.20026;5.72564
10304526540;43.51708;1.49861
10304824666;47.8802;4.563
10308821053;46.00223;6.7006
10308827710;48.86243;7.18823
10308827810;48.86246;7.18821
10310395392;49.03623;7.68702
10310417361;43.92562;1.7701
10310431501;47.81558;6.68384
10310433302;43.62964;2.49404
10310521910;48.86697;7.19218
10310751246;48.85538;2.3464
10311287100;46.15091;5.71172
10311433040;48.38882;-4.49782
10312136103;49.11784;6.18545
10312176978;46.34575;6.43538
10312915806;44.60627;2.22531
10313578809;43.61107;3.87271
10313602709;43.6056;3.87423
10314408852;46.20706;5.18733
10314446359;46.20155;5.1899
10314777982;46.10853;5.9168
10315399201;48.59084;6.49539
10315844810;16.20559;-61.49767
10315845109;16.25791;-61.21259
10317010550;43.6296;2.49405
10537442209;46.73867;-0.84551
10538744091;45.79635;4.27712
10540174189;43.66009;3.90034
10542707005;45.99353;5.02965
10542947644;43.32761;5.05342
10543435048;45.53548;2.77705
10543529824;43.62003;3.79929
10543767487;46.88682;2.57304
10548820000;43.92368;5.05219
10548845954;44.05245;0.05346
10555065495;47.66944;-2.45191
10555116214;43.3395;-0.25101
10556656250;47.88513;-2.73371
10557071701;48.6455;-2.82258
10557328120;43.76033;-0.57292
10559050329;48.581;-0.23226
10559583213;44.22172;6.92334
10565045089;44.96856;1.04404
10565208727;48.31809;-3.05882
10567963512;48.7842;2.04299
10568144871;42.58807;2.83936
10570033621;48.59682;6.50906
10570883311;46.08151;6.68047
10572187162;48.77717;-3.04592
10572562409;44.13744;4.81931
10573302728;47.93548;0.36366
10573373124;48.92368;2.24749
10574302818;46.9587;-0.88954
10575418245;48.48866;-1.18861
10576067048;45.71431;4.06616
10576642959;49.4348;1.13632
10576777695;43.33567;-0.43741
10576806835;43.32359;-0.32593
10576868255;47.98275;-2.03473
10578415231;48.20172;3.29195
10578638901;48.78877;2.4279
10582255071;43.33129;-0.43518
10586680405;48.3283;4.10206
10587078550;45.61212;5.21174
10588857736;48.83138;2.54072
10588990661;14.75754;-61.16557
10589104373;48.6683;6.17412
10589104374;48.66829;6.17413
10589118129;44.4562;6.03368
10589557146;42.7249;1.8332
10589557150;42.7188;1.83705
10591725705;16.35364;-61.75062
10591726923;45.78482;4.85759
10592045805;47.19505;-1.57809
10592067367;42.78781;1.30035
10592114566;46.68993;-1.05441
10593005369;48.12349;-0.02385
10593057124;48.14026;-0.11348
10594635868;43.06109;0.1608
10596524982;45.66515;1.54813
10596924081;43.88697;-1.31509
10599971917;43.25584;-1.07147
10601631277;45.38833;5.73195
10603701700;48.86296;2.42564
10605798844;46.34686;6.36127
10606085860;44.62393;6.20555
10606388082;50.13406;4.82527
10606438413;43.27075;5.39279
10607727841;47.11307;-0.0033
10608062148;48.72284;2.26939
10608102487;43.68314;3.92472
10608613021;43.11461;0.75629
10608650030;43.50769;4.66696
10611601959;46.47417;4.00649
10612031359;47.93276;1.92875
10632921243;45.66953;0.00764
10632950528;45.66888;0.00369
10634572769;47.75952;-2.37612
10634743819;43.66716;1.19437
10636686406;45.18309;0.71864
10646902083;45.05037;3.88344
10647035952;45.04339;3.89283
10647442233;43.61664;6.21913
10647527904;45.60592;4.06674
10647539005;44.84718;-0.05916
10648335510;43.84714;0.66928
10648848202;47.23858;-0.49974
10649156984;42.85878;0.49568
10649393656;48.10604;-1.68193
10649572132;43.70209;-1.01472
10650450602;49.03621;2.0792
10651016506;-21.23297;55.55218
10651179805;42.53869;1.82369
10651369620;48.81767;2.08032
10651999689;42.91163;0.76652
10652003664;42.91276;0.77111
10652873339;47.3162;-1.08789
10652873482;47.30087;-1.07986
10654209482;48.9556;2.34059
10654209483;48.95601;2.34076
10654209484;48.95546;2.34073
10655363007;48.9585;2.34
10655809569;44.69334;0.05861
10656469106;48.39794;4.52359
10656469107;48.3994;4.51756
10656469108;48.39168;4.52796
10658374305;49.18308;-0.15611
10658837983;46.20419;6.24005
10660789421;48.00769;6.26856
10665509764;48.39327;4.52595
10673254351;46.82197;-0.41715
10673306905;43.65978;3.9341
10674448603;43.09615;-0.04859
10676450724;48.41051;1.48154
10677805196;46.18006;-1.32457
10678147697;48.84051;2.5466
10678147700;48.84082;2.55153
10678378899;48.3497;2.60611
10678780210;44.66162;5.91286
10679100110;45.54703;5.53291
10679202406;48.75243;2.4613
10679918892;45.8917;-0.52204
10680668803;45.86835;4.66979
10680711033;45.99217;4.64555
10681025115;43.22381;6.66152
10681444542;44.22756;4.6224
10681481587;48.27698;-4.04784
10681945237;43.30084;-0.36914
10682890738;47.93351;1.99246
10682940926;47.91785;1.94174
10683707605;16.3403;-61.77882
10685022442;47.34033;6.35771
10686746938;45.01246;6.57125
10687258035;48.86948;2.32473
10688412005;48.84413;2.3465
10690363820;47.71982;1.9408
10690501105;42.61738;2.42963
10691270783;47.95886;2.00924
10691929361;47.77511;-3.01047
10691938020;45.15065;5.74258
10692473354;46.28282;4.77898
10692654444;45.85366;6.72379
10693128431;49.01061;-1.55602
10693757161;48.79174;2.51528
10693966635;48.83009;2.38162
10694599710;47.29448;-2.35808
10694869697;45.09455;5.67616
10694885474;48.15002;0.68682
10695060893;42.82004;0.31921
10695484887;43.56059;-0.27155
10695741346;44.92751;2.44632
10697088079;45.45894;3.54095
10699346380;45.00945;6.12538
10699884618;43.40298;-0.38739
10701396275;48.52703;-3.64131
10702286981;48.17763;0.66426
10702385158;42.78718;0.47746
10707258127;48.44732;-1.91628
10709047876;48.09911;-2.03294
10709236216;47.55691;5.67844
10711792374;50.2852;2.77756
10711808942;46.8388;-0.49612
10712976687;48.24712;-4.13108
10713014874;45.59313;4.07518
10713035833;45.49824;4.16739
10715775769;44.83892;-0.60817
10716515933;44.22458;-1.15172
10717481559;45.49064;4.44913
10720218311;44.60937;2.0278
10720947226;47.91229;-1.37816
10721553448;45.6492;5.98784
10723712688;44.07517;-1.16672
10726063049;45.83231;1.57152
10726063238;49.49808;0.14216
10726603740;48.83542;2.38058
10727348932;-21.22014;55.55362
10727561142;44.87367;4.87399
10727620828;43.85499;4.43207
10728060325;48.05671;0.25408
10729507705;43.62723;3.43599
10729788150;44.05831;0.96934
10731275089;48.0058;0.18197
10731483817;43.26853;3.22216
10731688338;45.52729;4.61366
10732164577;43.83949;6.22088
10732164578;43.83954;6.21997
10733115036;47.10759;-0.39036
10733137560;45.22681;5.69303
10733149081;45.23609;5.6784
10733611359;48.83531;2.36442
10733847239;46.81721;1.68392
10734575856;45.92789;-0.86168
10735542202;42.55848;3.00916
10738075865;43.30654;-0.36121
10739033690;45.45066;6.56573
10740089010;43.392;3.65653
10740089012;43.39292;3.65908
10741045316;45.87662;1.56443
10741045321;45.70797;1.47502
10741045324;45.78226;1.5418
10741645055;48.24668;-1.72605
10742198952;45.78909;5.43991
10742638084;44.53245;4.74783
10743135389;43.3978;-1.66097
10743558613;43.57254;7.12658
10743558635;43.5716;7.12776
10743713656;45.58571;4.8789
10743779155;48.91225;2.03266
10744124675;48.11798;6.52745
10744720373;43.72279;-0.26808
10744775906;45.5201;-0.30472
10745295205;47.12456;-0.96699
10745295306;47.47286;-1.77001
10748647813;43.65653;6.13045
10749046650;43.0365;-1.03494
10749360204;44.09466;1.01399
10750446165;48.78269;2.17954
10750626894;44.66788;0.39931
10751764516;44.07563;1.28771
10753881270;43.98481;0.01112
10754610410;43.66881;1.19695
10756778527;43.85007;0.66097
10758590911;44.83358;-0.59498
10758910096;43.17268;6.52986
10759161256;45.86999;-0.7662
10759262060;45.87964;-0.68315
10759326358;45.84785;-0.70422
10759749736;43.1823;6.54042
10759749737;43.17651;6.53501
10759959038;44.12999;3.35022
10759959040;44.13214;3.34741
10760947605;43.36884;-1.26742
10761116182;43.69556;3.50474
10761856206;50.43719;2.71161
10762193482;43.39004;3.65208
10763284193;47.89989;1.91189
10763609568;43.7953;4.69177
10763894705;43.87296;3.93994
10763951534;42.90394;0.36055
10764463651;48.79073;2.2915
10765602177;48.08723;-1.64341
10765604253;16.33272;-61.69676
10765755565;43.17854;-0.26046
10765765204;43.18;-0.2633
10765833209;46.42503;0.86781
10767000606;45.69428;5.5879
10767072222;46.43457;4.93937
10767134858;47.9719;0.22248
10768810001;45.35842;-0.19663
10768903122;48.38161;-4.62227
10770153134;48.63703;2.27901
10771021101;50.63522;3.06239
10773345205;43.69921;1.82121
10773689602;47.96478;-1.79863
10773862613;43.65897;-0.08673
10775137179;43.29934;0.34507
10776215244;43.6003;1.44391
10776588194;45.91199;4.8121
10777397539;48.7037;2.04392
10779335205;45.89779;6.12637
10779355977;47.75678;-2.83774
10779879232;48.89924;2.26971
10781147838;44.00572;2.69549
10781432205;45.87827;6.88733
10781842505;49.15432;-0.33611
10781869611;42.98577;0.93152
10783668591;46.17408;1.87954
10783838724;43.77411;6.20951
10784013222;43.23602;1.38069
10784284496;45.73025;4.87772
10785036303;45.10114;0.46936
10787041404;46.17909;6.70801
10788108212;45.04291;3.93591
10788130597;45.04269;3.88288
10788130602;45.03847;3.88316
10789877806;45.81153;2.12175
10790143877;43.62633;6.22422
10790450276;48.83786;2.66049
10790907155;43.2089;2.44442
10792922852;48.83875;2.32159
10793747038;44.85288;0.48701
10793777390;44.85407;0.48243
10794934205;43.25701;-1.23098
10795112082;48.44653;-4.25791
10795431356;45.72559;4.92958
10795784671;48.33825;2.59569
10796527131;43.27625;5.30426
10796551447;45.35735;5.78058
10796569391;43.27052;5.36384
10796579971;43.29354;5.35927
10796639734;48.84086;-1.59614
10796816036;48.63674;-2.10661
10796816746;43.76684;7.48756
10796936166;48.6367;-2.08038
10797178194;48.63256;-2.05632
10797200955;44.83723;-0.63491
10798716137;44.27269;5.27908
10798899878;46.98378;-1.31621
10798901739;45.66373;1.64899
10798901744;45.66175;1.65089
10799300613;47.93791;-0.05418
10799430105;44.70459;4.26464
10799592928;44.23849;1.47632
10800045143;45.90933;6.45215
10800045146;45.90932;6.4521
10800193453;47.47574;0.77603
10800203268;47.49029;0.81657
10801389706;45.8804;5.84311
10801647836;44.48662;1.84159
10802514587;44.8571;0.48837
10802729206;44.20533;-1.2992
10804125886;49.50811;-1.47107
10804613906;43.31033;6.63501
10805180183;45.79889;4.23166
10807309855;45.77987;4.86902
10807309856;45.77997;4.86946
10807309857;45.78126;4.86657
10807309858;45.78318;4.86784
10807309859;45.78311;4.86832
10807819311;48.45592;-2.04311
10808117942;46.0092;1.17484
10810685706;47.07136;1.81096
10811043378;44.87827;6.74588
10814060960;45.05327;2.48505
10814060969;45.05401;2.47829
10814650943;45.80831;1.21715
10814999734;45.94447;4.52905
10814999738;45.5962;4.58843
10814999740;45.59981;4.57064
10815277013;45.12944;1.30406
10815846193;48.6572;-4.2083
10816020632;44.63739;-0.96605
10816360519;47.29625;-2.43244
10816366814;45.24756;1.01708
10816899828;43.58455;3.83017
10816974015;49.12644;7.07867
10816974554;45.10682;0.47102
10818878387;44.04588;4.22975
10819427320;47.12432;-1.41562
10819629047;47.95627;3.51108
10819644462;47.96506;3.52162
10819674400;47.96684;3.53208
10819707970;50.63518;1.57655
10819707993;50.64552;1.61229
10819771399;47.96188;3.50877
10819778106;47.96252;3.51371
10819838977;47.96361;3.51199
10820094213;47.85997;7.0494
10821159170;44.03122;6.86504
10821437042;44.6763;-0.80225
10821642921;45.68243;5.93531
10821716205;47.68085;-0.04983
10822107905;47.67884;-0.04974
10822180129;45.84825;1.4291
10822208181;43.02856;6.15127
10822602644;44.99197;4.565
10822602648;44.98995;4.56607
10822602652;44.99121;4.56576
10823779409;45.41973;4.67503
10824335814;44.9541;-0.62582
10824497370;44.94284;0.86918
10825018310;48.86358;1.79271
10825018550;48.86272;1.78863
10825081194;43.60424;-1.45614
10825142506;43.60282;-1.4557
10826306212;42.47281;2.66973
10827041089;45.26912;-0.39461
10827438663;-21.13708;55.62354
10827446551;47.69672;-3.35299
10827865649;50.71714;1.60545
10828114746;44.80465;-1.13331
10828314728;47.85456;6.9237
10829169371;44.09553;1.88634
10830051021;48.9522;7.63739
10831633684;43.14841;0.4974
10831989494;43.80377;4.65705
10832069517;48.66237;6.1781
10832069518;48.66238;6.17809
10832069519;48.66239;6.17808
10832069531;48.66251;6.17787
10832069532;48.66252;6.17786
10832069560;48.66277;6.17837
10832069561;48.66275;6.17838
10832069568;48.66289;6.17821
10832069569;48.66289;6.1782
10832069570;48.66289;6.1782
10832069571;48.66291;6.17816
10832069572;48.66291;6.17816
10832069573;48.66292;6.17816
10832069574;48.66288;6.17823
10832069575;48.66288;6.17822
10832069576;48.66292;6.17815
10832069577;48.66293;6.17814
10832069599;48.66302;6.17797
10832069600;48.66302;6.17795
10833381611;44.68835;5.23405
10834316410;47.89442;-3.6395
10836351795;48.84427;2.34337
10836393182;43.33421;5.06711
10836679641;50.62206;3.21805
10837141909;50.65372;3.19454
10837185205;43.19355;-1.05634
10837199556;45.8548;1.45887
10837698277;46.81123;1.6917
10837698278;46.81023;1.69087
10837732798;45.86253;6.49482
10837909927;45.75908;4.91397
10839539606;43.80866;4.36128
10839632812;46.98797;3.15757
10839979006;46.97931;-0.21695
10840103991;46.64939;-0.74089
10840250206;43.47495;-1.20284
10841786705;44.24092;-1.1212
10841795243;42.78533;2.77463
10842163467;42.78817;2.76957
10842524260;48.84623;2.35671
10842524262;48.84683;2.35662
10844241793;44.13144;3.20351
10844486057;45.97835;6.18191
10844678491;46.81745;1.69631
10847189804;43.68914;4.54477
10848482030;48.17531;-3.94461
10850762016;50.20076;3.20373
10852895557;48.85115;2.63564
10852905949;48.29617;4.04887
10855457901;47.89706;1.86507
10855508766;48.86281;2.28897
10855670245;47.89267;1.81755
10856130799;43.41002;3.67219
10857010384;43.2763;6.58332
10857499728;47.88893;2.06541
10857509764;47.92766;2.00986
10857865107;42.53854;3.05425
10858124685;43.50333;-1.46504
10858164257;46.43371;1.61149
10858164266;46.43408;1.61171
10858565610;48.87678;2.34691
10858691805;43.31569;3.55158
10858691806;43.31779;3.54696
10858691812;43.31825;3.55513
10858728875;45.75577;4.84018
10858790056;47.54602;4.03609
10860201405;49.37755;-1.43548
10860318792;46.98931;-2.30046
10860513852;43.82881;5.40392
10860538782;43.86035;5.23194
10860765155;46.13184;3.45547
10861030725;48.65284;5.99342
10861030738;48.65317;5.99458
10862153831;48.78785;0.46454
10862180854;48.53278;-4.72625
10862210683;43.4002;-1.45666
10862216161;45.18304;5.71798
10862251628;48.96527;7.35249
10862401378;50.18768;1.70462
10863784682;45.74765;-0.63275
10864508285;43.616;3.93488
10864918485;43.12878;5.77997
10864918486;43.11461;5.79025
10864918487;43.11533;5.79913
10864918488;43.11651;5.79945
10865068715;48.73984;0.14499
10865199888;44.7434;2.62098
10866037817;44.64811;5.08048
10867270335;-12.8448;45.11759
10867270336;-12.84474;45.11759
10867431561;48.956;2.34189
10867431563;48.95401;2.34275
10867698331;43.70183;7.26785
10869025840;44.77368;-0.61482
10869033247;48.08654;-1.61814
10869049668;48.08788;-1.62132
10869064169;48.0892;-1.61505
10869294074;48.65038;-4.31589
10869357706;46.29759;4.02773
10870501105;45.31036;1.08245
10871797472;45.06886;4.86839
10871879341;45.25357;5.02657
10872783470;49.65248;2.86354
10872863905;43.40611;4.98783
10872920836;-21.37752;55.61759
10872941027;43.28665;-0.35715
10873433478;-21.37954;55.61889
10873759567;-21.37826;55.61263
10874946280;43.73456;5.1773
10875137174;46.04173;1.10563
10875952105;45.54306;1.54957
10875952405;45.54296;1.54944
10875962805;45.54428;1.54854
10876000386;45.39073;5.73544
10876380616;-21.34046;55.47479
10876410117;-21.37871;55.62091
10876457895;43.39539;3.69248
10876482995;49.27541;1.22461
10876485303;43.61179;3.86188
10876568637;45.91168;-0.56595
10877653203;48.90189;5.53973
10877932405;47.27448;-2.42382
10878595605;46.48929;3.31612
10879025212;48.28197;6.94825
10879144606;46.42952;0.1166
10879153181;16.03471;-61.67028
10879254885;43.44368;3.67472
10879409999;47.05603;5.9933
10879515347;43.3367;5.48609
10879567408;45.22753;6.40518
10881745829;44.53935;4.4168
10882770853;48.60225;-4.36754
10882770854;48.59052;-4.34841
10882770855;48.55076;-4.29367
10883022605;45.59849;-0.04391
10883135861;49.00161;2.57341
10883135877;49.00246;2.576
10883135889;49.00196;2.57561
10883638069;48.67919;5.88093
10886479118;43.49356;-1.51095
10886867984;45.72636;6.40402
10887174120;44.60628;1.89595
10889178099;43.69827;7.25647
10889201129;45.32071;1.1264
10889977099;45.95539;-0.52966
10889995323;43.29606;-0.37364
10890448285;48.84354;2.34502
10891675880;43.29069;5.37558
10893700244;42.79614;3.03884
10893836708;46.18767;-1.34442
10894212706;44.80313;-0.63178
10894773242;42.77337;3.01074
10894966782;42.779;3.02796
10894966787;42.77756;3.02772
10894976057;48.11491;-1.68014
10894983524;42.77595;3.02046
10894983528;42.77548;3.02015
10894983560;42.7754;3.01932
10894983598;42.7751;3.0168
10894983601;42.77491;3.01817
10895529280;48.81904;2.34045
10895536298;46.15978;1.39676
10895778800;44.5815;4.73526
10895805224;45.36764;4.52975
10896320362;45.38736;6.49409
10898529846;43.72893;5.18068
10899313189;47.65233;-2.08871
10899584214;48.08896;-1.09879
10899882280;45.85871;1.07814
10899997718;45.45593;1.88113
10900005210;48.72027;2.49252
10900154160;43.11153;3.09577
10901418624;45.41078;6.46198
10901735967;48.78519;-3.23102
10902743995;47.10394;5.88723
10903362448;45.43269;4.32293
10903371353;42.96626;1.60714
10904565098;-21.13657;55.62392
10904701312;47.57934;-2.97852
10904741824;48.56398;-1.86318
10904818402;43.7614;4.12182
10905565405;45.89572;6.03866
10906032705;45.6832;2.84118
10906438000;45.25388;5.02919
10906438004;45.25283;5.0289
10907698049;46.06762;4.64925
10908138073;44.97356;2.75651
10908143206;46.27719;0.68165
10908302069;48.39401;6.97978
10908430768;48.71834;2.45249
10909833447;45.9451;-0.96064
10910592288;46.26155;4.8876
10910687121;44.53593;1.886
10910715912;47.6967;-3.35294
10910925001;44.58121;1.94882
10911031940;48.69785;2.19
10911031943;48.69754;2.19003
10911047633;49.5043;4.36958
10911219560;44.94572;-0.32642
10911478916;43.7759;6.24274
10911698086;43.36014;2.22074
10911700562;50.14047;4.81803
10911700603;50.14252;4.82021
10912952948;47.26238;0.46653
10913202399;46.1115;-1.10568
10914047419;-21.16503;55.28867
10914106836;49.01709;2.37866
10914201205;45.12523;1.30094
10914241206;47.14431;2.21636
10914338918;47.64629;0.15864
10914348763;45.48476;1.83971
10914364085;45.89888;6.27357
10915556038;45.24778;-0.62648
10915559624;45.84581;4.53229
10915574084;45.57877;5.09023
10915640200;49.01797;2.46826
10915836420;42.95549;-0.2117
10915905307;-12.78205;45.22611
10915921304;48.82227;2.40604
10915921556;-12.78228;45.22678
10915921563;-12.78259;45.22648
10916096856;45.58037;5.09237
10916096870;45.57948;5.09219
10916130847;48.83068;2.3917
10916271638;45.42135;2.06251
10916287803;45.42154;2.06322
10917663320;44.12548;3.63402
10918188112;44.20733;2.7106
10918247806;48.20714;-4.06444
10918262100;47.70579;2.94891
10920022886;47.62135;4.33683
10920275765;43.86622;5.41268
10920275770;43.86547;5.41177
10921160219;48.81235;-0.50368
10922660235;48.86365;2.36175
10922695816;43.11471;6.24038
10922695817;43.11532;6.2421
10923923699;47.02134;4.8389
10924835790;43.97379;6.91934
10926592215;44.81029;2.15041
10926790837;48.83594;2.37555
10926790839;48.8328;2.32576
10926790845;48.8328;2.32573
10926968699;45.54871;5.22417
10927030293;47.87211;-3.54613
10927034530;47.88034;-3.93108
10927072481;45.93804;-0.95669
10927618806;45.56798;2.81038
10927978303;46.18988;0.68733
10928005191;46.12256;0.66107
10928016589;46.49364;0.64142
10928755332;43.85046;1.98097
10928816342;47.93437;-1.66641
10929279714;48.95792;2.33981
10929279715;48.95863;2.34037
10929279719;48.95887;2.34035
10929279721;48.95794;2.3398
10929397181;48.97853;5.27106
10930178766;50.1482;3.22276
10931200329;45.75681;6.26991
10931206742;47.33753;-1.65467
10931239252;42.93056;3.03868
10931791102;47.17518;-0.48234
10931835106;44.66641;4.11077
10931909932;45.2171;6.45854
10933659776;47.58367;3.15418
10933801306;44.81722;4.06325
10933814853;47.22829;-1.51278
10933867821;44.32763;2.9501
10934062807;48.82692;2.25691
10934083186;44.48344;1.84413
10934203505;46.32624;4.5364
10934337101;48.08028;-1.68747
10934381372;49.00046;2.51627
10934381378;45.39461;5.25766
10934457044;45.39564;5.26217
10935357409;49.11862;1.70929
10936214240;43.22445;3.24632
10936484176;46.60445;0.59734
10936591772;45.97187;-1.34839
10936668651;42.75557;2.85284
10936817308;47.94394;0.23626
10936846205;43.31545;3.47137
10936924548;48.83803;2.26511
10936924549;48.8376;2.26424
10937299065;46.83144;2.91867
10938022423;45.79457;4.98387
10938022424;45.79506;4.98267
10938073290;46.977;5.83297
10939562305;43.43364;3.73659
10939815966;44.64411;2.41851
10939997552;48.59572;-1.18074
10941546496;48.81161;-0.49825
10941748894;48.83983;2.22985
10942129705;42.45904;1.90442
10942429614;45.77302;6.47362
10942462430;48.56458;3.29445
10942768290;43.59523;1.56724
10943552296;44.91526;1.8396
10943924605;48.99543;2.21342
10945452592;48.13743;-3.83738
10945818182;46.45862;2.64939
10946796484;50.22905;1.61271
10946884283;43.10524;-0.42866
10948600607;47.86615;2.12282
10948600805;47.60188;7.00122
10948821105;46.77952;4.85371
10949038864;45.44252;6.11755
10949423667;45.71775;6.57611
10949789402;43.65169;-0.58895
10951322695;43.79788;-0.5533
10951367388;46.53525;3.19295
10951488905;47.62377;2.49086
10951585984;43.47329;-0.75668
10951585985;43.47376;-0.75785
10951585986;43.48871;-0.77193
10951604404;48.10332;-1.66289
10951857775;43.65518;6.13173
10951857776;43.6564;6.12403
10955725667;41.71539;9.40356
10955872897;46.00972;6.53594
10956656912;47.49793;-2.17195
10956851064;48.72895;7.4884
10957052740;45.25978;3.19947
10957461349;43.06535;2.95879
10957593687;45.05363;-0.60004
10957599585;50.07092;1.39285
10957604008;47.80738;-2.40287
10957608529;49.70171;0.28424
10957609250;49.83238;0.62854
10957615659;50.71652;1.60386
10957625805;48.7971;-0.90983
10957961512;43.71614;6.13423
10958018587;43.3433;-0.41723
10958143510;46.59756;-0.96635
10958143513;46.59709;-0.96987
10958225691;46.59683;-0.96788
10958225693;46.59832;-0.96952
10959338243;41.40667;9.2097
10959429363;48.68457;-3.07195
10959596169;47.38454;-3.24739
10961456604;48.85476;2.28986
10961841005;45.94383;-0.51673
10961981768;43.65242;-0.59209
10962917306;47.58262;-2.40733
10963139887;43.21723;3.22954
10963830479;43.27259;6.58521
10963830480;43.27978;6.57847
10963830481;43.27572;6.52154
10964738127;46.45383;-0.69295
10964836341;48.50663;-3.58561
10964965586;48.70528;2.07136
10965803057;45.13079;5.52844
10966406306;48.84344;2.34506
10966406307;48.84346;2.34507
10967755400;44.94076;4.88234
10968168405;45.68873;5.90917
10968203903;44.5551;1.3371
10968621760;49.03611;7.6765
10968675425;49.01201;7.86169
10968957110;48.83447;2.47156
10969199305;43.54523;3.98015
10969569705;48.07258;6.86047
10969598882;43.55922;4.41026
10969598883;43.5592;4.41026
10969672146;47.77095;4.75358
10969696436;43.55877;4.40728
10969716513;49.652;2.57101
10969924310;48.32151;-0.10823
10969924334;48.29716;-0.10591
10970031917;46.10626;-1.1114
10970257792;48.49768;-4.4305
10970472649;47.80091;3.57262
10971378188;44.86907;6.72422
10971962713;49.5253;0.72374
10973288623;45.9214;6.66345
10973288628;45.92017;6.66956
10973725599;44.68854;4.28262
10973912454;45.21857;6.47113
10973962194;45.3935;-0.45678
10975171055;50.12995;1.77226
10976100501;45.12125;1.2614
10977073096;43.67159;4.63869
10977180540;43.88709;2.03319
10977258194;48.95557;2.34243
10977258199;48.95592;2.34238
10978208406;47.84608;-1.22466
10979191799;48.63479;2.14886
10979239227;49.16855;6.94401
10980270106;47.09434;0.1806
10980482083;43.59408;1.44937
10980572603;48.53599;-2.63144
10981111701;46.31789;0.19934
10982354982;45.67115;0.09417
10982354987;45.66169;0.09077
10982354989;45.66409;0.0929
10983010130;50.27149;1.67124
10983024231;47.51922;-2.85667
10983639486;43.36609;6.71287
10984672431;45.45491;4.7715
10984749723;47.22454;-1.56998
10985279658;47.04179;-1.64146
10989015285;49.71679;1.45656
10989161574;45.04913;3.8789
10989400399;49.11611;6.17213
10989464848;49.3891;-1.04112
10989766314;45.89485;4.43526
10989922438;48.95407;2.34237
10989922445;48.95861;2.33994
10991703899;43.34687;2.9622
10991865923;43.33875;3.20623
10991901437;43.34244;3.21315
10991901438;43.34147;3.21585
10991954518;46.45596;6.05426
10992045730;46.47971;6.05606
10992169197;47.72061;-2.99598
10992253496;46.803;5.45214
10992563305;42.56748;8.75886
10992777215;44.19147;3.20714
10992865217;48.0982;-1.7145
10994015083;45.13295;3.98703
10997181997;43.92216;2.13751
10998193127;45.60762;4.06281
10998269736;48.0617;6.96552
11001219990;48.0375;7.13342
11001515917;44.62899;2.35755
11001601057;48.0428;7.14993
11001919348;48.62002;2.12472
11002187182;44.92252;2.04734
11002669196;47.5632;0.28219
11003037197;43.77673;6.58025
11003058055;45.23011;5.58139
11003192590;48.66263;6.17769
11003192591;48.66263;6.17768
11003192592;48.66263;6.17767
11003192593;48.66262;6.17766
11003192594;48.66262;6.17765
11003192602;48.66261;6.17769
11003192603;48.66265;6.17764
11003192604;48.66264;6.17762
11003254005;48.66264;6.17762
11003254006;48.66265;6.17763
11003267506;43.78445;6.51867
11004082050;48.82054;2.33908
11004535371;47.90135;-0.03075
11005386405;45.9707;3.25781
11005419305;44.22499;6.96177
11005433225;43.7426;7.00858
11005474439;43.51187;-1.48714
11005611460;43.70468;1.19927
11005756151;46.4262;0.18778
11005894104;44.69037;2.60331
11006010905;47.65225;5.67026
11006033350;43.6956;7.27309
11006125021;47.81213;3.80695
11006153552;43.18839;6.58081
11006320008;48.83744;2.44768
11007657983;50.08749;1.54596
11007685047;45.67105;-0.93862
11007785505;43.53352;5.42263
11007790329;46.03017;0.27472
11007796305;43.53291;5.41852
11007920657;44.60757;6.68826
11009577682;48.52956;-4.45123
11009906408;46.08362;0.1351
11009906410;45.86853;0.17996
11009906413;45.78297;0.12387
11009979297;46.03016;-0.00373
11010001005;44.96781;6.51801
11010113106;45.97091;0.05827
11010152470;43.29457;5.56498
11010368757;46.05082;0.03565
11010420287;49.24269;0.77425
11010522374;43.31688;-0.43345
11010522375;43.3169;-0.43348
11010527931;45.88715;0.30765
11011083004;45.24606;1.98327
11012215318;42.62133;3.03853
11012603474;46.58959;-0.12067
11012629090;47.7037;-2.95078
11013614919;44.46889;1.68982
11013618776;46.00075;0.32234
11013755323;45.9788;0.23332
11013755326;46.01472;0.07904
11013755330;46.02207;0.07822
11014269642;48.39189;-4.38114
11015513790;48.30215;-0.61532
11015513791;48.30327;-0.62056
11015513792;48.30302;-0.61948
11016046548;45.83245;0.08946
11016369671;47.82319;1.29412
11016539741;43.33539;5.75723
11016693830;42.70739;1.86625
11016702731;47.84232;-4.16781
11016878734;48.35004;0.08738
11017402823;46.95012;5.50263
11017422999;43.60733;1.44327
11017432099;48.10399;-3.47644
11017456052;42.90122;2.35435
11017467597;48.04826;-3.64531
11017601085;45.75069;6.58542
11017715312;47.27297;-2.20021
11017726705;45.95479;2.17098
11017989044;45.96089;6.16622
11017989045;45.96088;6.16646
11018213507;44.83115;6.65386
11018213508;44.81915;6.65356
11018665350;42.48433;2.65392
11019594129;-21.16475;55.28709
11019594130;-21.17863;55.28723
11019661959;43.28238;5.4027
11019684792;48.13537;-1.64421
11019684794;48.13546;-1.644
11019684796;48.13545;-1.64377
11019684798;48.13462;-1.64333
11019950038;42.48456;2.67464
11019950047;42.48472;2.67436
11021436393;43.84234;4.35691
11021476146;48.31625;2.77152
11022039633;-20.57875;164.27526
11022039635;-20.57874;164.27534
11022109445;49.70191;0.20071
11022353966;45.55842;4.80522
11022358105;46.79766;5.18677
11024900363;48.95209;4.35941
11025474705;48.10391;-2.79028
11025591850;45.84759;5.78061
11028206856;46.9872;3.1508
11028489858;49.31963;-1.10934
11028489860;49.31955;-1.10933
11028489861;49.32155;-1.10914
11028511919;46.79246;6.35143
11029559497;47.3567;3.38632
11029749558;45.70416;4.57846
11029866145;47.36811;3.59167
11030192530;44.8976;5.32029
11030192531;44.86872;5.41552
11030426105;48.68131;-1.97825
11030699660;44.69307;1.06682
11031747507;45.71961;4.34062
11031867070;45.72115;4.3537
11032259273;45.70909;4.46731
11032339823;45.78089;4.81691
11032834952;48.69917;2.18897
11032842805;46.65234;-1.06501
11032989484;43.9808;4.22424
11034637730;43.33438;2.54484
11035251106;46.57024;0.63608
11035262805;48.8646;2.42505
11035282730;45.5894;4.95594
11035332192;47.39637;0.69221
11035351825;43.98878;3.57228
11035899966;43.76093;1.98806
11036014524;47.0004;-2.24455
11036803413;46.14851;-1.16139
11036806189;46.14773;-1.16517
11036960407;45.95344;0.98624
11036963248;44.16359;2.95756
11037237245;45.33047;4.67906
11037355005;48.37217;-1.92808
11037916786;43.48982;1.89823
11038102850;50.66752;1.57071
11038290710;48.78524;2.43596
11038351771;47.27771;-2.42894
11038760205;48.83372;-1.6014
11039470806;49.455;1.78987
11039561545;46.96497;-2.26324
11039590294;43.73942;-0.65542
11039928567;45.79214;4.99024
11039953060;-21.35366;55.56541
11039953061;-21.36763;55.56847
11039960248;49.31852;-1.10244
11040335737;43.13741;6.37609
11040412350;42.79887;0.40721
11041880397;44.29307;0.04271
11042189832;47.89948;1.88626
11042364399;46.91982;4.67811
11042378050;43.17828;3.02686
11042444090;49.40919;-1.3147
11042601704;46.90834;4.68646
11042638562;45.72685;5.2524
11042726635;43.90681;4.00018
11042727656;43.82561;4.26056
11042930451;45.11285;1.96721
11043071137;49.08294;-1.60832
11043545366;45.64123;1.82624
11043684367;42.96588;0.57088
11044583775;43.30684;-0.3352
11045376149;45.25769;4.09916
11045442283;48.37664;0.24589
11045511886;48.36807;0.17819
11045511929;48.38616;0.12713
11045928006;43.00516;-0.08701
11045951579;48.95074;-0.93128
11046032242;46.03289;4.07848
11046140864;47.01647;-2.23737
11046324343;48.73957;7.36173
11046642605;47.4182;-0.43792
11046692186;44.29254;0.04149
11047003223;47.01088;0.32382
11047353510;48.13875;-0.90085
11047768663;46.18686;2.43398
11047809500;45.2665;0.17475
11047812632;44.89675;-0.5816
11047831704;43.83471;5.03684
11047889158;42.90477;0.3604
11047919797;43.83481;5.04338
11047945005;49.863;2.27996
11048188977;45.43498;5.75524
11048341195;50.0172;1.31561
11048480135;46.83768;-0.77608
11048532564;47.74184;-3.50112
11048575194;47.74253;-3.50236
11048716032;43.2446;3.28723
11049255706;47.60587;1.12395
11049268489;46.33019;4.68687
11049310935;50.57512;1.58022
11049357333;46.52815;3.49302
11049404673;47.7375;-3.50139
11049469307;45.07332;4.04732
11049917122;45.26402;6.80721
11050017812;45.65808;0.08094
11050017817;45.65809;0.08092
11050455925;45.94866;-1.09175
11050557372;43.98264;4.88836
11050560289;46.53282;-1.07807
11050687292;47.90415;7.25011
11050832328;47.59135;-3.08243
11051080445;43.1804;2.11042
11051410419;46.56378;0.86511
11051836257;49.43494;0.82984
11052596274;44.68339;2.84797
11052706360;49.00972;7.54023
11052707773;49.01096;7.54146
11052840937;45.32844;5.56368
11052844391;45.45752;6.11896
11052846706;45.42504;5.18921
11053070406;45.41401;4.39608
11053156034;43.66598;7.12545
11053183533;46.96659;-0.94396
11053185137;46.96362;-0.90075
11053241571;48.36128;-4.26187
11053241575;48.35839;-4.26468
11053409365;48.33216;-1.83283
11053628766;50.57543;1.57717
11053858473;46.5609;4.2263
11054232743;47.47788;-3.12345
11054383222;45.87368;6.00116
11054404763;47.01427;-2.24512
11054404766;47.01505;-2.24381
11054645828;48.60149;-0.7269
11054851673;43.61259;3.929
11054966266;47.63404;2.73942
11055267624;44.8354;1.27442
11055291500;44.74181;1.19415
11055327975;44.94923;1.45841
11055646027;49.07391;3.87815
11055671693;44.57921;5.12852
11055699896;44.57821;5.1284
11055726328;47.7861;-3.55438
11056728307;46.2948;4.31948
11056778205;46.3684;6.32614
11056875305;46.29215;4.31874
11056875805;46.29211;4.31871
11057294272;46.24458;0.03296
11057398800;49.01326;7.54021
11057540417;49.70321;0.20039
11058876917;46.30004;0.05338
11059011912;48.5974;-4.56202
11059079555;46.31641;3.48034
11059299209;45.53736;5.10554
11059543645;46.15268;-0.21135
11059620284;43.45645;5.47425
11059627044;48.41198;-0.81243
11059841183;44.67779;-1.02366
11060286605;43.68098;3.93404
11060482505;42.68161;2.62229
11061000351;48.06037;-4.7077
11061211007;47.06419;5.44731
11061330905;46.28434;2.21226
11061331805;46.348;2.21373
11061331807;46.28731;2.65221
11061397092;43.4567;5.47196
11061437180;49.09161;1.48777
11061470230;47.34038;2.86646
11061609906;44.18796;6.74801
11062111825;45.7415;4.81665
11062885609;44.88933;4.50926
11062965906;46.33252;-1.31811
11063072255;42.75607;1.28807
11063113906;46.16234;-1.15377
11063470105;46.10333;6.47072
11063513467;43.69626;1.22442
11063561405;45.02946;3.87872
11063875854;48.051;6.1051
11063876404;45.05218;6.02985
11063901173;48.05145;6.10345
11063901174;48.05265;6.10263
11063901175;48.05189;6.10517
11063901176;48.05066;6.10466
11063901177;48.05042;6.10539
11063901178;48.04991;6.10451
11063901179;48.05012;6.10362
11063901180;48.04995;6.10645
11063901181;48.05015;6.10687
11063901182;48.05113;6.10726
11063901183;48.05194;6.10649
11063904963;47.85582;-4.01929
11064594091;48.80927;-3.01686
11064598523;48.62017;2.54535
11064637148;48.60716;-2.49536
11065405782;45.57784;2.94583
11065814262;46.17436;-1.11748
11065878905;48.05788;7.29754
11065924874;43.37727;-1.74477
11066518331;46.27927;6.0137
11066826268;46.59757;0.96151
11066873522;48.12196;-1.21348
11066944275;49.71594;1.09842
11066997624;43.90685;5.72712
11066997627;43.90739;5.72652
11067161692;46.19658;0.67781
11067276993;44.81509;4.48831
11067311926;48.44412;1.49324
11067395667;44.82611;1.22537
11067615951;50.45643;1.60631
11067638105;46.18342;3.65833
11067845373;46.19523;-1.42133
11068338106;47.95199;5.74706
11068796671;43.84488;6.51368
11068945038;47.67743;-0.15715
11069003535;42.40917;9.53673
11069086855;44.82379;1.11411
11069360936;45.10124;-1.14581
11069407975;45.46434;2.7707
11069658210;45.50831;2.85363
11069665552;45.50684;2.85329
11069700854;49.18432;1.26213
11070474411;46.57091;-0.28056
11070488096;43.40234;2.43904
11070811289;48.95563;4.36449
11070900677;46.88162;-2.14566
11071122005;45.96735;-1.24288
11071537800;46.30244;2.0199
11071606821;44.82783;5.84023
11071837273;46.00559;6.69312
11071952603;48.03394;0.16256
11072617418;47.86964;4.5719
11072673605;43.95715;2.88919
11072833084;44.01642;1.35177
11073097408;46.88256;-2.14709
11073943773;46.88151;-2.14741
11074312205;48.93586;2.34604
11074708333;47.05702;6.6041
11074775488;43.38087;2.39421
11074809790;44.03736;-1.33427
11074863119;47.41338;-1.65183
11074981005;44.31427;5.69283
11075065703;45.27041;2.00869
11075082545;43.97539;4.68722
11075374005;44.18598;5.49317
11075389705;46.98057;-2.26399
11075439715;48.85397;-1.5786
11076224366;46.17371;-1.17939
11076558190;44.9124;5.10928
11076700971;46.11483;5.49373
11076709954;43.34461;3.2155
11076785734;43.61723;3.12044
11076835421;43.13744;6.37611
11076963441;44.05346;2.15103
11077061865;43.15565;6.48046
11077306641;43.87829;7.44898
11077325805;49.88676;4.38903
11077464243;49.00547;2.60213
11078394292;46.75863;5.53852
11078402684;46.3529;3.79561
11078460407;46.81266;4.40875
11078664660;46.23443;-1.47817
11078722505;45.95705;2.17532
11078950112;43.79559;6.93751
11078978280;43.4948;-1.4701
11079026994;44.72845;1.92467
11079032330;48.49509;7.46288
11079033324;44.53983;1.97245
11079050450;44.5436;1.98053
11079091721;47.10703;-2.09726
11079104961;45.9719;5.33835
11079143698;45.57148;6.83333
11079181605;46.97931;-2.2667
11079361263;47.27751;-2.30281
11079471905;42.67117;2.62279
11079487687;44.6588;6.6267
11079487690;44.65897;6.62685
11079624878;46.18544;-1.39179
11079636540;46.15232;-1.3157
11081020576;45.37195;7.04805
11081024722;46.13984;6.42019
11081024738;46.13771;6.42064
11081032306;49.54076;-1.86499
11081032307;49.52699;-1.87025
11081191550;48.8355;2.36436
11081191551;48.83548;2.36438
11081328730;49.40669;3.05323
11081644374;45.50718;6.7082
11081644381;45.50661;6.6757
11081855018;46.16637;-1.33503
11081880836;45.18305;6.48041
11081885341;44.1815;2.78787
11082168978;47.97393;0.1571
11082959238;45.15218;1.52944
11083580206;46.01837;2.28284
11083844596;43.18551;2.26704
11083865654;49.45493;1.78975
11084067594;48.9265;5.75751
11084087105;48.18548;5.92278
11084176575;44.67648;6.61125
11084176576;44.6762;6.6114
11084670332;-20.78431;167.12402
11085276307;46.95662;5.40344
11085284193;49.24296;4.04055
11085335913;45.75077;5.17521
11085373505;45.28438;-0.70004
11085398359;48.778;-0.4468
11086582564;50.46293;1.76352
11087158807;42.47591;2.66613
11088771323;43.39754;2.23315
11088775625;47.6251;-2.82599
11088897698;43.33104;2.3555
11088942467;47.30599;-1.96792
11088966216;47.3183;-2.06736
11088966305;46.61988;3.75369
11089105805;46.74346;4.64263
11089299939;46.58557;3.15752
11089447662;47.86619;-3.77531
11090124992;46.22589;-1.54531
11090136351;48.84458;2.36159
11090172725;48.36277;-3.71525
11091098224;47.27623;-1.78002
11091118329;-21.37334;55.62649
11091235958;46.22655;-1.54692
11091235959;46.2242;-1.54475
11091235965;46.22521;-1.54523
11091269366;44.67388;6.60788
11091278015;44.66608;6.78578
11091283575;44.67661;6.60794
11091439305;46.15238;-1.27274
11091738691;46.0389;6.76723
11091739896;48.29908;4.07838
11091789525;48.29579;4.06525
11091789526;48.29895;4.07849
11091905892;42.964;1.60569
11091912226;49.13491;7.42158
11091958176;43.18996;1.01669
11091964405;46.72078;0.45916
11091969692;44.40524;5.72679
11092400514;47.86643;7.27582
11093013891;48.79942;7.98617
11093039405;47.50211;-2.83853
11093138905;44.83649;0.91739
11093143837;44.33962;4.15051
11093227105;43.32269;-0.57957
11093652978;42.87659;0.97521
11093750417;45.74468;4.85521
11093785378;43.34713;-1.52291
11093845607;43.65493;2.75619
11093865954;45.47252;4.51714
11094177497;46.49784;3.36278
11096457590;46.42477;0.25804
11096568893;46.53545;3.74347
11096579476;42.25121;8.62582
11096655195;48.0617;6.96832
11096655198;48.06148;6.96772
11096705504;46.40451;3.57344
11096719243;46.40484;3.57647
11096778683;48.5449;-2.55084
11096916529;49.54529;0.19361
11097001205;44.20831;0.62032
11097136567;47.89903;1.94672
11097148673;48.87186;3.54135
11097253705;49.48628;0.1401
11097269344;46.7047;0.95392
11097427605;44.20376;0.61552
11097448790;46.09663;5.96469
11097497433;47.32562;0.26458
11097618634;45.12722;5.52737
11097770813;47.66678;3.72869
11097906980;45.22413;1.54808
11097913462;48.42377;-4.77909
11098086096;47.61149;-3.16534
11098086100;47.60935;-3.16246
11098126360;47.80045;-4.33169
11098126372;47.80036;-4.33436
11098205558;45.74362;2.86668
11099014447;42.46733;2.57925
11099220418;44.85345;1.82032
11099398451;43.99766;2.62354
11099572190;16.37894;-61.48553
11099698693;48.05987;7.26948
11099877381;48.18346;-0.74052
11099910381;48.79551;2.29379
11101302751;43.40757;2.44593
11101372639;49.4427;1.09342
11101584739;43.95652;2.88155
11101920679;45.24077;4.80483
11101982517;49.34309;-1.00568
11102090866;44.25579;6.92637
11102098934;45.02828;6.07156
11102158739;43.82542;7.12326
11104088497;48.83906;-1.59048
11104145442;46.84977;0.92937
11104199183;47.66415;3.73368
11104242906;43.21477;3.23283
11104315837;46.87223;0.85569
11104549193;44.0044;0.56579
11104586705;-21.01474;55.26115
11104691454;46.9151;-0.85306
11107087408;47.22808;0.9145
11107117818;45.80097;2.84096
11107157329;48.40599;-3.74494
11107167576;48.38921;-4.50078
11107167599;48.38925;-4.50075
11107167600;48.38924;-4.50067
11107202434;48.3497;0.37121
11107267164;48.97994;6.0287
11107292630;45.83282;2.84795
11107515468;48.97404;2.28781
11107557439;44.72821;3.85717
11107592395;48.84387;2.26846
11107654092;47.6327;3.19445
11107654508;47.63092;3.19476
11107692992;48.35786;0.37327
11107844005;43.40999;3.69664
11108054142;43.97586;3.36736
11108077157;48.39397;-4.96188
11108077179;48.39616;-4.95577
11108163943;48.67626;-3.85169
11109150709;43.10813;0.72223
11109229980;45.89966;0.77439
11109381919;45.88173;0.73856
11109768450;48.13652;-1.70213
11109815129;44.45211;4.33939
11109934502;45.84609;5.22687
11110067171;48.64874;-2.42857
11110226179;45.6049;5.17516
11110264554;43.24396;3.29027
11110394553;48.06666;1.28915
11110411255;47.7905;1.06807
11110411337;43.85533;4.62622
11110440751;47.91703;5.9947
11110990532;45.74608;6.37087
11111290349;49.30308;-1.24652
11111297258;44.48951;4.67671
11111487840;48.36795;-4.75738
11111487841;48.36651;-4.75997
11111487842;48.36574;-4.75976
11111487844;48.3677;-4.75836
11111487845;48.36569;-4.75939
11111599373;44.58525;-0.02931
11112288394;43.96206;3.85805
11112331485;44.71696;6.22252
11112342905;45.89707;6.78049
11112929008;16.24259;-61.57038
11112946994;48.82997;2.35516
11113622594;49.17149;1.3397
11113864520;49.48229;0.8753
11114122658;45.13079;6.51218
11114146834;46.34308;5.25943
11114189442;47.40509;0.64197
11114237845;43.14738;3.15402
11114316252;47.23777;6.02356
11114496869;45.19668;6.62357
11114533394;48.51447;-2.75101
11114650724;45.92895;1.03424
11114872318;43.70637;-0.146
11114879250;46.46869;-0.80484
11114983763;48.27886;0.2215
11115017680;48.63118;-4.30823
11115103273;48.68852;-4.16867
11115103274;48.68778;-4.16799
11115377492;16.23539;-61.53135
11115395925;16.23692;-61.53528
11115430409;44.162;3.67272
11115431208;44.80954;4.29057
11115431305;44.24797;3.65083
11115775007;47.51777;-2.2979
11115904563;49.34889;0.18575
11115930346;47.18547;3.07747
11116039201;43.45949;6.48589
11116083904;47.49818;1.26361
11116186830;46.37092;-0.70287
11116296605;45.41618;4.00997
11116354611;44.34875;6.50366
11116430250;46.56395;2.19598
11116540705;45.81305;2.94307
11116542071;44.34613;-1.06737
11116615512;44.3495;2.57289
11116750591;43.50042;-1.1846
11116903200;48.19746;7.22119
11116996611;43.50081;-1.18462
11117207534;45.30815;6.97483
11117609621;45.1617;6.45165
11117620723;42.69648;3.03287
11118342391;45.65336;0.16416
11118513449;48.53204;-1.28938
11118871994;46.76717;-1.51734
11119087720;49.3646;0.08236
11119600638;45.20678;1.77115
11119819167;48.27254;-0.04533
11120031011;45.06925;3.85949
11121343378;42.97279;-0.39324
11121569358;42.97249;-0.39226
11121883646;46.50365;6.06691
11121922945;47.48306;1.1909
11122281557;45.95498;-0.52934
11122633121;48.34992;-2.62227
11123585101;45.2362;4.18257
11123655633;44.55139;0.30784
11123811167;42.96298;1.60847
11124339929;43.44008;-0.69447
11124412859;45.66046;4.63263
11124929607;44.46349;2.96635
11125079138;45.81132;1.21816
11125079139;45.80235;1.21972
11125279810;46.51102;1.58448
11125409803;46.49462;-1.78378
11125539110;47.65092;6.86996
11125663941;43.27849;3.50304
11126039847;48.65782;-3.92794
11126100551;45.84664;4.35205
11126104905;46.02954;0.95928
11126148964;42.7635;1.48224
11127214165;47.29004;-2.5073
11127272559;43.60313;-1.36996
11127309799;45.44308;2.50549
11127339238;43.29288;-1.0122
11127384403;43.3519;1.47352
11127464510;46.73762;4.4745
11127499967;45.71183;0.68937
11127801871;45.89277;3.59915
11128258570;47.00107;-1.32897
11128430905;45.88617;6.75278
11128430906;45.87393;6.77924
11128484163;48.83311;-3.3281
11128504870;45.29757;2.50027
11128507154;45.27304;2.03287
11128525429;44.82001;0.07862
11128531251;45.58889;1.11809
11128804158;45.70312;3.93139
11128850222;48.24884;0.25676
11128869228;48.29581;-4.18071
11130674244;42.49133;2.03847
11130695679;48.02113;5.06057
11130743667;42.43247;1.9483
11130746005;46.34628;5.64162
11131421615;44.27826;5.79317
11131427729;47.4098;-0.32176
11131955737;47.518;-0.87655
11131978695;48.36771;-4.7592
11132148005;47.26188;-0.0792
11132154832;45.86436;6.20358
11132470405;48.87706;2.3661
11132571494;45.05433;1.24112
11132584421;45.24747;1.32686
11132608127;45.36569;0.44581
11132689965;47.33102;-1.62478
11132736106;42.96652;1.60458
11132828130;48.87705;2.36612
11132828131;48.87624;2.36818
11132861666;48.62196;2.21747
11133337144;47.10011;2.28321
11133526997;45.12347;6.59987
11133537201;47.92779;2.13755
11133573340;43.7569;7.48184
11133665251;47.66763;-1.67164
11133820763;45.10824;2.86129
11133830820;45.1082;2.86138
11133906557;46.97074;0.69588
11134012805;42.90591;0.35785
11134077759;48.72271;-0.05721
11134166817;44.35179;4.45408
11134166819;44.35179;4.45348
11134323142;45.88789;-0.52082
11135532672;47.49686;1.44972
11135541370;43.10471;6.17662
11135800132;47.33948;0.51148
11135873264;46.54732;2.34683
11135885145;43.64009;7.14212
11135940416;50.33866;1.54992
11136042197;44.26445;5.84123
11136278686;47.61732;-3.00104
11137089783;44.95929;2.41731
11137106146;44.8961;2.46163
11137115294;45.85951;6.14353
11137115831;44.89606;2.46195
11137115832;44.89609;2.46201
11137933973;48.6365;-2.02818
11138404228;48.36182;-4.26627
11138441764;44.85531;0.06337
11138687538;44.94799;0.05763
11138726806;46.37873;0.21159
11138731505;46.37921;0.2112
11139192324;47.3631;-1.5099
11139298166;44.76458;4.91526
11139302686;45.49654;4.1669
11139421150;47.47606;1.18265
11139474491;48.62126;-1.29453
11139538123;48.86126;2.35557
11139538605;47.25852;-0.08093
11139629779;48.62677;-1.38849
11139668819;48.41504;-4.17108
11139686958;48.83988;2.1706
11139750136;48.84593;2.3466
11139863043;48.46615;-2.42981
11139863044;48.4742;-2.47179
11140377998;49.25299;4.03561
11140409759;44.99183;2.41877
11140439309;44.9562;2.41689
11140624489;43.1242;-0.04777
11140736177;48.91262;-1.43556
11141676791;49.7395;0.30935
11141683457;47.07135;-2.02823
11141683463;47.07015;-2.0236
11141695569;47.60125;-2.85357
11141695571;47.60122;-2.8535
11141730414;45.11034;4.80591
11141841636;45.86297;5.39423
11142075859;45.08763;2.74398
11142981784;48.55805;-1.51509
11143183405;44.77824;1.11674
11143205929;48.20077;-4.08672
11143280830;44.55192;5.63667
11143320889;45.48212;6.28697
11143323637;45.2862;6.07396
11143445680;50.98777;2.12616
11143882792;47.90624;-2.1962
11144102570;46.35039;0.71045
11144442471;48.68704;-1.90877
11144448905;44.89197;-1.20676
11144609405;44.77665;0.98939
11144623297;47.52393;-2.03651
11144660289;49.83978;3.29618
11144808054;48.49766;-4.20306
11144808084;48.48451;-4.24554
11145626778;45.74652;4.89993
11146215605;46.48413;-1.11345
11146812932;44.56431;-0.2246
11146984774;43.89638;-0.49252
11147855967;44.6921;4.40168
11147877005;44.90265;-0.51185
11147972879;46.80729;4.42936
11148036467;47.26348;0.57599
11148098897;45.74792;4.90372
11148163322;45.79148;6.21768
11148319052;43.18452;0.24469
11148362307;47.53469;1.80649
11148419181;48.22715;-3.50363
11148419182;48.26663;-3.50568
11148493923;46.27358;5.37076
11148653105;50.53229;2.63873
11148828579;43.2052;1.08657
11148946854;48.41392;2.54806
11149089702;49.86016;2.39357
11149183943;45.84355;6.168
11149866886;45.7919;6.21509
11149885737;43.47325;5.81589
11149896062;43.49712;-1.46965
11150663807;42.47497;2.87736
11150738243;50.60953;3.13628
11150798022;48.60564;-2.49717
11150950609;49.17722;0.30631
11150956557;46.50833;1.58197
11150956558;46.55393;1.56957
11150956559;46.58623;1.51653
11150956560;46.55111;1.56498
11150956561;46.4726;1.60086
11150956562;46.4797;1.57728
11151010505;49.18069;0.31002
11152461745;46.30681;5.0607
11152503789;44.93639;-0.04629
11152959361;48.52321;-4.76187
11153084879;46.4021;1.62496
11153381270;46.49675;-0.80787
11154665316;43.4365;-1.59629
11155037231;49.73744;0.31458
11155529950;46.60033;1.51455
11155560357;49.00324;2.57782
11155633923;49.00428;2.56234
11155706814;48.64895;0.47715
11156014027;45.17521;5.21745
11156144312;47.58709;-2.89712
11156240772;46.65875;5.26906
11156451721;-21.34218;55.4934
11156451816;49.64995;1.72961
11156474072;49.8984;2.30169
11156504370;47.44298;-1.56038
11156744991;46.50986;-1.80556
11157681245;47.95168;-2.40702
11157696421;47.84538;-2.72481
11157702194;49.15534;-0.28813
11157704121;48.18491;-3.01626
11157705250;48.40301;-2.92023
11157705907;48.35326;-2.04441
11157707130;48.1915;-2.84697
11158559960;-20.93922;55.29848
11158684771;-21.34154;55.49312
11158834305;45.94469;6.43555
11159009036;45.0561;5.56764
11159100847;-21.34193;55.49262
11159106243;-21.34164;55.49292
11159109525;-21.34194;55.49264
11159912258;47.93369;-4.32804
11160645805;47.80063;-3.73863
11161670249;48.51411;-4.21246
11161883964;48.2376;-3.31979
11161883965;48.28389;-3.42428
11161883966;48.27738;-3.57107
11162016818;48.44849;-4.15958
11162523005;43.12379;1.17812
11162528816;-20.88;55.44304
11162697417;48.82835;1.96093
11162785290;45.60313;-0.99817
11162900483;48.27582;2.09894
11163170290;45.25989;5.77565
11163229848;48.67457;-1.98063
11163229849;48.7585;-1.29987
11163249962;49.71059;0.20604
11163263122;47.85695;-3.90356
11163263123;47.8517;-3.90531
11163300662;48.84105;1.93286
11163805463;44.19452;3.20836
11163893884;44.19446;3.20921
11164362566;-20.93914;55.29844
11164565553;45.39404;5.17357
11164700253;-20.87222;55.44891
11164723125;45.76424;2.95618
11164729140;-20.87983;55.45165
11164776785;43.6502;6.79291
11164800423;43.51291;-0.53429
11164812617;-20.89558;55.47035
11164975388;48.21765;-3.63559
11164991071;47.2031;-1.5521
11165072757;-21.33404;55.4719
11165125026;48.87599;2.35372
11165125028;48.95318;2.57147
11165125051;50.96255;1.83191
11165125052;49.08046;-0.0933
11165208075;43.27958;5.32581
11165263332;-20.93005;55.30544
11165277523;45.02847;5.32668
11165351711;48.83848;-1.22022
11165361090;48.83761;-1.22414
11165642708;43.20186;-1.14365
11166164198;42.57914;2.10166
11166264229;43.35631;1.64747
11166509505;43.38795;0.15096
11166538109;45.00022;2.64753
11166737333;48.62255;-2.05929
11166849086;44.44893;3.90179
11166885709;46.59412;1.51306
11167161656;43.83165;5.37772
11167343349;43.64694;1.48166
11167513052;-21.34381;55.47674
11167727912;48.89161;2.39004
11169220530;49.04109;-0.42653
11171829672;49.47084;-1.6324
11172134746;44.33185;1.76246
11173604639;45.51674;-0.82632
11174419611;45.99168;4.82377
11174682696;45.79355;6.20807
11175001397;49.32094;-1.1059
11175050019;49.19793;-0.93236
11175052774;49.37903;-1.22603
11175220735;43.1676;5.69507
11176039018;47.84494;3.55326
11176547538;45.75254;3.96587
11177309674;45.61831;6.60841
11177707813;47.10561;6.14502
11178155199;49.27359;-0.71252
11178391760;46.6614;2.0609
11178423484;48.16426;4.37416
11178519939;45.7955;3.25694
11178646837;43.39929;1.71885
11178751137;45.79572;3.25449
11179010996;48.38242;2.95704
11179542649;45.75726;1.26813
11179606342;45.5696;0.56078
11179606345;45.85957;6.1854
11179606353;42.73676;1.79289
11179606375;44.07769;0.90728
11180328947;45.95959;-1.24341
11180398368;48.07064;-1.01418
11180468838;45.91022;-0.56357
11180499975;44.09132;3.54448
11180500899;47.98126;-0.35209
11180507526;49.33552;-1.27382
11180508993;48.34729;4.52371
11180531837;48.00355;-0.99426
11180566019;46.41252;-0.89549
11180566022;45.46789;-0.56813
11180566023;44.83311;-0.70121
11180633279;45.12017;5.67272
11180647321;45.12048;5.69118
11180687534;48.8727;-0.41145
11180739090;46.516;2.27786
11181446435;48.86038;2.35803
11181446436;48.86036;2.358
11181705211;44.80248;1.20948
11182813637;48.00926;7.05488
11182828137;46.97178;5.74813
11182867066;48.72545;-3.56858
11183560625;48.98671;-0.37755
11184182993;46.41064;-1.53117
11184457708;43.60039;1.40734
11184582805;46.34755;-1.42142
11185323987;45.63664;4.71724
11185951780;47.12384;0.42702
11186645432;47.85048;3.54933
11187346245;47.99554;-1.24696
11187397377;45.97844;5.60219
11187430887;45.64861;1.12003
11187485437;46.30314;2.43129
11187485438;46.38434;3.39975
11187710862;46.40842;-1.56861
11187998549;43.38337;-1.3101
11188067859;43.73772;5.46514
11189698109;43.71191;-1.43343
11190733737;45.7374;6.14225
11190908881;45.13954;-0.39194
11191092034;45.68185;6.13718
11191590923;49.16427;-1.12757
11193984083;46.0384;5.70013
11194848163;46.41786;-1.62899
11194955275;47.93754;0.66238
11194955282;47.90024;0.68915
11195035039;47.63592;0.38988
11195035047;47.67945;0.38653
11195323238;43.08268;5.92132
11195430785;45.15522;2.6227
11195825798;45.73265;1.31258
11196416350;46.34334;-1.42922
11196656315;48.69244;2.29061
11196656320;48.73525;2.32857
11197802737;49.58047;3.00082
11197870366;47.58629;1.32399
11197933667;44.94775;4.33112
11197942537;44.36229;2.5825
11198712562;49.50798;0.22525
11198745537;16.4833;-61.50208
11199572337;49.20688;2.58518
11199614678;47.30238;5.05709
11199804686;48.06403;7.02283
11199888924;46.66269;-1.35776
11199888925;46.66276;-1.35911
11200074667;44.25438;1.13656
11200326007;48.88163;2.26517
11200894677;47.18089;0.05194
11201817140;43.45773;-1.50269
11202545324;44.26904;1.35143
11202900119;43.80593;0.42747
11202986063;46.50018;6.07836
11203138906;44.3389;1.21053
11203165035;45.31593;4.76801
11203656536;46.87902;6.26676
11204094199;45.24492;4.66887
11204605137;44.76763;5.03256
11204779360;44.55557;-0.2554
11204815474;48.63586;-1.5116
11205632350;44.44915;1.43989
11205632365;44.44243;1.44255
11205749158;46.5077;2.71233
11205790446;46.58226;3.21036
11206114703;45.29069;4.57202
11207343289;49.15732;5.37313
11207521287;44.50282;1.13988
11207594475;46.2673;3.47118
11207619045;44.54163;1.07361
11207669600;45.42702;4.58663
11207708055;44.5167;1.08177
11207851212;48.95848;2.33954
11207851214;48.95836;2.33886
11207892338;44.46549;1.19243
11209756404;48.21788;3.27659
11210298056;45.2319;4.40209
11210373164;48.99524;2.16094
11210391917;47.13072;4.95631
11210640225;43.87368;-0.5346
11210841516;44.60619;4.02254
11210901024;45.21658;4.34344
11211858040;44.50607;0.21867
11211864139;45.04325;5.82499
11212649438;48.42585;2.92774
11213174975;46.80546;4.4362
11214184660;44.61475;4.01525
11215634641;48.44342;-1.10496
11215815706;46.97375;-1.31238
11216039157;47.47565;-0.30528
11216074870;48.64025;7.76548
11217297894;49.63993;-1.60293
11217853020;45.48576;4.54235
11218003775;48.32408;6.73083
11218175758;42.59791;3.04007
11218185867;42.59864;3.03879
11218653116;47.18401;-1.37082
11219274300;44.28666;4.93172
11220111468;42.79096;0.58926
11220546647;41.4985;9.09781
11221299426;46.97892;0.57785
11221811716;43.62524;3.90745
11222550700;45.60896;1.88341
11222705017;44.29934;3.66431
11222849837;42.76384;0.5021
11223039069;46.98949;0.34563
11223325930;44.79047;-0.59273
11224440382;48.46315;7.47839
11224445306;48.09842;-1.72008
11224548556;44.33667;3.5039
11224797966;49.77528;1.98108
11225764712;46.89391;6.22302
11226492748;44.3188;3.23111
11226781237;43.83473;-0.17985
11226874143;49.27877;-0.26741
11229779311;44.60802;5.29167
11230031010;50.46857;2.49792
11230599053;44.49182;1.08613
11230817285;47.59605;-2.39958
11230820938;43.38293;-1.31535
11230942872;42.75919;2.05359
11231033739;49.31934;-0.35566
11231043302;45.24095;-0.09747
11231045779;47.59434;-2.39616
11231060939;49.31826;-0.35205
11231255974;48.89735;2.30473
11231270504;43.66873;1.49947
11232623794;47.62404;0.29077
11233014005;45.26863;5.86814
11233108949;44.32316;3.82915
11233203660;46.50247;3.05334
11233348777;50.39101;2.77541
11237655204;45.45236;6.56895
11239884127;43.75504;4.08273
11240545847;45.20946;4.14611
11240974496;-21.00979;55.27469
11241079191;48.09111;-1.79381
11242316341;46.1607;6.67073
11242931321;48.42353;7.66337
11242993740;46.53647;-0.43977
11243188637;50.13415;1.94771
11244148381;44.2046;0.61185
11244199838;45.83945;6.58106
11245064859;45.96477;5.58397
11245142798;42.52609;2.83159
11245353520;43.45406;6.42627
11245580656;42.48869;2.80575
11246053805;46.40158;6.59456
11246754182;44.90426;4.15379
11246832138;44.90636;4.15488
11246842150;43.42187;3.16839
11246904288;43.01588;2.48398
11247656029;45.16932;5.63039
11247688923;42.7872;1.18668
11248140734;45.92791;4.0054
11248331385;42.44237;3.16627
11248772087;48.88147;1.92426
11248872007;45.09034;6.43523
11250483715;44.00867;4.86817
11250520947;43.95952;4.86413
11250920066;48.40152;2.69757
11251422941;46.14898;6.65801
11251506529;46.14893;6.66557
11251554112;44.14315;-0.74219
11251554136;44.14262;-0.74291
11251608087;44.82627;1.68662
11251979746;47.51386;4.0922
11252187933;49.21085;1.17094
11252412121;47.93027;-2.39341
11252538022;44.38548;2.33088
11252760933;48.30136;-3.89636
11252843624;48.69045;-3.85046
11253528532;46.15209;6.67169
11253858788;47.82017;-1.82791
11253858791;47.82009;-1.82776
11254550505;43.27646;5.39502
11254987467;44.69885;6.11831
11255072132;43.69367;6.03834
11255072133;43.69367;6.03827
11255072134;43.69329;6.03683
11255098606;47.23118;-1.6148
11255784317;49.10876;6.15882
11259237185;46.36126;-0.30142
11259313937;46.97887;5.60149
11259334116;44.14139;0.60923
11259905437;47.57529;6.75923
11259956038;47.67614;-3.16793
11260035071;42.48733;3.12715
11260376097;48.87894;2.40662
11260376098;48.87897;2.40666
11262219593;44.66178;-1.17062
11262497337;43.45832;3.23729
11262959831;46.99434;-0.94441
11263393424;47.91989;-0.26514
11263393428;47.90282;-0.35193
11263404243;47.90545;-0.34823
11263794837;43.72264;7.2505
11263937269;16.30407;-61.7958
11264008154;48.20379;-1.14894
11264008157;47.93646;-1.4033
11264608899;47.25644;-2.23068
11265618079;47.61833;0.05789
11265618087;47.6868;0.04163
11266184043;45.2262;0.21498
11266682212;48.01753;-4.52986
11267184299;45.2193;3.81862
11267184920;45.14308;3.66875
11269416018;48.52669;7.49588
11270066803;45.83928;6.21441
11271247111;46.62037;3.7727
11271247116;46.61878;3.77002
11271468423;48.89689;2.09585
11275962398;48.64788;0.18157
11277160456;46.97631;5.79778
11279985532;44.10165;1.83387
11279994261;44.19596;1.82922
11280246112;45.04278;6.29657
11281896082;45.64569;4.16895
11283308454;43.48804;-1.4737
11283569733;45.682;-0.41299
11283768342;43.55934;7.02972
11283920355;43.07275;5.87987
11284389210;48.36843;7.59444
11284443891;44.22669;6.93174
11288176628;44.05483;5.2371
11288618855;16.41141;-61.53094
11288698970;45.74124;4.81657
11288976517;43.56416;3.95356
11289139733;43.76362;1.7745
11290453786;45.43493;4.43634
11291230703;45.22372;6.21735
11291966330;43.66188;3.46066
11292406725;48.92639;2.04179
11292406726;48.92637;2.04175
11293260463;14.50619;-60.90677
11293436769;44.04935;2.15759
11293661469;44.54054;4.93385
11294428309;48.8765;2.35738
11294962343;43.4217;-1.60822
11295523769;45.88472;2.17396
11295866895;43.41866;-1.60546
11296308778;44.85829;5.57416
11296330070;44.11519;4.05046
11297391037;43.52872;1.74839
11297780805;43.863;3.31758
11298036382;45.3693;5.21239
11298232520;50.28701;2.78145
11298343816;43.89929;3.45901
11298772906;44.24031;6.62473
11298777366;48.73294;2.33167
11298984721;47.64431;0.15734
11298984748;47.60808;0.15583
11299396790;44.1424;1.97108
11299424669;43.30005;5.38514
11299438429;48.3624;2.57416
11301202170;43.31473;3.13855
11302070802;45.94551;4.73076
11302569669;43.38859;4.79917
11302882542;43.57368;1.78432
11303190786;43.42365;5.99222
11303824859;43.44431;3.80082
11303967957;47.06116;0.01976
11304123449;47.30634;5.06914
11304374362;43.42119;5.99061
11305222910;43.53264;1.40381
11306620545;46.13925;1.91541
11309336380;48.81416;7.79021
11309924584;43.98159;2.982
11309943856;43.98108;2.98194
11310119416;48.3205;7.69742
11310119417;48.32038;7.69726
11310119420;48.32025;7.69867
11310658117;16.41831;-61.53364
11310668674;16.47783;-61.50514
11311914941;46.36554;1.60745
11314078538;45.76857;4.98038
11314434936;46.66332;4.02491
11314434959;46.66417;4.02548
11314434960;46.5903;3.93413
11314824843;45.33966;5.34431
11319422607;44.04833;4.70351
11323274307;47.95596;0.32008
11323296220;-22.26951;166.4372
11323317971;45.83512;-0.68533
11324053232;42.78653;3.03687
11328995645;47.89323;1.91532
11331419783;45.63669;4.39052
11331443569;48.87497;2.2957
11331496169;45.96376;2.19312
11332699440;48.44581;-2.06834
11332706074;44.79661;-0.61945
11332706075;44.79648;-0.61937
11332706076;44.7966;-0.61948
11332869069;45.95528;4.69251
11332921069;45.95562;4.69486
11333438445;48.61936;2.54151
11335496691;45.15868;5.31783
11335991576;44.4089;5.07954
11336417820;45.72848;2.89903
11336698144;46.04034;4.07236
11336909592;45.21163;5.78191
11338246953;45.74525;4.88867
11339308297;48.61758;-2.02813
11341085937;46.54749;2.1126
11341431030;43.13069;5.93419
11341620294;48.04609;-1.66185
11342053292;43.60032;1.4943
11342053294;43.59991;1.49475
11342297515;48.18182;-0.12865
11342383992;43.35931;3.53078
11343847564;44.33458;2.0315
11343847565;44.33462;2.03153
11345070551;47.8271;-0.38838
11347059028;48.33713;7.54126
11352531107;46.10241;4.75954
11353631980;48.38911;-4.49762
11353742528;50.46691;3.25618
11355736152;46.13682;6.68334
11358139647;48.64198;-2.24521
11358357269;45.56164;4.24106
11358527317;48.32951;4.10367
11358551312;46.58581;2.02387
11359767871;45.74925;4.88502
11359815604;47.37471;-1.19739
11359856476;45.17078;5.74111
11359860275;49.46461;3.8273
11360246624;43.24775;5.42859
11360508268;48.83954;2.23584
11361946011;45.23308;5.88616
11362373827;44.98172;0.42646
11362440801;43.75753;3.10091
11363945019;49.58911;-1.27709
11364125470;48.57567;-1.50566
11364178263;47.75054;0.1929
11364245553;45.81399;5.4037
11364961075;48.9704;2.51981
11365006870;45.56336;6.69522
11365696424;47.19083;-0.28943
11366539367;49.23345;-1.59658
11367515083;48.90551;2.368
11368676469;44.34527;2.55277
11369449040;45.8323;0.08955
11369640069;46.4698;-1.49212
11371090384;45.71544;-0.5591
11371134269;45.71184;-0.57998
11371353725;45.74701;5.18542
11371388307;45.48081;-0.78949
11371434519;46.77408;-0.84497
11372299170;-21.48114;168.03242
11372299171;-21.48071;168.03274
11372306733;-21.48244;168.03388
11372884185;43.9871;6.69941
11372915869;48.16546;7.29935
11372915969;48.08165;7.35706
11373243590;44.8525;0.48974
11373812765;43.28795;3.47113
11374145170;48.6618;-3.63095
11374423106;50.53026;2.64007
11374883149;46.50318;-1.73995
11375071307;45.58997;5.24077
11375546132;48.75474;2.30103
11375570098;43.31163;3.54755
11375593598;46.15631;6.66475
11376050946;46.97094;6.42367
11377415038;45.32323;5.93137
11377493256;48.81744;2.33621
11377992996;45.53501;2.68694
11377993002;45.5322;2.68513
11378545967;45.93975;4.61617
11378653676;46.18756;6.77488
11378688671;46.17884;6.78793
11379447248;45.82066;0.44695
11379832611;50.42907;2.79753
11379832612;50.42915;2.7975
11379832613;50.42909;2.79761
11381231679;47.95679;7.29454
11381231701;47.95541;7.29648
11381457994;46.30467;5.35575
11381690637;46.64413;-1.62282
11382032415;46.30628;5.35517
11382032416;46.30622;5.355
11382182295;49.33904;0.02738
11385761463;46.44099;-1.67638
11385798452;46.44081;-1.6759
11385798453;46.44082;-1.67593
11385798454;46.44083;-1.67596
11386651578;45.41295;3.32934
11387448671;45.95173;5.61166
11390375826;43.8323;5.78186
11392092470;46.78508;-2.076
11392354399;46.02155;1.88406
11392564329;49.06641;2.08763
11394163087;43.5634;1.47765
11394163089;43.56313;1.47704
11394163090;43.56342;1.47756
11394664500;46.13028;1.8602
11395913207;45.54301;3.25155
11396056639;44.38301;4.93311
11396056641;44.38295;4.93151
11396081171;46.54836;1.15623
11396081269;46.54971;1.15657
11396357570;50.28703;2.78146
11396642381;48.48964;-2.00073
11397951611;50.52097;1.58364
11399086541;50.17267;3.23105
11399086546;50.17268;3.23046
11399950078;47.17234;3.00653
11401440505;48.95799;2.34064
11401440506;48.95788;2.34064
11402913857;42.60424;2.95508
11403226908;46.16983;3.45915
11403461674;48.98088;2.55346
11405683159;44.39499;4.92982
11406471269;45.88061;0.96565
11408112462;48.05824;-1.73248
11408116869;48.05652;-1.733
11408116871;48.12465;-1.66529
11408116878;48.0588;-1.7317
11408116879;48.05807;-1.73233
11409380162;44.9353;1.02858
11409887066;44.38715;4.99144
11411752116;46.81813;0.54272
11411908036;44.94369;1.04214
11412863076;48.00627;-0.96075
11414321253;47.81316;1.92445
11414461355;50.29161;2.77646
11414816419;46.81366;0.53604
11416839548;46.27085;3.80058
11418139325;44.77594;-0.56438
11420714764;43.50389;6.48435
11421632818;50.42973;1.59991
11421632819;50.4293;1.6029
11421632820;50.42951;1.60407
11422395110;43.42277;3.02793
11423284605;45.12313;1.41502
11425604959;49.21082;1.18264
11425781671;49.00554;2.60289
11426132239;47.75097;-1.19125
11426635964;42.52497;2.83329
11426635965;42.52454;2.83434
11431757504;44.31159;4.93605
11431869128;45.77548;-0.06399
11431889869;43.93831;2.1422
11432446904;48.72753;4.58461
11432446905;48.72757;4.5844
11432740449;48.25523;3.33774
11432832542;48.44866;-4.24904
11434793482;45.22034;3.94015
11434819517;48.43204;-4.72889
11434974969;-20.89733;55.56097
11435072819;43.3057;1.52026
11435647274;49.66798;-1.40447
11438662892;47.11543;-2.10167
11438855909;44.56139;2.25243
11439168072;50.37973;3.47504
11443163828;42.50688;2.79634
11443242709;42.54969;2.75332
11443242711;42.54868;2.75346
11446239994;44.35991;4.91203
11446461437;43.66981;1.42985
11449349426;45.76692;4.98237
11449492423;45.20566;5.75133
11449898754;45.00287;6.66093
11451904932;45.66846;4.89885
11451923370;47.38793;0.70287
11452244050;44.47634;5.02908
11452245052;44.15247;5.09842
11452245053;44.1525;5.09842
11453130182;50.88505;1.66395
11453131351;47.47479;-3.10579
11454803369;-21.2505;55.46945
11455056870;-21.3352;55.45603
11456162563;47.99099;0.24207
11456163065;47.59655;-2.23925
11459199019;47.40548;0.61881
11459834446;49.05039;-1.44458
11459962139;42.65894;2.92708
11459962140;42.65892;2.92711
11459962141;42.65892;2.92706
11459962142;42.65891;2.9271
11459962143;42.65904;2.92713
11459962144;42.65904;2.92711
11460204091;43.33646;5.34718
11460206995;43.33775;5.34657
11460220189;43.33874;5.34383
11460258730;43.1823;-0.62754
11462180666;47.67274;3.87808
11462368669;42.68132;9.29986
11462435457;46.86872;-0.79504
11462549769;42.90403;0.35842
11463197290;48.19817;-2.99004
11465289803;43.05612;2.22269
11466351633;48.92232;2.33028
11466364469;43.78638;4.83114
11466367809;48.92263;2.33053
11466367810;48.9226;2.33061
11468863908;46.68087;-1.68811
11468863909;46.67728;-1.684
11468996315;48.48364;0.65641
11469842958;43.87868;-1.13843
11471019472;44.28885;2.55964
11472738743;45.03414;6.01812
11473220517;45.29495;5.40239
11473941464;46.12984;3.45924
11478316236;49.33492;-0.42613
11478551918;48.10675;-1.35425
11479449275;43.5059;6.94687
11479464890;43.50856;6.93827
11479621573;44.21675;5.08467
11480609764;47.06162;4.81845
11481558873;-22.27903;166.6386
11482428945;45.19097;5.70557
11482462234;45.63;4.59853
11482933380;48.47109;-4.75681
11483106289;45.46431;2.76707
11486126569;43.44116;6.74519
11486291870;48.75415;-0.57789
11486391197;44.89001;6.63325
11487199915;49.22986;-0.30595
11489160691;43.85781;4.72735
11491913706;48.76948;2.12337
11492026769;48.83115;2.3444
11492095354;45.29597;5.40204
11492258766;45.04648;5.57524
11493464298;-21.04184;55.39343
11494015671;45.74722;4.28283
11494015672;45.76289;4.29121
11494103269;45.5109;6.66507
11494193390;47.36316;-1.01976
11494220729;48.7742;2.46762
11494409723;47.20078;-1.48556
11494467244;46.48663;2.07086
11494531834;43.18164;5.70959
11494541354;47.2814;-2.39968
11494927688;45.7486;4.90903
11495868297;4.92378;-52.32062
11496776321;43.12167;6.36511
11496884314;48.37685;0.5556
11496910107;43.12394;6.3623
11497266016;48.9386;7.74739
11497420288;47.06341;-2.00037
11497557095;47.15497;1.19959
11498152987;44.89511;6.63252
11498286202;47.32091;5.04369
11498385884;44.09469;3.08252
11499443464;47.34196;0.90887
11503217970;44.41919;4.90436
11503252256;47.23144;0.01089
11503355521;44.47559;6.26958
11504363574;47.55009;4.57134
11504418107;44.35684;2.57685
11509165336;49.48247;1.7455
11509302565;43.6362;4.8069
11511549521;44.28884;2.55961
11512202486;48.31753;-4.2839
11512202489;48.31716;-4.28445
11512202491;48.31711;-4.28402
11512408363;49.03036;2.22849
11514106490;44.98504;3.27684
11514269170;45.78981;4.77519
11515114821;43.77119;1.53392
11515839469;45.20725;6.54571
11518521081;47.26152;-2.25592
11518533220;47.28112;-2.21473
11519019110;48.95677;2.34057
11519019120;48.95678;2.3406
11519109049;48.8368;2.24818
11520178601;47.13148;-1.35494
11522011880;43.70218;7.28508
11522043858;43.29934;-0.36898
11522043859;43.29963;-0.36904
11522043862;43.29936;-0.36911
11522043863;43.29958;-0.36916
11522989842;47.71811;-2.76369
11524879470;43.68176;4.62558
11524922682;50.53211;2.93486
11527642306;49.56681;5.39187
11527807869;43.92297;2.84001
11527984995;49.518;5.36119
11530732816;49.61882;-1.29926
11530865600;42.89974;-0.56801
11532231136;44.37475;2.59107
11532232589;49.32913;1.09576
11532319672;44.37498;2.59153
11533193575;46.16916;0.95415
11533964852;-20.928;55.66127
11534559905;43.87582;4.59173
11535101783;44.88338;4.84779
11536640868;48.85537;2.28295
11539648999;45.28611;-0.78916
11540098874;47.279;-2.21598
11540119452;47.27269;-2.23166
11541136427;48.28148;6.96977
11543798369;48.96085;2.87822
11543970644;48.98649;1.67238
11547344170;43.66052;7.20606
11549286896;48.86453;2.17886
11549976930;48.37148;-0.02408
11551738026;47.49537;4.12289
11551742895;46.01997;6.91128
11553287350;44.45945;2.29992
11553362215;48.05358;-2.52594
11553362275;50.63662;3.04592
11554336661;44.53634;0.62537
11554527566;48.92676;1.98985
11554783958;48.18957;6.42987
11556972943;45.8391;5.35375
11557806904;47.79389;-3.85284
11558028820;45.80701;5.45291
11559392780;50.26472;2.78101
11560035769;45.42504;4.39982
11560830152;44.65257;2.86582
11564734552;47.2181;-1.57239
11565508189;45.23776;5.92151
11568753025;44.61693;5.11319
11568929674;45.27257;5.92267
11568929675;45.27257;5.92267
11575150940;45.70697;6.11207
11576450529;45.78098;4.86397
11576998610;42.56323;2.06591
11577136571;45.278;5.8835
11578415937;46.69302;-1.96302
11578507449;46.70784;-1.97728
11578565373;47.30284;5.05808
11578577381;43.78693;4.08617
11578892133;44.55217;-0.87078
11579053051;45.95078;6.18995
11579400409;45.33398;5.48429
11579420923;48.3948;7.62351
11579670530;44.47322;2.72865
11579670531;44.47325;2.72868
11580073390;44.85909;-0.49773
11580073391;44.86092;-0.4915
11581395900;45.53917;5.70863
11581776769;43.31536;6.07774
11582612319;47.90502;2.03872
11584175334;45.50795;5.67414
11584318844;46.94852;1.99014
11586530969;43.61934;3.87707
11586530970;43.62021;3.87868
11586537369;43.62063;3.87809
11586539969;43.62016;3.87876
11586539970;43.6199;3.87836
11586892427;45.51263;6.69744
11591642358;45.52955;5.99218
11591724182;45.00922;6.1062
11594423138;48.66343;6.1738
11597496761;45.27501;0.91815
11599115672;44.80868;6.4735
11601891199;48.56754;6.18871
11603351373;48.34453;-1.8272
11607191588;-12.76233;45.08406
11607245990;45.36043;5.33175
11607245991;45.36042;5.33226
11607245996;45.36043;5.33168
11607245997;45.36042;5.33234
11607361503;44.01091;1.35154
11607944831;45.40898;-0.53108
11608050670;47.51248;4.09197
11608815789;47.14638;-0.51969
11609690955;45.946;-0.50568
11609774487;48.86541;2.29367
11610218360;49.44507;0.96306
11610697273;48.80398;2.12109
11611517430;44.59609;6.64771
11611952913;49.02513;2.05129
11612049201;44.91746;-0.4285
11612968020;49.17813;-0.61811
11618296139;43.23316;0.07798
11618500543;43.20034;0.02257
11618570113;47.42088;-0.55901
11618608589;46.17995;6.70189
11618906784;46.16997;6.69249
11620075782;41.91608;8.7402
11621975720;46.16877;6.6887
11622110498;48.70158;2.16522
11623619264;48.86205;2.28476
11623982821;43.12363;5.89556
11627190677;48.48093;-3.79524
11627696229;42.81761;0.40409
11627739640;46.37388;-0.92394
11628061560;43.59165;6.87085
11628077395;43.62835;7.09659
11632451076;43.24463;2.89332
11633921426;45.41905;4.42044
11634126869;48.62696;-2.14628
11634254334;44.85952;1.89075
11634575450;45.02621;1.78784
11635712155;44.43175;3.21449
11637247298;49.33964;-0.60286
11637622430;49.33907;-0.58483
11640716886;45.50964;2.856
11643045917;44.87605;4.57514
11645992026;43.28193;5.37879
11646104316;48.69821;-3.72609
11646309445;45.37032;4.2007
11648662753;46.32651;3.56528
11648667094;46.66684;0.3669
11648757465;46.51758;3.68715
11650345965;42.73114;1.9537
11653138009;44.04476;1.38976
11659118952;16.24939;-61.28416
11659154666;45.249;1.39889
11659256521;44.0123;1.37275
11659641077;43.88966;-0.74121
11659686023;48.5563;-3.27272
11659719163;45.64753;0.16713
11659757257;48.55698;-3.27548
11659875252;16.33283;-61.33825
11660048310;48.25414;7.08235
11660216823;45.98675;-1.09524
11660284428;45.33554;4.20618
11662263003;46.58581;3.3051
11662424317;47.2475;1.34596
11662869694;43.34543;3.21894
11664964463;49.48043;1.72586
11665706478;43.56012;3.87137
11665752238;43.27971;5.38747
11667113370;14.59484;-61.04307
11668513635;45.20109;3.98415
11670024329;47.42162;5.17142
11670114596;44.85749;2.30962
11671639622;46.45234;4.12047
11671697844;-12.7645;45.08537
11672151869;47.77947;3.07238
11672203664;47.13731;-1.46428
11672632869;44.35046;6.30699
11672908447;43.60165;1.40296
11673138169;45.87513;6.40212
11676175485;42.98414;0.22709
11677386217;44.3346;2.03157
11678029126;43.37175;-1.43592
11681346429;43.60855;3.88522
11681346438;43.60823;3.88533
11681438990;43.60814;3.88461
11681948430;46.15761;-1.15071
11682017371;46.15279;-1.15736
11682711443;49.1062;6.15644
11684576260;47.14577;6.21082
11685080240;45.99143;6.25053
11685095469;45.93951;-0.95549
11687301022;43.71662;7.05799
11687917163;42.77629;2.90991
11687917164;42.77639;2.90985
11687941355;42.77628;2.90994
11687952631;43.96353;4.80056
11688227261;44.2886;2.55961
11688227262;44.28856;2.55962
11688329308;45.05228;1.61995
11688406639;47.3897;6.7537
11688406640;47.38593;6.77383
11688497778;43.35225;-0.30923
11690920157;48.99407;2.23432
11691863669;43.24608;5.99984
11693447027;46.61211;3.55064
11694255526;47.80127;-4.29902
11694257365;43.40585;3.50403
11694588205;43.6197;7.12657
11695555014;45.17175;6.49808
11695555026;45.1625;6.47042
11696653025;46.75498;-1.9517
11697424123;46.10545;4.65285
11697924351;43.13258;0.9742
11700925638;45.76873;4.84252
11701275215;44.37253;2.59241
11701995852;44.60473;2.48514
11703648457;43.40508;4.98625
11708994841;49.42939;2.08229
11710528927;44.3184;4.41187
11710942623;46.29771;-0.20286
11710942647;46.29617;-0.20365
11711379252;43.63533;5.41995
11711407772;47.12437;5.47511
11715705251;47.26455;-0.6439
11716305797;45.47374;4.99789
11716839419;47.91412;7.53811
11716992752;44.63789;4.65099
11717544288;43.95103;4.80747
11718394717;48.69214;6.18508
11724479491;50.63812;3.04816
11727422028;46.5208;3.68101
11728746974;45.67091;3.12442
11729073333;43.7;1.37402
11729755812;48.89175;2.31437
11729948474;47.90547;-1.78737
11730193381;44.14381;0.968
11730700987;45.98878;4.71981
11731050324;48.1499;-1.12321
11731576225;43.40039;1.56101
11734288621;45.54014;4.00059
11735392337;44.35227;2.56601
11736727645;48.89591;2.38916
11736736964;43.4605;3.68667
11736953604;47.81779;-4.37228
11737225695;48.87217;2.41172
11737400954;47.94636;0.21192
11737802593;46.18085;2.74623
11738218668;47.05305;-0.87578
11738473231;46.8319;-0.8619
11739252877;50.29219;2.78136
11739284969;44.66194;-1.14942
11739788053;46.44419;0.66502
11740692308;46.6443;2.21407
11741117536;45.0998;1.45439
11741410023;50.40416;2.92602
11741425248;43.5035;6.48695
11741884760;45.55647;6.65207
11741884761;45.54375;6.6108
11744699720;46.28837;3.76587
11745134749;47.88041;2.49728
11745508643;46.14722;-1.20912
11745530970;44.84308;0.20618
11746386587;48.60511;2.29774
11747634271;43.31924;5.37121
11747747109;48.76978;6.89624
11748056076;48.89994;6.05096
11748098689;47.03733;-0.89958
11748269385;43.65151;0.64565
11749829341;45.17653;5.72234
11749905771;46.56852;2.18918
11750138065;43.6222;1.47828
11751445069;46.73209;5.98281
11753215171;46.02689;2.39253
11754990614;48.65856;-1.993
11755082031;47.72458;1.94049
11755260370;45.80552;4.62336
11755427595;49.01572;2.5395
11755483249;45.21336;6.26549
11756602220;45.7379;4.91743
11756674029;45.7421;4.80277
11757562740;47.24239;6.02976
11757821524;45.16993;4.87358
11758557329;43.30202;5.40245
11758712362;43.59204;1.4298
11758745820;47.10545;4.66982
11759056175;46.38168;4.35177
11759098986;45.29772;3.88648
11761365470;14.46776;-60.92167
11761486121;48.94055;7.18522
11761628969;14.46718;-60.92371
11761636616;48.84251;7.54723
11764607232;43.92627;3.78904
11765915578;47.18728;-1.94786
11766155587;47.95941;2.28249
11766240386;45.76634;4.92201
11766476850;49.31988;2.69695
11766715319;47.91542;2.10409
11768808069;45.99075;4.72454
11769189988;45.39282;5.29645
11770661460;16.23686;-61.53375
11770979418;49.7646;1.3808
11771057969;46.71916;-1.43089
11771074401;46.58251;2.00238
11772445129;49.3184;-0.35869
11773080362;47.49624;-2.38499
11773173126;48.96717;-1.53609
11773489677;48.83647;2.44542
11773827062;48.72321;7.20889
11774935411;42.68363;3.0346
11775364421;47.61524;1.51975
11775494943;43.93421;-0.03152
11775600573;45.93957;3.60357
11776256936;48.94225;2.47112
11776325273;46.75405;-1.31093
11778253096;45.87412;5.68242
11778253097;45.87493;5.68342
11778527116;44.14175;4.80567
11778527117;44.14175;4.80565
11778559449;48.46476;-0.19107
11778668779;45.54527;6.18153
11778921478;44.45702;1.69999
11780478867;48.35072;-0.07814
11780612228;47.21946;-1.5471
11780615527;45.96545;6.0359
11780831209;44.4259;4.29942
11780938679;45.65508;0.97891
11781252711;42.70148;3.03302
11781256695;42.69727;3.03615
11781265946;45.55092;3.10471
11782402969;43.91128;5.20013
11782403070;43.91254;5.20007
11787426405;48.58861;2.24986
11792726434;44.00332;2.56859
11793691334;47.98353;2.44122
11793813757;46.66295;5.52027
11793829214;47.88666;2.0281
11793919216;47.68306;2.13464
11795123470;46.32379;4.37763
11795151168;48.80543;2.11563
11795253569;46.32473;4.37555
11795274615;46.75229;2.41915
11795496144;47.99264;-1.42711
11795760286;47.81018;-4.265
11796823019;48.88787;2.29354
11799334745;44.03825;7.56755
11799629370;50.67426;3.12046
11799755345;45.74912;6.03958
11799783470;50.63785;3.07959
11800254064;49.15548;0.67219
11801807939;50.44682;2.64247
11801946569;48.8374;-0.88885
11802376158;45.16252;1.53463
11804296780;47.38426;-1.55943
11804573007;45.64268;2.09515
11806567251;48.97433;2.19881
11807608405;50.10455;3.47002
11807685600;45.94336;-0.8916
11809638188;45.18017;0.70599
11809695835;43.97807;4.90995
11809699587;49.18298;-0.35353
11810139142;49.29544;-0.29348
11811939463;45.17249;5.80444
11812120993;44.12588;5.17917
11812339117;43.89923;1.89657
11813414076;47.87471;-3.01985
11813658051;47.04201;4.84159
11813667087;49.64466;-1.60552
11815356303;43.60454;6.98813
11815448532;49.51556;-1.28606
11816254765;48.27866;-0.67458
11816500383;48.60901;7.06469
11816730950;47.7986;1.06352
11816767273;45.63114;6.35932
11816801706;45.71946;1.21336
11816859503;48.08297;-1.71711
11816991074;49.88702;2.84027
11817091658;47.87123;2.12327
11818310958;42.79972;3.03114
11818310959;42.79975;3.03111
11818688238;45.87508;6.08637
11818787148;45.1568;1.19172
11820002416;44.18898;4.8472
11820046763;44.19094;4.84807
11821226535;46.55865;0.28868
11821257434;50.71659;3.16776
11821278217;48.48721;-2.00808
11821468566;50.6949;3.16298
11822501406;47.92514;7.03593
11822723208;42.66856;2.89555
11823899633;47.28341;2.95658
11824837235;47.90246;1.91092
11827259309;43.20657;2.34582
11828293433;46.05374;6.77388
11829642908;49.78522;3.33461
11829892779;48.78384;-3.52417
11829913018;45.83822;6.14172
11829913019;45.83858;6.14184
11830498199;44.44097;4.62314
11831000069;48.42886;-4.51604
11831556699;48.12649;-3.71699
11832077106;48.94832;2.19929
11832663576;44.80152;1.62122
11832678174;46.36211;4.70464
11832678252;46.39844;4.74203
11832800237;43.49086;-1.47874
11832828492;43.4782;-1.49355
11832979215;43.21327;5.53759
11833649137;49.06147;-1.06039
11835087985;44.20317;5.53785
11835097232;49.5707;3.62372
11835126114;49.5699;3.62491
11836522700;43.59848;5.48437
11836875060;50.37716;3.24594
11837415063;42.48007;3.13424
11837808415;43.60843;7.12651
11837863571;47.38795;0.68965
11838095752;43.58584;1.49333
11838335204;48.00935;-1.42901
11838403176;47.7976;3.58002
11838422939;43.78473;7.51109
11838826412;44.02476;5.93492
11839332898;47.47648;-2.45248
11840597533;44.67594;4.79589
11840803799;48.8353;2.3644
11840840961;45.80896;5.79251
11841721203;43.58585;1.4933
11841774104;45.89446;0.46983
11841958476;48.84945;2.34455
11842194069;43.88185;7.1551
11843427452;48.6199;6.98534
11844152791;50.41802;2.9546
11844281613;43.86316;0.81075
11845218847;47.26003;-0.07427
11846920833;50.372;3.09015
11847070033;47.54651;1.51374
11847103160;45.62687;5.16028
11847193102;45.62703;5.15825
11847377200;48.95711;2.34166
11847495473;50.36384;3.51747
11848475136;42.66857;2.89562
11849849575;45.58613;4.79764
11851517991;47.26432;-0.07362
11854177995;43.39629;-1.68281
11855979892;47.06248;4.7736
11858046528;44.3933;6.67778
11861008961;48.83006;-1.40751
11861849776;45.74725;4.86075
11861849777;45.74807;4.86097
11862363170;48.12535;-1.67349
11862373492;48.03161;6.72609
11862402785;45.74786;4.8609
11862469376;43.83424;2.33956
11865368893;44.84465;-0.54547
11865738159;47.11225;0.62204
11866566289;47.53246;2.52937
11869379661;47.34429;-1.20725
11869566693;45.5714;-0.33732
11869857207;47.71045;-3.36349
11871519082;45.88507;4.89403
11871949922;48.08641;7.27941
11872065302;49.74379;2.35223
11872107105;45.94648;6.23994
11872254983;50.51997;1.5835
11873861298;48.10552;-1.71549
11874221769;43.24416;2.31887
11876213261;43.95402;2.20701
11876222230;43.95374;2.17024
11876547131;44.06592;5.89854
11876664064;48.41178;2.69462
11878606352;45.82951;1.2571
11878650157;45.4881;4.81067
11879420629;43.60749;5.06235
11880856845;42.80088;3.03445
11880940470;44.95956;5.77978
11881531327;46.30609;5.76964
11881823843;48.78114;2.31994
11881885625;46.66461;0.36928
11882337399;44.86942;1.36212
11883136906;43.9957;7.0163
11883142842;47.46499;-0.54851
11883379300;47.59754;3.67566
11884077639;-21.36812;55.54742
11884160321;-21.25097;55.49657
11884178985;-21.26059;55.5042
11884178986;-21.12481;55.74865
11884181058;-21.25469;55.4948
11884202299;-21.25003;55.47114
11884210570;42.40991;8.6434
11884681970;14.74026;-61.1764
11886230799;47.45959;-0.53683
11886498441;46.64589;0.18153
11886527486;45.87944;0.13527
11887184169;48.08159;7.38079
11887478867;45.88937;0.90332
11887484210;43.20245;1.08538
11887614591;45.81479;4.84411
11887728115;44.16266;0.16085
11888772316;49.18577;-0.36153
11889041111;50.46393;1.76416
11889381205;44.84235;0.64972
11889427977;50.46064;1.5813
11889443547;46.34434;-1.4311
11889601669;14.55322;-61.05284
11889695770;43.30924;3.5465
11891003666;48.83652;2.3755
11891023772;45.32569;4.61175
11891127365;46.25219;4.82588
11891208199;50.13397;4.80784
11891249419;45.89862;6.28949
11891266383;45.9597;5.83546
11891478369;43.4434;3.68496
11891493232;43.17408;5.86757
11891918727;47.34455;5.04312
11891923978;48.97783;5.34999
11892041587;45.96709;-1.24045
11892175982;46.80571;1.03807
11893138068;50.13551;4.822
11893170891;44.20893;0.60864
11893243449;44.21924;-1.29669
11893350437;49.3791;-0.90391
11893648184;47.79157;0.05017
11893721892;44.65531;-1.18276
11893890092;44.36557;2.59612
11894169979;47.4626;3.51823
11894312711;46.26522;-0.0083
11895154460;43.67339;-0.35578
11895648223;43.61519;0.44213
11896387709;48.98091;2.06271
11896496365;43.57802;1.40308
11896686569;47.44304;0.27792
11896761569;43.34864;-1.6212
11896798405;43.17852;3.18915
11897149886;50.2997;2.80352
11898081694;45.84226;-1.20769
11898081699;45.80751;-1.23621
11898190257;43.66132;4.65317
11898288290;43.43365;6.85974
11898331204;49.77721;2.79835
11898429299;46.95133;1.86516
11898432274;47.82465;-1.8157
11899013227;43.8816;-1.14506
11899023691;48.48993;4.94914
11899104981;48.64364;-0.35267
11899120418;47.83378;2.23473
11899266676;43.72145;7.30209
11899311948;48.52228;0.43006
11899334055;48.50879;3.88952
11900510054;44.22229;5.17411
11900899462;47.92437;7.03035
11900972210;46.94083;5.86954
11900999720;42.48108;3.13052
11901807247;44.31286;3.33696
11902316744;46.66672;0.36603
11902360489;48.82418;2.38886
11902379861;45.60403;-0.28552
11902703410;48.86106;2.29889
11903247191;-21.13311;55.47673
11903292294;-21.1376;55.29527
11903563399;46.09732;5.9619
11903743769;46.29227;0.11355
11904421719;44.51601;3.4735
11904421731;44.5166;3.47991
11904558247;43.44228;6.75241
11904741725;47.12595;-1.41505
11905124724;48.83829;2.23791
11906462004;45.17657;5.70679
11907498016;46.46908;2.44135
11907681665;47.27799;-2.37168
11907760185;45.94256;-0.9683
11907927716;45.15262;3.32941
11907931069;45.15808;3.30662
11909268363;48.73267;-3.24921
11909357975;47.59051;7.55572
11910531815;45.59977;5.63107
11911770483;45.88658;0.89836
11913838969;14.47067;-60.86729
11914095900;46.02906;4.09706
11914914297;47.19076;-0.26139
11915987340;48.54413;7.62753
11916176527;47.46746;-0.52392
11916368914;47.21285;-1.56707
11916477069;49.39906;1.47896
11916876950;43.30736;3.20814
11916890824;43.30602;3.2075
11917196806;41.5305;9.27276
11917456956;44.36743;4.23308
11917476190;48.16402;7.54428
11917920869;44.74116;-1.09866
11918062913;45.96974;4.00782
11918224529;45.83221;5.29982
11918266338;43.95235;4.80815
11919294958;49.16116;1.32965
11919450064;43.67551;3.56639
11919594152;47.45141;-0.53787
11919753119;49.40857;-1.31784
11919899001;47.70239;-1.86492
11919904527;44.1834;2.63752
11920202381;44.33244;4.54135
11920202384;44.34217;4.53551
11920202387;43.88205;4.85727
11920202402;43.88217;4.85745
11920202416;43.67404;4.43311
11920229777;43.20004;2.76959
11920238254;43.66012;2.0264
11920268976;42.74968;2.67762
11921857761;43.30588;1.95664
11922425222;42.57131;3.02121
11922457281;44.65903;4.89228
11923768020;48.83829;2.23791
11923768021;48.83828;2.23791
11924608401;48.56479;7.30143
11925533731;50.52444;1.5861
11925533734;50.01535;4.04617
11925694319;47.88004;1.87006
11926076075;44.64363;0.02875
11926352666;49.13821;0.23145
11928345462;46.04942;5.80789
11929017635;45.69403;0.17909
11929018654;47.36705;0.75415
11929345039;42.95886;9.35347
11929411544;47.39373;0.68135
11930131993;45.93625;6.63271
11930151001;45.9479;6.63207
11930303483;43.55004;-1.30444
11930569970;43.21794;2.35147
11930634547;46.69744;-1.94898
11930842672;43.55301;6.5618
11930842673;43.55426;6.5609
11931099555;45.69392;0.18239
11931141969;45.20619;2.44125
11931519186;42.88637;9.4713
11932714111;48.15377;-0.40159
11933538903;47.29857;-0.38333
11933582188;42.71761;9.32987
11933663337;44.31151;4.55471
11934362169;43.5062;2.79416
11934638677;47.99129;5.51308
11934888779;43.15306;5.93994
11935202036;44.99794;-0.45202
11935202064;45.03994;-0.18825
11935385423;42.5596;8.89603
11935693120;47.63891;-0.66298
11936519237;44.31049;4.55636
11936530356;44.31083;4.55467
11936530359;44.31161;4.55523
11937310881;45.27349;1.63492
11937367256;43.78664;1.13148
11937367257;43.78669;1.13156
11937367258;43.78672;1.13165
11937549311;45.11454;3.04748
11939299219;48.10574;-0.71154
11939372417;45.5248;4.2578
11939584841;45.89135;4.30547
11940251112;45.23898;0.87422
11940251124;45.33107;1.04335
11940251125;45.36348;1.21916
11940251143;45.39677;1.38079
11940251144;45.38718;1.4419
11940251159;45.37609;1.69641
11941542946;49.38043;-0.90796
11941637687;42.50321;8.79055
11942033491;42.44272;8.85432
11942477733;43.33522;1.24532
11942561789;43.21913;2.3498
11942859977;42.25204;8.72226
11942866609;42.25282;8.72269
11943054451;45.40014;2.03743
11943054454;45.49177;2.12786
11943260852;16.04686;-61.76054
11943285326;16.05748;-61.76857
11944100022;46.0387;5.49664
11944652879;43.28714;3.13109
11947084822;42.33233;9.01135
11947093573;42.33283;9.01041
11947114370;45.87096;4.27844
11947127825;45.55757;4.91826
11947376952;49.38764;-0.9538
11947796555;49.37996;-0.90874
11947796556;49.37914;-0.90855
11948113285;47.65474;-3.13444
11948431045;47.88711;-2.83566
11949530358;47.07557;-2.00738
11949759661;44.28397;6.86473
11950202764;44.18984;2.66056
11950324009;48.89188;2.29688
11950376871;42.76152;1.76131
11950560440;48.8621;2.44309
11951726850;46.23818;1.48623
11951762388;44.13653;4.07685
11951938728;43.59081;7.12343
11951968869;48.90765;2.26953
11952027522;49.13894;-0.24359
11952453497;41.79046;8.96641
11953300204;46.5424;1.40532
11953300210;46.54273;1.4032
11953300211;46.54237;1.40185
11953300233;46.54497;1.40229
11953300234;46.54435;1.40484
11953520911;48.52145;3.59249
11953837570;-12.88548;45.13072
11953837571;-12.88598;45.13157
11953837572;-12.88581;45.1315
11953837573;-12.88561;45.13146
11953928619;44.7565;0.70348
11953928778;44.75847;0.70046
11953928779;44.75804;0.70206
11953928780;44.75872;0.70215
11953999592;44.61436;0.83207
11953999607;44.61502;0.83521
11954019457;44.77382;1.40961
11954035390;44.7356;1.29398
11954060276;45.07114;0.97064
11954086947;44.94502;0.20804
11954086948;44.94463;0.20863
11954086950;44.94374;0.20821
11954086952;44.94226;0.20862
11954086962;44.94276;0.21055
11954100482;44.72592;-0.14975
11954100485;44.72608;-0.15109
11954226218;43.42969;6.87109
11954250284;45.4518;1.65405
11954297822;43.65386;7.15421
11954612980;43.71999;3.06366
11955256089;41.72272;9.15472
11958215759;49.20803;3.51709
11958342218;44.1767;3.4304
11958653525;48.24666;-0.10603
11958964753;4.82194;-52.36415
11959028304;41.84421;9.34226
11959288646;43.52835;6.94194
11959834251;45.67118;-0.65356
11960805902;46.81917;4.058
11960805906;46.81765;4.05748
11960805908;46.81703;4.0574
11960805909;46.81673;4.0571
11960805915;46.81619;4.05732
11961842530;42.47032;9.121
11962352555;44.8176;5.94902
11962436716;47.94972;-0.18823
11962436717;47.98252;-0.40714
11962541369;42.63437;8.93994
11962809460;47.15578;6.57254
11962862721;45.84776;3.79383
11963931872;47.10308;0.32361
11964118922;49.03775;2.08211
11964128334;45.64829;5.85943
11964141243;44.85369;-0.53875
11964439190;45.45027;-0.46175
11964634285;46.69747;0.19942
11964694275;43.23791;6.6628
11964710470;43.21607;6.66273
11965839162;46.21817;5.22939
11966006376;44.51667;1.72326
11966017157;44.66444;1.95167
11966454077;43.1102;0.72834
11966488569;48.19329;-1.45991
11967540218;48.62764;1.87373
11969271670;44.18002;0.76038
11969271671;44.1791;0.76092
11969307255;43.24086;6.57626
11972193476;45.71674;-1.14652
11972367769;50.63943;3.06224
11972390029;50.57614;1.64492
11974959409;43.24043;6.57563
11975495050;43.75615;2.8655
11975811497;43.78407;5.49871
11976144898;45.26287;5.56112
11976741910;48.60466;2.32591
11978167963;43.38786;6.7276
11978190377;43.38787;6.72755
11978485566;45.12457;1.72454
11978631402;43.69252;-1.00791
11978785957;43.95388;4.80122
11980169894;42.87678;0.01332
11980717135;46.31348;1.41743
11981127273;48.85533;2.33116
11981127274;48.85503;2.33138
11981359829;43.94674;4.777
11981382251;43.97995;4.72166
11981818983;45.67834;4.77588
11983027438;43.55188;3.48519
11983078237;47.25746;0.67843
11983399332;44.71695;2.55298
11983422093;48.92308;2.28596
11985408570;43.34258;-0.26355
11985465869;48.8506;2.36244
11985598016;46.0058;5.53276
11986001468;43.77345;6.7008
11987182526;48.79204;2.52086
11987253229;49.17578;3.12879
11987267043;49.1788;3.12543
11987284211;44.88468;2.9651
11987284226;44.88438;2.96255
11987284236;44.88449;2.96559
11987681705;43.39395;3.66888
11987740342;48.59971;7.77197
11987740343;48.59971;7.77191
11987875727;46.99629;3.1317
11988939646;48.38365;5.48625
11989773969;45.69753;2.13032
11989879704;45.93239;1.04085
11989967224;47.35788;1.74624
11990057325;45.632;6.05186
11990123791;45.01;3.7765
11990233025;47.58386;1.37531
11990342327;47.16841;6.82535
11990747321;48.88347;2.36971
11990950481;46.15992;4.17339
11992233370;49.31977;-0.35329
11992285369;45.80866;0.92735
11992353063;44.96099;3.61306
11992708080;43.72982;1.82141
11992713087;43.73405;1.88976
11993650809;42.53447;2.46493
11993719343;43.71936;7.27537
11994473653;49.28796;-0.25052
11994582869;43.17144;6.53424
11994641284;44.95678;3.55748
11994651614;44.95588;3.53885
11994878581;43.46312;-1.53998
11994913281;43.69552;7.27417
11997165291;48.26223;-4.61416
11997179255;45.29695;6.07937
11997588300;44.85666;3.49302
11997959425;46.35908;6.4218
11998727877;43.45982;5.35293
11998782385;43.64335;5.45465
11998782496;43.6434;5.45639
11998782541;43.6442;5.45623
11998802883;45.01389;4.84323
11998838795;43.87577;5.63668
11998838811;43.87325;5.63592
11998992628;44.80694;3.41501
11999171872;45.56222;2.93863
11999200428;45.56342;2.93875
11999213885;46.71175;5.6387
11999428922;45.65417;4.90956
11999552825;42.85692;3.03812
12001025873;42.50404;9.37721
12001057652;14.78472;-60.99297
12001409591;46.30751;3.28957
12001487407;45.27942;6.31634
12001487408;45.27984;6.31836
12001492502;48.20712;5.8386
12001604953;48.71908;2.37047
12001605277;48.71781;2.36739
12001605280;48.71733;2.3623
12001623705;48.91704;2.02838
12001974399;45.66915;3.10927
12002191684;49.11103;7.06582
12002272850;45.82931;4.01055
12002464945;43.3901;6.34279
12002467573;43.68802;5.70721
12002467669;49.25967;2.46959
12003352356;47.41261;0.69417
12003392692;49.18859;-0.3777
12003611170;43.41302;3.69274
12004045966;42.63496;2.75835
12004045967;42.63498;2.75838
12004424254;48.13637;7.28446
12004424255;48.19695;7.31628
12004685864;14.55051;-61.05271
12005760444;43.66539;7.21288
12005789466;-21.07324;55.22089
12005958265;43.3374;3.57721
12006330681;47.05134;6.37993
12007840498;48.23927;0.22286
12009487756;48.09887;4.35036
12009553110;43.14847;-1.21785
12009573342;45.15985;2.7058
12009703619;43.07856;6.15529
12009753645;42.26618;8.69371
12009827356;45.94032;4.20079
12009957371;43.15405;1.63683
12010050601;48.46291;7.48208
12010050602;48.4629;7.48205
12010149907;43.27367;-0.73921
12011754054;45.45216;4.38656
12011875173;45.259;3.65058
12011877920;45.33182;3.84627
12012322955;43.48988;3.79726
12012478190;49.00021;2.22205
12012507302;44.51311;2.8141
12012926298;48.94966;2.34294
12012926299;48.94964;2.34297
12013275757;42.66758;2.34731
12014559954;44.69447;4.66393
12014868670;45.27306;4.71718
12015118370;47.87511;6.76166
12015222832;43.60081;1.26315
12016136767;47.64322;-2.76057
12017266563;48.06937;1.33197
12017486170;43.53648;6.69908
12018038014;46.09285;6.07839
12018184737;48.60638;-3.46693
12018470138;42.70849;9.45312
12018552894;46.65886;5.72955
12019786204;48.57829;7.72845
12019948097;43.1903;5.60829
12020032070;43.65729;6.92067
12020112569;43.65807;6.92429
12020233512;46.32133;4.74601
12020233517;46.24093;4.75033
12020451407;43.17472;5.69306
12021303220;44.16424;5.43095
12021739416;48.89841;2.36238
12022241910;47.62729;-2.74002
12022506972;48.61977;-1.17587
12022621979;44.11637;0.85714
12022622398;14.59539;-61.00011
12022622406;14.59565;-61.00102
12022689269;45.30072;3.37844
12022745731;46.27462;6.08887
12023040667;49.28593;-0.76297
12023102922;45.90987;-1.07329
12023741411;48.94891;2.46282
12023765861;42.34986;9.00886
12023771613;42.34945;9.0092
12025135687;44.05299;3.98478
12025299757;50.17413;4.09086
12025330451;45.88762;3.82716
12025356258;49.7093;2.77327
12025356259;49.7093;2.77325
12025362487;48.9319;2.0521
12025362488;48.93199;2.05228
12025362489;48.93183;2.05198
12025362490;48.9321;2.0525
12026536102;44.41155;0.21854
12026906486;47.35037;3.62181
12027834160;44.31634;0.28259
12028991419;43.07791;5.77976
12028991422;43.08053;5.78347
12028991423;43.07797;5.78416
12029022525;46.1058;5.82709
12029048757;48.69376;-3.77268
12029101261;48.33798;-3.63919
12029108896;48.6944;-3.77277
12029120170;48.71159;-3.81594
12030037803;47.79411;-3.81027
12030766390;44.56105;-0.0227
12030967311;46.38988;5.86391
12031049486;43.1523;3.16129
12031066570;48.24164;-4.54372
12031315382;43.96428;0.44595
12031679190;44.45891;-0.37647
12031945971;49.87302;4.60899
12033251773;47.86064;-3.98691
12033546472;42.30398;9.14605
12033640865;47.85469;-3.98524
12033742323;45.88784;6.17285
12033816732;48.7873;-3.22788
12033911189;46.07387;-1.00378
12034752851;47.07807;-1.40592
12034828161;47.87155;-3.91863
12035160440;46.83564;3.45479
12035807969;44.60407;-0.94162
12036256087;44.07137;3.94386
12036431617;47.15648;1.20148
12036463403;47.2317;1.3825
12037541133;43.49012;-1.47206
12037555117;48.18085;2.72347
12037594520;43.49019;-1.47205
12037612769;45.53508;6.63769
12037661420;45.92608;6.87424
12037872845;45.19291;5.73986
12037916638;44.82542;-0.53403
12037929020;43.5992;-1.47203
12038480040;47.743;-1.27356
12039417602;48.65854;-1.99226
12039495896;49.36176;0.86368
12039508520;44.83397;5.41218
12039750577;45.73756;4.81768
12040194735;46.03261;6.93287
12040468062;46.81711;3.72076
12040494608;42.62717;9.47018
12040594693;48.89231;2.31187
12040619669;48.89234;2.31192
12040780562;48.17361;0.39385
12041215300;45.81354;0.64994
12041588696;45.91733;-0.9603
12041643091;45.18138;5.77608
12041935203;46.14187;-1.16747
12041979264;48.87787;2.26509
12042149043;49.34603;0.3415
12043145434;45.58934;-0.04762
12043191623;49.51431;1.69838
12043432532;47.27029;-1.58267
12043474137;43.94093;2.24197
12043847989;42.44169;3.16324
12043881269;49.33495;0.02956
12044506843;46.67129;4.82964
12045964851;43.82075;5.02743
12046223582;48.86334;2.34344
12046314264;43.51912;7.03636
12046992201;44.96724;3.64426
12047161809;47.9541;-2.5463
12047696561;48.84504;2.38046
12048159336;49.66899;-1.26609
12048805643;46.88228;5.47155
12048979859;47.13865;1.03681
12049231877;45.85709;3.83315
12049239585;48.62409;-2.24476
12049532640;46.56784;2.60111
12050783732;43.26357;3.32524
12051772329;47.38518;6.84991
12051868645;49.65402;-1.26938
12051874884;45.90287;6.14322
12051890844;48.43522;-4.37239
12052660196;43.30601;5.36449
12052844389;47.35801;-0.30012
12052996686;43.95317;4.48129
12053714396;48.9191;2.12848
12054649347;43.23441;-0.28156
12055633388;45.40476;6.18192
12055660962;44.73908;4.24674
12055821693;43.09674;-0.04428
12055824690;46.58854;2.1338
12055992335;50.86522;2.32717
12056642915;45.12889;1.2259
12056898302;50.67063;1.57186
12056903733;49.09839;1.48887
12056979316;49.00319;1.23299
12056981115;49.30043;1.25149
12057003254;42.41486;8.6437
12057292532;46.83181;0.96419
12057319296;46.92054;0.79659
12057400424;45.51489;-1.12903
12057458304;46.88491;-0.02097
12057604270;43.62026;1.43532
12057687427;49.90446;0.99281
12057740659;44.96522;5.07773
12057855428;42.92761;-0.6424
12057972219;48.90945;2.03416
12058024585;43.80868;7.29669
12058873513;48.6191;2.43242
12059116830;46.5077;2.71233
12059143525;46.53372;3.19159
12059488921;43.91483;6.54129
12059566222;46.88365;-0.02103
12059578756;49.77204;1.1841
12060006268;48.96102;2.5177
12060278248;45.71101;4.80794
12060291811;45.71035;4.80933
12060294207;45.71058;4.80913
12060303361;45.71038;4.80911
12060303362;45.71125;4.80773
12060308092;45.7114;4.80821
12060628469;42.65698;1.44844
12060945492;43.5495;7.02584
12060945493;43.54944;7.02604
12061127049;44.09056;-1.32142
12061443358;43.79242;6.40217
12061533629;48.10366;7.07484
12061696870;46.21331;1.08527
12061698489;48.85016;2.42102
12061902269;46.88328;-0.89926
12062128476;50.28616;4.09623
12062553207;48.62357;-2.26146
12062683046;45.37053;1.69348
12062683052;45.36882;1.69765
12062753240;48.20139;-3.06946
12062755637;47.68932;-3.35881
12063167582;45.89331;0.00575
12063319670;46.00042;0.22519
12063431518;43.43306;3.77533
12063705878;49.36063;0.86073
12063828617;46.95041;6.25872
12063922072;48.18045;-0.74179
12064385284;48.89691;2.35944
12064388248;42.44811;9.50609
12064485969;43.66215;2.3701
12064546821;47.06446;3.93245
12064654693;45.02871;6.05043
12064703944;42.63789;3.03444
12064711794;49.19366;-0.37252
12065137442;48.0022;1.23329
12065187662;48.00149;1.23185
12065247547;47.48664;-3.10302
12065985579;45.4233;5.4777
12066022973;45.9555;6.54439
12066034828;45.26116;3.40715
12066048586;42.92841;2.26399
12066100847;47.34392;6.65811
12066102394;47.54169;4.03637
12066414539;45.01171;1.65296
12066583362;43.37219;-1.78211
12066748244;44.68017;6.31859
12066900528;46.0386;4.12145
12066916832;49.33536;-0.44404
12066947819;48.31735;2.69669
12067690558;48.31753;2.69697
12067779686;46.40503;0.68787
12067839584;45.02404;5.32358
12067917666;47.86207;1.21936
12067996670;45.86979;-0.80752
12068048623;45.02573;5.32302
12068084712;43.27465;5.44178
12068122909;47.86136;1.22022
12068440169;43.46773;-1.54667
12068600760;45.89502;6.0338
12068606652;48.00273;1.23129
12069566720;47.72623;1.94371
12069669769;45.11162;2.86798
12069936602;47.72556;1.946
12070059373;44.54112;4.29067
12070245920;44.22022;6.92593
12070256510;47.64121;2.61273
12071051092;49.28415;-0.15962
12071142965;47.35733;4.06361
12071142966;47.35839;4.06242
12071213730;48.69056;6.20377
12071338014;43.89084;4.9503
12071346794;44.76991;0.76759
12071616037;43.54725;3.98074
12071746889;43.55092;4.00111
12071943124;43.65199;3.55245
12071966679;44.7856;-0.47803
12071991801;42.79751;1.07218
12072184300;44.77398;0.8161
12072205659;45.55949;6.73752
12073178543;45.17475;5.71421
12073199280;47.62844;-2.64896
12073386223;45.58336;2.74449
12073642983;44.66952;0.401
12073943069;46.50968;5.40348
12073968606;47.68499;2.62842
12074958227;47.68797;7.14328
12075192157;48.60393;0.17262
12075273294;49.04429;-1.58707
12075316597;43.51374;-1.50551
12075457577;43.65538;3.82959
12075636616;46.71125;-1.98025
12075834700;48.55344;-1.51451
12075901764;42.98032;-0.41375
12076417658;44.65776;4.77689
12076970479;45.09399;6.03122
12077098252;43.66507;7.21155
12077170734;48.38268;-4.3533
12077338870;43.65556;5.58296
12077338871;43.65578;5.58141
12078195762;45.04292;3.8925
12078216029;47.82413;2.8457
12078216471;47.82252;2.84778
12078229043;45.82107;-1.11026
12078323328;43.46593;6.47695
12078416152;42.85978;3.03824
12078791522;43.80823;2.33021
12078983059;47.87238;-3.91568
12079032122;44.41531;4.27673
12079032124;44.41532;4.27675
12079093107;45.5327;2.68329
12079656042;46.94545;-2.18756
12079665696;46.94561;-2.18762
12079670216;46.94564;-2.18767
12079709055;50.9352;1.81199
12079784692;47.19974;0.63152
12079789293;44.35149;6.35439
12079898964;47.55473;-2.55921
12079908867;47.49073;-2.37383
12080008997;45.34335;5.47564
12080228361;48.41816;-4.44538
12080313833;45.63192;6.66906
12080325627;45.63197;6.66922
12081259583;46.19772;2.18502
12081756462;48.55982;-1.97039
12081861863;47.55744;5.68047
12082850312;46.47419;4.56154
12083171478;44.34443;4.30161
12083447584;44.66332;-1.1667
12083518405;45.46714;3.26175
12083568744;45.54416;3.25402
12083696672;48.28364;-1.11896
12083708626;45.05342;2.93324
12083925121;42.96026;-0.20703
12084000998;45.72531;5.25537
12084036263;44.91567;4.41972
12084053933;44.80772;4.61514
12084053935;44.8086;4.61576
12084053937;44.8097;4.61626
12084472953;47.26313;-2.34066
12084680388;46.04613;-0.50961
12084830028;42.79583;0.40938
12084943102;45.37895;-1.15882
12085025374;45.58794;3.86617
12085093211;47.45991;-0.52083
12085592956;43.41136;6.78292
12085592957;43.41565;6.77715
12085857337;48.14322;6.14871
12086492738;46.09452;6.10064
12086610058;46.6875;-1.05004
12086652191;45.78486;6.67432
12086860065;45.86389;6.14123
12086877569;47.75083;7.32998
12086933694;46.77316;-1.22627
12087084369;44.70819;4.21597
12087854690;45.14973;1.12474
12088397941;45.88527;4.08581
12088977528;45.05811;1.16936
12089112769;46.79012;4.91318
12089154927;46.42608;-1.09173
12089168581;47.25696;-0.07257
12090072682;48.8208;2.31352
12090077987;44.70656;6.60753
12090181254;42.87435;1.82745
12090181351;43.92914;3.65784
12090351438;48.45309;-4.25395
12090351441;48.67617;-4.34644
12090351464;48.65391;-4.40953
12090353070;48.17073;7.19351
12090388346;48.88504;2.59506
12090392196;45.1563;1.53426
12090422556;43.27262;3.17124
12090445003;43.19094;-0.90249
12090452445;43.59396;1.45258
12090474140;48.35308;-3.69587
12090577163;49.12662;2.6905
12090716622;48.38719;-4.49183
12090809370;45.59058;5.28008
12090852086;42.76871;0.57766
12090897230;48.40328;2.69814
12090921193;50.52569;2.93512
12090921195;50.53155;2.93468
12091465353;46.72014;2.39494
12091532969;43.19379;5.67046
12091644495;47.62501;-2.77462
12091722910;45.27636;6.81527
12091795114;45.93716;-0.52838
12091870913;43.95245;4.53471
12091872349;43.95163;4.53546
12091885969;48.51225;-1.97456
12091899491;48.61913;-1.85027
12091914569;47.79407;-4.22391
12092149967;46.50812;2.31819
12092166506;44.48409;6.05005
12092189634;45.83875;6.21234
12092281948;44.69589;6.32137
12092290736;47.48411;-1.11125
12092384890;48.31045;6.38746
12092501585;43.70922;-1.43575
12092899732;44.84204;4.2191
12092945808;45.90206;6.85744
12093449326;44.56796;5.50279
12093617104;47.51076;1.10485
12093638501;47.51202;1.10448
12093948705;45.56622;6.78778
12093974271;44.09383;5.95013
12094004386;44.37067;5.90625
12094158174;46.4838;2.00322
12094262154;43.95305;0.19742
12094310326;46.94115;1.80113
12094767027;43.46414;-0.61482
12094910663;50.94427;1.74699
12095016001;43.77928;7.50551
12095095301;44.83712;3.42665
12095125425;49.13397;2.56766
12095306501;43.76178;7.48438
12095311376;43.33355;0.22831
12095349491;47.11577;-1.94256
12095742901;44.90178;6.64498
12095968796;45.29371;2.16539
12096528093;45.22095;6.21996
12096606842;43.97534;4.54754
12096648233;47.55428;-2.8834
12096648234;47.55506;-2.88315
12096673389;47.17784;3.01541
12096717643;46.2921;-1.10484
12096717737;47.09792;3.00683
12096717742;47.09759;3.00666
12096747362;48.71234;2.95774
12096800640;47.31448;-3.19174
12096800726;47.31519;-3.19204
12096800728;47.31529;-3.19199
12096965948;44.07372;7.39992
12097101296;43.59367;-1.06569
12097174888;43.45841;-1.55598
12097259154;43.45996;-1.54916
12097716084;44.05548;4.83417
12097716235;43.74449;4.52041
12097716379;43.63422;4.80924
12098398603;48.13429;-1.53772
12098500815;48.34872;0.3858
12098537901;44.80697;3.41504
12098563017;44.59589;6.22762
12098566756;43.8534;4.60873
12098857791;42.87109;0.39431
12099019962;42.73633;0.08683
12099023538;45.47726;-0.79207
12099365101;48.31034;6.38754
12099411938;49.66246;5.04808
12099428246;45.45499;7.03768
12099428247;45.45554;7.07105
12099454083;43.40632;-1.63746
12100032605;45.79489;6.20369
12100049808;44.88641;6.44879
12100055069;44.19517;3.45538
12100225768;49.146;0.22606
12100319834;42.87525;-0.00322
12100630819;45.5533;6.53131
12100734232;43.90557;5.72742
12101132385;43.58594;1.49206
12101181176;45.95663;2.17018
12101774267;45.79505;6.20553
12101902207;46.25768;6.11365
12101904858;49.44035;1.10233
12101944562;47.34078;0.51307
12101963501;43.25826;1.19622
12101964901;43.45824;-1.55607
12101965101;43.45997;-1.54919
12101967632;45.86287;6.14383
12101998999;47.68401;-0.87342
12102017070;45.59309;0.70165
12102017071;45.59316;0.70155
12102021066;42.74009;0.30819
12102052201;45.8895;6.79779
12102317301;43.12488;1.17562
12102651173;44.91626;5.63472
12102661333;44.14289;6.76137
12102700699;43.40783;-1.63752
12102717902;43.40749;-1.6374
12102740813;44.68961;2.60661
12102799521;45.53506;-0.90881
12102897566;45.18589;1.7123
12102947038;43.53473;1.34483
12102947970;45.62485;3.56249
12103011842;45.43723;-0.72656
12103112873;48.62824;-2.46418
12103123266;46.48949;-0.7866
12103146632;43.72943;5.81713
12103924760;44.22918;5.13562
12103925451;44.86815;5.89956
12103970911;48.18408;2.85999
12103994415;48.58038;-4.14673
12103998401;48.58073;-4.14711
12104202915;45.42909;-0.75626
12104248770;47.22046;4.61626
12104290218;47.73127;-2.7281
12104290219;47.73055;-2.72893
12104290220;47.73136;-2.72696
12104290221;47.73168;-2.72711
12104432683;48.45711;0.12589
12104505457;48.24408;0.16658
12104512824;48.24242;0.16323
12104538982;43.77462;1.68817
12104622301;48.02223;6.78678
12104787604;45.1569;0.00444
12104821638;45.14512;-0.64458
12105950531;43.65753;7.12268
12105992083;48.72722;-1.52613
12106000576;43.17216;5.60729
12106048450;43.83642;7.35482
12106253121;47.93551;2.14696
12106371059;49.21561;-0.50442
12106409488;43.76393;6.16337
12106494596;45.64229;-0.96591
12106586156;47.07772;-0.54755
12106619709;43.41257;-1.61453
12106662567;48.63649;-1.51106
12106681401;45.74219;6.77988
12106807774;45.97288;4.75157
12107552779;-20.92867;55.63249
12107659884;48.55703;-2.29136
12107778480;43.27026;3.17407
12107942721;47.63588;7.11614
12107993820;47.20308;-1.38556
12108097215;45.03863;3.88411
12108136879;45.04136;3.88484
12108196981;45.37782;-1.15711
12108363240;42.5047;9.37718
12108389004;49.30911;-0.71315
12108474059;50.97424;2.1333
12108478135;43.16794;6.51968
12108478137;43.16802;6.51885
12108664208;45.55031;3.37094
12108664210;45.54528;3.36313
12108763358;44.1071;3.08774
12109945239;49.96382;1.65732
12110375726;47.38821;-0.9662
12110487543;46.82918;-0.24799
12110527401;47.38113;-2.19554
12110567023;44.82328;-0.53361
12110628301;44.71125;6.8489
12110685025;43.95082;0.20081
12110798570;43.7234;-1.43168
12110813823;45.88639;-1.27438
12111004716;43.88664;2.6033
12111300267;47.85662;4.99754
12111383381;47.71143;-2.11562
12112130774;46.99075;5.1472
12112143847;42.98887;1.47245
12112173547;45.91504;-1.32679
12112361845;44.69735;6.32341
12112598121;45.77015;-0.46185
12112861091;49.56622;2.7083
12112875424;44.56659;6.68478
12112995704;45.88701;-1.27525
12112995787;45.887;-1.27526
12113077029;45.61414;1.03183
12113157809;48.10617;-1.63319
12113346314;46.95796;3.74308
12113370772;47.08173;3.59534
12113370787;42.82226;0.60581
12113379102;43.52168;6.94132
12113384354;42.82226;0.6059
12113384364;42.82186;0.6057
12113811814;43.57279;1.47823
12114038031;45.75737;6.53847
12114300005;46.1751;1.35362
12114375886;48.29299;2.43285
12114375887;48.29388;2.43455
12114393375;43.18616;-0.94479
12114552998;45.29407;4.17212
12114753802;45.04376;5.05091
12115061579;45.7148;-0.61795
12115150346;47.67468;-1.43233
12115295001;47.23726;4.62754
12115365296;45.71788;6.5739
12115418102;47.4917;-0.56144
12115434693;43.94548;2.83646
12115448584;45.98515;2.35475
12115479676;45.36251;-0.40806
12115524633;49.56702;2.70786
12115911801;44.46355;1.77918
12115938894;44.62631;1.82061
12116370339;42.55822;3.04532
12116648731;49.04664;-1.44226
12116681002;46.06141;4.72553
12116816401;46.02461;4.70596
12116836301;49.50476;0.09488
12116858425;47.35991;-1.9449
12116872901;43.40217;0.19893
12117146801;47.43317;-0.55612
12117297384;49.11447;2.39368
12117321209;44.12455;5.21456
12117449848;43.72644;4.71483
12117493356;46.52021;-0.37935
12118161378;47.8971;-1.75609
12118161935;47.8778;-1.78684
12118282238;46.14525;-1.3157
12118341244;50.34182;1.56569
12118358685;44.90111;5.90731
12118522659;44.47951;4.23934
12118664303;43.69901;3.67402
12118671450;44.50035;4.62612
12118816571;43.80304;2.35282
12118856000;42.56153;3.04622
12118877908;43.32269;-1.03464
12118893914;45.03143;-0.27889
12118943196;49.70752;0.2012
12119751886;44.45812;2.29868
12119965118;44.45485;6.03421
12120001651;44.79853;6.2891
12120055001;47.46686;1.13318
12120076222;45.90552;3.0612
12120089747;47.45513;3.52625
12120249068;44.50715;1.64424
12120318752;49.70871;0.21623
12120343774;49.70871;0.21623
12120522644;45.524;5.76438
12120533768;44.42504;6.0307
12120571170;44.42553;6.02977
12120603964;50.10046;1.45743
12120646489;48.14331;-3.39482
12120764029;49.27509;-0.45096
12120873009;49.70073;-1.41577
12120889077;49.14531;2.67569
12120889078;49.1443;2.67413
12120889079;49.14533;2.678
12121007822;43.63041;7.13503
12121071366;43.1558;6.48374
12121505839;46.32961;5.43819
12121729138;51.02962;2.30983
12121797975;44.46902;2.33985
12121987708;43.56975;7.08462
12121987709;43.56978;7.08472
12122378210;41.55504;9.31981
12122537473;46.10929;-0.08285
12122537474;46.11102;-0.08056
12122708646;43.92274;-1.24558
12122708647;45.8573;3.54774
12122806901;45.45498;7.03769
12122847848;44.99782;-1.19952
12122868689;45.67456;-0.93381
12123019144;42.76604;3.03306
12123019145;42.76532;3.0322
12123675450;44.9303;6.72255
12123694241;44.78369;-0.48866
12123815119;44.4256;6.02909
12123915151;44.55717;6.07426
12124022575;45.62552;6.85561
12124034889;42.82008;-0.19443
12124065302;47.409;-0.76306
12124105024;42.46565;1.88941
12124401533;42.91029;-0.04356
12124410203;43.91775;5.04742
12124410204;43.91776;5.04743
12124451500;46.08023;5.463
12124575766;45.76596;4.82673
12124824161;42.87215;-0.00287
12124925248;45.57571;6.69212
12124935106;43.15374;6.4836
12124935107;43.0116;6.38513
12125082115;45.07919;2.09691
12125229701;45.45478;6.96969
12126371207;44.57033;1.78859
12126924301;47.35468;-0.44625
12127392329;43.32064;0.37035
12127392330;43.32074;0.37045
12127645867;43.29836;5.48192
12127648829;44.87443;-0.42864
12128173643;45.88654;-1.27337
12128269234;45.61365;1.03181
12131006404;45.74965;4.82655
12131183382;43.57944;1.48197
12131493171;44.8737;-0.43043
12131495474;45.52471;4.86765
12132047675;45.29491;1.1253
12132113732;48.47524;7.41142
12132180073;44.83896;-0.58386
12132195035;42.79728;0.28833
12132206571;47.48608;-0.18801
12132288604;44.19076;2.77457
12132334510;46.69335;1.69849
12132443202;47.86995;-3.88358
12133365319;48.6723;-4.32844
12133373339;48.672;-4.33015
12133373416;48.67187;-4.33017
12133459519;45.6087;5.15712
12133544674;47.62825;6.86276
12133607478;49.4173;0.23061
12133632688;44.41174;6.35126
12133643567;43.56631;1.51662
12133647159;47.3454;6.25672
12133776901;45.88292;-1.19134
12133975726;47.42137;-0.39198
12134150031;43.93703;4.87179
12134330074;42.47525;3.12475
12134410001;45.29776;4.55882
12134567769;44.41074;4.91755
12134775269;45.19906;0.68178
12135406923;44.26529;6.34171
12135551802;43.36837;-1.3997
12135648626;45.34693;0.36741
12135675596;45.4489;5.54997
12135822183;48.40112;-2.32424
12135847090;42.79643;1.9173
12135869147;45.87196;-1.00006
12135916822;48.28809;-1.86612
12135949487;46.48123;5.67035
12135955505;47.47343;-3.09177
12135961935;46.48135;5.67057
12136075144;45.98932;-1.03116
12136120592;45.2949;1.12532
12136266825;42.44007;3.16681
12137041907;43.78654;1.13232
12137155521;43.08104;5.7818
12137165708;43.99321;1.87348
12137291624;47.37556;-2.20905
12137554469;43.67576;4.63046
12137710405;43.7942;3.73711
12137979077;43.88964;-0.47046
12138093586;45.77871;3.10045
12139154983;47.08347;-0.82839
12139873691;42.82722;0.16916
12140472306;47.79807;-3.82168
12140767749;44.88608;1.59577
12141496769;45.31178;4.04487
12141522902;45.25833;5.77899
12141567082;46.03551;5.95887
12141640798;46.06263;5.89123
12141663531;45.78456;3.2884
12141691059;45.78457;3.28838
12141723957;44.76138;4.72076
12141794541;43.97314;3.19347
12142375409;47.51077;1.10351
12142722156;49.14394;2.46835
12142753823;45.87079;-0.76497
12144141861;42.02647;8.90794
12144141971;48.69845;-0.36684
12144169104;48.78487;-0.28635
12144480507;50.63392;3.03054
12144504276;45.27154;5.86888
12144975977;45.73146;4.92104
12145728144;49.09986;6.17747
12145803789;45.52463;4.26007
12145816021;45.5307;4.25078
12145876154;48.36098;-3.75718
12145933467;42.46968;9.1205
12145973801;45.55672;5.30619
12145978654;43.11428;0.3871
12146086302;43.65118;4.66963
12146165717;41.38656;9.15146
12146456682;44.56306;6.09315
12146478578;45.57996;5.91038
12146507791;43.68;1.31879
12146590154;46.15715;6.66855
12146662858;49.94452;2.14611
12146871160;43.65725;7.16451
12147099093;45.64309;5.43749
12147288165;44.39548;4.39785
12147585183;46.4944;-1.74932
12147809101;48.7916;-0.6353
12147836746;45.86298;6.41709
12147884456;48.54428;-4.65534
12148010701;49.13519;2.56919
12148057699;43.88905;-0.4988
12148679101;50.04472;1.3289
12148804121;48.15614;-0.40355
12148855435;46.92555;-0.75811
12149646058;44.18566;7.15715
12149646059;44.18488;7.15956
12149807765;44.22671;6.93197
12149828964;50.97657;1.87364
12149828965;50.97718;1.87385
12150021703;43.43207;3.76942
12150028851;43.01584;1.53309
12150071523;43.3312;3.20053
12150915055;43.25184;0.51781
12151140442;46.57753;5.95465
12151206401;45.83796;6.68181
12151327555;46.01447;-1.348
12151415225;46.49987;5.89804
12151473967;48.07613;7.36153
12151704201;45.21073;5.66975
12151758695;49.29635;-0.10558
12151919456;48.6301;-4.23592
12152437955;46.90906;6.33422
12152809738;49.19367;2.47903
12152915340;45.58672;5.29106
12153311858;45.07276;5.57957
12154010352;50.62861;3.05816
12154219036;46.26934;4.72803
12154604388;46.15864;6.66994
12154612411;46.1732;6.63443
12154639075;45.38072;6.72219
12155037188;47.24632;-0.07694
12155387194;46.65223;0.3763
12155563607;46.82381;-1.53003
12155749954;45.71629;5.07739
12155916294;44.50435;5.57218
12157148437;46.98067;5.58076
12157479201;43.08497;1.87402
12157536001;43.80047;1.60735
12157606810;46.75359;5.2426
12157807381;46.21441;1.16327
12159470252;45.10803;6.0702
12160105548;49.389;1.02146
12160614353;43.31253;2.66076
12161419354;43.66798;7.15638
12161511706;43.58015;1.5306
12161749615;43.28479;6.59292
12161749616;43.2839;6.58911
12161749617;43.28475;6.59179
12161749618;43.28457;6.59119
12161749619;43.28292;6.59056
12161778801;45.69833;6.27143
12161786127;48.22699;-3.18073
12162120646;43.96591;4.8008
12162612029;49.87734;4.74222
12162617607;50.13115;4.8098
12162674541;48.88253;2.3381
12163121498;46.00422;4.1133
12163551186;45.48212;0.27689
12163741755;47.49432;-2.81544
12163741756;47.63746;-2.67339
12163801101;48.92485;2.27275
12164272967;45.42392;4.06743
12164272968;45.42498;4.0637
12164293161;46.91792;-1.90934
12164293195;45.52359;4.21579
12164304188;45.59304;4.1978
12164541639;48.73365;2.20748
12164992175;47.19594;-0.30039
12165309201;45.25279;5.71808
12165395448;49.1462;-0.36435
12165413996;43.11675;6.14511
12165415187;49.14557;-0.36449
12165999283;48.87522;2.32515
12166257608;44.67048;6.62484
12167514657;45.34098;5.47192
12167894155;42.71634;9.25305
12168083652;44.89926;1.81216
12168342788;45.75295;6.41921
12168454922;45.53191;2.14316
12168464868;42.15199;9.073
12168885822;45.0535;1.66966
12170312725;47.36259;2.4365
12171300401;-20.89361;55.56964
12172247857;45.27368;3.21085
12172547095;45.99176;4.77421
12174237449;47.1044;-1.81161
12174261877;45.09054;6.06528
12174630649;46.38791;5.86339
12175049984;49.36261;0.07956
12175065702;43.64624;1.6535
12176412396;43.4157;6.77706
12176798580;47.96014;-2.59347
12176905174;45.0686;4.11681
12177001428;45.20967;3.99782
12177061080;50.05449;2.94393
12178323368;44.39693;1.76996
12178325729;44.39899;1.76963
12178388736;48.13234;-1.64365
12178498232;46.70813;3.97911
12178760710;50.06779;1.3843
12178760711;50.06519;1.38725
12179253875;43.41505;6.77914
12179607073;48.68012;2.02338
12179847601;47.26351;-2.34363
12180433930;49.3995;0.1263
12180709526;46.66535;0.36546
12180848055;44.26094;2.94842
12181037736;44.39228;6.62784
12181913960;49.1399;-0.34932
12182219922;43.49626;5.88364
12182265392;46.31142;0.17347
12182490997;45.83649;1.26732
12182705390;47.06055;-1.71707
12182705400;47.06255;-1.71425
12183359625;44.36884;4.64723
12183619235;45.5511;6.78741
12183969357;43.36905;5.78431
12183969359;43.37074;5.78343
12183972255;42.72949;9.3413
12183972258;42.72958;9.34263
12184050919;43.55968;1.37702
12184639039;46.73006;5.55536
12185709307;46.86097;3.94149
12185999070;43.04933;6.1323
12186036041;43.05685;6.13362
12187608937;43.94998;4.9026
12187639866;45.7521;6.24604
12187742860;44.46107;6.17043
12187959030;43.35547;3.52798
12188859211;46.57212;4.05395
12188860405;46.60001;4.05876
12188860905;46.69553;3.86832
12188860910;46.62738;4.06228
12188874406;46.59582;4.04791
12188883901;46.2299;4.33147
12189443151;48.6254;-2.46859
12189624933;48.13685;7.08646
12189634479;44.01461;1.34113
12189820418;45.62078;-1.0012
12189912282;46.98474;-1.31568
12189925101;49.64998;4.64052
12190028193;47.36848;-1.93999
12190101293;45.85711;5.40544
12190287703;47.77585;7.35471
12192301795;48.69675;-1.89568
12192680144;48.71501;2.1401
12192705537;45.89578;6.11804
12192832162;44.2;0.6114
12192849602;48.90101;8.10978
12192998956;47.86811;6.75374
12193028795;46.80352;-1.6234
12193040969;45.00389;1.73899
12193055623;43.94943;0.20172
12193220946;47.23573;-1.34626
12193289633;48.51043;-2.48896
12193317996;43.32712;-0.34852
12193963751;48.38862;-0.99059
12194112322;43.4835;-1.51156
12194112323;43.4835;-1.51163
12194112324;43.4835;-1.51161
12194426524;50.61821;3.0834
12194650673;43.60513;5.75655
12194812451;48.51238;-0.41455
12194866095;46.50197;5.06772
12195036183;48.45322;6.94424
12195036184;48.45431;6.9463
12195036187;48.4559;6.94717
12195366699;43.95446;4.80119
12195378821;43.95503;4.8011
12195505314;45.07106;6.15378
12196461879;47.38227;6.77361
12197237609;43.59296;5.81111
12198127727;48.9566;2.42288
12198558401;43.53164;6.93325
12198641021;44.83304;1.15006
12198974074;46.55316;4.21807
12199006097;48.88669;2.20064
12199025074;46.46508;3.93671
12199062620;46.48179;4.43902
12199753604;49.64463;-1.62088
12200878341;43.2699;6.63388
12201164318;43.39296;5.85092
12201670332;44.5808;4.50025
12201860804;46.3592;4.90701
12201953050;43.3857;6.09529
12202012304;46.5287;4.33532
12202299592;44.27038;4.96487
12202339250;45.46086;4.81298
12204664659;46.05494;6.00469
12204670249;46.03735;6.00419
12204711463;46.78563;0.81205
12205152461;44.41547;5.61418
12206758643;43.12097;6.13216
12206780460;46.49464;-1.78625
12206924797;48.48351;-3.37881
12206953009;50.13653;1.81007
12206970521;50.16789;1.75518
12206997392;45.99272;-1.09832
12207089305;48.12588;-1.60822
12207788581;49.35619;-1.57226
12208502330;48.81565;2.34621
12208573701;48.74612;2.66592
12208751619;48.46737;1.57998
12208925669;42.59831;8.90314
12208975414;48.88893;2.4295
12209158639;43.57877;7.12667
12209279270;48.93609;2.35466
12209865659;50.43069;2.81033
12210807001;46.49245;4.27664
12211163245;45.87921;-0.67911
12211810393;48.88879;2.31425
12211826139;46.40319;4.39725
12212562455;46.66529;0.36504
12212562456;46.66552;0.36519
12212562457;46.66598;0.36427
12213583077;43.23411;3.07147
12214156264;45.62269;6.77928
12214202231;45.62197;6.77742
12214929404;43.72211;7.10372
12215027272;48.0138;6.60449
12215032073;48.73578;-3.48119
12215631476;45.60795;5.26481
12216076100;49.34495;-1.08614
12216590867;48.86493;2.40945
12216738418;46.13376;6.52348
12217404053;42.61498;2.50122
12217441132;42.6166;2.50159
12218107140;50.78022;2.73832
12218300795;43.44904;1.88817
12218664904;49.03659;7.94286
12218740267;45.64152;4.22903
12219306983;44.05349;4.83268
12222105497;48.58092;7.74078
12222211168;48.57432;7.76087
12222354432;48.82592;2.37797
12222499257;46.19617;6.69519
12222939024;48.85075;2.62525
12227673093;46.56307;-1.78396
12227722488;46.7855;1.9603
12227848001;43.33252;-1.41097
12227982307;48.2634;4.61844
12227982828;48.89143;2.29512
12228020388;48.89159;2.29576
12228178153;43.31774;-0.43483
12228178154;43.31773;-0.4348
12228337368;45.84689;5.83664
12228663141;48.84968;2.34255
12228663142;48.84969;2.34261
12229238551;48.8831;2.46044
12229456542;45.07742;5.16754
12229874389;43.02931;6.15641
12230342222;47.69226;-0.06546
12230410013;44.50127;-0.84285
12230666643;48.83806;2.23932
12231135064;44.4208;5.72969
12231135069;44.42194;5.72973
12231461426;45.15969;1.53285
12231740117;45.63413;3.63752
12232052663;44.81984;-0.55095
12232864960;46.8595;5.92379
12234347856;43.41237;4.73836
12234641143;43.21802;6.57649
12234857040;45.4729;4.71779
12234962135;49.11742;-1.06048
12235940602;46.12439;5.81292
12236374656;46.43226;-0.23731
12237459909;46.20894;3.43091
12238486551;45.18526;5.75553
12238599544;43.89055;0.76982
12238599545;43.89216;0.77034
12238599549;43.89137;0.77273
12238599550;43.89141;0.76831
12238649650;45.80121;-0.95122
12239248537;43.16593;-1.23182
12241131530;48.04448;-1.65934
12241146775;43.24003;0.06977
12241222376;47.82312;1.93279
12241298388;43.66284;7.15357
12241978654;45.42238;4.06474
12241997334;48.86259;2.34267
12242075353;48.85378;2.53867
12243610155;44.45085;2.79407
12243670938;45.63233;6.05194
12243671012;45.6951;6.43552
12243898828;44.78124;3.3861
12243915784;48.44783;1.48066
12244013710;44.60382;-0.94069
12244488945;46.18057;2.08472
12244892203;45.85251;6.22426
12245930201;43.71944;7.15023
12246186224;46.70191;-1.43136
12246232001;43.65808;7.19305
12246405612;43.99816;3.88338
12246579745;45.65045;5.88472
12246796851;43.54456;1.22396
12247110434;49.08155;1.62894
12247788960;48.89088;2.39039
12247841491;48.16207;7.31751
12247841492;48.162;7.31749
12247960804;44.10421;3.88488
12248324442;46.64772;4.18614
12248330001;48.67473;1.97471
12248896576;48.85555;2.28987
12249085214;43.15389;3.16258
12250023621;46.87112;-1.01739
12251209100;43.30966;5.38787
12252415732;44.39948;4.21288
12252506292;44.12237;1.71664
12252538733;47.09754;3.00619
12252612265;44.99008;6.11506
12252645294;46.73296;1.9643
12252713553;44.8271;5.62294
12253166781;49.17501;-0.33778
12253270956;42.81005;0.5979
12253270958;42.80981;0.59727
12254000822;47.249;-1.54841
12254367945;-21.56461;165.49417
12255202708;43.23069;5.35492
12255217081;45.77101;-1.14201
12255746845;45.26831;4.8834
12255829778;48.00319;6.87371
12256247254;45.01154;-0.00213
12257933433;43.4022;6.6776
12257941986;43.64152;6.94782
12258183306;43.95955;5.78299
12260788828;44.58166;-0.03694
12260817347;45.75466;4.86294
12263181312;48.88624;2.24934
12263181323;48.88644;2.24898
12264446962;45.78359;5.57384
12265968063;48.91012;7.84707
12266008783;45.82824;-0.87356
12266010048;46.2566;6.10852
12269267074;46.67335;0.65327
12269398144;42.90735;9.35132
12269432183;44.21598;2.98643
12270583765;48.86238;2.45493
12270777092;47.41094;-1.09547
12270866974;44.26988;5.01745
12270980439;43.2118;2.34683
12271148101;44.19763;4.65618
12271210793;45.79743;-1.1666
12271282302;45.79518;-1.17091
12271362112;44.37471;4.70386
12271461231;43.54659;5.03202
12271586509;43.93468;-0.36662
12273178395;48.59182;4.79468
12276862521;48.82416;2.33981
12276895569;43.10908;5.85907
12276955888;48.59391;-1.98122
12277565466;45.73269;4.91962
12277640789;44.0295;5.97559
12278479091;46.24185;1.5147
12278533727;44.92651;6.68481
12278679907;43.33537;-1.5488
12279038456;48.60882;-2.26867
12281412407;43.66987;-1.03821
12281417489;43.67158;-1.0398
12282062515;48.91381;2.48863
12282561667;49.38087;2.24236
12282595421;44.03429;-0.32041
12282896180;47.96479;0.20969
12284972694;45.82298;6.73515
12285253755;44.19714;2.08044
12285535086;43.6119;5.38287
12285608252;51.04964;2.38918
12285644065;43.23673;3.26007
12287318949;46.93783;-1.50512
12287532907;48.91961;2.35075
12287532908;48.91961;2.35082
12287532909;48.91972;2.35073
12287532910;48.91972;2.35081
12287532911;48.91991;2.35069
12287532912;48.91991;2.35078
12287636621;48.80259;7.83573
12288742175;45.84358;6.17227
12289650001;47.56171;4.52443
12289650002;47.56146;4.52383
12290627637;46.82542;6.34186
12290643807;48.11171;-1.67603
12291447436;47.39675;4.54217
12291493201;45.07424;5.2837
12291535547;43.53837;5.29422
12291542802;49.48079;1.0248
12291736701;48.92738;2.02718
12291822994;43.58579;1.43426
12291918663;43.29515;3.26137
12292086921;47.30752;-3.06517
12292422333;48.70094;7.37336
12292592636;-21.06106;55.53631
12293442801;-20.92945;55.63412
12293552156;45.54438;5.52444
12293636516;-21.267;55.35241
12293636518;-21.26897;55.35031
12293699992;-20.97638;55.67677
12293861123;48.8706;2.32313
12296211665;47.41251;0.80249
12297829915;48.0041;0.19581
12299313201;43.11333;6.12005
12299364101;42.76308;1.4798
12299462859;45.15071;5.32331
12299462861;45.15069;5.32332
12299470611;43.44714;6.80546
12299747718;48.69045;6.17509
12299747721;48.67893;6.16847
12300080846;43.78773;4.08664
12300080847;43.78724;4.08611
12300286839;48.7892;2.15221
12300974101;-21.08249;55.74779
12301207992;43.52337;3.19629
12301641035;48.01684;-4.49102
12301895603;48.51409;-4.21246
12301995270;47.47791;-3.12346
12303562022;49.63795;-1.46531
12303570625;48.65488;-4.30038
12303924373;43.52016;3.19724
12304055010;45.07182;4.82749
12304297102;43.95503;5.83412
12304542948;45.69912;4.85683
12304654505;45.79914;4.94065
12305020089;43.41651;0.69931
12305210498;47.52796;-3.1503
12306721021;48.89222;2.33918
12306879466;46.13922;3.41
12306885201;48.79483;2.1627
12306885204;48.79514;2.16345
12306942773;48.29458;4.06811
12307156001;45.34548;0.86446
12307233945;-21.0343;55.70472
12307253829;47.84057;1.86917
12307432008;49.5257;0.19132
12307854406;49.44326;1.07835
12309106924;49.18305;-0.45884
12309352801;48.36138;-4.76687
12309514486;45.47415;4.36765
12309688213;42.47571;2.10185
12309728340;43.71945;1.29972
12310402257;45.07201;6.16769
12310438129;44.65937;4.77419
12311384479;45.77786;5.99553
12311550126;49.07814;6.31534
12311579201;43.01508;0.80328
12312183831;49.00972;2.02418
12313007059;48.91997;2.35148
12313007060;48.91997;2.35141
12313954619;44.87372;-0.54589
12314306418;45.78617;5.94392
12314409257;43.88491;-0.50421
12315369401;43.60788;1.44277
12316085378;-21.23731;55.5697
12316317964;43.7948;7.04165
12318178126;44.79376;-0.62043
12318735992;43.96887;4.55232
12318788935;48.84408;2.37329
12318923874;49.43336;2.08983
12319164845;43.20252;-1.14138
12319229736;48.78935;-1.56806
12319662048;43.71383;2.36091
12320922701;42.76584;1.47723
12321566948;45.52664;5.97355
12321573700;45.52557;5.97673
12323260482;44.9686;1.04731
12323260483;44.96798;1.04857
12323420075;43.77028;7.49371
12324110186;43.60416;7.09078
12325636833;48.891;2.39308
12325780331;44.9047;6.62915
12326917914;47.73453;3.29317
12326987014;48.38759;7.41615
12327102058;48.39665;-4.12882
12327368317;47.87144;-0.09657
12327396496;45.17444;5.69075
12328232831;42.4979;2.01244
12328376235;48.42104;-1.47133
12328792438;50.40138;2.73941
12328792724;48.49312;-4.0399
12328792726;48.48738;-3.99864
12329340032;48.76271;7.41802
12329421025;45.6285;4.74756
12330650101;46.1355;0.17747
12330740840;43.26984;6.63448
12330742239;43.27082;6.63576
12330794212;46.30612;3.29185
12331349229;47.49969;-2.83876
12331379171;43.94826;6.81063
12331423614;43.26204;6.57939
12335115648;47.85615;-2.40973
12335574367;44.08871;6.85359
12335608094;46.78645;0.18168
12336701146;49.28679;-0.31524
12336817288;46.46968;4.24384
12336829639;46.40284;4.25304
12336914410;46.43917;3.97899
12337223664;46.88397;2.57166
12337500504;48.95548;2.34183
12337656770;43.41481;5.27525
12338974881;45.07671;1.6693
12338974954;45.07571;1.66922
12339009703;43.35366;-1.78099
12339058462;43.19608;6.03489
12339065124;46.48511;3.85764
12339142951;46.4835;3.98435
12339486131;42.99231;1.67743
12341772530;50.93508;1.80827
12343156698;45.18945;5.93522
12343303298;46.5664;4.40871
12343305177;46.51008;4.26491
12343308196;46.39145;4.01505
12343319800;46.4895;3.96939
12343336856;46.53492;3.92347
12343346110;46.57948;4.45095
12343352531;46.39932;4.30025
12343353398;46.52689;4.3344
12343422753;46.4682;3.93495
12343459903;46.5062;4.37933
12343489562;46.55341;4.22164
12343544669;42.99038;2.95239
12343825003;43.39445;3.69367
12344697797;43.24973;5.39035
12345636061;44.26641;1.95199
12345724927;45.58038;-0.54708
12346033368;45.79471;3.24611
12346191122;44.30438;4.68823
12346230523;44.17598;0.63048
12346370527;44.45565;3.56173
12346497357;44.20758;4.72769
12347841111;44.31228;2.53562
12347841112;44.31231;2.53566
12347972647;44.16501;4.61881
12347989746;47.32502;1.05086
12348008429;46.07633;4.76009
12348473441;47.44639;-0.56327
12348542804;48.93559;2.31774
12349113439;46.57336;1.50257
12350901589;46.83257;6.42669
12351363519;45.75267;4.88075
12351363520;45.75264;4.8824
12352327841;43.31667;-0.37001
12357797191;46.45244;4.11307
12357799855;48.84167;2.26861
12357799856;48.84158;2.26853
12357799857;48.84158;2.26885
12357799858;48.84157;2.26885
12357802161;46.45004;4.12157
12357819043;46.45016;4.11259
12358365501;42.80984;2.59441
12359563749;48.92286;2.33592
12359591161;48.92271;2.33624
12360495997;43.51569;5.45768
12360681669;48.716;2.19679
12360681672;48.71558;2.19576
12361095598;48.2684;0.91174
12361380776;43.01681;0.17756
12362411606;42.89444;2.98433
12364987454;45.81703;4.84154
12365087305;46.49672;4.21492
12365089986;46.52516;4.25853
12365089988;46.52589;4.25889
12365716929;43.49386;-1.46741
12368007574;43.02643;2.97759
12368360074;43.65785;7.19559
12368579947;44.35934;2.02214
12368855619;48.28972;7.11023
12369266873;43.78964;1.89532
12369433614;49.03449;-0.97858
12369433615;49.03522;-0.97746
12369694550;47.08335;2.39078
12372338669;47.86062;-3.98692
12372520194;42.66931;2.88009
12373112892;48.12296;-1.68562
12373275777;46.47375;4.0918
12373620985;47.00649;5.59979
12373622260;48.88385;2.4765
12373845335;46.53574;4.13194
12373845338;46.53392;4.12556
12373882403;46.41253;4.03851
12373914237;46.42926;4.02557
12373956545;46.44515;4.3354
12373964518;46.36214;4.0635
12373979689;46.47232;4.33429
12374000394;46.45453;4.05928
12374198065;47.40236;0.70604
12374641136;45.8403;6.55647
12375675048;45.56001;5.93865
12375963136;43.09936;-0.45051
12376205835;42.46632;2.86328
12376938506;5.47942;-53.20723
12378554183;44.2003;5.94357
12379517482;49.22749;-0.30351
12382721743;48.0632;2.89582
12382909680;43.52498;-1.46283
12384165650;50.36357;3.51714
12384504562;47.55091;-3.13459
12385251538;46.17826;5.7376
12385500332;48.60737;5.04381
12386216301;49.19685;-0.45289
12387173861;43.60604;1.44687
12387819102;46.19995;5.24172
12387974932;43.78259;4.08955
12388203289;44.43673;2.0299
12388291734;48.89546;2.3205
12388615295;46.70902;-0.60373
12389625990;43.96896;4.55241
12389642401;43.88875;4.68035
12389674460;46.02903;1.41868
12393169203;44.76225;5.34557
12393316479;45.84581;1.23943
12393316480;45.8489;1.2418
12396902820;16.44105;-61.4272
12398226094;43.60947;1.46212
12398226754;43.10696;5.94343
12400118875;47.36695;0.67364
12400127058;47.47137;-0.52984
12401069319;48.88221;-1.52729
12401136957;43.71282;-1.23073
12402672330;46.67178;-1.40668
12402767489;48.77917;2.28369
12403591452;16.47305;-61.50886
12406758733;43.69446;3.16509
12406799794;46.02519;6.6448
12407263141;47.80661;1.07824
12407285421;44.86252;-0.55421
12407297952;45.58167;1.54075
12407304821;45.70354;1.42561
12407317753;45.72007;1.37483
12407349723;45.61621;1.49575
12407440455;45.61895;1.42954
12407446930;45.69564;1.35793
12407471878;45.58077;1.5446
12408805308;49.28733;-0.3134
12408851818;49.27994;-0.25057
12408851819;49.27994;-0.25056
12409002236;45.5533;1.43885
12411824995;45.62549;1.54602
12411911274;43.037;-1.05009
12412563262;43.61229;1.4534
12415269076;45.60951;1.35295
12415279874;45.60612;1.35528
12415293665;45.67032;1.45382
12415920481;45.78026;4.86993
12419171362;43.26973;5.3927
12419199423;48.90477;2.36545
12419199424;48.90478;2.36539
12419899423;47.02374;1.75197
12420451676;48.81705;2.467
12420707917;46.89424;-1.42079
12420712014;46.89311;-1.4207
12422168423;44.57046;2.08069
12422605192;47.69766;-2.80654
12422729745;44.8773;4.87841
12423101369;43.67992;4.6318
12423114612;43.67995;4.63181
12424519386;48.84197;-3.10747
12424627332;43.64813;1.41798
12424703470;48.69989;2.25738
12424712241;43.80687;4.63787
12425276717;47.98764;6.86924
12425517035;46.04877;2.09231
12426224323;43.47141;5.64352
12426979523;46.19701;5.22809
12430460299;48.86709;2.33886
12430634312;43.40085;5.57792
12430648545;45.19354;5.76539
12430713953;46.61138;3.25126
12431174622;43.09908;5.8118
12432993732;46.66915;-1.43234
12433391871;43.65352;1.47761
12433877798;47.25761;3.68291
12434323562;49.18747;6.63142
12435087003;43.30093;6.22947
12437019059;45.23554;5.50909
12437656302;45.11391;2.67204
12441617145;43.65678;7.19858
12441620463;42.99935;6.21146
12441703538;44.5757;2.07783
12442410864;47.91361;-1.37902
12442417657;47.94938;-1.36166
12442642314;49.08316;-1.42292
12444854320;46.24863;-1.52526
12450276525;47.54031;0.74467
12451490738;46.7334;3.18327
12452662752;47.58098;-2.12862
12452798666;48.82847;2.74202
12452973718;49.41622;1.04173
12453003361;43.29268;-0.39877
12453242206;42.92156;2.58323
12455512099;48.5793;-2.05898
12455688127;48.20308;3.15892
12455718343;45.61782;0.10413
12456255855;44.79797;1.00697
12456290450;47.48327;-3.11909
12456374930;43.72008;0.57933
12456433978;43.11351;-0.76273
12457403305;43.2702;-0.4521
12458654249;47.60884;1.32848
12458680223;47.10945;5.50973
12459009003;43.93487;0.61999
12459380320;43.43369;-1.55153
12459380321;43.43195;-1.55194
12459404603;45.61927;4.00519
12459496922;43.19747;-0.62
12459687830;42.94402;0.45598
12459737859;42.82175;1.62311
12460823553;44.57424;2.07576
12461063788;46.06974;5.6651
12461154596;47.71268;-3.3506
12463410401;43.56405;1.52151
12463445343;43.12391;5.92921
12463508651;43.19092;-0.61752
12463560600;43.95564;-1.35495
12463580025;45.97314;4.33199
12463776428;45.95135;5.77602
12465192666;47.91105;1.96916
12465285720;47.44652;-0.41072
12466683475;44.6834;2.84795
12466702900;45.60924;5.74495
12466731023;45.76842;4.82978
12466772020;43.72025;-0.26852
12466888057;44.28736;-0.23002
12466920263;46.74367;6.34165
12467138001;44.10682;4.11882
12467212255;42.88887;2.71895
12467462590;48.38046;-3.09573
12468505388;48.63921;6.18527
12468621066;44.81749;-0.52722
12468682624;44.68769;6.15756
12468687201;43.64011;7.00835
12469802538;45.63204;6.66908
12470578656;45.53719;4.08189
12471104941;43.76488;7.46146
12471279543;48.5151;-2.76363
12473057255;48.87209;2.34048
12473207040;49.00501;2.57418
12473868842;46.9778;-1.30443
12475335455;44.5749;1.83234
12475554956;50.73878;3.13564
12475674917;45.14623;5.69102
12475738133;45.62383;6.78139
12476120096;43.05055;-0.60149
12476239391;43.86455;1.58938
12476522452;47.09456;-1.2736
12476580240;48.05479;-2.05767
12477413075;48.92635;2.03223
12477678858;48.92635;2.03223
12478317039;43.90187;7.5145
12479147550;47.28149;0.79199
12480008939;42.97773;-0.74587
12480270701;46.55539;5.11177
12480566701;44.89028;6.65534
12481818340;45.96777;6.94264
12481921910;45.97871;6.9263
12484220066;45.53509;6.63674
12484371967;45.19659;0.71899
12484784946;45.52815;-0.88266
12484866551;48.70693;-3.29855
12484889655;47.83303;7.16817
12486157732;45.05199;1.49539
12486170681;48.86751;2.33864
12487976262;46.13199;5.16443
12488097398;46.19755;5.23708
12488332017;46.25805;5.6558
12488501863;43.52262;5.25416
12488717412;47.41998;1.42942
12491968687;43.30105;5.36774
12492237106;48.85558;2.33174
12492250126;48.85561;2.33176
12492297786;43.92354;3.72313
12493033787;44.3445;4.75292
12495414081;48.38779;-4.49101
12496601579;48.501;-2.75708
12496688894;43.4539;5.46931
12496851732;45.38676;4.28565
12498008215;46.73453;-1.60827
12498009085;46.74015;-1.60844
12498022175;46.74843;-1.61103
12498039825;46.73932;-1.60855
12498411892;48.91932;2.29821
12501353327;48.81165;2.50987
12501690291;43.26922;6.63454
12501966524;48.83827;2.36257
12501966532;48.83748;2.36238
12505260263;46.80899;4.69932
12505501527;47.48178;-3.12027
12506885456;47.34594;1.22577
12511843185;47.34124;-0.35888
12512231586;47.58592;1.32368
12512808845;48.1233;-3.22841
12512978533;48.86447;2.36259
12513821343;45.91736;6.86695
12514141313;45.64782;-0.50284
12516892090;44.17156;5.60702
12516923282;45.86266;6.49475
12518103034;43.30725;-0.38231
12518912326;48.86178;2.41616
12518912327;48.86158;2.41676
12518912328;48.86179;2.41632
12519052885;45.19095;6.64419
12519069527;45.20107;6.69622
12520167263;43.60948;1.39338
12520885986;43.17705;-1.30015
12521028437;48.82952;2.36462
12521379485;47.55055;4.07366
12522966782;44.69287;5.48043
12524100711;48.00467;6.31438
12524100715;48.00468;6.31403
12524100716;48.00467;6.31403
12525874289;46.20816;5.23445
12526383431;45.90647;6.13299
12527063274;44.16859;4.61975
12527843032;42.8238;0.32943
12527843035;42.82497;0.33096
12529056988;43.60045;1.42925
12529154870;45.07232;5.06789
12529159581;46.25975;5.65829
12529703992;46.25523;6.10824
12529734136;16.16891;-61.63115
12529841843;44.34735;3.95163
12531734114;42.68291;2.88555
12533701097;48.89692;2.09694
12534425738;44.04506;6.03539
12535758740;47.05172;-0.86878
12536051062;44.36962;2.51538
12536155449;47.59487;-3.13182
12536385401;45.29295;3.38731
12536415492;43.65621;3.8841
12536791192;50.61576;3.08588
12539261962;46.12024;1.0503
12539950488;43.53398;5.44648
12543332122;-21.37294;55.58825
12544943810;44.47407;3.34581
12549779033;47.03997;1.67332
12549881358;44.34028;2.13778
12551223002;44.85483;6.72733
12551299101;45.13459;5.47053
12551496544;48.93028;2.25677
12552283728;42.75688;2.5257
12552339674;46.11712;3.41032
12553871396;45.74201;-0.62799
12554027286;45.12851;6.04003
12556114597;46.96096;6.26884
12556295272;46.62929;-1.50735
12556311874;46.63058;-1.51036
12556315281;46.63058;-1.51036
12556853866;47.14554;2.21976
12556853867;47.14374;2.20617
12559017727;46.77528;-0.75008
12560905096;43.66788;6.98588
12563197173;48.25801;7.10515
12563241899;48.73223;2.28978
12563411679;47.18948;1.80265
12565180620;43.71167;3.83499
12565207783;48.06902;-2.96836
12565581548;48.81049;2.35578
12565860062;46.88707;-0.918
12565860063;46.88775;-0.92022
12565860064;46.8867;-0.91759
12565860065;46.88802;-0.91987
12565860066;46.88837;-0.92318
12565860067;46.88692;-0.92445
12566093468;48.0912;-1.70362
12568150159;48.32328;7.42515
12569089842;45.6191;6.77174
12570754719;48.83157;2.12278
12570754720;48.83277;2.11584
12570754721;48.82835;2.11987
12570754722;48.8216;2.11667
12570789295;45.90534;6.14808
12571515941;44.0257;3.56992
12572109860;42.47313;2.67116
12573946551;48.83075;2.26862
12576991740;44.16446;-1.03331
12578514667;47.88021;-2.4232
12578634467;47.82505;1.94604
12579164085;48.88666;2.37724
12579164086;48.89385;2.38707
12582476699;48.73937;2.75969
12582583465;48.40221;-1.32533
12582583466;48.57965;-2.05999
12582703992;46.13246;1.37195
12584918003;46.47881;-1.284
12585265201;47.35068;-0.28222
12590270060;47.75443;-3.36589
12590568557;4.8225;-52.36368
12591321043;44.54837;3.8417
12592536014;45.47283;6.41455
12592943260;43.07164;5.92737
12592981561;46.14396;5.28262
12593298337;42.54216;2.11777
12593437174;48.05152;-0.32854
12595092423;44.26422;1.8571
12595594482;45.88204;6.17793
12596312698;48.65332;-2.01117
12596605518;48.00178;-0.48857
12598020999;46.83942;4.43264
12598137813;43.50633;1.61763
12598624547;48.84945;2.34455
12598801648;43.47162;5.40267
12600754736;42.62373;2.06889
12600754737;42.62372;2.06959
12600783643;47.33976;-0.23359
12600826791;47.33839;-0.23767
12601238197;48.73833;7.05284
12603377371;48.90179;2.28559
12603432279;43.84114;1.39015
12603569798;47.775;-2.41067
12603973745;47.33784;-0.23148
12604177097;43.70353;-1.11104
12604178467;43.6717;-1.08429
12604213637;45.59657;5.63342
12604213641;45.5981;5.63223
12605187129;42.60914;2.80576
12605226105;47.95284;-2.54373
12605249687;44.40098;2.60925
12606949804;46.12987;6.71265
12607207724;48.75555;1.94315
12607247245;45.83998;6.08591
12608241738;45.48819;4.81088
12608592412;43.35211;5.43748
12609197533;47.35379;0.63778
12609198006;46.4259;0.2627
12609742172;48.10119;-1.71217
12609752555;44.96564;5.69854
12609752801;48.10092;-1.71248
12609752802;48.10065;-1.71308
12609752804;48.10102;-1.71234
12609990605;45.47292;-0.15491
12612318270;45.26452;5.87933
12612417624;44.52236;2.76313
12612417629;44.52234;2.76317
12612652392;43.70693;7.31597
12612653916;43.7064;7.31806
12612887999;45.4086;6.57579
12615368901;44.69678;6.32156
12615397702;44.70772;6.31829
12615633122;47.06822;0.91534
12616632923;45.935;4.7726
12616752665;48.21288;-0.70257
12617115503;46.96363;1.48685
12617119217;45.71217;4.7445
12617609902;44.69501;6.3266
12617792529;45.54288;3.25072
12617849827;45.12978;6.07325
12617893046;45.95392;5.34256
12618590112;43.40164;3.65763
12620320615;44.92736;4.89299
12620542001;44.69706;6.32597
12620623778;45.07222;4.83951
12620629948;43.47159;-1.50564
12620817767;42.94058;0.8656
12620913503;45.90212;6.22238
12621019666;46.71007;6.19241
12621299736;48.86159;2.34459
12621782824;44.92145;6.52918
12623380837;44.94826;6.55412
12623481731;44.11056;4.84567
12623541047;42.90114;1.02938
12623606001;45.8923;6.62473
12623606101;45.89347;6.62464
12623642253;44.8305;-0.70184
12624088359;15.86537;-61.57986
12624178352;46.98012;1.61412
12624632733;44.95082;6.50051
12625166418;46.90414;0.16767
12625369015;47.69724;-0.06931
12625915304;42.95896;2.99679
12625915305;42.95902;2.99674
12625915306;42.95909;2.99565
12625915307;42.95905;2.9956
12625915308;42.95898;2.99556
12625915309;42.95894;2.99551
12626024891;49.49492;0.99828
12626544686;46.26592;6.36968
12626650417;47.4555;0.71036
12628592868;43.55077;7.05238
12628820401;46.90429;0.16715
12628954305;46.83439;-1.87315
12628960901;46.84937;-1.87415
12628968847;47.24334;-1.46382
12629273034;-17.49196;-149.87096
12629315140;43.09326;2.96274
12629871522;50.63035;3.06904
12630141890;49.15672;-0.45845
12630441655;45.82187;-0.50514
12630446476;43.55076;7.05243
12630590960;43.58861;1.4415
12630683430;47.79232;-4.25994
12630722633;47.19132;-1.52964
12631477879;43.48022;5.62227
12631477880;43.48022;5.62224
12632614280;44.05326;4.77677
12633131503;46.11093;4.72905
12633440138;46.30255;4.82487
12633515680;49.10398;1.34494
12633611813;44.8237;1.16283
12633790826;43.25203;-0.05278
12634599528;47.44068;0.68359
12635603097;46.03972;4.06297
12635624531;43.63033;3.44083
12635644348;47.42627;0.65682
12635906373;45.97106;4.32658
12637152209;46.71226;-0.60844
12638434147;45.24077;6.26822
12638687116;50.72415;1.59909
12639462315;48.90068;7.64916
12639472697;48.67925;7.51042
12641224066;45.41799;4.258
12641224067;45.41855;4.25973
12641471256;48.82453;2.24111
12642656291;45.25596;6.25645
12642863114;45.24665;6.30312
12643087712;43.51869;6.94014
12643197246;46.88234;-0.74175
12643930531;47.39584;0.76339
12644373840;48.83601;2.37607
12645174101;42.77877;1.30083
12645179388;43.56284;6.9391
12645393487;43.52787;1.82395
12645399168;43.44955;5.87676
12645406089;45.65968;3.1531
12645507770;42.7287;2.99126
12645712515;45.19077;5.73111
12645868063;45.67304;3.5749
12645955179;48.00807;0.17716
12647751396;43.70506;1.64914
12648003598;48.43221;-1.01595
12648004322;48.35129;-1.2273
12648009224;48.43264;-1.01733
12648047865;48.35014;-1.19447
12648047866;48.36767;-1.21778
12648087518;48.4115;-1.36503
12648088731;48.29536;-0.93628
12648283883;48.76454;2.16663
12649527694;46.59605;0.33457
12650155329;47.76603;-3.55081
12650177840;45.58214;6.83291
12650235835;47.64361;-2.09238
12650677713;44.09011;-0.57911
12652131062;45.24115;6.45328
12655534984;46.63705;5.60229
12655776801;45.19832;-1.12199
12656276437;48.72045;2.15116
12656934527;48.11813;-1.63651
12657400936;46.66993;0.35972
12659027840;-21.37254;55.60339
12659027841;-21.37294;55.60362
12659200950;-21.38666;55.64662
12662548843;43.49007;-0.79597
12663421050;46.36069;2.53538
12666454242;45.98179;4.50723
12667681739;48.23356;-4.49794
12668181130;46.54718;0.13953
12668829360;45.7618;3.4999
12669757301;47.69052;-3.35588
12669999327;43.2603;-0.42163
12670197022;49.57722;3.00598
12670225301;46.05012;6.17745
12670905748;49.87822;3.14998
12672622652;48.94867;7.64586
12673422005;48.42854;-1.19009
12675707364;48.07334;7.28965
12676319373;43.63008;0.58146
12676782774;48.75241;-1.45471
12676854511;45.35948;5.59509
12676927252;45.24904;5.82725
12677468453;45.27604;5.62309
12681115043;48.83453;2.24796
12683690836;43.63866;5.08848
12684041501;44.55414;3.28753
12684246656;45.90045;6.48142
12684252548;45.91029;6.46743
12684722565;48.64759;0.75475
12684912126;48.34781;-1.19131
12687056249;45.6154;5.70006
12688349608;44.18025;2.62515
12688699355;48.58055;2.3011
12690764088;48.62388;2.12297
12691125836;46.75951;0.20061
12691328902;47.39558;0.67511
12691486952;42.84333;2.92539
12692759739;48.62851;2.10034
12692902410;16.15031;-61.59457
12694627364;46.77802;-1.56755
12694850719;47.13529;6.67084
12696328978;48.84734;2.43357
12697044594;47.27274;6.11509
12698196901;44.53668;4.25024
12698863592;46.03688;1.2007
12698906581;45.95115;1.49763
12699003937;46.04851;1.47958
12699007698;47.97403;-4.09402
12699007699;47.97557;-4.09531
12699196379;43.4955;2.37625
12699253141;45.38929;4.26631
12702276697;48.13403;-4.26853
12702935615;45.19085;5.77201
12703086014;46.48136;5.67058
12704858211;48.03389;6.96162
12704948862;43.60384;3.88859
12705520554;45.64025;-1.07501
12707233289;43.95154;-0.27373
12707339442;43.67153;4.42191
12707767898;47.97207;2.71758
12708262923;49.29083;1.01394
12708325560;16.27119;-61.63251
12709387492;43.8994;4.74575
12709698701;48.74095;-0.02533
12709844128;45.91749;6.1167
12710017249;46.78655;-1.61419
12710231637;48.38645;-4.48781
12712819701;48.57586;1.87753
12713826829;44.05152;2.89719
12713826830;44.05204;2.89824
12713826834;44.05121;2.89732
12713834067;47.81915;-3.79352
12713953287;45.772;-0.59204
12713992442;45.42052;0.05666
12713995545;44.20847;0.64333
12714485524;43.18664;-0.1118
12715613075;-20.89086;55.4878
12715638503;-20.92749;55.4957
12715638504;-20.92017;55.49322
12716087701;49.44171;6.35687
12716822349;46.95156;4.31144
12717130713;4.82208;-52.36437
12717558428;-20.89367;55.46844
12717558429;-20.89394;55.47183
12717558430;-20.87587;55.44471
12717558431;-20.90841;55.42378
12717558432;-20.88978;55.45086
12717558433;-20.89312;55.46196
12717558434;-20.89081;55.47934
12718114414;45.98423;4.72064
12718643593;45.48883;3.16511
12718743335;49.67283;1.28436
12719572958;48.99991;1.95557
12719572959;48.9999;1.95554
12719572960;48.99988;1.95548
12719572961;48.99986;1.9555
12723611603;47.39878;-0.52865
12724518485;47.99111;0.28938
12725611736;46.4448;0.13464
12726081572;43.26315;5.38501
12726363401;45.69372;4.7873
12728312671;48.79374;0.29803
12728918061;46.11009;1.21086
12729152687;48.82978;1.98023
12729444966;48.82651;2.11725
12730574703;49.05856;2.09493
12730613766;49.49005;0.68425
12730683166;48.44333;-1.10567
12731287155;47.71182;-1.53118
12731307601;47.89517;-3.40747
12731365859;45.65469;4.9889
12731757157;44.9623;6.17787
12732524731;48.94874;2.16816
12732588812;49.43105;0.60719
12732624656;49.51005;0.74044
12732727260;44.01233;2.23351
12732910356;43.95633;-1.35748
12732910358;43.95429;-1.35581
12732910359;43.95553;-1.35719
12733463201;43.21305;5.44267
12733638790;45.43176;6.55658
12734269901;46.81468;1.68442
12734404153;45.45126;6.57015
12734540353;44.45708;6.36228
12734547295;44.44125;6.35684
12734575805;44.44253;6.37243
12735317019;45.93146;4.72759
12735464232;-22.29473;166.29323
12735970468;47.00533;-1.02121
12736576480;48.87028;2.78228
12736758924;46.81682;0.32689
12736865932;49.64829;3.31015
12736955691;45.92292;2.76851
12738616801;46.59205;1.51749
12739053745;45.68421;4.527
12739612801;44.46265;1.74622
12740049839;50.71534;1.58217
12741049644;43.1233;2.99061
12741656683;48.15482;-0.40079
12741918665;47.95348;5.28548
12742087251;46.69233;2.52427
12742111061;46.85488;2.31979
12744898022;43.45561;3.42584
12744920515;48.85591;2.3527
12745126374;48.8038;2.29462
12745130120;48.79361;2.29305
12747471118;45.55272;6.64693
12749438007;46.16343;-1.12971
12749621789;47.08202;0.53247
12749914397;46.57852;1.98152
12749929101;46.39929;-0.47701
12750058059;43.90525;1.40959
12750423664;45.75819;4.84061
12751868504;45.78201;4.8087
12751905197;47.47988;-3.10094
12752128378;46.03145;1.29624
12752267922;48.409;7.44917
12752422018;48.01688;-4.53816
12752541032;48.90631;2.23336
12752576991;46.73407;2.94057
12752578077;46.67144;2.90666
12752603299;46.6175;2.82198
12752606683;46.75486;3.03923
12752742243;48.83512;2.40969
12753733837;42.48854;2.12148
12754196601;48.80011;2.12856
12754339101;43.48025;5.62216
12757066284;45.98259;4.97512
12757113973;49.38735;5.18492
12757649012;49.38508;3.33173
12758644688;48.69026;-1.36977
12759304069;50.63138;3.03
12759317028;48.85548;2.33201
12759457950;48.80398;2.28819
12759468529;44.10185;5.42154
12759747318;45.13876;1.07095
12759815548;44.48976;0.60279
12759996585;44.31754;5.69315
12760211291;46.04295;6.63241
12760218536;46.34476;5.2587
12760530115;47.41276;0.98127
12760795517;47.93492;0.18137
12762121278;47.52464;0.99665
12762180246;48.40111;-1.04832
12762278833;45.61724;-0.21727
12762594051;48.76176;-1.02967
12762609849;48.76339;-1.02826
12762661745;46.86853;3.64648
12762941844;47.65423;7.45505
12765613408;44.6933;6.36946
12765892529;50.1053;3.54396
12765938448;50.09418;3.53772
12766372911;45.27074;1.76969
12766444254;48.86282;2.28887
12766571899;46.0099;0.67567
12766657664;49.50952;0.079
12768531038;47.50318;-2.382
12770005824;47.47975;6.35335
12770064747;43.25771;5.38308
12770084484;50.62084;2.65326
12770118597;47.26899;1.86206
12770185967;47.27202;1.85216
12770274557;46.88801;-0.93136
12770274558;46.88797;-0.93134
12770274559;46.88796;-0.93135
12770274571;46.88767;-0.93247
12770274581;46.89095;-0.9327
12770274582;46.89095;-0.93276
12770345579;46.67246;-1.34825
12770518873;45.15322;2.35412
12770627938;46.8917;-0.93386
12770647088;45.00695;5.31798
12770985501;45.10701;5.67551
12771560914;43.90619;3.99932
12771681781;47.58752;1.32402
12771907441;43.58958;1.38447
12771929276;47.50228;-2.37525
12772014210;44.9884;2.4251
12772334811;45.83594;5.72672
12772737797;43.87433;5.39963
12772768663;49.83484;2.21303
12772851407;43.11807;6.00163
12772856748;45.38122;4.88864
12772969896;46.88756;-0.92698
12772969897;46.88752;-0.92696
12774621164;48.01271;-2.32774
12774671681;43.21479;2.34759
12775473315;48.57452;7.75381
12775533351;42.90812;3.02783
12776490886;47.1329;-1.28347
12776537392;47.4747;-0.63204
12776552778;43.78822;4.0972
12776570492;43.31934;6.2878
12776624502;47.38531;-3.24682
12776940333;43.30422;5.37501
12777040407;48.24787;-4.49264
12777754865;-21.08163;55.22488
12777875855;44.75386;6.03794
12778166455;47.30368;-2.40744
12778473742;48.92712;2.04472
12778622815;48.55761;7.76408
12778683602;48.26272;7.22499
12778768647;43.68151;4.15148
12782030467;48.8901;2.13478
12782916494;43.75818;0.2972
12783364334;42.84997;2.59937
12785250594;48.82893;2.34101
12785325401;44.60171;5.10372
12785365918;48.94544;2.14544
12785509566;43.84336;5.16905
12785764855;48.84648;2.35814
12785764857;48.84647;2.35809
12786148072;43.77089;4.12135
12786218691;45.02062;5.28909
12786264001;45.22069;5.81501
12786362273;48.87205;7.48053
12786364021;43.2985;3.47333
12786437342;45.82266;1.26679
12786441001;43.18902;-0.76956
12786736466;48.78414;2.24939
12786758845;45.96027;6.04041
12787780897;48.6564;-3.91109
12787840489;43.57472;7.05277
12788646274;47.99738;2.73577
12788685204;47.82353;0.278
12789122791;45.3953;-0.2045
12789352149;47.34572;0.95035
12789644424;48.85762;2.36024
12790642533;46.50645;2.63062
12791369147;43.71847;-0.19821
12791426523;48.99031;2.20612
12791426674;44.04589;-0.65172
12793473310;46.90193;6.34264
12794016100;43.53316;1.39957
12794092133;46.71769;-0.80159
12794453619;48.90724;2.36634
12794453623;48.90719;2.36658
12794453625;48.90711;2.36635
12794677366;48.2543;-4.0862
12794873169;47.52782;-0.52833
12795999556;46.58311;1.97591
12796062234;46.74762;-0.47392
12796148498;48.55061;-4.53928
12797424306;43.68995;2.25575
12797966994;46.4346;-0.74515
12797971610;48.57165;7.78185
12797971611;48.5738;7.78409
12797971612;48.57381;7.78414
12797971613;48.57469;7.79203
12797971614;48.57467;7.79201
12798036494;48.48117;-1.12664
12798423464;49.49746;-1.46806
12799966901;45.7743;4.7723
12800428993;45.61449;-0.22134
12800507823;43.4779;-1.47511
12800620411;45.53145;-0.36499
12800877340;48.03748;-4.71679
12802306963;44.30765;4.34833
12802596246;43.89383;3.73283
12802985802;48.68545;6.19137
12803747001;45.2991;5.11276
12803825513;44.27775;2.72839
12803998490;48.68168;6.19054
12803998495;48.68193;6.19019
12804046559;43.50701;-1.45979
12804118386;46.6663;-1.23111
12804181933;48.39661;-4.42073
12804515789;43.8532;3.5636
12804616820;42.69604;2.87969
12804721521;48.02581;5.34598
12804919585;43.73932;5.97505
12805851502;45.90644;2.03585
12805955516;45.87748;-1.26167
12806136604;45.16871;6.43086
12806280863;42.8912;0.70128
12806298016;45.25318;4.6738
12806298017;45.25324;4.67379
12806303457;42.89203;0.70329
12806331644;42.91883;0.71782
12806356231;45.18447;-1.08431
12806467983;46.54489;1.747
12806803421;45.76008;3.1134
12808490776;45.86974;0.81669
12809076810;47.44459;0.3227
12809235866;43.16078;-1.23161
12809339612;45.20015;3.71176
12809463651;43.25777;5.38315
12809682501;45.74602;1.11933
12809753800;48.67671;2.19431
12809763801;48.40194;2.70034
12809813126;48.4261;2.37922
12810459539;43.54307;-0.98822
12810587163;47.72698;7.34391
12810621373;47.72717;7.34399
12811115079;48.96078;7.86998
12811475792;45.72031;0.12116
12811492146;45.69104;-0.84909
12811884226;44.35014;1.67078
12811931558;44.26668;1.99835
12811944499;44.36586;1.63355
12811946345;44.34716;1.79657
12811963860;44.3458;1.79238
12811975821;44.12236;2.2442
12812065519;47.24547;-1.55473
12812333554;47.31994;-1.34825
12812406157;49.26564;2.4601
12812536723;48.85422;2.7835
12813519993;45.87652;5.4165
12814828508;43.42068;2.9462
12814846699;43.64886;2.10182
12814900015;43.77506;1.68062
12814947028;43.80512;2.1494
12815121091;48.93207;2.31853
12815577423;48.39341;-4.47888
12816386521;50.65679;2.99038
12816466552;47.25027;1.34733
12816829067;49.81292;1.50945
12816932219;46.14867;4.86579
12817192425;45.75983;3.11009
12817222163;45.75955;3.11025
12817235061;45.69397;-1.17374
12817262994;45.76194;3.11405
12817279767;45.76167;3.11368
12817288984;45.68813;-1.18081
12817295680;45.76195;3.1135
12818076662;43.64242;7.13686
12818076667;43.64215;7.13781
12818112001;43.59787;7.06703
12818172282;42.88477;-0.06153
12818920602;48.17232;6.4477
12818995236;49.06111;1.4301
12819193363;47.20393;-1.58375
12819269085;49.2027;2.37382
12819297258;49.06318;1.4294
12819602641;49.05204;-1.04214
12819766163;47.31778;-3.1098
12819997201;48.83999;-1.22165
12821126525;48.87953;2.3062
12822665262;47.95112;5.00532
12823462952;48.13805;-1.51957
12823465915;44.43797;4.66889
12823528607;43.1028;0.11938
12825304045;44.25523;5.64247
12825314153;49.04131;-1.04331
12825399967;44.94949;6.67844
12825423801;44.59111;4.6997
12825813527;48.84803;2.20546
12826036847;45.57284;-0.5492
12826368482;46.33233;-1.31615
12827759601;47.64536;-0.2482
12827880215;45.06931;3.85654
12827978263;47.78595;5.06223
12827992513;47.78831;5.06215
12828582547;45.8746;5.68304
12828708484;44.12708;-0.24898
12828828003;49.44397;1.89966
12829226764;45.7847;3.67322
12829256635;46.9564;4.81595
12829798207;45.84953;5.12457
12829816872;43.74866;4.22356
12830958037;50.72428;3.16063
12831841895;47.27366;3.98294
12832908960;46.39014;6.483
12833093302;43.53836;6.9453
12833257541;45.56032;5.44924
12833544628;48.80342;2.26726
12833712153;45.58388;5.27297
12833924525;45.62752;5.15093
12834805946;46.67674;5.53091
12836664083;43.88958;-0.39261
12836750871;-22.27915;166.43837
12838062499;48.02645;-1.74608
12839365234;43.94051;4.93485
12839471001;45.81102;4.60119
12840098140;45.76587;4.78916
12840332996;43.83555;-0.49945
12840357352;48.54056;7.45668
12840357353;48.5368;7.44587
12840676375;48.43244;-4.61862
12840765653;49.60228;-1.59555
12840814322;44.07246;3.18951
12840814323;44.07242;3.18955
12841410797;43.94118;4.93451
12841655005;45.85151;3.54148
12841704788;44.36734;4.71031
12842635528;48.09935;-4.2064
12842667227;48.09802;-4.21188
12842852783;48.09017;-4.33233
12842852801;48.09053;-4.33255
12843291921;48.81519;1.8771
12843887049;43.53009;1.5313
12843964459;43.6821;0.18154
12844273633;43.61332;-0.61044
12844304461;45.51742;4.96564
12844307589;43.58167;-0.62909
12844368161;48.87292;2.25227
12844535194;15.99306;-61.72945
12844575255;48.26418;-0.17202
12844578525;49.44905;1.09357
12844717286;42.86868;0.34826
12846649760;44.75714;1.37583
12846810376;48.20423;-4.32133
12846980405;49.49238;5.1885
12847309279;43.5232;-0.71558
12847336964;43.55631;-1.23841
12847496435;48.81544;2.40866
12847549920;45.93098;5.15394
12847631436;43.94229;7.2744
12847652640;43.24069;2.76799
12847679329;43.32972;-1.32683
12848433398;47.25323;1.14208
12848445877;44.52374;5.06372
12848445958;44.33218;5.16889
12848573609;48.10838;-1.40812
12848620695;42.59561;2.97246
12848941399;45.73899;1.74034
12849243912;45.74919;4.8367
12849243913;45.74909;4.83661
12849243917;45.7495;4.83669
12849283406;45.13359;3.81208
12849588992;47.34529;5.15756
12850306215;43.79062;4.83201
12850322590;43.9634;4.79771
12850498792;45.09172;6.03149
12850513912;44.11713;3.0877
12850513913;44.11646;3.08716
12850513914;44.11481;3.0861
12850513915;44.1154;3.08613
12850630211;44.7134;4.33045
12850997732;48.90365;2.2105
12851011339;48.90358;2.21058
12851186044;48.83441;2.24776
12851743602;47.19188;-1.54418
12852659173;43.46325;3.6912
12853010889;43.98318;3.60323
12853031134;44.55115;4.41372
12853050504;43.1815;5.70651
12853058168;44.79585;2.67164
12853148536;45.78588;4.83309
12853255990;48.86727;2.31288
12854027485;45.61256;1.02995
12855675359;48.71528;2.2057
12857829454;47.86425;-4.22285
12860272517;46.51348;0.14545
12860490605;45.50444;1.53745
12860810798;45.50467;1.53727
12860991991;43.5313;1.52923
12861019818;48.83603;2.11068
12861445707;45.19284;5.72596
12861557461;48.83444;2.37721
12861557463;48.83529;2.37621
12861557464;48.8422;2.36781
12861557465;48.83633;2.37513
12861557467;48.83344;2.3784
12861557469;48.83526;2.37625
12861996961;48.08515;6.30473
12862071085;46.07651;3.25279
12862848446;48.78811;2.31989
12862929436;16.30407;-61.79499
12863147300;48.98795;2.29602
12863268904;47.11233;0.72914
12863296662;48.58989;2.25342
12864239431;45.86462;2.15457
12864602888;44.53208;4.0743
12864803714;48.38528;-0.98917
12864803715;48.31226;-0.69304
12865030458;46.25959;-0.07384
12865030459;46.26012;-0.07331
12865100202;46.89094;-0.93239
12865102301;46.89229;-0.93235
12865343640;46.02038;4.76322
12866100430;44.08149;6.17558
12866296988;45.73265;6.20461
12866456988;48.03729;-4.66535
12866479102;44.21236;0.62922
12866537956;48.79133;1.96595
12866606380;47.75905;-0.92772
12866632552;47.76256;-0.92232
12866657965;44.79555;-0.61861
12866699300;44.79523;-0.61896
12869541231;45.76422;4.92094
12870574212;43.65994;-1.4263
12871271141;43.69761;4.02965
12871354659;45.23786;5.68991
12872020042;47.86893;-2.6332
12872621302;43.21852;2.03468
12872760801;46.33395;-1.30737
12873285859;45.91713;6.87145
12873296381;45.91715;6.87146
12873421940;49.3567;-1.09609
12873691788;43.74166;5.08846
12873811503;44.16073;0.45993
12873905151;45.87368;6.00117
12873974225;48.84997;2.35569
12873974235;48.84997;2.3557
12873974236;48.84996;2.35571
12874231631;48.72439;2.28646
12874817330;47.65542;1.48821
12874965916;43.442;-1.05095
12874988927;47.27508;1.55458
12875180064;49.88556;4.39655
12875196761;45.50376;6.03727
12875320334;45.50986;1.83627
12875978330;47.42856;-0.6615
12876837249;49.94197;4.63787
12876974910;45.07299;3.53391
12877005463;44.90505;4.42281
12877129965;48.39592;-4.95462
12877153095;49.47395;-1.2447
12877161814;45.39287;5.35772
12877507905;44.64614;1.43879
12877597210;47.152;1.9944
12877878355;15.95415;-61.31922
12877931707;15.88086;-61.31495
12877936583;43.55849;6.00463
12878589056;44.01463;3.68211
12878589086;44.01355;3.68168
12878746982;45.47856;6.45628
12878819750;46.78915;-0.84108
12878965823;47.99801;-0.74117
12879076584;49.76955;4.78213
12879501710;46.33401;-1.30345
12879501711;46.33314;-1.30521
12879660269;47.60566;3.75633
12879681558;46.25526;5.91043
12879785053;47.60592;3.75645
12880501641;45.65109;0.97895
12880508816;45.64875;0.98072
12880511552;45.65297;0.97707
12883300728;45.80743;2.93641
12883503074;47.82037;-4.1661
12883511160;47.80328;-4.18321
12883518781;47.86418;-4.11429
12884066104;42.57074;2.86036
12884076074;44.17095;0.28871
12884213859;43.04004;6.14405
12885559903;45.46517;4.40353
12886477931;42.73184;-0.00896
12886505301;42.4483;1.94651
12886605686;45.71157;4.80769
12886605687;45.71114;4.80844
12886610483;48.03758;-4.71897
12887044195;46.58007;1.98805
12888403001;44.92476;2.4444
12889021317;45.24157;5.66593
12889414781;43.29527;0.50565
12889520565;43.48911;2.75968
12889616393;48.89932;2.22939
12890576244;-20.893;55.53229
12891204913;47.9577;-1.42418
12892724843;44.6502;2.21657
12894209873;45.99765;6.14454
12894457032;48.8624;2.41134
12894459601;47.77132;7.38463
12895425435;44.41389;5.55462
12895852720;43.91635;0.30726
12895893382;48.70724;2.04442
12896180126;47.23918;-0.49823
12896883572;47.13027;-0.2711
12897028516;47.41163;-2.17208
12897331401;46.97485;0.69465
12897694647;48.84026;2.35391
12898083980;48.32839;-1.4302
12898363844;48.54491;-4.65706
12898756842;47.29526;-2.53852
12898783839;42.91158;3.0241
12899213140;45.73889;3.19704
12899370265;45.03784;6.29827
12899574082;47.37005;0.8378
12900221375;43.93971;-1.09143
12900232803;43.93863;-1.09155
12900880608;-20.87961;55.46008
12900880609;-20.88603;55.49313
12900880610;-20.88621;55.49236
12901417388;43.8286;6.22409
12901452113;48.46974;7.44511
12901635512;43.54739;-1.10842
12902106328;45.53185;0.66298
12902908901;46.02373;3.64693
12905143643;-20.89658;55.5495
12905374942;45.622;2.82012
12905877931;46.92234;4.10084
12906359201;43.47618;-0.93664
12906409397;44.09823;3.08152
12908253410;48.88877;2.37955
12908917463;42.61446;3.03951
12909076894;44.53906;2.56497
12909260641;45.04113;5.06211
12911241105;41.66595;9.37806
12911374470;47.77956;1.63672
12911374471;47.77955;1.63674
12911941191;44.4056;4.39778
12912140388;48.90904;1.85744
12912211420;50.37094;3.08415
12912432072;46.92255;-0.75078
12912432073;46.92272;-0.751
12912432074;46.92361;-0.74985
12912716449;43.913;-1.22334
12912862009;43.6529;1.65647
12913003079;44.67447;4.23383
12913071298;47.20403;-1.54607
12913446829;43.88778;-0.50154
12913974978;44.95612;6.67843
12914002502;42.60977;3.02907
12914116401;43.30741;3.49141
12914148902;49.9168;1.02878
12914834301;50.74881;2.24844
12914873608;48.55665;7.68214
12914938990;44.87192;-1.09521
12915255251;48.79896;2.07234
12915396201;47.34045;2.85283
12915435334;48.06724;-1.75467
12915496169;42.63493;2.75783
12916794188;46.15817;0.32048
12917084544;48.85429;2.53259
12917166801;48.5136;0.36131
12917473546;44.08689;6.22785
12917486737;48.03139;0.1816
12917920705;48.99817;2.09848
12917977067;47.62248;-1.1958
12918002497;44.20183;0.62228
12918087371;47.395;0.68233
12918610351;50.61461;3.07016
12918760723;48.59437;-0.65199
12918829789;44.71835;4.3926
12919024825;48.94591;2.66211
12919026361;48.87022;2.36585
12919252032;45.05981;5.5225
12919300723;43.38518;0.60041
12919471421;48.49828;-2.74734
12919664394;47.39676;0.68436
12919773282;48.91751;2.34664
12919952327;45.18092;5.70426
12920684301;43.32981;5.14122
12920744408;47.22582;-1.53848
12920896901;43.189;0.32679
12921026002;43.57763;4.19923
12921632222;45.82151;1.70536
12921918541;48.3742;2.81674
12921949061;50.62786;3.07214
12921949062;50.62718;3.07244
12921949064;50.62832;3.07198
12921949065;50.62767;3.07063
12922292008;47.52077;1.24101
12922598101;43.07951;0.37874
12922615700;41.8349;9.32169
12922621917;41.83459;9.3223
12922664801;45.14661;5.37804
12922747986;46.51489;-1.48449
12922764845;48.02841;-3.09273
12923045632;43.94184;4.80459
12923117119;44.37651;4.42506
12923581701;43.66385;4.48029
12924858886;46.21027;6.67304
12925484701;43.01541;0.7544
12925690488;43.28745;5.40245
12925716955;48.1028;-4.35901
12925758094;47.33948;0.51147
12926207500;44.013;1.36783
12926213624;44.01301;1.36785
12926314085;47.66483;-2.75223
12926564964;46.38088;5.41572
12927372833;-20.89683;55.55484
12927389680;46.32957;5.43783
12928104194;48.89935;2.2838
12930389609;46.53366;5.73602
12931260396;45.84093;-1.24703
12932936009;45.54755;2.28342
12941262776;46.00383;6.94696
12941392048;43.89269;5.37697
12941411736;43.89149;5.37738
12941708388;44.46261;-1.19922
12942172101;43.73119;5.1689
12942251177;43.89272;5.37694
12942377260;45.01082;5.50796
12942505870;45.09836;3.96544
12943243550;43.07809;0.57343
12943339642;45.26001;5.77557
12943356596;43.052;2.66229
12943433735;43.05212;2.66306
12944238889;45.85486;-1.16944
12944282602;44.91853;4.87438
12944773829;45.08571;3.94675
12944992160;46.39737;3.34049
12945006743;46.34591;3.25317
12945006744;46.30674;3.24457
12945034573;46.18546;3.16237
12945090475;50.17834;2.98143
12946393035;50.03445;2.28091
12946512791;47.39283;0.66908
12946512792;47.39289;0.66912
12947220601;43.83512;5.69426
12947365546;48.55029;-1.75681
12947376729;42.78779;1.89812
12947423372;42.93886;2.81227
12948724252;47.35844;-1.95065
12948895808;44.37705;5.4338
12948954816;-20.88773;55.47257
12949042484;46.32202;6.61393
12949094365;47.12765;-0.14654
12949291438;47.26726;-1.33453
12950055066;48.84766;2.19611
12950150206;44.8257;5.1669
12950179870;44.81282;5.16497
12950375788;46.85755;2.3195
12951010327;16.2502;-61.59286
12951014122;16.25018;-61.59283
12951104333;43.64429;1.52492
12952025882;50.36917;3.08259
12952141253;43.5244;-1.51494
12952432167;43.77287;-0.43596
12953213445;43.5669;2.96104
12953229178;43.5669;2.96105
12953442617;49.20006;-0.39763
12953446779;49.19851;-0.46109
12954371006;43.56259;2.97315
12954396126;43.03097;1.93744
12954396419;43.77002;2.1635
12954396422;43.77071;2.16176
12954397405;43.45447;2.06986
12954486879;44.10567;3.08683
12954661189;48.10277;-4.35905
12955812479;48.62732;1.84633
12955812481;48.62641;1.84529
12955812482;48.62729;1.84641
12955812486;48.62634;1.84667
12956065729;42.96043;2.52663
12956139963;43.46205;3.41957
12956402321;44.93769;4.06041
12956588328;47.24868;-1.64055
12956759584;45.30072;3.37845
12956924101;44.02007;1.35323
12957240105;48.11278;0.07923
12959329920;45.63987;5.6475
12959607522;45.44949;-0.43252
12959996593;48.40304;1.0772
12960073050;48.51948;0.55132
12960759501;45.01361;4.84405
12960759601;45.01709;4.84891
12960845356;47.41204;-1.37557
12961398672;48.8238;2.52683
12961603333;48.63938;-0.21384
12962112304;49.14817;2.68557
12962112305;49.14821;2.68332
12962112307;49.14749;2.68321
12962332683;45.30066;6.10434
12962370790;43.40503;1.09245
12964204488;44.08878;0.96922
12964420069;43.96785;3.20269
12964442354;48.60953;-0.91211
12964592412;46.34945;6.61981
12964619218;45.93505;6.63208
12964919460;47.63945;3.06964
12964933316;45.61531;0.00903
12965323140;48.61306;-1.107
12965857501;43.77559;7.19904
12965925013;50.51278;1.63807
12966292397;43.27497;1.34908
12966659001;48.90293;2.48096
12966659002;48.89503;2.47824
12966788726;48.39825;-4.39523
12969230898;43.58986;5.19252
12969280902;43.58984;5.1926
12969306351;46.9655;-2.23889
12969562377;48.40906;-2.32159
12969964440;48.12278;-2.82012
12971189695;43.68923;5.90892
12971189696;43.69431;5.91381
12971189697;43.64742;6.06391
12971189698;43.58687;6.102
12971189699;43.59266;6.0142
12971192201;43.59137;5.85016
12971192202;43.46911;5.78651
12971192203;43.4562;5.85169
12971192204;43.45386;5.85889
12971192205;43.49615;5.88378
12971192206;43.52692;5.9458
12971192207;43.55779;6.0049
12971192208;43.52668;6.15213
12971192209;43.47652;6.18142
12971192210;43.47561;6.18185
12971192211;43.47345;6.12128
12971192212;43.46845;5.96178
12971192213;43.43884;6.07251
12971192214;43.43366;6.14327
12971192215;43.40767;6.06091
12971192216;43.34369;6.12662
12971192217;43.34238;6.12932
12971192218;43.33717;6.08098
12971192219;43.30417;6.09077
12971192220;43.30623;6.0841
12971192221;43.32815;6.0519
12971192222;43.31068;6.01306
12971192223;43.27631;5.96774
12971192224;43.33835;5.97693
12971192225;43.34794;5.92247
12971192226;43.40863;5.92524
12971215378;46.41854;4.86595
12971215380;46.41851;4.8659
12971222749;49.50222;-1.45597
12971984128;48.40144;-2.91061
12973381863;48.35685;-4.76725
12973411265;44.90405;5.94777
12973897108;46.02669;1.29255
12974113203;47.12532;-1.41609
12974218413;47.11146;-2.12363
12976259663;49.89672;3.62654
12976394401;45.23042;3.12604
12977358969;45.65344;4.78655
12977480547;45.64968;1.28949
12977700359;45.69863;1.24112
12977807619;44.68191;1.26574
12979082850;-21.16214;55.82409
12979634632;47.99438;-4.0911
12980201508;43.36989;2.24801
12980320001;48.84072;2.54642
12980354344;50.43522;2.9352
12980706688;16.22236;-61.62577
12981735932;46.3883;3.85937
12981818822;46.41031;3.93755
12981962713;43.89499;2.33109
12982296264;49.80154;0.63166
12982479445;43.82178;2.75379
12982896393;47.63111;-2.65883
12983143200;48.43879;-3.89271
12983311988;43.88863;2.45728
12983351978;43.88406;2.46653
12983923461;43.60721;1.45148
12984939847;44.6489;0.07778
12985231986;43.96304;4.82553
12985361897;45.67819;1.18631
12985413282;45.66981;1.18009
12985453299;49.50705;0.24557
12985591664;45.63485;1.16177
12985596368;45.62711;1.03659
12985683326;44.56032;0.88709
12985977862;47.64041;-2.65487
12986203597;49.28359;-0.19142
12986632016;48.49219;-2.68968
12987124965;49.28428;-0.19257
12987425172;43.33655;1.25756
12987550102;47.87288;-3.9126
12987662257;48.04347;-4.49026
12987942370;48.69211;6.17899
12988207779;50.84596;1.60528
12989090965;45.82963;6.18088
12989090968;45.82961;6.181
12989716692;46.30594;3.89746
12990283436;48.2366;-4.51734
12990283511;48.23775;-4.51793
12992086773;45.43413;-0.42781
12992441513;44.42036;1.83437
12992514411;43.90813;3.74851
12992516726;45.84439;3.38663
12993182660;44.81961;5.55075
12993273166;43.35296;-1.78187
12993712568;47.23477;-0.82569
12993807905;49.33945;-0.62145
12994029847;45.80459;0.93202
12994055997;45.8055;0.93545
12994221601;44.70328;2.05934
12994271901;49.081;6.10445
12994372840;45.73265;0.86586
12994642281;48.87715;2.157
12994642282;48.87509;2.15731
12994942256;46.88392;-0.02289
12995065967;48.88491;2.37378
12995065972;48.89832;2.3777
12995502201;48.40959;4.14346
12995614780;44.41905;3.08831
12995685956;47.79017;7.31648
12995719184;48.13291;-1.51978
12995733350;48.83619;2.37836
12995745520;43.37553;2.07827
12995814908;49.41508;0.2671
12995815491;49.4135;0.26674
12995821361;48.61903;-1.17167
12995877442;49.64361;0.26603
12995989864;47.5402;-0.34006
12996046118;47.42136;0.89091
12996136901;46.55706;4.73624
12996324190;49.00168;7.38104
12996471577;46.74684;1.82839
12996851154;48.53313;-0.48111
12996883461;43.35623;1.6222
12996970824;48.33285;2.69271
12996972554;47.79609;7.30664
12997085678;45.42358;6.6982
12997092058;47.7603;7.27913
12997254101;47.06458;5.29857
12997352963;43.30001;-0.36908
12997433042;47.80745;7.12653
12997639122;47.59193;7.58701
12997651190;48.83333;-1.60278
12997651192;48.83324;-1.60304
12997844659;48.83852;-1.59663
12997987431;48.85534;2.39799
12998118506;42.70091;3.01945
12998625026;43.95507;5.02808
12998643384;45.42125;6.70352
12998645740;43.83793;4.94492
12998766340;48.59208;-0.64471
12998816697;45.44955;6.77743
12999095767;47.85549;6.81886
12999183232;42.8631;1.20227
12999205502;46.75019;4.46828
12999257501;43.433;2.02546
12999356103;43.44049;2.02784
13001117941;43.61876;6.97165
13001132744;45.73177;0.86495
13001173266;44.85786;-0.53016
13001174046;45.70104;0.95656
13001261861;43.80584;3.66362
13001725798;46.04151;0.95582
13001833472;47.21624;-1.54854
13002094489;45.36667;4.04314
13002586055;47.34311;-0.74356
13002728843;42.63801;2.87108
13002746793;48.81454;-1.57172
13003044720;47.49056;4.33466
13003714166;44.47067;5.45161
13003851624;43.37128;-1.75047
13003910163;44.47751;6.27516
13004000239;48.05113;7.01105
13004061601;47.18625;6.87324
13004259902;43.35393;5.35687
13004307222;48.39019;-4.43494
13004340583;46.00827;4.37705
13004576124;45.49794;0.74739
13004577482;45.59798;0.53169
13005071955;44.32382;4.36392
13005072008;44.32548;4.36479
13005157628;46.88121;-0.02047
13005378477;46.17392;4.2093
13005440839;42.36711;2.64916
13006151610;49.51455;0.13917
13006151611;49.51584;0.14761
13006151612;49.50756;0.13682
13006151613;49.5006;0.1387
13006151614;49.50628;0.16105
13006151615;49.51273;0.17423
13006192207;49.50641;0.09971
13006192208;49.50754;0.10736
13006192209;49.49674;0.1001
13006192210;49.49554;0.09633
13006192211;49.51266;0.12531
13006192212;49.51622;0.11767
13006192213;49.51806;0.09553
13006233262;45.44956;-0.43718
13006963689;45.90075;-1.29409
13006979923;49.16185;5.38913
13007083198;48.0966;-4.34842
13007496141;49.66934;-1.26373
13008739401;45.60174;3.96512
13008892475;44.86526;6.48665
13008987209;48.69966;2.8898
13009139601;46.99064;4.51405
13009235979;47.21902;-1.56031
13009467305;44.44635;2.44856
13009773749;48.10477;0.34119
13009774622;48.10711;0.34168
13009774661;48.10714;0.3416
13009872469;45.73123;-0.64844
13011252010;47.26956;-2.42427
13011592876;48.5889;-3.81539
13011781099;47.9867;0.27961
13012065434;47.28438;-2.51411
13012065456;47.2892;-2.53654
13012065457;47.28324;-2.51237
13012065481;47.26521;-2.45287
13012065485;47.27118;-2.46564
13012108601;44.80371;3.27081
13012203940;45.55246;6.21058
13012309261;48.46409;-0.83225
13013180955;45.45996;6.73775
13013347704;43.88515;2.60372
13013434125;45.9921;4.82305
13013544981;48.08968;-1.10108
13013894095;45.8091;4.76984
13013923357;46.61889;4.13371
13013938522;45.50285;2.23262
13013945176;45.51262;2.25885
13013985740;45.667;2.19497
13013985818;45.55285;2.31453
13013996742;45.84006;1.91065
13013997369;45.78527;1.88104
13014002192;45.9561;2.16946
13014143505;49.55532;0.11636
13014457754;48.04214;7.14371
13015158892;49.15869;7.02977
13015195392;43.90324;1.89556
13015228501;44.39824;6.53297
13015381301;44.43615;4.57857
13015452633;45.90796;1.60508
13015555124;49.47128;1.34148
13015555469;48.55721;2.20913
13015555470;48.55723;2.20916
13015562359;43.64631;-1.44319
13015593140;44.43839;4.58744
13015616375;45.26258;6.30342
13015750718;43.61451;1.48796
13015819201;43.2947;3.52494
13016003655;44.56323;-0.86385
13016013518;48.88403;2.22662
13016048976;44.60199;3.20742
13016075243;16.25125;-61.5485
13016691169;45.74702;6.41512
13016799002;44.09892;5.24251
13017231851;47.5535;-2.48498
13017295001;43.10415;0.78534
13017393801;47.12712;0.99772
13018027514;43.11638;1.60962
13018120509;47.57511;-3.03045
13018120567;47.57467;-3.0294
13018259413;48.87036;2.32559
13018333780;44.4377;4.58008
13018615377;48.38316;-3.92254
13018675375;43.79853;2.61791
13018702146;48.40383;-3.75267
13018752157;44.85224;0.53381
13018780093;48.35914;-3.8512
13018787856;48.35717;-3.85097
13018793339;48.35452;-3.87704
13018837528;42.82547;1.63713
13018884914;45.2469;6.3547
13019166322;45.16873;6.09459
13019225898;44.17194;5.89063
13019503888;44.67438;3.16807
13019531096;42.79956;3.03919
13019659257;45.35888;6.2994
13019685785;43.6631;5.43594
13020335289;46.10496;-0.75769
13020359033;48.69015;6.18414
13020483453;50.11838;1.85175
13020562143;45.54138;5.76464
13020591301;43.95299;4.80553
13020740450;46.30535;4.84161
13020774627;43.59869;5.96097
13020793700;43.59247;6.01877
13020800274;43.40792;6.07661
13020812033;43.3847;6.09932
13020862131;45.52456;5.68055
13020957744;45.67253;6.53937
13021090703;44.03982;0.88963
13021370614;48.1366;-1.70029
13021401979;44.88722;5.96066
13021529597;48.96154;0.94254
13022352228;48.8047;2.32453
13022375800;48.50058;-2.07143
13022507540;48.54033;7.49201
13022551804;43.49234;-1.47931
13022901119;45.06216;1.65428
13022908379;45.28478;-0.40646
13022929997;44.64252;6.07278
13023107302;45.286;-0.41109
13023564400;47.46411;-0.56142
13023809430;47.06504;3.93507
13024515920;44.20966;4.0302
13024743301;43.90477;0.15435
13024743401;43.9043;0.15366
13025195756;45.60976;-0.59987
13025195772;45.61055;-0.60161
13026281988;48.18047;4.435
13026757240;47.2456;2.06911
13026770901;48.45398;-2.04765
13027075927;43.11797;5.93787
13027155213;44.66943;4.79474
13027238636;47.33426;5.08442
13028054185;42.95113;-0.33876
13028189303;48.49197;-4.50287
13028283201;45.01855;3.12816
13028287186;43.47647;2.64029
13028312492;46.71257;2.21056
13028429602;45.98614;-1.30862
13028508998;45.98189;6.93251
13028688261;43.31279;3.35989
13028688262;43.31229;3.36531
13028885520;48.28393;2.59756
13029042756;46.95209;4.63321
13029405502;46.72259;-1.1783
13030287306;48.10949;2.75722
13030352649;45.59199;4.30107
13031076001;47.89239;-1.9902
13031125068;-21.26651;55.36615
13031278839;46.04035;6.66898
13031358935;45.80093;6.72013
13031360595;45.85921;6.61827
13031364402;50.40824;1.56855
13031581679;45.81731;6.65161
13031691489;44.81454;6.19413
13031695302;45.17476;1.67177
13031977781;48.69483;2.6115
13032027782;44.50098;1.13267
13032028602;44.86795;0.97196
13032094255;45.26879;-1.16255
13032552915;-16.42735;-152.24289
13033344437;44.97373;6.50793
13033661193;48.86259;-1.49186
13033663407;-20.87955;55.45633
13033749985;48.44865;1.55072
13033792547;48.39017;1.89021
13033858091;49.60337;4.78839
13033887294;42.39598;8.71408
13033898801;44.44044;4.62278
13033939666;48.45179;1.54986
13033963073;44.90528;5.78579
13034005521;48.15615;-1.8249
13034105451;47.62333;1.29779
13034145166;46.40306;3.68785
13034265545;42.37869;8.75468
13034443536;49.09956;-1.60894
13035165695;49.06102;-1.06074
13036989864;46.34073;-0.79336
13037180620;45.28488;4.63125
13037268221;45.75078;1.43249
13037285459;45.75268;1.43318
13037290514;45.83936;1.49048
13037296672;45.83775;1.4931
13037304607;45.78513;1.46835
13037336266;45.76867;1.53933
13037470401;48.57305;-0.55914
13037499879;48.78667;-3.22356
13037833436;45.80868;6.51813
13038152162;47.92735;7.02823
13038152165;48.23205;7.16151
13038867929;48.8281;2.37757
13039070801;46.323;-0.43242
13039163237;46.66274;5.81693
13039195323;43.48012;-1.46009
13039310801;46.85399;0.5473
13039317185;47.47566;-3.10563
13039382378;45.94676;2.17571
13039382379;45.94602;2.17471
13039389414;46.16148;1.85835
13039389415;46.16113;1.85897
13039389416;46.16154;1.85827
13039415835;43.11638;1.60964
13039522504;45.86522;6.1226
13039642513;47.76042;-2.1297
13039882896;45.12186;4.27708
13040919702;47.02177;0.60415
13040965981;49.32584;0.00014
13041101839;47.86146;-1.6831
13041124001;45.76112;6.53625
13041256622;45.14327;4.11571
13041317681;44.87061;3.24647
13041537391;43.52726;-1.12153
13041553506;45.20308;4.03217
13041607381;42.83544;-0.4269
13041619209;45.20397;4.0333
13041739207;48.63575;-2.05532
13041754231;43.12;6.25508
13041976820;46.31259;-0.53608
13042925488;43.11289;1.61101
13042946350;46.12447;3.18982
13042949845;45.52981;6.05272
13042966770;46.99976;-2.24235
13043137210;47.39387;-0.4361
13043292025;45.0858;6.09147
13043344387;45.185;3.91102
13043351015;45.18599;3.90835
13043415931;48.43401;-4.62141
13043415937;48.38907;-4.52565
13043570461;43.83009;6.96946
13045224363;45.12833;3.9418
13045234111;46.32473;-0.47849
13045240003;44.48081;4.23913
13045300852;47.25;-1.45191
13045311219;47.24883;-1.45291
13045324224;48.38418;-1.59623
13045341521;43.07696;5.90565
13045341522;43.07694;5.90553
13045414074;46.61967;5.8193
13045458401;48.38335;-4.76217
13045458402;47.30336;5.41809
13045517530;44.71114;4.76562
13045589596;45.07122;4.00067
13045803305;46.66843;5.81661
13045812492;47.65786;-0.97805
13045842811;45.73721;6.50537
13045903598;45.35012;5.79141
13046158766;47.94845;2.54372
13046239056;47.09;1.84367
13046254735;46.7667;3.7757
13046280760;46.76722;3.77422
13046322687;46.57048;2.71798
13046358976;45.03284;4.06277
13046432182;45.07466;5.55446
13046465201;45.6114;0.10011
13046497691;45.73105;3.20088
13046515011;47.39696;-0.45212
13046595928;48.91022;2.28559
13046691201;44.79264;0.4943
13046707061;47.75639;6.34583
13047840883;48.34773;-4.76988
13047843732;45.19601;1.97157
13048101346;46.5614;3.33907
13048101386;46.56142;3.33907
13048111556;46.67285;0.39629
13048125151;46.09988;3.20143
13048125152;46.09989;3.20141
13048186102;45.67023;2.98779
13048213661;48.60557;-4.50534
13048230769;45.85085;6.72474
13048368578;45.84586;-1.20827
13048553523;44.92462;3.80827
13048578959;45.49722;3.61239
13048617001;42.54052;3.04853
13048621401;44.18715;6.65235
13048648106;45.76175;4.89618
13048715223;44.22424;-1.1946
13048895953;48.59216;-1.4423
13049618746;47.94203;1.81798
13049702886;43.7917;-1.40028
13049833702;44.53909;6.4553
13049900924;48.60849;2.44783
13049915614;46.07784;3.1998
13049915615;46.07875;3.19977
13049916434;48.60841;2.44673
13049923180;48.06083;-2.20422
13050085592;47.98062;1.28268
13050141200;46.29519;2.73962
13050177202;43.57566;-0.37722
13050262706;45.83196;-0.91017
13050444810;48.29363;2.4165
13050472507;46.33764;2.59669
13050664886;47.28347;-1.88747
13050686039;48.47485;-4.75031
13050712603;45.70582;0.75898
13050868509;47.3609;-0.43634
13050903249;44.82503;4.80057
13050956836;48.64684;-1.98177
13051031006;44.9028;4.15636
13051560529;46.51724;-1.38677
13051628844;48.56226;6.38541
13051628848;48.56175;6.3851
13051648603;44.91792;3.6734
13051672731;45.01675;6.63506
13051760976;46.146;6.548
13051947083;47.27828;5.56767
13051977531;44.7743;6.76899
13051995088;46.49278;-1.42592
13052169414;44.35638;0.37454
13052249516;48.27558;-4.58926
13052271459;47.1033;0.32292
13052272854;44.38926;0.30918
13052347327;42.99905;-0.6003
13052501701;47.1707;4.15182
13052522779;48.63911;-4.56745
13052546761;43.63816;5.52737
13053445653;45.48218;-0.56783
13053879441;43.69427;7.26025
13053906901;46.80233;1.36036
13053922616;43.48995;-1.45728
13054835580;43.78563;7.49404
13055202460;47.16777;1.55612
13055594708;45.83681;6.56744
13055723471;44.74743;2.18575
13055742453;47.48749;1.18868
13055765642;45.12615;5.23106
13056125202;44.93898;5.03119
13056129102;45.04114;5.06215
13056129201;44.92091;4.70271
13056208601;47.65061;-3.07181
13056214011;43.28719;1.63307
13056380101;49.03027;2.0485
13056443178;48.11644;5.11876
13056616701;49.3254;-0.36857
13056859056;44.75116;4.74832
13057415581;45.66612;2.99084
13057447779;46.09727;3.20466
13057491019;46.08002;3.20054
13057491304;46.08043;3.19943
13057523876;45.57222;2.81034
13057615494;45.27677;6.70256
13057682935;45.29286;4.81601
13057735945;42.5279;3.0869
13057953610;48.6189;-3.28323
13058053502;43.65995;6.92423
13058115769;42.55313;3.03951
13058126017;42.55309;3.03954
13058126030;42.55117;3.04053
13058177542;47.65569;-2.75628
13058206506;44.36749;6.6063
13058240401;44.01487;7.31049
13058247610;44.71684;6.33357
13058359615;42.5514;3.04274
13058359645;42.55138;3.04289
13058598738;48.41984;-4.48294
13058663238;47.61484;1.5173
13058712545;48.44718;-2.04606
13058712567;48.44673;-2.04533
13058765710;48.10955;2.7572
13059241858;47.06703;-1.9807
13059242716;43.7887;7.48541
13059322001;44.81329;4.48275
13059326601;47.65113;0.34833
13059328179;48.56541;1.66911
13059355175;43.09423;-0.05288
13059485301;48.06921;1.32555
13059517351;44.35954;1.40613
13059559267;44.19328;5.94389
13059590823;48.62308;2.14745
13059603313;48.88356;2.23767
13059658001;48.41704;-0.33688
13059695663;43.98145;-0.22979
13059876101;47.44059;3.16226
13059981392;45.87672;5.9997
13060047737;42.73188;1.84032
13060092029;48.69736;-3.16279
13060139648;45.3639;0.8635
13060757522;48.77443;-3.02858
13061395301;44.62775;6.26283
13061519097;43.78379;7.48937
13061568387;46.20341;-1.42723
13061568990;45.38652;3.26875
13061629339;46.39352;5.66702
13061790549;46.91403;-0.94969
13061972401;47.48218;3.64776
13061974448;45.06075;6.63744
13062001404;45.60074;6.76426
13062062582;43.80073;7.46188
13062879219;42.60302;2.91404
13063034569;44.17943;2.06032
13063195701;43.96251;5.78437
13063238801;48.44679;-1.91315
13063292387;42.55355;3.03915
13063331080;44.65226;4.7596
13063418301;49.54496;-1.57943
13063432747;45.49386;5.98826
13063432748;45.49383;5.98821
13063440358;47.36416;-1.01476
13063532513;45.1595;1.52417
13064248419;45.89232;6.71072
13064345509;42.53191;3.07287
13064763642;45.36851;7.10741
13064881401;49.33009;0.00983
13064886588;49.00902;0.52888
13064944411;49.08036;7.4905
13065015474;49.82782;0.91164
13065068201;43.99663;5.90722
13065092437;44.26117;4.64669
13065224088;47.73936;0.58113
13065247403;47.49105;4.332
13065257089;44.92095;2.43576
13065442507;46.55584;-1.05405
13065541194;45.09063;2.75308
13065541197;45.09063;2.7531
13065594480;46.9414;0.21778
13065760247;48.26196;0.85486
13067166384;46.23152;-1.03149
13067367901;48.8372;-1.22071
13068056525;46.43896;4.76186
13068108076;47.40679;0.74564
13068166335;47.58528;1.03702
13068243078;45.12541;2.97912
13068313655;44.21293;0.74406
13068348998;45.54622;6.9133
13068401918;43.75546;0.30528
13068567204;48.57896;-2.55996
13068689231;46.49956;-1.78076
13068820678;45.16065;3.49474
13068881478;48.02511;-3.70575
13069232532;49.30903;-1.23786
13069232714;49.37411;-0.90447
13069340580;47.70892;-3.39424
13069340590;47.70924;-3.3929
13069452240;46.73322;0.61216
13069580095;49.22003;-1.09012
13069639968;49.31915;-0.37238
13069660369;46.26396;-0.82292
13069666396;49.32433;-0.37071
13069700453;47.27628;-2.48137
13069718840;46.56225;-1.13712
13069818851;42.76437;1.48472
13070457084;45.24922;1.45472
13070465278;45.40263;-0.32138
13070545676;45.3781;-0.33496
13070950380;45.38568;-0.38008
13070990601;45.30356;3.98863
13071134801;46.6607;2.69349
13071157401;48.87115;2.21242
13071210901;-21.16214;55.82407
13071211851;50.48251;1.57607
13071294420;45.63693;5.4041
13071411701;44.95417;2.12725
13071839959;48.59533;1.67621
13072025035;43.46498;6.76312
13072026182;47.75517;0.28934
13072094418;44.73655;4.47033
13072127533;44.22189;5.86362
13072191583;49.67454;-1.80041
13072224317;49.6774;-1.72919
13072308378;48.54606;-1.17119
13072382302;44.4682;1.2368
13072517901;47.29513;-2.51113
13072590302;47.86694;-3.90585
13072615303;48.86774;2.15922
13073039551;44.34838;3.62153
13073044879;44.34837;3.6196
13073750601;48.02544;-3.82538
13073776918;48.15396;6.35975
13073917902;44.74666;6.12274
13074057576;47.85409;7.28949
13074139401;45.58595;5.99358
13074323670;44.89255;5.9043
13074507702;49.50857;-1.8499
13074542701;44.64932;1.43266
13074542801;44.64962;1.43482
13074772408;48.75137;-1.46392
13075420001;48.54065;-2.43324
13075469041;44.88594;2.96558
13075481226;44.88445;2.96256
13075534401;47.76971;-2.3178
13075723611;45.71802;6.66377
13075953854;48.18071;4.43456
13076055901;42.85334;-0.09826
13076081320;47.1828;-1.53312
13076136507;45.88643;0.58213
13076141267;47.18022;-1.52689
13076162639;45.56589;6.90163
13076211901;43.33322;5.21821
13076235507;48.64264;7.30604
13076501502;48.61473;-1.98831
13076502901;48.61555;-1.99003
13076503301;48.61474;-1.98821
13076566302;47.16388;-2.16097
13076732826;44.66795;6.76773
13077634001;48.23518;-4.44628
13077725681;43.11431;6.05664
13077725687;43.11457;6.05689
13077773497;44.43102;-1.17948
13077793470;50.19912;1.51808
13077793479;50.19781;1.51681
13077793487;50.19708;1.51538
13077853229;45.02697;6.27119
13077998301;44.64129;-0.97603
13078022935;50.25603;1.88673
13078053406;49.10105;1.45444
13078123526;46.18424;5.53278
13078214277;45.6846;2.94758
13078276101;49.46208;-1.82985
13078277201;49.37497;-1.80296
13078293601;43.7917;-1.40032
13078338697;43.11322;6.058
13078731956;46.86887;4.73487
13078828783;47.54139;-2.81701
13081362106;45.08149;1.90744
13081362882;45.08209;1.90877
13081363017;45.10076;1.9448
13081441301;44.46885;1.68928
13081465001;49.03863;1.58132
13081535898;46.14198;6.0852
13081567001;49.36748;-1.77103
13081607738;43.39606;-0.94213
13081648380;49.35295;0.05404
13082099790;45.46643;-0.48901
13082115846;46.16227;-1.25646
13082200320;46.72171;-0.63986
13082213102;43.80031;-1.20194
13082248650;46.3981;6.57759
13083865728;46.36882;6.48122
13083896334;44.93294;6.58731
13084022479;48.18084;6.44555
13084129583;44.82069;6.16574
13084179970;43.35389;-1.44952
13084238600;44.80422;6.09618
13084313581;47.70819;-3.36102
13084533730;42.76847;0.57887
13084541201;44.27397;3.21617
13084570011;42.76848;0.57882
13084614206;48.294;6.93169
13084632480;48.26834;-2.88821
13084763694;43.64655;3.39202
13084777853;43.64583;3.39169
13084778874;45.9201;6.47853
13084794301;45.64955;2.55735
13084838201;45.57222;2.81031
13084863901;45.54289;2.81289
13084864001;45.54181;2.81652
13084928453;44.64186;3.48571
13085199436;46.15663;4.76659
13086243333;46.29188;4.82899
13086361691;43.6464;3.39033
13086547201;48.04627;-1.50107
13086709393;48.6599;7.826
13086739621;47.79875;-3.58618
13086792054;44.1771;0.29849
13086804131;45.12244;1.79034
13086857388;49.24429;1.40734
13086889002;48.29167;2.94223
13086941264;42.8183;0.34041
13087221329;43.14438;6.33862
13087261553;45.90189;6.12164
13087315241;46.11413;3.08543
13088645470;45.20263;5.76388
13088746727;47.47084;5.26971
13088810532;44.3841;4.41784
13088817167;47.63548;2.74277
13088850554;43.96689;1.34151
13088883002;43.90675;5.18031
13088915633;44.68185;4.96608
13089139550;47.91025;-3.98342
13089142201;46.61263;4.21671
13089147104;45.35886;-1.15456
13089147105;45.36216;-1.15176
13089160714;48.66157;5.90834
13089403043;44.93913;4.38939
13089406797;48.83896;2.35397
13089515204;43.35385;-1.44841
13089567608;45.73182;3.06712
13090102361;48.91761;2.12503
13090591628;43.2832;2.442
13090736448;45.32086;6.3428
13091899436;48.11443;-1.67832
13091900170;48.28598;4.09133
13091906085;48.22984;-1.03669
13091937434;48.01171;-0.741
13092018501;43.3616;5.31149
13092020901;43.3616;5.31149
13092083175;47.40729;0.97329
13092232256;43.28328;2.44206
13092297969;44.6665;6.22878
13092300842;45.25667;4.70582
13092370126;45.28443;2.6543
13092520156;45.81689;6.51026
13092662401;45.18855;4.68474
13092766389;47.3914;0.81838
13092831607;48.7806;2.45626
13092858848;48.53054;-2.01386
13092861301;48.5303;-2.66417
13092886663;43.84008;5.1324
13092897233;46.15851;2.9681
13092906505;46.17708;2.96255
13092922930;43.99905;5.04949
13093776359;43.09909;-0.06624
13093971920;44.18989;2.66169
13093971930;47.129;5.09236
13094011501;44.47209;3.98675
13094049722;42.83675;0.32979
13094382707;45.6398;4.23512
13094455670;44.31395;5.69365
13094463918;44.57307;4.50441
13094463946;44.57633;4.50614
13094463975;44.57462;4.50861
13094463978;44.57519;4.5035
13094517390;46.56823;2.18832
13094650341;48.04099;-1.66038
13094697103;44.32585;3.59613
13094737050;50.80021;2.4859
13094751652;47.42972;6.7961
13094788138;48.92062;2.21794
13094812201;44.5741;4.50195
13094812206;44.57523;4.50167
13095077294;48.06616;6.95054
13095829689;43.83265;5.27418
13095840271;43.71362;5.24523
13095843252;45.57515;3.00021
13096061935;43.75811;5.88407
13096115209;48.46315;-3.18517
13096343648;49.38465;6.22652
13096391488;47.58547;1.3342
13096448160;45.5545;2.74414
13096466526;47.0846;-2.03707
13096525029;42.16047;9.1517
13096626684;43.03998;-0.04876
13096650779;45.24167;6.45957
13096887801;42.70338;2.94563
13097817801;49.77755;2.47576
13097856241;42.79698;0.5965
13097996264;43.22846;0.10557
13097996265;43.22845;0.10553
13098208766;47.46949;-0.5591
13098364159;46.67797;2.1226
13098378179;4.89381;-52.32826
13098411621;43.39933;-1.66284
13098639983;46.71108;-0.95762
13098697058;43.93721;7.51391
13099137598;47.9297;-1.94
13099215401;43.79411;-1.40723
13099747336;47.44472;0.27666
13099808668;49.93243;1.6302
13099899256;45.46026;6.74494
13100102114;48.30581;4.02343
13100170034;48.65682;-4.174
13101108155;43.93538;4.8732
13103066297;48.89834;2.12218
13103136421;44.10819;7.44663
13103317654;43.98777;7.55176
13103770651;46.60964;5.90404
13103907134;50.15764;1.58417
13104072014;45.36143;4.68454
13104207485;47.53352;2.03526
13104302069;43.67959;-0.14488
13107111121;42.60391;2.39841
13107562810;46.65593;6.00619
13107609838;45.08682;6.26042
13107678187;46.55838;3.32506
13107758154;44.09966;3.08171
13107824308;48.84358;2.32142
13108216901;16.26237;-61.59083
13108254051;46.84397;-0.83065
13108501140;49.3359;-0.45546
13108507001;44.92967;4.89158
13108549421;48.84327;2.31844
13108636035;48.7805;2.2817
13108800552;44.35226;2.56675
13108928547;46.10789;6.58697
13108944935;45.79945;1.15486
13109000072;42.81057;9.3362
13109055970;46.65751;5.96482
13109127107;48.39835;-4.47403
13110014251;44.79579;3.37591
13110135873;49.01389;2.2223
13110233103;43.47652;2.64024
13110370308;43.87212;0.11264
13110421778;45.47984;-0.568
13110425547;45.69405;5.82498
13110520495;46.82206;0.6458
13110557622;47.20835;-1.63573
13110620914;47.64521;-3.1459
13111106298;48.48817;-2.00879
13111757759;46.37764;-0.06752
13111848407;49.04337;3.39754
13111877474;47.12918;-0.15589
13112303301;47.22301;2.04852
13112333807;43.44798;-1.57399
13112634741;46.90195;5.77158
13112720082;48.90814;2.32702
13112784886;44.72228;1.66529
13112915448;44.18926;7.03749
13112983697;47.20859;-1.63567
13113885241;-20.89825;55.49778
13114068538;48.64789;2.56343
13114176949;44.34273;2.5764
13114350311;45.29519;4.55789
13114687673;43.57408;7.10856
13114986011;42.89324;-0.02041
13114987717;42.89031;-0.01366
13115062378;48.79889;-3.58393
13115099434;46.30045;5.934
13115276880;48.00052;5.49626
13115711391;42.00201;9.40136
13115769573;-20.92332;55.43556
13115769574;-20.92272;55.43484
13116047234;47.91361;5.3806
13116127522;48.00162;5.49933
13116777428;46.21447;5.89796
13118682054;47.85999;5.32936
13118840501;47.93067;-2.38294
13119032172;44.50037;6.4553
13119080506;43.59682;6.09294
13119080507;43.6984;5.95431
13119576601;47.90701;-4.04345
13119629180;46.60755;-1.85315
13119794901;45.6494;5.88751
13120947520;44.6745;6.61703
13121076301;47.65443;1.43427
13121220788;48.20009;-3.01263
13121259548;46.72513;6.30102
13121309520;47.8338;-3.89302
13121309521;47.83356;-3.88963
13121661869;42.96351;2.86087
13121661927;49.33554;-1.6963
13121670282;42.88881;-0.0313
13122980732;45.27993;3.81674
13123000547;47.08905;5.50132
13123003719;47.0895;5.50222
13123068428;42.83545;-0.42689
13123153931;47.89562;3.23685
13123275701;48.16672;-1.95381
13123414080;45.8881;6.77681
13123624834;46.69382;4.13299
13123631266;44.48158;4.6886
13123749423;49.36902;0.0794
13123857196;44.90104;4.02966
13124609102;43.77463;6.21766
13124666455;47.39218;-1.28734
13124689975;44.75416;4.81907
13124776208;44.52037;2.76112
13125036161;49.50652;0.93102
13125036163;49.50709;0.93041
13125077828;49.50629;0.92919
13125257929;45.75786;4.83629
13125327201;44.76242;4.9182
13125399457;49.32338;-0.00643
13125483626;45.42104;-0.38662
13127435566;46.69321;4.13986
13127444069;46.6955;4.13389
13127446571;46.69316;4.13985
13127471626;48.83758;2.36759
13127516223;43.39898;-0.38274
13127639600;45.18768;5.73425
13127728901;49.81797;0.63697
13127864987;45.76028;3.11371
13127864989;45.76185;3.1146
13128072306;44.84999;6.65563
13128183114;48.22296;-3.71649
13128374301;45.1895;4.68739
13128896976;42.93431;2.2185
13129073696;42.96106;-0.2567
13130556051;47.88795;-0.94793
13130635760;44.89002;6.63322
13130662079;46.62651;-1.85746
13130837678;46.12961;6.08801
13130884601;45.92533;6.76492
13130913916;43.21317;6.66238
13130916516;49.82397;0.84459
13131076518;49.76829;4.7331
13131300592;45.96248;3.46603
13131314970;45.9633;3.46707
13131359042;43.26869;-1.57142
13131663685;47.74635;2.88109
13132465337;45.03309;3.08213
13132835803;42.82172;0.15758
13133903412;47.58703;1.33754
13134442602;49.23069;0.72056
13134491023;45.18845;0.71157
13134952075;44.51699;2.7713
13135751684;50.05952;1.40631
13136367653;46.58552;-1.84588
13136386119;43.49357;-1.45252
13136539730;44.80318;5.22052
13136809875;47.39218;0.68826
13136922411;47.99757;7.14175
13136952868;44.90568;2.25528
13137008366;46.85777;3.16706
13137008367;46.85776;3.16707
13137008368;46.85775;3.16709
13137008369;46.85778;3.16712
13137879031;48.4643;-2.70353
13138039500;44.96736;2.19053
13138071300;44.62723;4.97361
13138204408;46.64235;2.28341
13138493820;46.03475;0.1805
13139103301;43.52514;6.81451
13139709368;44.83163;1.22619
13140087722;48.91887;2.4218
13140519301;46.14928;3.13702
13140627723;48.80664;2.12267
13140679317;44.47579;5.65611
13140718612;44.60874;4.72229
13140721501;48.94783;3.13
13140895085;44.80545;1.63195
13140899843;48.33103;-2.82876
13140900886;48.34708;-2.75624
13140907298;49.11341;2.21725
13140926192;43.10802;6.02056
13140933888;46.62113;2.26417
13140956920;48.3491;-2.75824
13141140000;50.96955;2.1393
13141289697;-20.89164;55.49994
13141323218;49.49294;0.09675
13142261333;46.52208;2.10179
13142273933;50.45964;1.75925
13142349824;43.67996;0.99657
13142412270;45.93186;6.91767
13142779706;48.89415;2.42999
13142798103;47.49525;-2.48993
13142811033;43.85927;6.91355
13142823402;43.17718;0.1167
13142900590;49.07483;3.638
13142920392;48.22637;-3.72673
13143902983;43.50189;-1.53957
13143988036;44.13526;5.47871
13144061016;44.12803;5.42763
13144185860;47.73086;-1.38132
13144185877;47.73358;-1.38534
13144794438;48.45428;6.65979
13145153250;45.06381;5.95451
13145940813;44.85068;-0.56142
13146439623;44.2427;1.47625
13146518328;47.95005;6.77794
13146706364;44.01089;1.35091
13146706366;44.01083;1.35224
13146848922;47.18708;-1.4663
13146848927;47.18764;-1.46904
13146898312;44.1152;1.47818
13147534636;46.55736;2.02295
13147631829;47.90232;5.30212
13147658315;46.71798;2.4907
13147658320;46.71826;2.4893
13147713033;46.08027;5.86105
13147754497;46.73755;2.4815
13147754499;46.7453;2.45987
13148811797;49.6035;0.41771
13149035668;48.60542;-3.74079
13149035669;48.60481;-3.74168
13149035681;48.6065;-3.73885
13149165701;43.68216;1.58471
13149279002;50.75383;2.26664
13149310829;44.0098;1.35241
13149310830;44.00993;1.35093
13149310831;44.01011;1.3508
13149310832;44.01069;1.35093
13149310838;44.00984;1.35272
13149424460;44.91928;4.70127
13149765273;47.56735;5.43312
13151152429;43.5989;1.23405
13151158404;43.59895;1.23403
13152580585;50.7542;2.26582
13152638824;45.58619;5.28116
13152674781;44.89397;4.6442
13152860245;45.98533;6.92795
13153343201;47.34704;-3.15708
13153848965;47.18864;-1.56699
13153996303;44.52132;2.76831
13154762101;43.69422;7.28645
13154829743;43.13649;6.3731
13154840950;46.19893;-1.45105
13154889282;49.29315;-0.09712
13154893767;48.49348;6.51061
13154962483;43.83651;4.94382
13155851925;45.65035;5.47118
13155988385;46.53919;2.43088
13156020223;48.3886;-4.50382
13156072163;48.8718;2.25827
13157070888;45.68424;4.20868
13157754155;43.66908;6.98474
13157780781;48.89025;2.39377
13157853416;44.89705;4.65596
13158122801;45.929;6.87759
13158131967;45.32529;5.56439
13158135001;45.93066;6.88071
13158152061;49.08649;0.59997
13158177345;48.75171;6.33826
13158307598;43.35837;-1.77457
13158475022;45.89254;6.13406
13158612349;48.79662;2.23705
13158671715;45.745;5.01364
13158817785;47.17415;4.07268
13159416107;48.92113;7.48659
13159416108;48.92133;7.48706
13159541340;46.93735;-2.18046
13159547401;47.95307;-2.54612
13159547601;47.95298;-2.54741
13159612801;43.26101;5.37894
13159667310;43.65171;7.12776
13159682637;48.70055;2.42178
13159748801;48.87685;2.33129
13159843944;47.66545;1.4793
13159907019;46.74847;-0.98553
13160006062;46.5513;1.15895
13160118687;43.46922;6.59151
13160118688;43.46972;6.591
13160201799;50.95609;1.84954
13160220626;45.69441;2.12018
13160980521;46.06139;6.07068
13161553063;42.61889;3.01627
13161670926;46.91019;4.75383
13163164279;43.25179;1.67758
13163250703;43.2042;5.59152
13164826900;43.54408;-1.10235
13165105215;45.2961;4.56185
13165241401;43.20026;2.14193
13165758363;43.27956;6.49222
13165833253;48.10086;-4.35195
13167578990;45.84782;5.05763
13167826093;48.73013;-1.52927
13167852851;46.58187;1.98344
13168035330;42.61726;8.95493
13168062019;46.06402;5.07275
13168066783;49.42734;1.09695
13168228042;47.9246;-3.1937
13171482671;45.14797;5.43871
13172591916;45.17496;4.50424
13172792391;45.03974;4.06147
13173859820;45.03609;4.06006
13174942728;43.16146;-1.23971
13175143403;44.28967;0.07121
13175366553;44.13511;5.1004
13175459454;48.77725;-0.44443
13175493059;47.21198;-1.55999
13175530101;48.85765;-0.60584
13175579690;47.21;-1.56527
13175637432;46.7271;2.17405
13175695554;42.98324;2.00719
13176445535;44.13849;5.1009
13176537101;42.55537;2.27115
13176553001;43.19115;0.52696
13176640201;44.44213;-0.32371
13176667950;46.10442;3.46344
13176678871;44.3274;2.69745
13176717826;49.36984;1.99939
13176972124;45.36289;5.58567
13176980094;48.37632;-0.05057
13177922599;42.87341;0.48111
13177924610;46.30067;0.05363
13178999646;49.07521;2.30169
13179749291;43.61511;3.87398
13179823421;49.61481;1.54125
13179831286;48.56959;-1.76803
13180255892;48.69148;2.35693
13184638643;49.07397;3.6416
13184661273;47.5441;0.32562
13184767629;48.84766;2.26484
13184767632;48.84754;2.2652
13185619522;46.43853;2.247
13185743900;44.90542;-0.48917
13186333551;48.90883;-1.10383
13188053737;48.71504;2.20592
13188053739;48.71361;2.21081
13188053742;48.71436;2.20547
13188280738;48.61414;-1.49793
13188338625;46.34614;2.22038
13188505683;46.5594;-1.23039
13188516483;47.24679;1.63896
13188748210;48.59824;-1.51346
13188984393;47.5444;0.31721
13189118512;46.34833;2.21217
13190349211;44.12013;5.17851
13190430969;45.723;5.23921
13190687174;49.16522;-0.42488
13190799355;45.34946;5.50405
13190951576;43.3905;5.9314
13191123347;46.31432;-0.44182
13191123348;46.31431;-0.44181
13191294713;45.36262;4.86256
13191340620;46.26984;6.25968
13191340621;46.40788;6.72339
13191555371;48.95086;3.70014
13192023235;46.70174;-1.43189
13192242384;46.93917;5.87698
13192390001;48.9111;2.25354
13192390101;48.90822;2.25162
13192544178;47.3995;1.43849
13193365801;48.91314;2.25534
13193544801;44.62872;2.20105
13195712002;43.44094;3.67784
13195846445;47.38131;-0.65998
13195855404;44.5523;4.75067
13195863510;43.63703;4.80826
13196027532;46.48005;2.02998
13196220933;47.32446;0.71339
13196221939;43.63704;4.80826
13197939305;46.11331;3.16617
13197939306;46.11344;3.16618
13197988743;45.28925;5.64014
13200295937;46.11441;3.16662
13200295938;46.11446;3.16645
13200623354;49.22616;-0.88395
13200722796;43.69705;7.19501
13200787098;47.08188;1.72562
13201521396;45.99775;6.24901
13202322691;46.56854;2.14575
13202351508;44.1848;1.15475
13202661650;44.28854;5.41689
13202859071;46.14156;2.10799
13203630935;43.14043;5.74992
13204375163;44.63726;-0.96636
13204758150;49.29342;4.01614
13204786033;50.64706;3.08905
13204806573;43.05736;2.21514
13204810893;43.79079;7.23133
13205100479;43.6377;1.59684
13205434321;47.90035;1.98647
13205524297;47.9598;0.2001
13205566125;47.20606;-1.56174
13205566126;47.20597;-1.56123
13206315982;43.61318;3.84974
13206644799;47.21527;6.54036
13206935178;43.75905;5.50306
13207198541;49.55443;0.11455
13207581426;48.79517;2.45416
13208350799;47.26225;-1.59011
13208352860;48.86382;2.33395
13208360638;46.93896;1.43655
13208793631;47.51532;6.7995
13208931075;44.90747;4.87902
13208935902;47.6397;3.07069
13208963180;47.81581;3.7984
13225647693;44.37761;4.69738
13227646301;43.34416;-1.62055
13227692942;50.13897;4.80478
13227874070;48.84249;-0.54822
13228253626;48.85896;2.29163
13228296921;49.4122;2.82875
13228450788;-21.03693;55.28917
13228482158;-21.26706;55.41148
13229848451;43.15737;2.31011
13229936079;46.11155;3.08584
13230016393;48.27806;3.29674
13230571081;45.74258;-0.83698
13230725433;48.93772;2.15771
13231500733;46.79668;-0.64386
13231573315;48.79859;2.23342
13232009832;44.93042;6.68225
13232264238;41.63105;9.29358
13232531877;46.58655;3.05831
13233097788;48.63689;-2.10744
13233200978;46.24625;6.6441
13233611828;50.63251;3.06266
13234186222;43.2796;5.70332
13234592024;45.95196;6.6278
13234928545;44.1779;2.73778
13234928568;44.17754;2.73743
13235039496;44.71472;-1.23973
13235039497;44.71351;-1.23959
13235039498;44.71367;-1.24047
13235039499;44.71442;-1.24102
13235039500;44.71563;-1.23874
13235046501;44.71588;-1.2401
13235046502;44.71579;-1.24136
13235694349;44.93898;6.68307
13236269909;-20.93516;55.32547
13236456848;43.72974;5.17819
13236917834;48.17241;3.29278
13236941701;47.25853;-2.16761
13236941801;47.23253;-2.17967
13236941802;47.21606;-2.1538
13236941901;47.21671;-2.16332
13237646601;43.70086;7.31103
13237855101;47.22146;2.06633
13237882478;45.94138;6.43404
13238846447;47.15036;-1.98492
13239078501;43.35287;-1.20607
13239479931;47.96381;2.33921
13239815811;47.21624;-1.54874
13239868375;43.60197;3.49109
13241045946;42.36085;2.51925
13242821398;43.60313;-1.36993
13243072367;46.87104;-1.01241
13243109401;44.44375;4.97884
13243302899;47.36498;-1.17704
13243393188;48.52968;-4.45452
13243416758;45.19277;5.74424
13243625302;48.27552;-4.59739
13244596184;49.0986;1.48873
13244596185;49.09857;1.48875
13246620164;48.80161;2.28686
13247737828;43.9918;3.63681
13247737829;43.99202;3.63718
13247737830;43.99167;3.6383
13248001577;46.48663;-1.74686
13248270989;44.13544;4.79617
13248671760;42.53229;2.95621
13249342704;45.20474;4.03454
13250153701;42.1149;8.69524
13250265174;48.13041;-1.6576
13251511502;43.60686;1.44673
13251521402;48.38529;-0.98918
13251937588;47.48287;-2.15948
13252008723;43.92156;5.05187
13252321360;43.60448;3.92032
13252355234;43.36531;-1.01944
13252769846;46.98947;-1.81715
13252957301;47.14168;-0.15403
13253784313;43.29617;2.31262
13253986856;49.59186;-1.30994
13254334314;44.15994;4.62174
13254403640;43.30108;5.36587
13254954225;45.85927;6.18655
13255821735;45.87532;5.69281
13255990298;43.67771;7.22982
13256786190;43.35938;2.17035
13257523190;44.09488;3.07663
13258921501;45.57327;2.9443
13260036781;44.73617;4.41188
13260066848;44.73423;4.41046
13260145401;45.2519;4.73125
13260173969;45.49342;6.73561
13260932436;44.82771;5.62436
13261051700;50.34759;3.28499
13261502255;43.75592;1.55564
13261627780;45.26775;0.47858
13261681715;48.43127;-4.46863
13261690000;45.27077;0.47657
13261999905;47.82475;-2.5087
13264733839;43.51653;-1.5291
13265042204;49.23013;-0.0425
13265134064;43.69085;3.57684
13265409920;47.83911;6.53202
13265535634;48.43768;-1.05914
13265539236;43.71182;1.16169
13267153501;47.72627;-3.34378
13267221365;48.95056;3.1251
13267569777;50.64224;3.01112
13268996535;42.38291;2.6149
13268996718;42.38893;2.61237
13269866080;47.41765;-2.46886
13270327093;49.42345;1.97969
13270406773;46.21111;4.7556
13270512568;45.28359;-0.40972
13270610302;45.80489;4.6197
13271281047;49.13336;2.57081
13271829398;48.75515;-0.91527
13271937716;49.04114;2.54224
13272285203;47.34587;-1.29004
13273123844;48.03566;0.24128
13273667498;43.27597;5.42556
13273729929;44.91351;4.42852
13273746064;43.84399;4.35378
13273785057;43.67825;3.09483
13274342432;48.5847;-1.13138
13274722475;50.44468;3.42809
13275652217;47.94407;0.04094
13275652225;47.92949;0.0735
13275763335;44.95356;-0.53456
13276473566;48.099;0.15563
13279417452;48.86235;2.39593
13279417453;48.86228;2.39581
13283327192;47.89451;-3.40723
13283532445;47.9161;-3.33437
13283917884;44.8532;3.66002
13283917885;44.8532;3.66004
13284972071;47.72037;-1.84851
13284995662;45.46423;3.26871
13285223799;45.83828;6.58174
13287204533;46.77848;1.78474
13287583716;48.88309;2.4406
13287636958;48.87814;2.46542
13288943657;48.02981;0.33407
13289007196;43.50592;5.39715
13289291001;45.9075;3.92808
13290405416;44.28487;5.25401
13290405437;44.27036;5.26862
13290765801;49.67187;-1.26408
13290765802;49.58748;-1.26747
13291079333;45.26273;6.46406
13291079376;45.27334;6.46211
13291359125;45.45255;5.88348
13291377593;43.44814;5.35305
13294160165;47.47301;-0.54877
13294201330;47.74382;-3.35766
13294203577;48.69796;2.45187
13294489083;46.34665;-1.44878
13294674101;44.8242;2.04328
13294768101;44.85431;1.96355
13294996815;45.07442;3.79927
13295034761;47.26268;5.03484
13295324118;48.33267;-1.52535
13296800971;49.53385;-1.3945
13296883525;47.37108;-0.68455
13296945501;49.27894;-0.24675
13298247412;47.93056;0.08528
13299576321;45.56347;5.44912
13301836482;43.42156;2.27506
13302510232;47.26013;0.93018
13303180011;46.23454;0.67613
13304399701;45.79239;6.7152
13304765546;42.98884;1.47253
13304969688;46.78687;-2.07395
13305033575;43.56665;7.07401
13305169249;45.88312;6.32426
13305773682;50.56681;2.94724
13306151206;45.59559;5.26742
13306438773;44.86996;-0.55619
13306497050;45.64246;5.93835
13306699638;43.34088;6.68041
13306716913;43.32571;6.6656
13306724922;43.321;6.66476
13306734297;43.32245;6.66455
13306907071;47.35281;-0.4472
13307310293;48.04636;0.41926
13307693876;47.03794;-0.83665
13308300876;46.12802;-1.00896
13308356032;46.2772;0.68227
13308824397;44.34989;2.57635
13308824398;44.34986;2.57634
13310425604;45.6486;5.90584
13310776163;48.78288;2.04373
13311255726;45.3419;0.9929
13312277225;48.81003;2.34998
13313275877;44.44315;4.71019
13313288075;48.58972;-0.3584
13313468194;45.71988;5.89049
13314214890;43.11191;6.11599
13314508935;43.116;6.1079
13314713726;48.78923;2.65476
13315294984;17.89813;-62.85225
13315979460;47.37463;-0.68913
13316002479;47.37143;-0.69227
13316025323;48.89255;2.10975
13319134150;-21.0957;55.23646
13319347601;48.0703;-0.77833
13321489209;47.22762;-0.89585
13321730014;43.4975;4.97737
13322118657;48.66348;-2.87169
13322165724;48.66439;-2.87164
13322767891;47.18799;-1.56005
13322855847;47.23676;-1.55218
13324148691;16.2415;-61.53844
13324622301;43.447;5.35221
13324644370;47.47093;0.69636
13324703307;43.41197;5.00153
13325653695;45.19754;5.74995
13326272401;49.13488;2.57237
13326345062;44.34966;2.57631
13326345063;44.34969;2.57631
13326701458;44.14613;5.05149
13326929863;43.09391;5.83735
13326929864;43.09282;5.84169
13327008417;43.56422;5.02195
13327017641;43.58238;4.99985
13327598341;-21.28956;55.40694
13328752650;45.34553;2.43428
13328807302;16.23971;-61.53184
13328807303;16.23841;-61.53478
13333053912;-21.11312;55.44908
13333868601;-21.33896;55.45853
13333982250;45.90407;6.12841
13336117616;47.11779;-2.09593
13336285504;47.66748;1.48483
13336285505;47.55067;1.5397
13336285506;47.56307;1.60321
13336285507;47.50802;1.45298
13336450584;46.76285;5.59755
13336897895;45.43886;4.39515
13337121802;43.10201;-0.4064
13338557372;46.44443;-1.62971
13339474442;48.32459;6.72776
13339474443;48.32338;6.72912
13340447101;43.42583;3.59752
13341109522;44.89978;4.15358
13342189200;45.145;1.30639
13342290933;44.92767;-0.1319
13342384218;45.83035;4.00531
13342969713;48.26547;6.41338
13343307262;47.21368;-1.56259
13344343876;43.64417;-1.04562
13344718817;47.69725;-2.14431
13345634982;43.029;2.97945
13346667165;46.08034;3.69852
13347650208;50.85964;2.15746
13347666190;46.08402;3.20168
13347948101;-21.2523;55.49574
13348151514;42.53094;2.83934
13351169785;43.47228;6.12296
13352837383;45.18562;5.73126
13352859618;47.68039;-0.96623
13355060417;48.86189;2.34452
13356060401;44.7107;2.59145
13357192832;-21.05469;55.225
13357611501;43.66118;1.36034
13357611502;43.66011;1.36017
13357694202;43.65783;1.3594
13357697044;45.71116;4.01353
13358104059;45.06136;4.20573
13358583582;16.24753;-61.52423
13358583583;16.24734;-61.524
13358583584;16.2483;-61.52455
13359407693;47.68222;3.69213
13359434547;47.682;3.69209
13359658922;43.59204;1.42815
13360265492;48.30517;-1.79407
13360352805;48.16398;-1.63266
13360352811;48.10696;-1.67722
13360352814;48.10675;-1.67702
13360964143;49.39764;2.11327
13361147177;45.25752;5.90815
13361352818;48.83148;2.12547
13362214430;49.18035;6.89236
13363694762;45.54755;3.24969
13364046858;45.94733;-1.0941
13364048162;45.94751;-1.09309
13364048326;45.9485;-1.09415
13364048327;45.94797;-1.09567
13364048329;45.94753;-1.09526
13364048330;45.94827;-1.09451
13364048334;45.94664;-1.09453
13366546233;48.34226;-1.29073
13366560098;44.35698;2.5723
13366560099;44.35699;2.57225
13366734050;45.25712;6.73076
13367033077;46.1686;3.43746
13367304378;47.18272;-1.53292
13367931935;44.92077;5.2639
13367931949;44.9651;5.27058
13368194521;48.67815;-3.57026
13369125897;45.85923;3.50452
13369147569;49.50546;2.4377
13369186033;49.69767;2.78887
13369289368;48.58445;7.72029
13369507586;45.18563;5.73127
13369593919;43.36252;-1.70044
13369593920;43.36935;-1.70803
13369887864;47.11197;-2.12975
13369925576;47.29754;-1.50239
13369925581;47.29736;-1.50211
13369925588;47.29774;-1.50166
13370389463;46.17615;3.53308
13371776075;43.55974;4.08007
13373553921;48.84133;2.22852
13374282726;48.1265;7.16016
13374283069;48.55333;-2.00404
13374713299;43.30346;-0.37956
13374764654;43.30353;-0.38137
13378270902;47.79015;7.31093
13378417014;47.97489;0.15913
13379011302;47.85198;0.11169
13379194452;43.50514;3.31301
13379194453;43.50597;3.31304
13381607942;48.39112;0.44599
13382187140;43.60428;1.43534
13383371173;46.58055;0.34817
13383391773;42.66649;9.44127
13383761239;44.79953;1.2048
13383778164;44.08866;2.43989
13383810743;45.74685;-0.67808
13384179523;49.42058;1.04625
13386199141;48.90834;2.24026
13386851973;42.30041;9.1525
13386851974;42.30032;9.15275
13387078049;43.44696;3.75414
13387374996;48.82446;2.21576
13390639639;46.10692;6.59147
13390675084;44.81688;-0.63832
13390858601;48.03104;0.18324
13392111783;48.29729;-1.79253
13392985242;43.34638;3.24378
13393351259;44.28988;2.55768
13393464350;45.33061;6.55486
13395319023;46.26101;6.11821
13395415741;46.6919;-1.94171
13395558214;46.69276;-1.9419
13395853400;45.93605;6.64543
13397273180;46.31575;-0.55557
13397473116;43.45678;3.41155
13397543806;46.36938;3.02643
13397837601;46.10672;4.65484
13398561356;45.72447;5.92741
13398730426;45.46568;5.55447
13399585474;46.10664;-0.76837
13404149197;44.71506;4.61565
13404747355;45.63104;3.1842
13408455042;47.94428;1.92055
13408713701;46.04766;6.59475
13408957138;43.37531;3.42367
13408984848;45.93884;6.64345
13409542561;43.95026;-1.3011
13411018477;43.53106;1.34501
13412965795;43.53228;1.35006
13412996042;49.01744;-0.03222
13413199562;48.51118;-1.18082
13413255552;47.1495;5.58491
13413496011;49.00532;2.60156
13414153526;48.11831;-1.64394
13414341378;43.54566;3.97345
13414341380;43.54473;3.97117
13414425096;45.40647;6.61384
13414486009;45.41086;6.61564
13414486010;45.41091;6.61558
13415134463;48.80651;2.41397
13415504401;43.70321;7.27932
13415504501;43.70563;7.28178
13415816931;47.25361;-1.38544
13416397762;43.73612;4.1189
13416595793;45.60296;-0.84047
13416722294;50.07224;2.64843
13417760755;47.66518;1.9261
13418550460;45.48004;5.91416
13418564336;44.54272;2.30705
13420757752;43.13585;5.74473
13421424067;48.17981;-1.73402
13421777801;45.96362;6.32751
13423366439;46.27164;4.76974
13423628201;46.31056;4.83688
13423772875;46.84943;2.82501
13423815181;49.51379;0.67548
13423818698;48.11082;-1.67292
13423977771;45.42286;6.64147
13424258538;49.41771;2.82142
13426167923;42.81323;1.8914
13427460127;48.07798;0.29568
13428154192;45.08744;6.0688
13428615483;43.21718;2.36445
13429451878;43.93696;-1.09044
13430086523;49.42095;1.04497
13430223398;47.205;2.02456
13431795426;49.26559;-0.66882
13432222714;46.57238;-1.11749
13432222716;46.57314;-1.11667
13437369308;-21.29629;55.62943
13437863525;43.08188;2.66456
13437962630;45.62751;0.79678
13439468125;46.01842;6.17027
13439894411;43.61531;7.06892
13439894419;43.61578;7.06846
13439894421;43.61973;7.05633
13439894423;43.6153;7.06872
13439894429;43.61906;7.07437
13440414710;48.37526;0.52565
13442371432;48.91968;2.4207
13442479700;43.84259;5.16747
13442755673;46.67837;0.84317
13443233782;42.68114;9.29982
13443602932;44.34617;1.79265
13446084080;48.92051;2.22276
13446767555;45.94677;-0.88907
13447667692;48.83586;2.17434
13448032887;47.05011;-1.26711
13448337413;43.57772;7.1202
13448571521;43.24226;2.11255
13448892697;45.73062;3.88082
13449000778;44.89707;1.47774
13451586428;50.62784;3.06086
13452351101;43.84996;4.77402
13452742953;47.78328;-1.44899
13453761637;48.84336;2.33579
13453761639;48.8432;2.33534
13455994804;47.74527;7.36627
13456264787;48.17787;-1.73409
13456438092;47.23712;-1.55348
13456438094;47.23466;-1.55581
13456521304;47.23748;-1.55397
13456521307;47.23708;-1.55251
13457658202;48.25534;7.39443
13457830771;42.29802;9.15342
13457830772;42.29809;9.15333
13458396936;46.18877;-1.06378
13458408873;46.07458;-0.99806
13458564442;45.05609;5.04596
13460282644;47.20712;-0.72908
13460322005;46.10945;6.59113
13460325716;46.10943;6.59108
13460717561;44.67985;4.26857
13461853927;43.44972;3.61434
13462272459;45.66333;5.08156
13462488751;47.20426;-1.50277
13462739873;48.18873;-1.54524
13462739874;48.18872;-1.54524
13464002501;45.37403;6.57244
13464072213;47.8699;1.87485
13464192211;48.56349;3.28124
13464666357;45.96243;6.14892
13466350496;48.99271;2.19613
13467923748;47.33272;1.18827
13468484219;43.67939;4.13074
13468746990;45.88955;6.78888
13470581506;44.4094;5.27033
13470640616;47.2075;-0.71639
13470958099;45.87434;6.08465
13472878598;44.89605;4.64371
13473267118;43.52099;4.96414
13473663930;43.40416;3.66245
13473940737;47.01155;0.11107
13473977242;47.23687;-1.55371
13473977252;47.23756;-1.55505
13473977262;47.23807;-1.5562
13473977271;47.23768;-1.55438
13473977276;47.23677;-1.55387
13474041419;48.19646;1.93673
13476012964;47.21654;-1.59262
13476425105;45.34177;5.97405
13476585001;47.97259;-4.0938
13476585101;47.97259;-4.09376
13481308916;45.03134;3.13169
13481332909;43.07867;1.37867
13481841568;45.48612;6.5311
13482221692;45.66496;0.79868
13482330561;47.99374;0.23563
13482391426;45.14199;5.73599
13484489028;47.34043;-1.52615
13484681802;43.23956;6.66125
13484729279;49.13724;2.23643
13495342004;44.49773;5.11384
13503700349;44.14668;-1.21972
13503857332;45.0454;5.04678
13504731523;48.58609;2.47335
13506810733;47.98027;-4.44951
13506840579;43.48546;5.41777
13506840583;43.48544;5.41768
13507217901;47.23769;-1.55549
13507693003;43.12315;5.87577
13508759051;43.31067;6.013
13509585654;45.04574;5.05457
13509585689;45.04572;5.05457
13511740446;47.30328;-0.44867
13512068005;-22.29744;166.43827
13514132766;44.56195;-0.02312
13514345104;48.24023;-3.25194
13515601697;48.16898;-0.29792
13515651281;49.15844;-0.29277
13518942010;46.34683;4.84938
13520556163;48.09423;-1.2968
13521045249;45.68318;4.64042
13522488796;45.50171;6.50932
13522625840;48.90014;7.1459
13522990302;45.52215;6.45544
13523712926;45.74351;4.88103
13524066237;47.93205;1.92098
13524371087;45.72258;5.93288
13524745037;46.1533;-1.14151
13524776779;47.23766;-1.55571
13524776787;47.2372;-1.5536
13524776790;47.23717;-1.55356
13524776795;47.23661;-1.55296
13525030940;42.64985;2.53288
13526303721;47.05172;-1.96677
13526571333;48.95014;2.17135
13526872690;46.19967;6.23715
13526982769;43.16058;3.16466
13528483428;42.99579;-0.80993
13529411411;44.37638;4.69989
13530243351;45.53214;6.47346
13531732057;45.16393;1.53372
13531870109;45.68008;4.12503
13531941209;47.85672;2.26716
13532253885;47.05245;-1.96818
13532649855;43.34445;-1.19675
13533690003;45.22132;6.22967
13533700603;45.22076;6.22957
13534641640;48.85477;2.36906
13534999066;50.17679;3.24106
13535252317;43.52463;4.70591
13536481207;47.47681;-3.12601
13538994145;47.9984;-0.14743
13539405797;16.04264;-61.56459
13539447630;16.04214;-61.56473
13540005961;43.45417;5.56286
13540604680;45.6598;3.94404
13540695751;47.36454;-1.60847
13540936486;47.26327;-1.67301
13541344030;14.67778;-60.93891
13541755633;44.72887;4.59148
13541800284;47.15552;2.34117
13542961771;45.47512;0.03209
13543281665;48.91544;2.36981
13543801271;14.60525;-61.07195
13545593653;48.8801;2.28221
13545962866;14.60277;-61.07506
13547292321;45.55085;6.45606
13547403124;49.14396;-0.38677
13551476941;46.34255;2.59898
13555853970;49.10079;6.17058
13556293922;47.15923;-1.55957
13564465215;43.49689;-1.46989
13564636993;44.80944;4.18947
13565433237;44.94107;6.72179
13565476836;44.86674;-0.57626
13565489698;14.59532;-60.99974
13565576473;14.59541;-61.00054
13565583629;44.8637;-0.56805
13565627912;44.52642;5.06524
13566113988;45.42989;5.82521
13566156001;46.5345;4.6839
13566940997;43.59376;7.09559
13567052594;42.61083;3.01086
13567129043;47.24907;-1.54814
13567129044;47.24797;-1.54626
13569116601;48.79984;6.74781
13569857074;48.96839;2.19401
13570131309;46.72324;2.50358
13570332998;44.13163;0.33548
13570554893;46.14156;-1.16809
13570554894;46.1597;-1.15124
13570554896;46.15127;-1.1503
13570554898;46.15504;-1.19006
13570554899;46.15831;-1.18094
13570598675;46.15759;-1.15073
13570598676;46.15301;-1.14989
13570598677;46.15301;-1.14995
13570598681;46.14301;-1.12702
13570598682;46.14302;-1.12705
13570598683;46.14302;-1.12709
13572463618;47.78118;-1.44225
13572844432;46.63265;0.92378
13575337902;45.7482;5.20814
13575337903;45.74812;5.20833
13576142808;42.83469;3.04006
13577599780;49.00316;2.57426
13580042915;46.00383;6.92313
13581570901;43.54445;3.96991
13581590987;45.94403;-0.95776
13583325328;47.21189;-1.56921
13584549239;43.59554;3.92418
13586894338;43.23573;6.31017
13587088864;49.07111;2.55308
13587930645;48.42911;2.93199
13588160872;45.93956;6.10573
13588170542;48.68184;2.24
13590786887;45.74109;4.88339
13590829801;46.0317;4.64429
13590930944;42.55215;2.67441
13590941947;42.53793;2.62131
13590943005;42.52418;2.63176
13591009880;42.52611;2.67234
13592480639;46.14044;6.14524
13592889136;45.30312;5.0073
13593048357;43.44852;6.19407
13594938150;45.15811;6.6642
13595228354;48.21023;1.16545
13595396361;-20.9065;55.608
13595396879;45.74483;4.31081
13595523271;43.53074;3.92958
13595751841;45.23952;6.2313
13595909873;44.37549;4.64335
13596116221;43.55873;4.08329
13597830156;45.14529;6.65942
13598529501;48.64864;7.75412
13601829156;47.60429;1.1395
13602524991;43.57848;3.95986
13602524992;43.57908;3.95834
13602667412;45.76319;3.0622
13603260251;45.89247;6.07854
13603285943;48.86643;2.77539
13603285944;48.86421;2.77428
13604324601;44.37078;4.64121
13604824714;45.25912;6.25385
13604866125;48.83641;2.29874
13605167665;44.52718;5.06684
13605178009;45.56284;5.49421
13605232942;43.44242;4.94239
13605337701;44.40961;6.35151
13605460853;43.48866;-1.47857
13605602066;44.71021;-1.05981
13605746437;48.60647;-2.03173
13605802916;44.68137;-1.01646
13606170571;43.9849;3.18356
13606287010;43.47819;5.53982
13606376667;49.15711;2.26226
13606380247;43.4302;4.94565
13607216434;45.95168;5.90353
13607284724;45.17052;6.64922
13607388539;45.76395;6.02944
13607499448;42.77559;1.92794
13607509421;44.41063;2.60323
13607801343;48.13619;-1.54043
13609313878;46.56803;1.99855
13609313885;46.56765;1.99767
13609342401;45.76521;4.877
13611281764;43.56726;-0.93066
13611506183;46.05939;6.36733
13611586300;45.36842;1.6923
13611586801;45.3985;1.64643
13611620306;43.84098;4.84145
13612087203;45.42618;1.71496
13612087204;45.34505;1.81368
13612087205;45.42189;1.80258
13612087206;45.46587;1.73148
13612585156;45.33455;1.94212
13612585157;45.21558;2.00459
13612610501;43.69213;2.42659
13614624751;45.23427;1.69749
13614624752;45.2404;1.78569
13614624753;45.2644;1.67769
13614624754;45.2135;1.64897
13614624755;45.21185;1.69176
13614624756;45.21381;1.69187
13614777392;44.7826;1.90579
13614864987;45.34226;1.6859
13614864988;45.35243;1.63797
13614864989;45.30984;1.63807
13614888359;16.19398;-61.59541
13615455990;47.93176;1.9235
13617441201;47.62044;-2.91895
13617617252;48.0476;1.69525
13617743765;48.81415;7.79016
13618484245;43.65655;7.17398
13618495081;43.59966;7.12174
13618502724;43.65492;7.15966
13619906959;45.53465;2.14558
13620801882;45.75225;4.84634
13621174636;47.50294;6.17743
13622181384;46.8523;-1.0059
13622181385;46.85244;-1.006
13622397418;43.89902;4.80421
13622414908;43.89917;4.80478
13622832536;45.77638;4.80552
13622845840;45.87787;4.83842
13622858952;45.81088;4.79795
13623153709;43.20673;2.30963
13623511508;47.50332;6.1783
13623519831;47.50278;6.17707
13623519832;47.50267;6.17765
13623825684;49.55472;-1.74235
13624791098;45.34794;4.56936
13624840031;43.61144;1.45084
13625022655;46.1074;4.74378
13625183754;47.26096;0.406
13625636334;49.06781;1.29507
13626499960;43.29564;5.36133
13626577913;43.58809;1.43058
13626631501;46.72508;-2.34729
13626816257;47.2813;1.1114
13626886764;47.29252;0.78827
13628841093;50.34154;1.55042
13629347678;47.22316;-1.6314
13629420700;45.69706;4.89566
13630916981;42.69482;2.87862
13631243626;47.24796;-1.55589
13631243628;47.24777;-1.55574
13633515489;47.0858;2.19657
13635164847;48.89523;2.35959
13637581396;47.24735;4.56629
13637615609;48.06885;2.05338
13638405366;48.58551;2.30358
13638476201;45.14527;5.12234
13638766808;43.76155;6.21183
13639137338;45.36716;5.59241
13639473337;49.28235;-0.18981
13639772188;16.12842;-61.76933
13640402445;47.23668;-1.55337
13640402451;47.23745;-1.55392
13640447496;48.02466;6.5803
13640447498;48.02443;6.58407
13640447499;48.02335;6.58342
13640453277;48.02471;6.58048
13640472332;47.96359;6.83303
13640472335;47.96256;6.83586
13640472336;47.96344;6.83285
13640472341;47.97157;6.86659
13640493601;44.69528;5.29885
13640498003;48.02452;6.58389
13640715986;43.66465;7.14944
13640982951;45.8329;4.71774
13644931953;43.84561;7.19836
13645125869;44.90695;2.44914
13645125871;44.92806;2.44307
13645134363;49.19805;2.20695
13645188539;43.83178;6.95199
13645214334;43.81015;7.31424
13645214335;43.80872;7.3162
13645435712;47.03819;-0.89979
13645435720;47.03772;-0.90008
13645445726;48.00517;6.71613
13645445727;48.00516;6.71606
13645502680;43.37645;0.83555
13645598733;46.60147;1.9039
13645704383;45.01585;6.16499
13645734122;44.99761;6.2044
13646300257;50.14241;3.25506
13646368174;46.91038;6.33606
13646958580;46.18913;6.75545
13647112293;48.00768;-0.81744
13647205277;47.2381;-1.55383
13647205278;47.23795;-1.55453
13647205282;47.23804;-1.55438
13647268735;48.4804;-2.34717
13647362794;45.64825;5.6214
13647428887;44.99753;6.17192
13647923260;48.5069;-1.24366
13647928323;48.99334;2.09866
13649412401;49.10021;6.16946
13650231901;46.50374;4.88553
13650304021;47.23196;-1.55422
13650520612;45.76898;6.57458
13650540918;43.38198;0.8373
13650970919;48.01524;0.15424
13651954677;46.14083;1.03474
13651954678;46.12451;1.06109
13652154048;42.52726;2.83723
13652187423;44.69805;5.19768
13652507356;45.43268;4.39939
13652509965;48.10343;-1.71846
13652791271;47.63683;2.36117
13653188172;46.19531;6.75218
13653254383;46.851;2.0239
13653644699;48.97783;2.87187
13653736156;46.78913;2.04877
13654031052;47.23252;-0.42928
13654236376;50.72141;3.10743
13654602902;48.13087;-1.64846
13655213502;46.08692;6.679
13656611972;43.47723;6.22505
13656668786;47.91236;3.35904
13658348727;43.29031;5.86217
13658543218;45.16799;1.56271
13659186315;43.61711;1.08972
13659425730;44.55841;6.08031
13660954305;45.48071;4.52633
13662024646;48.71976;4.58091
13663327406;43.67369;4.63363
13663359965;44.38413;4.41783
13664122062;48.62733;1.82822
13664130140;47.14366;3.61802
13664178537;43.09509;0.70421
13665212724;43.5582;1.44626
13666324801;43.74149;6.90102
13666457521;45.72239;4.7602
13666755380;45.7259;2.82503
13666928372;42.73039;2.06955
13666942086;48.89992;2.27029
13668801598;44.90795;0.18381
13668934329;44.17106;4.15586
13669018977;46.21379;4.72054
13669207950;45.4815;-0.40486
13669245668;48.8919;2.30413
13669250827;44.8174;4.59773
13669455936;43.65783;-1.30611
13669455940;43.65783;-1.30612
13671357694;46.67664;5.54186
13671474310;43.52103;1.40808
13671861607;44.45803;3.92847
13672154828;48.95953;2.34134
13672672178;49.90925;1.07823
13672905100;48.80128;2.35771
13674651503;47.6787;-1.45219
13675340705;50.52052;1.57946
13675344211;50.52061;1.5795
13676136501;43.56127;1.4706
13676156003;43.56128;1.47064
13678295206;44.88065;4.60576
13678295210;44.88043;4.60573
13679271327;46.21378;4.72053
13679659111;43.89733;-0.48001
13679688534;43.89485;-0.47907
13681151145;45.49631;4.90783
13681370204;46.66509;2.27884
13681834950;44.6763;5.92762
13682455262;49.10303;6.12934
13682831721;47.23792;-1.55413
13682831724;47.23788;-1.55413
13683567932;14.74776;-61.17812
13683949921;47.59273;0.91696
13684169503;48.54265;-3.13525
13684170125;48.14397;-3.60785
13684191820;48.57859;-3.18426
13684362011;-20.90905;55.47954
13684362044;-20.90907;55.47952
13684640276;43.64761;-0.21911
13684710201;43.60562;3.92314
13684778499;44.60428;2.13498
13685003311;47.14133;2.21338
13685241626;47.23695;-1.50939
13685365542;43.48252;3.28017
13685453563;45.052;4.13441
13686122801;48.99176;2.29215
13686266381;47.15183;1.66218
13686502370;47.1534;1.66676
13686558939;48.80029;2.26766
13686622227;46.62714;-1.85421
13687091244;4.90552;-52.27695
13687880219;46.58428;-1.36522
13687908701;45.95896;6.45553
13688719600;48.01908;0.57122
13688910642;45.6353;4.8385
13688930257;48.13524;-2.22086
13688995555;45.05501;4.18561
13689056682;48.32748;4.10955
13689513411;43.58484;3.80114
13689674183;43.78833;-1.40197
13690641613;47.33141;-0.47659
13692415687;48.39454;-1.64938
13694067106;48.71445;2.20576
13696369400;45.27201;0.25728
13696438472;48.55008;7.32427
13697721815;43.54373;1.49108
13699109219;49.09276;1.48526
13699166654;45.50759;-0.28569
13699582993;45.86818;-1.06971
13700948317;43.85948;0.10232
13701009111;43.91929;-0.10717
13701579401;48.86173;2.29178
13702215828;48.77958;2.45696
13703112947;45.74568;0.38065
13703291529;43.65894;7.20562
13703291570;43.66163;7.20583
13703588574;43.31425;-0.26624
13703599895;48.56172;7.72774
13704217136;43.60768;1.43991
13704617783;47.55878;2.44944
13705389258;49.91906;2.26118
13706407500;46.11591;-0.21602
13707789075;46.48633;-1.75948
13708168561;48.0774;-0.7786
13708674294;48.50133;0.27366
13709626467;43.08763;6.07964
13710602307;50.6757;3.20231
13710654260;47.05824;2.39479
13710662712;42.5722;2.18311
13711360078;43.65188;1.32643
13711454904;47.89947;1.88626
13711750737;45.3618;0.6551
13712225484;49.37419;2.41308
13712490238;44.48511;4.37265
13713202072;48.24959;-4.49911
13713314202;47.61854;-0.46254
13713644601;47.90647;-2.12314
13714019101;50.55412;1.80412
13714218892;45.58581;6.24939
13714447409;42.96125;-0.26125
13715593931;45.06193;1.15969
13716009736;44.944;1.73292
13717228956;47.743;1.36369
13717310797;45.93565;3.01082
13717342106;47.29395;-2.54554
13720421379;49.52037;0.35237
13720953113;44.73956;3.7691
13720953138;44.7414;3.76784
13721570999;45.76636;6.30984
13722653617;48.3817;0.84798
13722664127;48.38109;0.85015
13722849383;44.31796;5.87366
13722961912;48.06152;-1.52243
13723204801;48.1965;6.47759
13723234402;43.55842;1.44655
13723481459;48.39354;3.11594
13723712774;49.08333;3.94249
13723838408;43.58739;7.12141
13723867894;46.13809;4.64128
13723901397;44.38832;4.70306
13724849918;46.41653;0.31171
13724857609;49.04;3.96916
13724971406;46.41966;4.86519
13724971407;46.41988;4.8651
13725191472;43.63956;4.9864
13725227736;42.5778;2.84671
13725227737;42.57805;2.84745
13725258557;43.21544;3.23269
13725305863;48.39445;3.11991
13725307233;49.0236;2.03182
13725358442;44.19633;0.03293
13725404161;48.07157;-2.96462
13725404170;48.07178;-2.96433
13725404177;48.07186;-2.96453
13725553881;46.7724;6.03557
13725990151;16.26617;-61.58233
13726134701;16.23741;-61.53658
13726955225;46.60303;4.63791
13727356756;-20.8814;55.45923
13727419810;43.09583;1.76069
13727740090;43.62912;5.11573
13727823301;45.66266;-0.1051
13727927580;43.35471;3.52618
13728731341;46.73483;0.95439
13729241801;47.99774;1.23647
13729339532;42.71486;2.08237
13730223120;48.29829;4.07981
13730397084;48.64588;-2.82052
13730492502;47.90289;1.23554
13730890071;46.98294;1.41675
13731728359;48.8554;2.73763
13732172151;47.58835;-0.35811
13732181851;43.18862;-0.60391
13732214668;48.40068;-1.04835
13732332702;44.8841;0.88757
13732627580;48.91248;2.29317
13732681925;48.91346;2.22826
13734017296;47.23828;-1.55364
13734018523;47.23813;-1.55337
13734443237;50.63672;3.15315
13734821882;46.42386;1.61317
13734857586;46.42401;1.61554
13734867749;48.90708;2.24852
13735828774;43.31944;3.55425
13736781523;45.18803;5.7408
13736784415;45.18813;5.74047
13736784416;45.18729;5.74121
13737269980;45.49484;0.74582
13737515802;43.96946;4.79866
13737991802;43.99742;3.67597
13738127343;45.00205;4.60447
13738658046;47.13623;-1.36523
13738658047;47.13623;-1.36521
13738728203;47.13147;-1.35496
13739127033;47.61608;0.47445
13739801101;47.65178;0.94089
13740536301;42.9574;-0.07536
13740817402;48.86194;2.34514
13740818701;48.89773;2.34406
13740931038;44.60735;-0.55564
13741866539;46.85789;-0.14342
13741987547;43.0825;-0.79441
13742111140;48.48903;-3.67242
13742116864;47.92549;3.59944
13742284102;47.89748;-3.96053
13742593260;47.02771;-0.28568
13742752514;43.66051;7.20579
13742752518;43.66137;7.2055
13742885595;47.88238;0.3048
13742970390;45.19343;6.65976
13743249920;48.21042;-3.02483
13743604601;43.60678;3.7852
13743650028;46.9052;0.0928
13743728138;43.1238;2.32242
13744618621;44.29303;0.06874
13744740779;46.26763;4.65128
13744804712;47.24261;1.34625
13745002444;48.83262;2.44344
13745632801;44.04221;6.14018
13745782388;47.37246;-1.97193
13746107212;45.87747;-1.26169
13746107217;45.85249;-1.24916
13746118016;45.20612;6.84593
13747639404;45.3614;-0.11684
13747931701;43.52005;6.14642
13748211590;43.5386;-1.48808
13748292786;47.62032;-2.91883
13749529357;45.37403;7.05292
13749529370;45.28544;6.883
13750579798;48.81264;-3.35816
13752488101;46.08486;3.98183
13752692391;45.57891;-0.54727
13753399805;49.46357;1.51428
13753515001;43.47144;5.49732
13755120204;48.84278;2.32759
13755155807;46.48729;1.94628
13755295778;46.49009;1.9412
13755354889;45.55048;0.90473
13755497601;47.04009;6.27471
13755732368;43.55707;1.38166
13757093661;43.52069;6.14624
13758098474;43.63439;3.87031
13758118262;46.96319;-0.21358
13758206915;45.82024;4.66133
13758661298;46.43388;1.82892
13758831225;48.04155;7.30479
13759000485;45.5983;3.64623
13759026363;47.2368;-1.60957
13759067641;46.43455;1.82611
13760470001;44.58107;-0.04145
13760760981;45.18076;1.45844
13762459571;49.49108;0.13088
13762757102;44.83632;1.06992
13763201901;43.64855;-1.42836
13763353861;47.46475;1.06162
13763416012;47.32097;0.91621
13763788808;45.56373;5.92367
13763991085;45.46048;0.02025
13764174541;44.04216;4.82234
13764534024;48.01195;0.26472
13764545329;50.68266;2.99234
13764830897;48.63237;4.94596
13765043904;47.93915;-0.14056
13765801235;43.54407;1.3896
13766041538;43.33236;-0.3621
13766049781;46.05736;6.58077
13766243901;48.54248;-2.72184
13766407402;42.13476;8.59651
13766601506;43.60529;1.43722
13766721298;46.51247;1.59631
13767260848;44.4519;4.14872
13767302913;46.39833;6.53077
13767447364;47.49601;0.63157
13767631366;45.57896;-0.54732
13767750287;46.50782;1.58347
13767779958;46.50676;1.58389
13768742801;45.50055;2.63131
13768744001;45.60682;2.68748
13769222367;44.00573;4.87578
13769582834;43.43393;3.43201
13769626201;45.1644;4.66314
13770170439;46.49913;1.53281
13770230872;46.49807;1.54246
13771043261;46.47925;1.60659
13771312312;46.47741;1.68254
13771331562;46.47678;1.68314
13771707499;43.63199;5.64376
13771955256;43.53266;6.11913
13772791304;44.55008;4.41472
13772884287;48.91038;2.23702
13773214732;50.52247;3.21769
13773696402;45.27638;3.10038
13773698199;43.4477;-1.55414
13773776001;45.26266;3.82728
13774023636;48.31537;-3.7379
13774033215;46.54481;1.7494
13774036324;48.31425;-3.73527
13774596801;49.29788;-0.30223
13774770802;43.63799;3.913
13774778773;43.77382;5.4415
13775552129;50.96617;1.84509
13775684538;46.45699;1.67256
13776036986;46.42645;1.61289
13776054003;47.7826;-3.64645
13779313520;43.10728;5.95063
13779391802;46.05201;5.98897
13779938357;46.44338;1.62593
13780578664;48.16423;6.30415
13780594927;47.33396;5.07059
13781153320;46.44594;1.58247
13781813601;48.90205;2.2749
13781998001;43.61607;7.04157
13784280002;46.43453;1.60982
13784433208;46.43372;1.61153
13784456401;43.34343;3.21193
13784485672;46.19067;-1.02506
13784521021;46.43208;1.61089
13784535860;43.61955;3.16305
13784570924;43.44757;-1.55449
13784570925;43.44755;-1.55448
13784606576;47.60982;1.378
13784609391;46.92744;-0.75854
13784619006;48.69978;1.98539
13784639834;48.53093;0.75199
13784665104;45.185;4.18382
13784672896;48.40057;-1.04808
13785630914;48.9323;7.6647
13785631246;45.65218;4.92646
13786581852;43.61201;3.86693
13786687014;48.85691;2.91047
13786857641;43.50937;3.36531
13786857668;43.50947;3.36576
13786939497;44.17929;3.74218
13787255748;47.844;-3.01319
13787467402;47.85925;3.15404
13787514739;46.04125;6.1608
13787615837;46.77547;-2.05849
13788093549;47.46926;-0.55625
13788135577;46.77721;-2.05562
13788446452;50.04467;1.32884
13789099401;45.66504;0.13898
13789267646;44.18803;3.13081
13789666782;44.23444;5.08928
13789691353;44.53206;5.81601
13789900916;48.88313;2.4802
13789939684;48.20517;-3.30538
13790183201;43.61364;3.83073
13790467456;47.26287;-1.43911
13791225429;43.09639;5.82042
13791323407;43.57033;5.35409
13792189091;48.46632;-3.74739
13792233804;48.33961;-3.64241
13793279622;48.93562;4.38358
13793337174;48.93504;4.38293
13793635292;45.48676;6.9683
13793708512;45.90385;5.17676
13793848769;47.1789;3.02339
13797842677;47.24992;-1.54733
13798056991;48.97347;-1.05946
13798077581;47.73502;-3.49918
13798101377;47.76692;-3.55578
13798534128;43.64195;3.69524
13798683777;43.70406;3.5602
13798867714;47.39559;0.69276
13799127062;48.70653;1.98853
13799251514;45.82503;4.76147
13800785886;46.11012;-0.07719
13801056121;46.56864;2.18693
13801666656;48.44642;1.77981
13802266929;48.77956;2.38381
13802266930;48.77955;2.38379
13805413770;44.72751;5.02487
13806268363;45.79075;4.61121
13806341001;43.258;1.20301
13806598105;46.58867;1.51837
13806694760;46.58756;1.51967
13807089197;41.92152;8.74004
13807183130;50.63379;3.06945
13807842207;46.58992;1.52019
13808015653;43.25802;5.38765
13808065775;48.98079;2.00586
13808375129;45.20417;5.76602
13809573899;47.97358;3.1982
13810469070;47.00674;-2.23298
13810469073;46.99155;-2.24734
13810469079;47.00248;-2.23643
13810582213;46.90424;3.83046
13810852601;45.64099;4.23712
13811118638;45.08253;5.73418
13811453150;48.07026;0.58536
13811687504;46.38767;5.88469
13812196679;49.15311;2.44138
13812250526;45.05455;3.90095
13812830720;47.23562;6.07842
13812840540;47.23518;6.07995
13813756738;47.01006;-2.23169
13814507744;49.20139;-0.33763
13816047953;43.28874;2.76594
13816214674;45.50379;2.90756
13816255112;45.82326;1.30412
13816615451;46.55279;2.94284
13817911288;45.06313;5.30268
13818211576;47.98516;-1.93289
13818216092;47.48135;1.18901
13818461903;48.0327;-3.49058
13818483306;48.20947;-3.01337
13818642794;47.79591;3.57026
13818757865;47.32596;-0.05549
13819048846;48.88361;2.32842
13820347301;44.98583;4.68701
13820361744;46.52358;4.16445
13820579918;43.80104;7.27061
13820903844;44.47373;3.77448
13820904562;46.10888;2.69514
13820924735;46.11365;2.69041
13821023979;50.61592;3.04556
13821311555;47.24874;-1.55572
13821311557;47.24879;-1.55556
13821463426;48.71657;2.19716
13822043592;46.44585;1.58272
13823529632;48.03337;-0.70451
13823995118;48.68889;-3.69994
13824450748;45.66899;0.16551
13824797216;44.54549;2.41081
13824993706;43.24454;2.11514
13825100143;48.45675;1.90816
13825103780;49.33703;-0.46473
13825112319;47.24588;-1.61228
13825112322;47.24551;-1.61279
13825112324;47.24554;-1.61278
13825185260;42.73037;3.03724
13825195579;42.8117;2.50585
13825207052;42.69602;2.8797
13825207053;42.72767;3.01627
13825378146;48.86166;2.43095
13825474001;48.75588;-0.40085
13825597848;46.63004;3.73631
13826033062;46.95356;5.71938
13826793060;44.69594;5.89251
13827413216;47.32107;0.77176
13827420001;48.76711;2.41396
13827436452;47.34102;0.61344
13827436478;47.34763;0.66615
13827436479;47.35039;0.66245
13827569702;49.48525;0.11658
13827746001;41.95548;8.80165
13827838139;48.67992;2.02501
13827925411;46.27749;4.03575
13828334901;46.27748;4.03578
13829935765;48.61231;1.68539
13830297418;47.25756;-1.51247
13830380354;48.48023;6.30551
13830384507;48.69623;4.63048
13830413669;48.06394;-0.80812
13830676269;44.97197;-0.14097
13830829359;46.74473;2.45821
13830849979;45.43123;-1.036
13830868314;46.71615;1.59468
13830927095;47.06966;2.37548
13830979601;48.27496;-4.59237
13831029061;44.77949;0.69664
13831974237;46.43003;2.11833
13833806601;46.94792;1.98918
13833869501;48.10846;-0.71906
13834371032;47.81939;1.6799
13835092852;46.52212;4.16528
13835129622;47.28029;-2.38176
13835136309;47.26357;-2.34395
13835143996;47.24182;-2.31168
13835310300;48.52112;-2.78273
13835518301;47.01466;-0.1851
13835593204;45.74295;0.38278
13835941106;47.01306;-0.18507
13836326701;48.75453;1.95525
13838843862;43.47506;-1.45841
13839269001;47.84935;1.94218
13839329567;46.73369;1.55792
13839475389;46.57088;-0.02071
13839491922;47.40993;0.68395
13840020400;46.14512;-0.21822
13840177252;47.96772;6.44735
13841327803;45.3908;4.57363
13841416902;43.69195;7.29095
13841436175;45.44651;4.40515
13843644991;43.35294;-0.37246
13843814151;47.38806;-2.95347
13844223135;43.8804;4.58884
13844242926;43.4483;6.19392
13844329181;45.17345;5.72921
13844425494;47.31386;2.25813
13845681217;46.46898;5.6895
13845681231;46.4695;5.68868
13846191158;42.60321;2.5954
13846843464;42.54048;3.04755
13846843650;42.53702;3.05264
13848619278;43.95629;4.80504
13849507904;47.70412;1.50716
13849871104;50.7658;3.0067
13850490157;46.1185;6.10524
13850490160;46.11929;6.10567
13851549421;46.86614;3.64353
13851823401;50.10207;1.44545
13853068979;43.76065;-0.03255
13853092007;45.43217;3.60861
13853225017;45.19337;5.76805
13853225018;45.1934;5.76805
13855596149;46.78979;0.1825
13856038144;48.07119;-0.77633
13856325367;45.7057;5.75427
13857405521;46.33628;5.62667
13857507601;45.97787;6.15787
13858155779;43.56418;4.10301
13860133792;44.80486;5.04158
13860313227;47.522;1.24586
13860394965;43.2396;1.8409
13860560424;47.94474;-0.91282
13860664393;47.94787;-0.91086
13863521849;43.61068;3.48379
13865000538;48.9702;7.98829
13865857310;49.11061;6.18368
13865881694;49.10405;6.15915
13866005501;47.36934;3.12384
13866439201;44.08472;1.0305
13867106623;45.3263;5.1214
13869082796;46.94692;3.06839
13870709489;50.93917;1.87663
13870811485;45.15803;5.72989
13871449201;43.99905;0.75703
13871701812;43.62411;4.52888
13872327710;48.2673;2.69299
13872780203;43.25136;5.4201
13873223312;44.67698;2.27528
13873223318;44.67697;2.2753
13873586854;45.00936;4.39622
13873722084;43.42034;6.85705
13874010570;48.75996;3.22231
13874399618;47.85925;-3.77067
13874440266;48.57302;7.76169
13875442360;46.76983;2.17501
13875618485;46.76943;2.17113
13875739301;47.32775;0.99198
13875808043;47.26496;-1.43951
13875901059;44.47491;4.13543
13876593922;45.57756;2.94278
13876711624;45.3934;2.87987
13876739845;45.56925;2.80204
13876881777;45.90392;6.10846
13877614905;48.87941;2.30608
13877877405;42.89637;0.06438
13879120247;48.15448;0.03039
13880697010;46.26467;4.36825
13881294310;46.22199;2.88364
13881467180;46.18014;4.75047
13881467181;46.18235;4.75365
13881552359;43.72664;5.54928
13882600038;48.71677;2.54151
13882600041;48.71591;2.54292
13883440001;47.41185;0.80767
13883553810;45.77159;6.13256
13884689028;42.73364;3.0367
13884698233;44.08786;3.29704
13884929325;42.48373;2.67231
13885175634;46.65693;3.20556
13885824047;44.98838;0.88865
13887359951;45.90334;5.76156
13887423535;46.35046;3.79438
13888148420;45.92478;6.40275
13888420194;49.56898;0.95377
13888425724;44.07064;7.16793
13889049814;44.13321;4.80799
13889093406;46.29124;4.30762
13890969801;45.44021;5.59537
13890991728;50.266;3.15362
13890991729;50.26509;3.15547
13891362201;48.9323;7.66472
13891641310;48.66001;2.57913
13891767190;44.54982;6.47946
13892283282;46.29011;4.31725
13893187343;46.29109;4.31233
13893187346;46.29012;4.31725
13893221651;47.11308;-2.09433
13893597622;47.6996;6.63247
13893749318;47.04876;-1.9616
13893749319;47.04323;-1.95312
13893972712;47.99161;2.73405
13894093301;46.40189;5.10961
13894457401;46.40188;5.1096
13895390965;46.65655;3.61086
13895423201;46.67587;3.42299
13895546123;46.94755;5.87524
13895641775;43.17246;5.83117
13895644401;49.59866;-1.30124
13895842603;46.29659;4.72464
13895917230;42.99131;1.19882
13896121369;43.88588;-0.50307
13896181606;45.73795;0.38553
13896291834;43.8859;-0.50311
13897131301;45.64874;5.18402
13897135201;45.64874;5.18401
13897241444;47.43312;-1.2294
13897582094;47.22;-1.53623
13898351185;46.85579;2.31889
13898824403;44.74071;1.1957
13898941885;47.37851;-0.60767
13898965050;46.78126;4.74093
13899091901;50.69661;3.07738
13899266519;47.45824;2.65074
13899394372;43.56129;2.97318
13900806931;42.31563;9.54568
13900863740;48.58828;-0.65165
13900924534;48.0645;-0.83239
13900935899;47.25875;-0.0632
13901052178;46.63889;-0.26412
13901085180;45.9293;-0.95673
13901117158;47.51661;0.64809
13901433227;45.54118;-1.0944
13901437548;48.97487;2.04948
13901496117;45.06391;-1.13769
13901506077;44.8481;0.62588
13901536402;44.65128;-0.97965
13901536404;44.6513;-0.97892
13901579072;44.35194;-1.11064
13901647439;43.85537;-1.38676
13901680077;46.98038;-1.31742
13901718702;45.30805;2.18029
13902371329;44.19593;0.03299
13902825381;45.53641;5.58463
13903978033;47.18161;4.05266
13903978037;47.18159;4.05225
13903978061;47.18121;4.05249
13904372567;47.18524;4.07291
13905084501;44.85328;0.0644
13905720642;50.6367;3.08723
13906478537;45.05166;3.88425
13906683289;47.20385;-1.55824
13907032815;46.8831;2.56533
13907169422;46.88507;2.56223
13907747616;46.57556;5.96421
13908086506;43.21417;5.337
13908992110;47.54268;0.83699
13910649840;47.24683;-1.54644
13911736811;48.77838;2.45624
13911863487;50.77049;2.30086
13911884057;48.87654;2.7045
13911884058;48.8801;2.70654
13911893501;49.469;6.23627
13911937574;48.88015;2.70655
13912068963;42.78623;3.03742
13912118084;46.95263;2.73734
13912264000;43.33102;5.05854
13912306844;43.32965;5.05659
13912383192;47.79858;3.57222
13912584161;47.08072;2.73042
13913008715;45.15926;1.52514
13913008716;45.15947;1.52488
13913250550;46.37551;0.88233
13914422705;47.65081;-2.08537
13914560257;48.85917;2.31957
13914739871;45.90425;6.12729
13914773022;45.56301;6.69271
13914881223;45.56291;6.69117
13914881290;45.56401;6.6918
13916815248;49.22534;6.15636
13917040501;47.88372;6.99812
13917071635;44.50899;2.88375
13917095464;48.11808;-1.60186
13917289843;47.75183;0.68725
13917693055;45.74457;4.85338
13917907717;44.0096;5.91676
13918154434;42.53098;2.51926
13918174394;48.90335;2.46328
13918316356;45.48461;4.07854
13919455568;47.56345;-0.42603
13919556461;43.75699;0.30212
13919613180;44.37743;4.69815
13919614196;43.62854;3.81746
13919618948;44.37733;4.69635
13919689182;43.79588;0.14402
13919787135;45.89215;6.25338
13919898745;42.31515;9.54359
13920426556;50.13011;3.40156
13920426582;50.12747;3.3983
13920795334;50.88125;1.65496
13920813294;50.88315;1.6569
13920878518;50.88053;1.65302
13922038701;47.48312;2.89562
13922289369;43.47481;-1.49921
13922441344;43.49025;-1.4993
13922479490;50.75171;2.76091
13922494503;50.75176;2.75946
13923191714;44.93394;6.20316
13923970842;44.35206;2.56249
13923970843;44.35214;2.56199
13924502454;43.61323;1.34936
13925828701;45.73971;0.24155
13925852570;50.46321;2.12699
13926084791;43.48527;-1.5023
13926387044;47.47831;-0.558
13926661651;48.61681;2.35126
13926707810;43.38542;2.62049
13926906407;44.31399;4.94997
13926917321;44.05697;5.12576
13926917323;44.38464;4.99174
13926921712;47.45728;2.64645
13929453101;43.49155;-1.47946
13929628201;47.32682;5.00622
13929643311;48.80525;2.51071
13930856280;47.61668;5.51312
13931501287;45.74125;-0.60228
13931513173;49.03585;2.08081
13931513174;49.03586;2.08079
13931615801;48.55294;-0.42124
13931626869;45.77343;4.80077
13931858770;46.96307;4.83523
13931983814;48.77352;5.17354
13931989311;48.77356;5.17365
13934888667;47.65105;-2.74534
13934925482;47.48932;2.44105
13935078308;43.85929;1.50638
13935102106;48.65369;-4.30065
13935102107;48.65373;-4.30066
13935166052;46.61344;1.29573
13935176974;47.48279;2.45907
13935254557;48.65476;-4.30236
13935291188;48.654;-4.30156
13935446931;45.29623;5.76914
13935455673;48.86422;2.32987
13935557976;48.04941;7.20775
13935653601;45.985;4.38263
13936553601;45.98545;4.43843
13936852901;49.27514;1.72301
13937867530;45.65199;0.97573
13938874065;45.95462;1.75682
13939125144;50.27329;3.10589
13939144744;50.27325;3.10599
13939261148;47.56014;-1.04247
13942262078;44.83809;-0.59069
13942477709;50.00524;2.6622
13942580632;44.27807;0.8811
13943314301;44.65018;4.32334
13943331635;48.46639;3.4309
13943664586;48.85943;2.34226
13943664587;48.85909;2.34216
13944003328;44.02423;5.95799
13944003346;44.09149;6.23068
13945623243;48.59389;-4.13761
13945646501;45.13206;3.98571
13945938229;45.65659;0.13897
13946124556;50.17417;3.22529
13946221219;47.57842;1.3467
13946408053;46.29423;4.30254
13946408054;46.29426;4.30254
13946729967;49.92076;2.30253
13947227078;48.86422;2.32987
13947420698;45.42994;5.82521
13947447092;44.23613;4.71277
13947706420;43.36525;-1.39641
13947950041;48.41694;2.73437
13947984757;43.48926;-0.5429
13948379650;43.04946;2.22181
13948385988;48.38506;-4.4933
13948385992;48.38511;-4.49165
13948469530;45.57225;5.42987
13949031168;44.28785;4.56502
13949309117;47.17784;-1.46961
13949337821;43.36908;-0.58471
13949585002;45.6089;0.46887
13949664537;45.18728;4.29752
13949694868;43.22962;-0.3868
13949969742;44.37146;4.64375
13949969743;44.37148;4.64377
13949969748;44.37552;4.64336
13949969749;44.37081;4.64121
13950029501;50.62612;3.07731
13950732467;48.41696;2.73437
13952239170;43.62595;3.82133
13952401345;-21.24845;55.47034
13952915220;43.48205;4.14618
13953353756;45.18376;5.77342
13953354578;45.90586;6.69588
13953666007;50.67061;3.14677
13953672201;44.27235;5.81315
13953854973;43.49238;-1.47129
13954055746;47.82802;-0.70774
13954167385;43.5295;3.51914
13954265685;44.5812;2.06944
13954328385;44.1044;7.40048
13954381701;49.46849;1.11145
13954580235;47.21562;-1.54973
13954805246;43.08978;-0.41033
13955193393;48.66193;2.57898
13955228141;50.96193;1.82675
13955459701;46.8771;0.50839
13955851789;43.57988;7.05332
13955918172;43.70904;7.26972
13955982546;45.21442;5.86243
13956946600;46.78267;0.18675
13956985025;47.10685;5.87611
13957493918;49.41921;0.23716
13957494966;46.41159;-0.17342
13957540746;46.4122;-0.17752
13957543888;45.45833;6.86108
13957556518;45.45833;6.86089
13957991493;43.19514;5.80632
13958152313;49.43437;1.08906
13958152314;49.43386;1.09072
13958718018;45.85861;6.66229
13958808289;45.7665;4.80678
13959179328;48.18353;6.95882
13959273173;45.51444;6.69727
13959875972;47.81346;5.45497
13959955883;49.36605;0.48644
13959982909;49.36645;0.48676
13960184091;43.08041;0.67118
13961690389;43.60075;1.43364
13961883767;43.40747;6.06614
13961998801;47.44676;1.34404
13962548898;48.02123;5.06041
13962779601;49.23623;6.0751
13962798938;49.37612;-1.42421
13962821419;43.52272;5.44545
13962825205;44.48062;6.80817
13962831946;43.33785;5.4114
13963977166;43.17052;2.58088
13964187435;43.80392;7.40338
13964212160;47.60419;-1.53122
13964412801;45.15908;2.787
13964986041;45.74618;4.78984
13965178023;45.20167;5.46071
13967901919;47.49665;0.62907
13967920925;47.5748;0.31305
13968122952;46.19224;2.239
13968229062;48.96988;2.3632
13968291671;48.03522;-0.38691
13968298636;47.59952;-1.45221
13968309420;45.89159;4.82181
13968412259;48.68709;6.92806
13968524968;47.73309;0.51369
13968871824;45.79761;6.36407
13969959064;44.36884;4.64728
13970086055;48.58985;7.77634
13970160175;48.58975;-1.59169
13970754601;47.28484;2.57623
13970849101;45.76712;4.6515
13971040035;43.99506;3.09711
13971125342;45.34334;6.35692
13971187910;45.61794;0.44385
13971190834;45.77989;0.65496
13971839956;46.96128;4.81529
13971950802;45.56943;0.56037
13972107872;47.81829;2.84401
13972110409;45.69472;5.52803
13972325176;49.08931;-1.07264
13972388901;45.8563;6.79944
13972963676;47.10018;6.12766
13973002346;49.35411;0.0562
13973092418;50.29753;2.80379
13973766548;-20.89338;55.53655
13974709665;43.44443;3.61511
13974709666;43.44418;3.61603
13974821701;46.49357;-1.7794
13974880126;42.48093;3.13293
13974924461;50.62893;3.04318
13975135721;49.41457;-1.17581
13975284741;47.39699;4.65158
13975316960;45.28547;6.87576
13975554005;47.49566;-2.7991
13976349825;48.85061;2.37367
13977003465;46.94625;1.99194
13977279782;43.88326;7.35947
13977545075;47.29897;2.51691
13977663295;47.76441;2.0224
13977696437;47.71278;2.21264
13977711181;47.64509;2.05843
13977736503;47.68403;1.78291
13977905454;50.00804;4.06321
13978146301;45.1843;1.2554
13978614177;48.64356;-2.42634
13979830370;45.55497;0.27652
13980147748;47.5987;-2.84252
13980252648;47.56449;0.34281
13980333770;46.94981;1.99651
13980450501;41.59128;9.27873
13980794718;47.47896;6.73321
13981467901;48.6184;2.34797
13982415052;45.87853;6.098
13982441098;43.48644;6.18637
13982882030;48.9508;2.48717
13983245158;47.51768;-2.3027
13983287701;45.77721;0.55268
13983747592;48.81895;-3.01655
13983889032;46.31705;2.95587
13983951801;48.84549;2.36347
13984715555;49.11901;6.1864
13985033102;45.98912;6.75314
13985920476;48.07615;-0.75991
13985947039;46.05127;2.38754
13986197001;47.92147;0.21803
13986422895;47.32685;0.9919
13986476302;47.92184;0.21851
13986643754;49.28923;-0.11406
13986725279;46.6254;1.97519
13987383491;49.03088;7.76857
13987425901;44.55164;4.28066
13987606793;50.6146;2.98936
13987606794;50.61465;2.9897
13987797598;47.04226;2.02864
13988332343;47.08502;2.04581
13988716251;47.08544;2.05083
13988767638;16.24235;-61.33996
13988877502;47.93863;0.21044
13989946602;48.45374;-2.7471
13989946701;48.52115;-2.78232
13990032891;46.85573;6.15809
13990241401;47.3563;-2.36922
13990251101;47.29199;-2.39854
13990321303;47.88428;1.77335
13990434102;48.59067;-0.36808
13991123471;48.2512;-0.36595
13991196011;42.87172;1.57064
13991661087;47.5494;0.24111
13991763331;47.96922;2.09107
13991935231;46.1621;6.23429
13991958107;48.57914;2.43538
13992020001;48.26967;7.3995
13992415385;48.88329;2.23345
13992420310;48.84661;2.34053
13992431350;45.9471;6.63981
13992431379;45.94816;6.63909
13992571774;47.72172;-1.36962
13992571782;47.71949;-1.37388
13992682349;45.05453;4.74677
13992682352;45.01101;4.7022
13992976780;48.63482;-3.92936
13993374845;45.04906;4.98436
13993374848;45.06128;4.91447
13993441613;48.74504;2.28554
13994349208;48.0206;-1.65218
13994494122;48.03112;-1.75654
13994628116;45.70036;1.0952
13994628117;45.70036;1.09521
13995115235;43.49055;2.95776
13995199083;45.6448;3.25007
13995285241;48.76249;2.30449
13995489431;43.87454;-0.19971
13996075701;43.31582;-0.86866
13996159684;45.5392;6.72339
13996275748;45.66701;2.9919
13997049233;44.36859;3.52481
13997101523;49.06979;0.08196
13997170258;47.39815;-0.31489
13997188199;47.74529;2.74942
13997371755;48.57731;-4.02996
13997496165;46.95993;-1.32499
13997517643;44.56787;-1.07979
13997944075;49.4321;0.81846
13998215346;48.12425;-1.86584
13998324601;48.30686;-1.67245
13998538253;45.9063;6.7007
13999545129;44.71364;-1.05323
13999572965;49.17185;0.78678
13999728141;48.15899;2.3313
13999754201;46.21995;5.24576
14000579315;46.24566;6.02341
14000579316;46.2448;6.02161
14000814539;48.73794;-0.02496
14000815587;47.99487;0.20327
14002047693;49.25083;-1.2716
14002067901;43.40697;5.0568
14002319845;46.61813;5.70102
14002511871;46.51668;0.56476
14002520754;46.5089;0.63615
14002604871;47.88438;1.83874
14002663590;44.93267;4.48695
14002692728;46.93256;4.04796
14003177717;45.7505;1.93716
14004017673;48.63957;-2.0635
14004165095;49.5885;0.28191
14004311489;47.49144;2.43825
14004422476;50.52316;3.17327
14004440438;51.00478;2.1017
14004574901;44.74513;-1.17599
14004671103;45.88822;-1.20088
14004796997;48.0014;6.2646
14004847401;45.42719;1.13934
14004879172;42.54551;2.3881
14005002090;48.16844;-3.77506
14005945036;45.87474;6.68565
14006021404;46.26348;4.8871
14006038116;47.21926;-1.54819
14006059302;44.95598;3.22302
14006061101;44.90167;3.08621
14006231332;50.64666;3.02253
14006267180;48.27983;-4.59099
14006374931;43.5482;4.18012
14006435411;42.47424;2.07944
14006450500;44.48427;1.84551
14006479888;45.956;6.63894
14006518538;46.48114;3.97846
14006594149;45.94164;6.88497
14006594159;45.94493;6.89302
14006619101;48.62274;-4.26138
14006823143;48.97227;2.51438
14006853401;43.4837;6.93367
14006855203;43.48466;6.93456
14007244138;48.27946;-4.59809
14008004019;45.77502;4.93389
14008052785;46.43069;0.26288
14008123206;46.28994;4.33197
14008123207;46.28996;4.33196
14008174850;45.89791;6.71103
14008361871;43.55068;3.22276
14008366198;50.65694;3.02025
14008434901;43.46725;-1.57189
14008546801;45.73773;1.73449
14008651117;49.04171;3.95639
14008663318;45.33062;6.55484
14010829627;43.98822;6.90843
14010839301;46.33151;4.61401
14010839603;46.33676;4.61425
14010842801;43.97423;6.91877
14010856401;48.5931;-4.59637
14010865647;44.4073;4.42954
14010890219;47.27817;-2.43385
14011089705;48.44807;1.48608
14011133248;45.98792;5.04403
14011133250;45.98798;5.04409
14011133251;45.98796;5.04395
14011262769;45.98802;5.04401
14011373868;45.29974;4.80763
14013855351;47.54901;1.53713
14014034795;44.97689;1.84161
14014036138;43.71093;7.09205
14014187342;45.67332;6.38347
14014205522;44.95219;0.22631
14014263253;44.94556;0.18632
14014337401;48.22515;-4.50595
14014385590;43.46046;1.11168
14014423767;47.84597;-3.54874
14014429355;45.66819;5.89415
14014538257;45.2849;2.6581
14014607844;49.04184;3.95664
14014621301;48.22511;-4.50593
14014630222;46.155;2.83675
14014824024;48.85497;2.22066
14014918788;45.64232;1.82531
14014937468;44.04714;2.88747
14015032068;44.71921;4.36055
14015166001;-21.16699;55.28928
14015483024;48.54264;-4.71712
14015720779;44.34924;2.57445
14015764833;44.89523;2.39809
14015847031;47.99035;-4.12045
14016472934;46.23365;4.33086
14016792774;43.20099;2.35213
14016810395;43.20113;2.35388
14016811647;43.20041;2.35513
14016837224;49.02129;-1.54072
14017028401;45.59673;2.8502
14017498402;45.80442;2.98707
14017641399;45.78761;5.45334
14017822830;47.2624;3.19071
14018031691;44.961;3.54808
14018032174;47.32304;5.02796
14018128373;46.95638;4.30459
14018639427;45.45929;6.73942
14019420625;50.33967;3.09627
14019564699;50.61523;2.967
14019598608;47.09402;-1.61093
14019681149;47.7588;-2.85482
14019805503;46.82134;-1.65028
14019890817;46.02614;0.5121
14019919394;47.23867;3.25125
14019935001;44.56323;6.08761
14020072301;48.44211;1.50656
14020078513;47.17741;3.0167
14020761391;-20.90005;55.51866
14020849001;45.99853;4.17766
14020861144;44.11404;3.89208
14020861145;44.11351;3.89305
14021357675;-20.89145;55.51182
14021827439;43.13885;-0.58926
14022002787;43.47425;2.55269
14022027801;49.28932;-0.25789
14022046360;49.699;0.2818
14022094286;43.72342;0.81438
14022367547;47.22787;6.03518
14022561876;44.85432;0.56412
14022587495;47.95832;-2.71327
14022635904;47.89419;1.89336
14022889481;48.97188;1.84831
14022939145;47.29329;1.32886
14022975729;47.46806;-1.76757
14023793601;47.24926;1.35117
14023815001;48.68954;-4.16023
14023844637;48.09744;-0.88737
14023989053;46.65902;-0.23841
14024023591;43.93099;5.71355
14024426396;44.85473;0.40209
14024900773;43.69997;6.03721
14024955101;49.92236;2.309
14024955102;49.92406;2.30892
14026332501;49.47072;-1.63395
14026477502;49.34454;-0.51484
14026554831;48.95146;-1.52677
14026580695;46.50609;2.62997
14026699802;45.76073;3.08328
14026723742;45.14577;4.7087
14026745609;50.3939;3.05481
14026857348;48.85348;-1.58176
14026872049;49.67557;-1.80078
14026874153;49.37494;-1.80296
14026904810;45.67418;3.90223
14026904820;45.67395;3.9054
14027158801;45.43606;6.27672
14027184901;44.98315;6.47008
14027203571;44.18779;0.80045
14027392087;46.66892;3.2538
14027436294;45.16911;5.4142
14027607366;46.35263;4.01049
14028302851;47.17645;3.62017
14028384917;42.5572;3.03148
14028390561;48.46187;7.48609
14028479056;44.79306;-0.46813
14028620201;43.47139;0.66401
14028629643;47.13877;3.03532
14028642150;47.0583;3.20509
14028669320;47.17218;3.33241
14028669323;47.17814;3.33592
14028670760;47.1747;3.33152
14028674101;45.97586;2.43076
14029091127;46.54303;4.68541
14029098655;44.56205;6.34618
14029116691;44.44415;4.83432
14029417679;46.40308;2.0136
14029428401;42.69879;9.36194
14029479303;44.93137;4.8899
14029489226;46.503;-1.81526
14030484301;43.42166;0.558
14030641641;46.29288;0.11578
14030766024;48.63185;-2.05788
14030766025;48.63206;-2.0577
14031162096;45.45947;6.44352
14031309508;48.22658;-3.17905
14031320591;47.26428;-1.04558
14032015551;44.89139;-1.2028
14032015553;44.89028;-1.20621
14032015562;44.89314;-1.20709
14032106301;42.90339;-0.21174
14038786802;46.82372;-0.98517
14038801495;47.15986;1.16144
14038816971;47.36011;0.80541
14038838869;43.03895;6.10347
14039043234;46.56168;4.91392
14039125124;47.52014;-0.46143
14039298001;43.10038;-0.0424
14039599501;47.47939;1.17895
14039654405;43.5216;7.03701
14040193710;47.70068;2.94895
14040286325;44.38412;3.6217
14040810701;45.46008;6.96564
14041330770;48.28355;-3.42087
14041363388;45.56022;6.15543
14041844901;46.2399;1.48577
14041922031;44.9591;3.78249
14041956484;48.69116;7.38163
14041956485;48.68954;7.38295
14042163155;48.24684;-3.61662
14042214601;44.04916;2.8911
14042438827;44.23729;1.47703
14045260435;48.28549;-3.42085
14045522885;48.65175;-2.00477
14045627415;47.34692;0.46102
14045654404;42.7687;-0.00595
14045800163;45.58904;5.16017
14046225592;49.87852;0.82963
14046826528;44.21868;1.61072
14047363112;47.41047;0.99931
14047365438;14.64183;-61.0687
14048245501;47.3268;5.00621
14048259655;48.56273;-2.8126
14048290713;46.17059;1.86725
14048293004;45.93057;1.04053
14048293007;46.78767;3.97014
14048293511;45.93561;-0.95799
14048295703;46.17048;1.87015
14048305459;45.2085;5.65187
14048340312;43.47331;-1.20657
14048340723;43.4733;-1.20656
14049087686;48.93241;2.36225
14049095229;48.93248;2.36231
14049099497;48.93245;2.36228
14049301431;43.92725;4.82398
14049430443;47.81012;-1.94539
14049431436;47.81156;-1.9479
14049511791;47.58573;-2.0456
14049646201;44.06258;6.09062
14049796422;43.81;5.74869
14050469093;45.50158;-0.83537
14050693902;46.13696;3.21736
14050707053;49.39215;0.20695
14051071321;48.76037;-3.56263
14051269701;47.35724;-1.28097
14051284601;46.16185;3.19229
14051445911;45.19308;6.48141
14051457374;46.67579;4.36332
14051667201;49.61591;0.14553
14051762863;44.95269;1.70299
14051905401;46.02941;6.63288
14051992125;45.42289;-0.64138
14052047955;45.94872;5.83289
14052053576;44.69923;4.83491
14052072715;43.31292;3.54705
14052096268;45.96336;5.83559
14052228055;46.62295;5.21718
14052238801;45.85764;4.47673
14052384666;48.04322;-1.46561
14052408026;45.63528;3.16943
14052413949;46.50791;0.40443
14053364795;45.34145;2.75861
14053567356;45.54583;-1.07766
14053802501;46.26471;-0.71393
14053923701;46.00676;6.69651
14054005188;45.39263;2.1155
14054120502;44.53544;6.05243
14054161503;47.75922;7.50467
14054218575;42.9551;1.90945
14054454683;46.69511;-1.95552
14054566962;44.00337;4.20382
14054572399;47.74055;-3.36052
14054579101;47.73049;-3.37236
14054579109;47.73065;-3.37387
14055543207;46.90297;5.01568
14055923534;43.22528;0.63735
14055965804;48.84827;2.3594
14056109167;48.80372;-3.58351
14056113301;41.95281;8.79136
14056172222;50.64101;2.38966
14056202733;50.71678;2.28226
14056223616;46.91697;-2.03716
14056678654;45.93476;6.89075
14056793783;46.93225;4.04764
14056866406;46.29254;6.78107
14057029014;44.87366;5.01959
14058065860;45.35553;7.00534
14058123654;46.18218;4.6682
14058407503;47.68583;2.33421
14058932490;43.5039;5.73581
14059239945;46.41423;-1.55167
14059239946;46.41434;-1.55327
14059955312;46.44074;1.39125
14060849255;47.32538;1.12449
14060863977;50.73573;2.27122
14060908793;50.75362;2.24344
14060920851;50.63548;2.41224
14060951813;50.71326;2.11043
14061004594;47.3137;2.03993
14061095201;43.273;-0.32617
14061100378;47.30851;2.03992
14061396913;48.76794;-3.01961
14061529557;46.09247;3.19442
14061611994;44.15321;1.71889
14061712179;47.27734;0.62734
14061734489;47.28215;0.65016
14061747682;46.12407;6.09527
14061984299;47.31849;5.00804
14062001301;47.32589;1.06744
14063134399;43.61297;1.45225
14063477602;44.69096;6.97115
14063603162;46.81858;3.81375
14063653601;46.61057;3.55178
14063701088;46.85197;3.85144
14064100537;45.30223;1.85173
14064274001;47.491;1.42456
14064345886;48.86614;2.46984
14064362013;47.94758;-1.36335
14064471562;49.71775;0.2517
14064567757;45.76582;5.76323
14064875865;48.54362;-3.39537
14065755338;48.75118;-3.27798
14065864720;44.95233;0.10855
14065920352;44.83444;0.97265
14065999201;48.03956;3.0545
14066013001;44.64322;6.47656
14066013664;47.20277;-1.56916
14066022600;47.2017;-1.57091
14066254301;47.82336;3.31928
14066520704;45.6299;5.06269
14066537101;45.99414;3.13125
14066560752;45.81141;6.50662
14066562001;46.28213;3.17718
14067780988;47.53798;-3.13897
14067883450;48.22257;3.73123
14067883451;48.21669;3.74115
14067923731;43.48321;-1.56419
14067956570;44.22084;2.32686
14067956571;44.22118;2.3271
14068039778;47.81166;-4.33965
14068059401;47.27148;1.49041
14068095701;47.82333;-2.06691
14068181820;42.84948;0.34597
14068828283;47.32171;5.04058
14068833581;50.8255;1.59286
14068833582;50.82548;1.59278
14068833583;50.82549;1.59282
14068909201;44.01511;1.35606
14069121922;46.06316;6.04824
14069932601;46.5594;0.07328
14069953748;48.29943;-2.9026
14069970601;43.86311;0.02736
14070015701;43.86403;-0.0019
14070015801;43.86379;-0.00192
14070030601;43.84963;-0.01782
14070051902;43.88515;-0.04039
14070086522;44.81371;1.66508
14070117437;45.9572;5.83402
14070117701;43.90279;-0.15207
14070132733;45.67211;-0.42301
14070141801;43.90089;-0.20038
14070302569;45.20474;5.66389
14070443201;43.82381;-0.14761
14070466746;48.59432;-0.65196
14070471304;43.80646;-0.11456
14070473011;48.59427;-0.65014
14070492747;48.02151;-2.97322
14070541701;43.81098;-0.03587
14070685001;48.87047;2.35137
14071403901;46.83491;-2.14426
14072191677;45.71538;-0.61778
14072191678;45.71256;-0.61935
14072264282;45.10397;5.47301
14072471322;46.84142;-1.87728
14072491953;45.77081;6.52796
14072592715;49.43661;1.08199
14072653760;47.35176;-0.76664
14072658888;45.2673;-0.22621
14072723001;47.2787;-2.41446
14072986495;48.10343;0.79036
14073067156;48.33481;3.73342
14073082332;48.33208;3.73981
14073174886;48.26983;4.08037
14073408787;47.54038;0.75827
14073655003;44.56306;5.95898
14073657502;45.11883;5.81118
14074593001;44.49259;-0.50035
14074606101;47.18912;4.07034
14074633401;45.56794;2.9292
14074928701;43.52082;-1.52604
14075041256;47.87173;-2.50028
14075168601;44.96417;2.19563
14075173601;43.08913;2.61857
14076235985;44.66638;6.94039
14076301401;45.11039;2.87299
14076328552;45.19921;6.6937
14076390329;43.6446;1.37286
14076435245;43.43322;-1.45679
14076439134;45.81296;-0.47533
14076467877;44.94578;1.09799
14076638990;43.43736;-1.45385
14077103801;44.20259;-1.22827
14077170001;43.21161;-0.36138
14077188565;48.6531;2.31296
14078104908;-20.88048;55.45543
14078122663;45.60374;-0.99739
14078138491;47.83257;-4.32807
14078236201;44.85859;5.97787
14078246577;46.71067;6.33149
14078255457;46.71011;6.3307
14078265164;45.22647;6.74525
14078352401;48.17749;-2.72395
14078354101;48.17735;-2.72346
14078502759;43.33167;3.04294
14078803201;43.60614;4.33731
14078851401;48.60111;-1.51208
14079169501;47.15989;1.16144
14079200964;43.21498;3.23072
14079200965;43.2142;3.23018
14079200966;43.21399;3.23168
14079200967;43.21332;3.23264
14079799894;48.89071;2.38455
14079827433;48.89113;2.38452
14079980633;47.25153;6.79874
14079986601;47.06603;5.30069
14079991801;46.95451;-1.24616
14080005562;47.42111;-0.58283
14080009023;48.6362;-2.82748
14080017795;46.23455;6.65552
14080049904;46.95113;-1.24403
14080063339;46.66408;-1.71338
14080068039;46.6963;-1.76332
14080091124;44.74891;4.9203
14080099501;43.09356;-0.047
14080170801;43.34517;-0.26235
14080205301;43.5254;3.92822
14080267756;48.03418;7.04713
14080440872;48.80462;2.32624
14080516272;45.85268;4.35723
14080932782;43.25673;5.37579
14081200031;45.73074;3.10224
14081720201;44.87723;1.57671
14081738719;47.38534;4.31048
14082033815;46.54857;-1.83001
14084834335;46.43615;5.34321
14084884657;44.71879;6.90486
14084929370;46.82282;5.57395
14085002739;49.8562;4.79868
14085021760;48.20682;-2.14081
14085057254;43.30703;-1.49938
14085180459;47.86058;7.29547
14085180460;47.85917;7.29768
14085230220;43.42372;6.75726
14085263468;46.54856;-1.81035
14085263469;46.4945;-1.79339
14085293235;46.49289;-1.7934
14085305301;46.69635;-1.76328
14085333971;47.46829;0.9941
14085413810;48.68266;2.53409
14085418302;46.54902;-1.80728
14085524676;47.23226;0.91618
14085595322;45.34221;0.47548
14085766049;49.55478;-1.78412
14085888953;45.59103;6.87427
14085894946;48.42766;1.43599
14085991249;44.98075;6.49701
14086038248;47.18548;0.97383
14086298301;44.76622;6.80455
14087415770;44.80269;4.96068
14087465303;51.05914;2.43794
14087472201;41.88529;9.14583
14087536060;48.20215;-2.98724
14087597468;45.20569;5.76243
14087625601;48.60899;-2.49362
14087634307;48.18087;2.72348
14087640431;45.65869;0.15796
14087673548;46.39717;-0.0531
14087889132;46.18004;5.32477
14087929078;45.94661;6.88898
14087971002;46.62957;-1.86769
14087973102;46.62944;-1.86726
14088299337;49.64026;-1.62367
14088304201;43.11635;6.13161
14089128476;43.80847;4.99764
14089222401;45.30054;3.34673
14089238232;46.0035;3.14361
14089249270;45.11274;5.2809
14089391020;43.14536;-1.19499
14089412625;49.30364;-1.24196
14089452454;46.01568;-1.35289
14089613704;45.43081;2.50388
14089624764;45.14419;5.28311
14089822054;43.80635;1.03083
14089895102;42.5593;2.2541
14089899019;46.02952;2.82044
14089912717;46.80643;4.4601
14090509476;48.50133;3.49645
14090644178;47.98076;3.39815
14090644179;47.98002;3.39968
14090726975;48.91587;2.32418
14091158053;45.89024;6.13182
14091158054;45.89023;6.13193
14091158055;45.89089;6.13099
14091158056;45.89083;6.13099
14091404301;43.84877;0.24329
14091440420;46.0377;2.81744
14091441901;43.81612;0.29961
14091477702;43.79994;0.22714
14091491570;46.88363;3.15241
14091515802;43.81004;0.16667
14091517301;48.521;-1.3352
14091531501;43.81019;0.1653
14091594901;43.79592;0.14406
14091712942;49.38912;-1.03883
14091758742;49.33393;-0.44588
14091793199;49.39817;0.21066
14091921829;46.02514;2.50095
14092002816;48.96013;0.1762
14092101039;48.49063;-1.71067
14092245240;48.43249;-4.71743
14092376292;47.48667;-3.10314
14092699802;43.37368;-1.7621
14092731929;47.20155;-1.57263
14092731933;47.19504;-1.54248
14092950739;49.80669;0.49538
14092953176;50.68726;2.93194
14093084701;43.52887;-1.14982
14093124062;43.6008;2.67888
14093994283;48.07941;7.35422
14094213678;46.26706;-0.22506
14094413109;46.8155;5.06253
14094498315;51.00848;2.38423
14094580635;43.61422;4.00766
14094750101;42.46551;9.204
14095345501;43.46847;0.03445
14095445502;42.67401;9.28647
14095667446;45.94776;0.78628
14096178818;48.53754;-2.14249
14096231634;44.79953;0.32628
14096271168;46.17438;-1.21937
14096382488;44.77274;0.32721
14096384034;44.77269;0.32714
14096398516;50.44682;3.42981
14096519311;48.61729;-3.28355
14096580502;47.53874;-0.61594
14096581848;45.26931;-1.10359
14096583669;47.42804;2.37856
14096682374;48.61673;-3.28497
14096716465;47.408;-0.47607
14097365081;47.54305;-0.61703
14097563849;46.78632;-2.07911
14097744093;45.51039;6.27989
14097744096;45.51039;6.2799
14097918344;44.52136;6.15348
14097928297;44.3394;6.51647
14098414147;48.91663;2.28479
14098441213;47.6251;-2.8261
14098458116;49.57911;-1.30304
14098523370;46.60259;-1.8523
14099053301;47.39943;4.54018
14099297502;45.70302;6.1284
14099433553;43.90824;1.98603
14099575337;45.52476;6.36817
14100465649;46.30405;6.61595
14100525410;45.5553;6.64835
14100591636;47.49912;1.45254
14100609327;47.49911;1.45254
14100615536;47.4991;1.45254
14100722763;46.31829;-0.77562
14100833209;44.80058;1.61582
14100874363;44.91026;6.5503
14101103232;44.59318;6.47526
14101120707;46.56938;1.53735
14101576271;43.04778;6.14946
14101589519;49.16629;-0.29598
14101591232;47.41059;0.97912
14101591235;46.91925;6.3702
14101931409;45.5859;5.29369
14102455102;46.23621;3.43088
14102528101;47.81014;-0.54278
14102539870;44.8975;6.61507
14102611201;45.21724;1.45338
14102817809;44.93187;0.61985
14102892001;47.3746;1.62268
14103016401;45.01464;4.93847
14103112225;47.49846;1.4585
14103239259;44.31278;3.24236
14103247102;43.75881;5.50378
14103442139;42.76748;3.03332
14103442152;42.76729;3.03361
14103446580;47.02709;6.56971
14103453453;44.45714;6.36329
14103490932;16.16142;-61.77515
14103521041;16.42232;-61.53293
14103528379;15.9917;-61.72899
14103588604;47.99305;-4.07375
14103619267;47.87885;-3.99227
14104591317;43.03542;-1.04885
14104630212;43.03625;-1.04811
14104631869;45.30148;5.87378
14104797692;46.07164;4.8973
14104931901;47.51579;-2.55468
14104981301;48.63518;6.31341
14104986801;48.62837;-4.30073
14105204303;49.27824;-0.71931
14105217202;44.65398;0.59152
14105513303;48.01628;6.59915
14105769701;45.29855;3.6487
14105782715;45.57782;6.89415
14106243673;45.80321;1.84432
14106756059;48.23201;7.16156
14107147501;44.6579;4.41141
14107183901;43.19602;5.75379
14107245981;43.17842;3.02291
14107274924;45.767;4.83372
14107316170;46.8108;1.70074
14107442252;42.62686;1.94434
14107490779;49.15209;2.25542
14107568308;47.45511;1.09907
14107603808;47.20837;-1.61464
14107603810;47.20905;-1.61257
14107603811;47.24388;-1.61041
14107603815;47.24594;-1.63751
14107624330;42.51366;3.10046
14107662215;44.0123;2.9645
14107918501;45.49861;-1.1395
14107918601;45.49862;-1.13949
14108193981;47.20489;0.18328
14108383806;48.75001;0.51427
14109682501;42.13103;8.70482
14109761175;49.75835;0.37743
14109772318;47.59752;-2.84281
14109800501;43.24746;3.29235
14109824801;43.5584;1.44653
14109910401;47.27737;-2.47792
14109981001;47.93858;-4.4001
14110150671;43.45713;4.43926
14110150672;43.457;4.43943
14110168707;47.85981;4.57873
14110753501;46.37066;6.48057
14111700322;47.35118;1.22352
14111758302;48.97556;8.17631
14111798223;47.50306;1.33379
14111820479;49.3326;-0.42045
14111941201;45.0182;4.84782
14112131967;47.22679;-1.5542
14112295111;42.68248;2.79407
14112363102;42.86298;1.08471
14113213601;43.64255;7.13824
14113502157;48.80186;7.39715
14113502160;48.80186;7.39721
14114047276;48.10626;-1.4056
14114198339;49.64542;-1.62422
14114400882;48.67528;-3.64107
14114669532;46.21067;5.73936
14115027401;46.15806;0.30139
14115110830;46.63813;1.96031
14115546896;43.39175;-1.66096
14115651339;47.79472;3.5761
14116071128;48.8625;-2.9903
14116332649;47.85538;-4.1507
14116402472;45.71845;5.07969
14116402473;45.7188;5.07988
14116402474;45.71932;5.07986
14116445207;42.5571;8.75488
14116462083;46.81761;0.54236
14118329402;45.01616;4.84592
14118666930;48.80317;2.43409
14118679107;45.298;4.57453
14118807274;44.48832;6.55222
14118900129;43.67667;1.19398
14118910446;44.66693;2.67985
14118917097;44.66618;2.68008
14119243555;47.60611;1.43302
14119282787;45.55366;5.98171
14119428661;45.54078;6.78249
14119501174;48.84285;2.38125
14119740201;44.20522;-1.21954
14119813287;42.87477;-0.00829
14120423851;46.30759;3.28957
14120951326;47.52748;-3.1318
14121849477;48.64258;4.94764
14122101249;45.03267;5.52651
14122110707;48.5524;-1.50555
14122120302;48.18604;6.99956
14122569060;47.32579;1.06743
14122710201;44.75555;6.79039
14122821498;46.95356;6.12027
14122824301;48.28109;-4.59979
14122887801;45.45213;5.88435
14123116342;49.04911;3.96093
14123335757;42.95931;2.60869
14123631998;49.05905;3.94937
14123684404;49.05899;3.94941
14123964892;45.14725;1.15351
14124376201;42.81916;0.18986
14124508501;44.01533;1.35605
14124690601;45.28498;6.89538
14124752001;44.63373;4.25836
14124993200;44.01536;1.35605
14125031317;44.01535;1.35605
14125535198;47.37085;0.70326
14125811587;48.86504;2.32502
14125812138;48.8648;2.32606
14126987421;50.58398;3.08757
14127469243;48.39928;-4.50733
14127965526;48.98646;3.2718
14128069038;48.85058;2.3786
14128593042;43.48728;-1.49953
14128676922;48.79324;2.47263
14128712000;43.48884;-1.49727
14128778477;47.12374;1.43685
14128814257;47.49128;-3.13817
14129043494;48.72231;-3.97685
14129531677;48.71592;-3.97133
14129580797;47.30809;0.348
14129628212;47.49803;1.3036
14129827214;42.79294;-0.14128
14130351586;48.86294;2.30949
14130630242;48.86365;2.26033
14130710278;45.19015;5.77107
14131226630;42.98228;1.14435
14131236736;47.93614;-3.41879
14131396346;42.69597;-0.03337
14131622134;45.35329;-0.51315
14131942817;49.50436;-1.595
14132053998;47.92567;6.47743
14132089465;47.92484;6.4756
14132112680;46.93673;3.25764
14132176625;47.0676;3.01424
14132195606;47.06755;3.0133
14132342936;46.29062;4.38312
14132342937;46.29059;4.3831
14132538301;45.74101;0.07886
14132682474;45.5377;5.89372
14132814301;43.5049;4.12416
14132820461;48.77847;-3.04553
14132846901;43.50607;4.12568
14132872595;48.59915;-1.97188
14132996497;49.07125;-1.54019
14133151327;48.45903;-1.82909
14133295237;45.32912;5.90227
14133605546;45.37207;6.19409
14133767408;48.84249;2.58791
14134377331;47.22618;-1.63102
14134619632;49.42391;1.98338
14134620117;49.42371;1.98434
